OBJECTID_1;ULAND;UREGBEZ;UKREIS;UGEMEINDE;UJAHR;UMONAT;USTUNDE;UWOCHENTAG;UKATEGORIE;UART;UTYP1;ULICHTVERH;IstRad;IstPKW;IstFuss;IstKrad;IstGkfz;IstSonstig;STRZUSTAND;LINREFX;LINREFY;XGCSWGS84;YGCSWGS84
1009;1;0;58;12;2018;3;10;7;3;4;6;0;0;1;0;0;0;0;2;555714.5804;6040312.2075;9.860468463;54.507345611
1010;1;0;2;0;2018;2;6;5;2;6;2;1;0;1;1;0;0;0;2;572414.8898;6020232.8202;10.113443161;54.324810422
1011;1;0;62;1;2018;3;17;2;3;5;7;0;0;1;0;1;0;0;0;582804.3416;5948694.1485;10.253679965;53.680403735
1012;1;0;1;0;2018;2;12;5;3;2;6;0;0;1;0;0;0;0;0;529026.7879;6068353.9621;9.451097314;54.761578457
1013;1;0;57;74;2018;2;20;4;3;1;5;2;0;1;0;0;0;0;0;579161.0222;6021693.0042;10.217533667;54.336929118
1014;1;0;58;78;2018;2;9;2;3;8;7;0;0;1;0;0;0;0;0;532792.2066;6017129.6189;9.503910291;54.301005415
1015;1;0;56;24;2018;3;9;4;3;0;1;0;1;0;0;0;0;0;1;544325.9997;5943574.3364;9.670439888;53.639068712
1016;1;0;56;15;2018;2;10;2;3;5;2;0;0;1;0;0;0;0;1;543019.5544;5955796.763;9.652377296;53.74903042
1017;1;0;59;186;2018;2;16;5;3;1;5;0;0;1;0;0;0;1;0;548636.3892;6067268.0549;9.755639433;54.750304556
1018;1;0;60;5;2018;3;11;6;2;2;6;0;0;1;0;0;1;1;0;584738.1174;5977422.381;10.290857577;53.938243802
1019;1;0;56;34;2018;3;10;3;3;2;6;0;0;1;0;0;0;0;0;557802.7284;5961524.5022;9.877607207;53.799077142
1020;1;0;56;27;2018;3;12;6;3;8;6;0;1;0;0;0;0;0;0;542501.5164;5940277.2626;9.642395985;53.609586232
1021;1;0;53;89;2018;2;13;3;2;2;6;0;0;0;0;0;1;0;2;598217.4421;5936334.8511;10.483059904;53.566680311
1022;1;0;55;46;2018;3;15;1;2;0;1;0;0;0;0;1;0;0;0;643857.382;6041024.656;11.221325819;54.496403171
1023;1;0;59;183;2018;2;12;5;3;2;6;0;0;1;0;0;0;0;0;519920.8167;6070128.3926;9.309708505;54.777968296
1024;1;0;62;4;2018;3;7;4;3;5;3;0;1;0;0;0;0;1;0;588430.358;5962014.0242;10.342644623;53.799172383
1025;1;0;61;13;2018;3;4;2;3;8;1;2;0;1;0;0;0;0;2;528336.7467;5987462.1393;9.432655629;54.034638278
1026;1;0;55;33;2018;3;8;1;3;2;2;0;0;1;0;0;0;0;0;624218.5807;6017699.8427;10.908530105;54.292082124
1027;1;0;4;0;2018;3;10;4;1;4;6;0;0;1;0;0;1;0;1;563489.395;5988589.011;9.969553199;54.041636507
1028;1;0;4;0;2018;3;8;7;1;4;6;0;0;1;0;0;1;0;0;563916.483;5988612.5741;9.976079225;54.041795506
1029;1;0;53;89;2018;2;13;3;3;2;6;0;0;1;0;0;1;0;2;596930.5965;5935988.3618;10.463528351;53.563806163
1030;1;0;56;48;2018;3;0;2;2;8;1;2;0;1;0;0;0;0;1;550183.5893;5952021.6749;9.760395189;53.714461235
1031;1;0;60;16;2018;2;9;5;3;8;1;0;0;1;0;0;0;0;1;581940.7639;5985241.9008;10.250357603;54.008958909
1032;1;0;61;17;2018;3;14;4;3;9;3;0;1;1;0;0;0;0;0;533987.6303;5971780.4936;9.51718412;53.893356496
1033;1;0;57;59;2018;3;7;2;3;8;1;0;0;1;0;0;0;0;2;578332.955;6007520.81;10.201091585;54.209712329
1034;1;0;51;49;2018;3;3;1;3;9;1;2;0;1;0;0;0;0;2;511002.2682;6013638.3113;9.168944087;54.27056148
1035;1;0;51;44;2018;3;17;3;3;5;2;0;1;1;0;0;0;0;0;505905.6995;6005449.4445;9.090523258;54.19704784
1036;1;0;61;73;2018;3;7;5;3;5;3;1;0;1;0;1;0;0;1;535102.769;5967866.4596;9.533704085;53.858103986
1037;1;0;60;71;2018;2;7;4;3;5;3;1;0;1;0;0;1;0;0;593570.9322;5977998.5279;10.425544954;53.941899544
1038;1;0;57;68;2018;3;12;3;1;4;6;0;0;1;0;0;1;0;0;576669.2448;5992078.9126;10.171663873;54.071205781
1039;1;0;60;63;2018;3;14;5;3;2;6;0;0;1;0;0;0;0;0;567766.1266;5953088.7534;10.027003136;53.72206428
1040;1;0;59;26;2018;3;13;7;3;2;6;0;0;1;0;0;0;0;2;540267.4984;6038608.8145;9.621686452;54.493500003
1041;1;0;56;44;2018;2;10;4;3;5;3;0;1;1;0;0;0;0;0;556340.5521;5939200.4426;9.851351384;53.598602866
1042;1;0;58;86;2018;3;1;2;3;7;7;2;0;1;0;0;0;0;1;548256.2529;6007332.5616;9.7399463;54.211734744
1043;1;0;56;39;2018;2;8;4;3;2;6;0;0;1;0;0;0;0;2;552346.6698;5946358.3904;9.792211334;53.663349854
1044;1;0;51;107;2018;2;10;3;3;9;6;0;0;1;0;0;0;0;1;504465.1743;6011240.2829;9.06852887;54.249108005
1045;1;0;58;82;2018;2;5;2;3;5;3;2;0;1;0;0;0;0;2;557910.4038;6044797.0598;9.895258105;54.547400582
1046;1;0;4;0;2018;3;9;4;3;8;1;0;1;0;0;0;0;0;0;564461.535;5992270.1135;9.985178959;54.07459615
1047;1;0;56;15;2018;2;13;4;3;2;6;0;0;0;0;1;0;1;0;544618.7252;5955815.936;9.676629132;53.749068308
1048;1;0;2;0;2018;3;13;6;3;2;6;0;0;1;0;0;0;0;0;572292.506;6018471.0884;10.111135135;54.30899729
1049;1;0;58;8;2018;3;9;3;3;8;1;0;0;1;0;0;0;0;1;545650.138;6030545.0425;9.703538192;54.420578663
1050;1;0;61;34;2018;3;8;6;3;9;1;0;0;1;0;0;0;0;2;531491.4863;5975432.3738;9.4795781;53.926336246
1051;1;0;3;0;2018;2;13;3;3;2;6;0;0;0;0;0;1;1;2;605314.556;5968385.1322;10.601079013;53.853271536
1052;1;0;57;68;2018;3;5;5;3;4;1;2;0;1;0;0;0;0;2;577930.0919;5992195.3876;10.19095761;54.072063232
1053;1;0;55;12;2018;2;15;2;2;8;7;0;0;1;0;0;0;0;1;608266.726;6000396.7826;10.65732623;54.140263087
1054;1;0;54;76;2018;3;4;1;2;8;1;2;0;0;0;0;0;1;1;495398.9301;6069485.8669;8.928476903;54.772568262
1055;1;0;53;14;2018;2;0;4;3;8;1;2;0;1;0;0;0;0;2;607894.9197;5941026.7609;10.630747888;53.606936197
1056;1;0;57;16;2018;3;14;4;2;3;6;0;0;1;0;0;0;0;0;584359.0019;6021772.5601;10.297481547;54.336810988
1057;1;0;59;53;2018;3;6;1;2;0;1;0;0;1;0;0;0;0;0;534471.3843;6029520.7351;9.531147085;54.412253786
1058;1;0;51;58;2018;3;13;7;3;8;1;0;0;1;0;0;0;0;2;498359.3955;6017987.5966;8.974783957;54.309766311
1059;1;0;3;0;2018;3;14;3;3;5;3;0;1;0;0;0;0;1;0;610698.0235;5968292.4695;10.682851582;53.85131943
1060;1;0;3;0;2018;2;8;4;3;5;2;0;1;1;0;0;0;0;0;612668.7974;5969725.1009;10.713322849;53.863766563
1061;1;0;2;0;2018;3;11;5;3;2;6;0;0;1;0;0;0;0;0;574085.09;6018555.842;10.138702209;54.309501977
1062;1;0;2;0;2018;2;14;2;3;6;4;0;0;1;1;0;0;0;2;572253.7392;6019640.6956;10.110822473;54.31951258
1063;1;0;2;0;2018;3;17;6;3;5;3;0;1;1;0;0;0;0;0;575491.3467;6027137.0398;10.162486052;54.386402808
1064;1;0;3;0;2018;2;14;4;3;5;2;0;1;1;0;0;0;0;0;610143.1745;5969933.9282;10.675009664;53.866184732
1065;1;0;51;74;2018;3;10;7;3;2;6;0;0;1;0;0;0;0;0;504289.9556;5994130.6025;9.065595974;54.095333641
1066;1;0;3;0;2018;2;23;4;3;5;3;2;0;1;0;0;0;0;0;609773.763;5971361.439;10.669905403;53.879088157
1067;1;0;2;0;2018;3;18;5;3;5;3;0;1;1;0;0;0;0;1;574121.183;6027845.152;10.14156829;54.392966841
1068;1;0;55;35;2018;3;15;3;3;5;3;0;1;1;0;0;0;0;0;611895.3712;5983312.5786;10.706540442;53.986004455
1069;1;0;62;27;2018;3;20;5;3;2;6;2;0;1;0;0;0;0;1;588543.3953;5952885.382;10.341742894;53.717124912
1070;1;0;58;37;2018;2;8;4;3;2;6;0;0;1;0;0;0;1;0;573721.5829;6031976.2414;10.136441409;54.430144892
1071;1;0;53;71;2018;3;15;5;3;8;1;0;0;1;0;0;0;0;2;597278.8347;5923870.9546;10.465023948;53.454858229
1072;1;0;62;1;2018;3;7;6;3;7;7;0;1;0;0;0;0;0;0;582630.2626;5946801.2708;10.250541174;53.663421383
1073;1;0;58;117;2018;2;11;4;2;0;1;0;1;0;0;0;0;0;1;555707.5003;6001721.7466;9.853149515;54.160556674
1074;1;0;62;45;2018;3;22;1;3;9;1;2;0;1;0;0;0;0;0;589328.7754;5944703.1517;10.351284698;53.643466426
1075;1;0;58;161;2018;2;9;4;2;5;2;0;0;1;0;0;0;1;1;527056.6131;5996684.708;9.41393447;54.117595477
1076;1;0;53;32;2018;2;11;3;3;2;2;0;0;1;0;0;0;0;2;591099.363;5922357.426;10.371552795;53.442362101
1077;1;0;59;75;2018;2;15;2;3;5;3;0;0;1;0;0;0;1;0;536370.7212;6041884.0848;9.561931604;54.52322831
1078;1;0;59;183;2018;3;17;4;3;3;6;0;0;1;0;0;0;0;0;525049.444;6065226.7883;9.389018765;54.733689928
1079;1;0;58;53;2018;2;14;4;3;2;6;0;0;1;0;0;0;0;2;570557.6981;6012531.8424;10.083075581;54.255870529
1080;1;0;1;0;2018;3;13;6;3;5;2;0;1;1;0;0;0;0;0;527951.6069;6070394.7274;9.434585263;54.779978785
1081;1;0;54;84;2018;3;8;3;3;2;6;0;0;1;0;0;1;0;1;506287.307;6035886.2309;9.097014352;54.470590975
1082;1;0;60;68;2018;3;7;2;3;1;6;0;0;1;0;0;0;0;0;577005.912;5984188.461;10.174806672;54.000252211
1083;1;0;56;26;2018;3;6;5;3;8;1;2;0;1;0;0;0;0;2;554519.9632;5958333.7299;9.827207266;53.77075504
1084;1;0;59;98;2018;3;10;5;3;8;1;0;0;1;0;0;0;0;2;538881.7004;6047513.8979;9.601468007;54.573634736
1085;1;0;56;41;2018;3;14;7;3;4;6;0;0;1;0;0;0;0;1;563481.864;5954935.6232;9.962464132;53.739201034
1086;1;0;4;0;2018;2;21;4;3;0;7;2;1;0;0;0;0;0;1;564445.3913;5992239.3739;9.984925732;54.074321929
1087;1;0;61;29;2018;3;13;3;2;0;7;0;1;0;0;0;0;0;2;528120.8765;5959793.1759;9.42681666;53.785966946
1088;1;0;3;0;2018;3;14;7;3;2;6;0;0;1;0;0;0;0;1;609310.1909;5970261.8452;10.662464752;53.869306928
1089;1;0;60;5;2018;3;13;7;3;2;6;0;0;1;0;0;0;0;0;585940.7778;5976962.177;10.3090436;53.933910313
1090;1;0;2;0;2018;3;6;3;3;2;6;0;0;1;0;0;0;0;0;573286.0477;6017203.7551;10.126091735;54.297467783
1091;1;0;2;0;2018;2;9;4;3;4;6;0;0;1;0;0;0;0;0;573225.1217;6018494.3029;10.12547208;54.309073028
1092;1;0;56;50;2018;2;7;4;3;0;7;0;1;1;0;0;0;0;0;546875.7303;5938076.0197;9.708174465;53.589428714
1093;1;0;54;119;2018;2;11;2;2;5;2;0;1;1;0;0;0;0;0;510668.7501;6024327.1572;9.164204893;54.366633501
1094;1;0;61;29;2018;3;10;5;3;5;3;0;1;1;0;0;0;0;0;528171.9469;5959549.6063;9.427569521;53.783774983
1095;1;0;2;0;2018;2;14;4;3;4;6;0;0;1;0;0;0;0;1;576394.7474;6017332.5532;10.173881149;54.298169768
1096;1;0;62;82;2018;3;4;7;3;0;7;2;1;0;0;0;0;0;0;591412.9448;5940495.4491;10.381566576;53.605296643
1097;1;0;57;91;2018;2;7;4;3;5;3;0;1;1;0;0;0;0;0;578860.7744;6018668.312;10.212117473;54.309797492
1098;1;0;60;73;2018;3;7;4;2;5;3;0;0;1;0;0;0;1;1;564656.7063;5971628.7174;9.983780464;53.889075455
1099;1;0;59;103;2018;2;19;3;3;9;1;2;0;1;0;0;0;0;2;535951.4397;6065702.4951;9.558378352;54.737303509
1100;1;0;1;0;2018;2;18;2;3;5;2;2;1;1;0;0;0;0;1;528266.542;6071720.461;9.439610851;54.791874822
1101;1;0;53;125;2018;3;6;2;3;2;6;0;0;1;0;0;0;1;1;604613.761;5938536.4597;10.580341358;53.585225936
1102;1;0;54;95;2018;2;11;4;3;2;2;0;0;1;0;0;0;1;0;497448.6639;6021045.3731;8.960759896;54.337244124
1103;1;0;3;0;2018;3;15;5;3;5;3;0;0;1;0;0;0;0;1;612669.4696;5969725.2467;10.713333119;53.863767727
1104;1;0;3;0;2018;3;8;2;3;5;3;0;0;1;0;0;0;0;1;606998.1482;5969255.1708;10.626966353;53.860744258
1105;1;0;57;66;2018;3;16;2;2;5;2;0;0;1;0;0;0;0;0;584658.9632;6015109.476;10.300205253;54.276892579
1106;1;0;53;19;2018;3;6;5;3;4;1;1;0;1;0;0;0;0;1;603440.3427;5916990.97;10.555521469;53.391864757
1107;1;0;1;0;2018;3;22;4;3;8;1;2;0;1;0;0;0;0;2;526176.1077;6072794.4484;9.407197654;54.801639622
1108;1;0;58;86;2018;2;6;3;3;8;1;1;0;1;0;0;0;0;2;543394.5781;6011632.7983;9.666026677;54.250815491
1109;1;0;51;72;2018;3;15;2;3;5;3;0;1;1;0;0;0;0;0;500568.272;5978414.981;9.008659828;53.954101085
1110;1;0;1;0;2018;2;15;4;3;5;3;0;1;1;0;0;0;0;0;530492.6643;6074511.9117;9.474524806;54.816829574
1111;1;0;56;39;2018;3;10;5;3;5;2;0;0;1;0;0;0;1;1;552525.61;5947969.648;9.795191753;53.677813164
1112;1;0;56;48;2018;3;17;2;3;2;2;0;0;1;0;0;0;0;0;548477.46;5951006.855;9.734386982;53.705501684
1113;1;0;62;48;2018;3;12;2;3;5;3;0;0;1;0;0;0;0;0;602944.8393;5973491.1959;10.56678198;53.899623367
1114;1;0;60;81;2018;3;5;5;3;8;1;2;0;1;0;0;0;0;2;596841.6942;5976043.6483;10.474737275;53.923733312
1115;1;0;62;94;2018;3;8;5;3;3;6;0;0;1;0;0;1;0;2;602597.1523;5966155.3584;10.55903924;53.833781382
1116;1;0;56;30;2018;3;16;7;3;3;6;0;0;1;0;0;0;0;1;545836.5299;5960776.3183;9.695832187;53.793544572
1117;1;0;1;0;2018;2;6;4;3;5;2;1;0;1;0;0;0;0;0;530484.1559;6073199.2063;9.474254216;54.805033603
1118;1;0;62;60;2018;3;16;3;3;2;6;0;0;1;0;0;0;0;0;581078.9244;5929979.3064;10.222697095;53.512493932
1119;1;0;59;183;2018;3;12;7;3;8;1;0;0;0;0;0;0;1;2;518470.2694;6062771.8197;9.286689886;54.711912535
1120;1;0;58;12;2018;3;17;7;2;8;1;0;0;1;0;0;0;0;2;555014.0703;6039621.0284;9.849522102;54.50121105
1121;1;0;58;98;2018;3;18;3;3;2;6;0;0;1;0;0;1;0;0;562863.214;5999617.1967;9.962283018;54.140818163
1122;1;0;59;120;2018;2;17;4;3;2;6;0;0;1;0;0;0;0;0;525921.2147;6072141.7055;9.403174242;54.795786987
1123;1;0;55;16;2018;2;21;4;3;9;1;2;0;1;0;0;0;0;2;626657.002;6001821.3144;10.939273884;54.1488561
1124;1;0;55;4;2018;2;21;2;2;8;1;2;0;0;0;0;1;0;2;610919.523;5974505.704;10.688465282;53.907093106
1125;1;0;58;90;2018;3;8;5;3;0;1;0;0;1;0;0;0;0;0;546396.872;6041967.9027;9.716837924;54.523162709
1126;1;0;59;161;2018;2;8;4;2;9;1;0;0;1;0;0;0;0;0;542051.4288;6061913.2698;9.652566579;54.702779351
1127;1;0;57;91;2018;3;13;7;3;2;6;0;0;1;0;0;0;0;0;582890.8363;6013025.9411;10.272480755;54.258461085
1128;1;0;53;28;2018;2;9;4;3;2;7;0;0;1;0;0;0;0;0;588284.744;5923915.994;10.329627218;53.456846825
1129;1;0;3;0;2018;3;15;4;3;5;3;0;1;1;0;0;0;0;1;612578.3296;5969972.0124;10.7120384;53.866004468
1130;1;0;3;0;2018;3;11;7;3;2;6;0;0;1;0;0;0;0;1;608003.0517;5967659.0915;10.641678161;53.846196301
1131;1;0;59;75;2018;2;11;3;3;5;3;0;0;1;0;0;0;0;0;535654.72;6041758.336;9.550854669;54.522149128
1132;1;0;2;0;2018;3;8;2;3;3;6;0;0;1;0;0;0;0;1;576761.3033;6019850.0173;10.1801594;54.320735617
1133;1;0;59;10;2018;2;5;4;3;2;6;2;0;1;0;0;0;1;0;530345.4656;6047228.4267;9.469395588;54.571653469
1134;1;0;2;0;2018;3;8;5;3;2;6;2;0;1;0;0;0;0;1;572086.4447;6021214.7517;10.108631382;54.333680294
1135;1;0;58;58;2018;3;16;2;3;2;2;0;0;1;0;0;0;0;0;563247.6417;6029131.3278;9.974403808;54.405991297
1136;1;0;56;5;2018;3;19;2;3;2;6;2;0;1;0;0;0;1;0;561527.8307;5945334.8341;9.930937077;53.653151188
1137;1;0;53;89;2018;3;23;4;3;7;1;2;0;0;0;0;0;1;2;598092.584;5936316.5807;10.481169532;53.566539496
1138;1;0;62;27;2018;3;21;6;3;8;1;2;0;1;0;0;0;0;2;588520.726;5953383.7209;10.341541997;53.721606768
1139;1;0;61;73;2018;2;18;4;3;2;6;2;0;1;0;0;0;0;0;537142.6609;5968913.0526;9.564843766;53.867368511
1140;1;0;2;0;2018;3;8;3;3;3;6;0;0;1;0;0;0;0;0;574440.2421;6017668.5828;10.143938657;54.301477721
1141;1;0;54;166;2018;3;13;6;2;4;1;0;0;1;0;0;1;0;2;482660.3933;6076516.1771;8.730038587;54.835468616
1142;1;0;58;150;2018;3;11;7;3;2;6;0;0;1;0;0;0;0;2;571560.2208;6034238.7107;10.103676774;54.450783289
1143;1;0;60;63;2018;2;10;3;3;2;6;0;0;1;0;0;0;1;1;566701.2556;5948715.5964;10.00992622;53.682900076
1144;1;0;62;1;2018;3;18;2;3;5;2;0;0;1;0;0;0;0;0;583086.417;5948742.508;10.257962483;53.680793533
1145;1;0;62;11;2018;2;7;3;3;5;3;0;0;1;0;0;0;0;0;582048.6838;5941713.88;10.240399543;53.617795893
1146;1;0;3;0;2018;3;19;6;2;5;3;2;0;1;0;1;0;0;0;609235.2562;5971205.1136;10.661661612;53.877797335
1147;1;0;53;83;2018;2;20;3;3;2;6;2;0;1;0;0;0;0;0;603574.8557;5915030.9584;10.556900697;53.374226657
1148;1;0;4;0;2018;3;14;3;3;5;2;0;1;1;0;0;0;0;0;564705.7186;5991644.1633;9.988776578;54.068940453
1149;1;0;60;44;2018;3;10;6;3;2;6;0;0;1;0;0;0;1;0;562369.195;5966244.4919;9.947885785;53.840968168
1150;1;0;4;0;2018;3;21;7;3;0;7;2;0;0;0;0;1;0;0;564698.5812;5989780.2886;9.988269799;54.052191662
1151;1;0;53;115;2018;2;13;3;3;5;3;0;0;1;0;0;0;0;0;602301.7495;5926261.6738;10.541418151;53.475388673
1152;1;0;56;50;2018;3;0;2;3;8;1;2;0;1;0;0;0;0;0;545134.6772;5939021.2748;9.682010421;53.598077339
1153;1;0;62;14;2018;2;17;3;3;2;2;1;0;1;0;0;0;0;0;582647.021;5951494.139;10.252045163;53.705590008
1154;1;0;58;135;2018;2;8;4;3;2;6;0;0;1;0;0;0;0;0;542501.9888;6016715.576;9.653049888;54.296568923
1155;1;0;56;48;2018;2;10;2;3;2;6;0;0;1;0;0;0;0;1;550737.7257;5951343.4936;9.768679666;53.708312475
1156;1;0;61;44;2018;3;11;4;3;0;7;0;1;0;0;0;0;0;0;540711.2717;5962688.2181;9.618285047;53.81115432
1157;1;0;55;28;2018;2;13;3;3;2;6;0;0;1;0;1;0;0;0;603738.6459;6002602.2764;10.588800044;54.161011759
1158;1;0;59;159;2018;3;10;7;3;2;6;0;0;1;0;0;0;0;0;528164.7423;6055597.607;9.436468379;54.646991271
1159;1;0;56;41;2018;3;11;4;3;5;3;0;0;1;0;0;0;0;1;562450.4608;5955226.7295;9.946887956;53.741941773
1160;1;0;57;1;2018;3;19;7;3;9;1;2;0;1;0;0;0;0;2;587075.0168;5999673.5821;10.332827734;54.137792821
1161;1;0;53;31;2018;2;14;3;3;2;6;0;0;1;0;0;1;0;2;601170.0274;5936501.928;10.52768019;53.567620632
1162;1;0;56;41;2018;3;16;1;3;5;2;0;0;1;0;0;0;0;0;559533.986;5952974.03;9.902240264;53.722037465
1163;1;0;4;0;2018;2;16;3;2;5;3;0;0;1;0;0;0;1;0;563340.754;5988675.6636;9.967301727;54.042433494
1164;1;0;51;132;2018;3;13;4;3;2;2;0;0;1;0;0;0;1;0;491996.8939;6000141.6559;8.877468587;54.149314922
1165;1;0;62;9;2018;3;14;2;3;2;6;0;0;1;0;0;1;0;0;578763.5545;5936064.9729;10.189320921;53.567535795
1166;1;0;56;20;2018;3;13;1;3;8;1;0;0;1;0;0;0;0;0;540530.3124;5945166.2085;9.61324066;53.653684077
1167;1;0;60;68;2018;3;19;3;3;2;6;0;0;1;0;0;1;0;0;576251.6814;5985845.6162;10.163718142;54.015255385
1168;1;0;56;5;2018;3;13;5;3;2;6;0;0;1;0;0;0;0;0;559759.7544;5946677.3562;9.90444747;53.665421833
1169;1;0;2;0;2018;2;20;3;3;5;7;2;0;1;0;0;0;1;0;573766.5676;6020602.7773;10.134313415;54.327941182
1170;1;0;60;19;2018;3;7;5;3;6;2;0;0;1;1;0;0;0;2;560688.2406;5956979.5113;9.920516936;53.757902349
1171;1;0;58;30;2018;3;10;7;3;2;6;0;0;1;0;0;0;0;2;539224.3137;6030535.6778;9.604511817;54.421030643
1172;1;0;54;109;2018;2;8;3;3;8;7;0;0;1;0;0;0;0;1;494715.7189;6069175.8135;8.917862119;54.769775163
1173;1;0;2;0;2018;3;20;2;2;6;4;2;0;1;1;0;0;0;0;574117.9318;6018709.309;10.139244973;54.310876217
1174;1;0;59;73;2018;2;14;3;3;2;6;0;0;1;0;0;0;0;0;540538.0354;6045746.9532;9.626844838;54.557625992
1175;1;0;60;5;2018;2;15;3;3;2;6;0;0;1;0;0;0;0;0;585302.4899;5977815.8973;10.299562416;53.941687134
1176;1;0;60;63;2018;2;14;2;2;2;6;0;0;0;0;0;1;0;1;562271.0726;5947741.2868;9.942663454;53.674690526
1177;1;0;54;56;2018;3;7;4;3;0;7;0;1;1;0;0;0;0;0;504674.8196;6036471.9019;9.072142649;54.475871926
1178;1;0;59;75;2018;2;8;3;3;1;6;0;0;1;0;0;0;0;0;535802.5001;6039048.2772;9.552808796;54.497784133
1179;1;0;1;0;2018;3;8;6;3;9;7;0;1;0;0;0;0;0;1;525783.2986;6067835.9844;9.400646625;54.757100584
1180;1;0;58;9;2018;3;10;3;3;4;6;0;0;1;0;0;0;1;0;546304.5721;5992570.4276;9.707756217;54.079247338
1181;1;0;59;75;2018;3;17;3;3;5;2;0;1;1;0;0;0;0;0;537176.6098;6042905.0007;9.574510786;54.532344463
1182;1;0;53;43;2018;3;7;6;2;8;7;0;0;1;0;0;0;0;1;615147.1257;5961672.9016;10.747976011;53.790881939
1183;1;0;59;75;2018;3;12;5;3;6;2;0;0;1;1;0;0;0;1;536292.9087;6042078.2335;9.560753363;54.524978646
1184;1;0;60;64;2018;3;17;1;2;2;6;0;0;1;0;0;0;0;0;562012.0226;5968094.9585;9.94283196;53.857640931
1185;1;0;1;0;2018;2;12;3;3;5;2;0;0;1;0;0;0;0;0;526931.817;6073837.0324;9.419050119;54.810968761
1186;1;0;54;109;2018;2;8;4;3;8;1;0;0;1;0;0;0;0;2;494663.1478;6069136.8261;8.917045681;54.769424237
1187;1;0;56;39;2018;2;10;2;3;2;6;0;0;1;0;0;0;0;1;552637.1036;5948082.9148;9.796898704;53.678819936
1188;1;0;62;20;2018;3;6;4;3;2;6;0;0;1;0;0;0;0;0;592184.0714;5938459.4726;10.392615328;53.586866539
1189;1;0;56;46;2018;2;17;3;2;2;6;0;0;1;0;0;0;1;0;547415.7253;5954355.7421;9.7188172;53.735697752
1190;1;0;3;0;2018;3;12;6;3;5;3;0;1;1;0;0;0;0;0;610682.6379;5968244.7664;10.682600605;53.850894132
1191;1;0;62;93;2018;3;17;3;3;7;7;0;0;1;0;0;0;0;1;594786.042;5968124.148;10.440994143;53.852954983
1192;1;0;62;60;2018;3;16;6;2;5;3;0;1;1;0;0;0;0;0;581097.494;5929963.639;10.222973006;53.512350272
1193;1;0;53;89;2018;2;13;3;3;2;6;0;0;1;0;0;1;0;2;597704.1458;5936198.2362;10.475269356;53.565548567
1194;1;0;55;12;2018;3;5;5;3;8;1;2;0;1;0;0;0;0;2;603519.7636;5998428.0321;10.584016968;54.123553421
1195;1;0;2;0;2018;3;8;1;3;2;6;0;0;1;0;0;0;0;1;574050.1709;6019742.14;10.13845986;54.320166723
1196;1;0;62;9;2018;2;6;3;3;3;6;0;0;1;0;0;1;0;0;576966.4213;5935342.4965;10.162012627;53.56130978
1197;1;0;3;0;2018;3;21;4;3;5;2;2;1;1;0;0;0;0;0;611247.92;5969109.957;10.691503424;53.858546419
1198;1;0;62;60;2018;3;12;1;3;5;3;0;1;1;0;0;0;0;0;582697.389;5934367.918;10.248257185;53.551680079
1199;1;0;4;0;2018;3;12;1;3;5;3;0;0;1;0;0;0;0;0;562662.2953;5991785.1558;9.957584808;54.070460067
1200;1;0;55;17;2018;3;4;3;1;4;6;2;0;1;0;0;0;0;1;633425.2225;6026654.0749;11.053892006;54.370185488
1201;1;0;51;10;2018;2;11;2;3;9;1;0;0;1;0;0;0;0;1;515715.3093;5984309.054;9.239786558;54.006837871
1202;1;0;58;67;2018;3;6;5;3;8;1;1;0;1;0;0;0;0;2;543658.7776;6036068.9454;9.673665008;54.47039475
1203;1;0;62;81;2018;2;17;2;3;3;6;0;0;0;0;0;1;1;1;587070.4706;5955641.7405;10.320205345;53.742141197
1204;1;0;3;0;2018;3;15;6;3;5;3;0;1;1;0;0;0;0;0;610523.14;5968112.901;10.680129606;53.849743383
1205;1;0;56;50;2018;2;13;2;2;2;6;0;0;1;0;0;0;0;0;547742.3468;5937416.8182;9.721164861;53.583425726
1206;1;0;58;107;2018;3;17;1;3;0;1;0;0;0;0;1;0;0;0;569974.8401;6014332.043;10.074550975;54.272127057
1207;1;0;56;39;2018;2;14;2;3;5;3;0;1;1;0;0;0;0;0;552542.8803;5946284.1293;9.795167894;53.662662748
1208;1;0;2;0;2018;3;18;5;3;1;5;2;1;1;0;0;0;0;1;573341.6162;6020394.0675;10.127729004;54.326127025
1209;1;0;55;1;2018;2;14;3;2;9;1;0;0;1;0;0;0;0;2;602124.6816;5989486.8731;10.559663126;54.043500957
1210;1;0;62;89;2018;2;9;2;3;3;6;0;0;1;0;0;1;0;2;589437.4715;5955217.894;10.355961439;53.737931968
1211;1;0;2;0;2018;3;15;3;3;2;6;0;0;1;0;0;0;0;1;573311.631;6022668.788;10.127827364;54.346571222
1212;1;0;56;39;2018;2;7;2;3;0;1;1;1;0;0;0;0;0;1;552437.4366;5946344.1197;9.793582439;53.6632125
1213;1;0;59;57;2018;3;15;6;2;3;6;0;0;1;0;0;0;1;0;530229.5824;6044961.079;9.467370043;54.551284263
1214;1;0;56;48;2018;2;12;2;3;2;6;0;0;1;0;0;0;0;1;549778.139;5952195.261;9.754280196;53.716060179
1215;1;0;53;46;2018;3;18;3;3;2;6;1;0;1;0;0;1;0;0;617143.1788;5932675.8754;10.767326113;53.529923675
1216;1;0;56;10;2018;3;11;2;3;5;2;0;0;1;0;0;0;0;0;547259.9322;5966214.1158;9.718273895;53.842289384
1217;1;0;60;52;2018;3;6;5;3;4;1;2;0;1;0;0;0;0;2;570099.0909;5982616.453;10.069095075;53.987109123
1218;1;0;59;77;2018;3;3;5;3;8;1;2;0;0;0;0;1;0;2;532052.2185;6040999.8773;9.495117087;54.515573682