OBJECTID_1;ULAND;UREGBEZ;UKREIS;UGEMEINDE;UJAHR;UMONAT;USTUNDE;UWOCHENTAG;UKATEGORIE;UART;UTYP1;ULICHTVERH;IstRad;IstPKW;IstFuss;IstKrad;IstGkfz;IstSonstig;STRZUSTAND;LINREFX;LINREFY;XGCSWGS84;YGCSWGS84
1429;1;0;1;0;2018;3;6;5;3;5;3;0;0;1;0;0;0;0;1;530906.23;6073215.156;9.480822038;54.805151099
1430;1;0;59;116;2018;2;6;6;3;8;1;1;0;1;0;0;0;0;2;531348.3816;6059114.4717;9.486180548;54.67840812
1431;1;0;59;24;2018;3;19;7;2;2;2;2;0;1;0;0;0;0;1;521086.5973;6018039.1507;9.324101164;54.309796948
1432;1;0;58;1;2018;3;15;4;3;8;1;0;0;0;0;0;1;0;1;563113.7916;6019026.8918;9.970199877;54.315208609
1433;1;0;58;145;2018;3;19;7;2;9;7;2;0;1;0;0;0;0;1;571531.7889;6009332.98;10.097262032;54.226990621
1434;1;0;53;7;2018;2;13;3;3;1;1;0;0;1;0;0;1;1;2;598466.1306;5936400.8538;10.486834458;53.567226776
1435;1;0;56;30;2018;3;11;2;3;2;6;0;0;1;0;0;0;0;0;546211.2061;5960085.8907;9.701416053;53.787306178
1436;1;0;59;57;2018;2;9;6;3;3;6;0;0;1;0;0;1;0;1;530232.3256;6044750.8885;9.467390859;54.549395161
1437;1;0;51;137;2018;3;14;4;3;5;3;0;0;1;0;0;0;0;0;501090.625;5998127.832;9.016690736;54.131276449
1438;1;0;1;0;2018;3;8;2;3;3;6;0;0;1;0;0;0;0;2;526145.0955;6070371.2203;9.406496728;54.779864884
1439;1;0;51;44;2018;3;5;1;3;9;1;1;0;1;0;0;0;0;2;508779.8468;6005494.6078;9.134579733;54.197412595
1440;1;0;60;63;2018;3;14;3;3;2;2;0;0;1;0;0;0;1;0;568779.3981;5949620.7083;10.041586556;53.690764819
1441;1;0;61;119;2018;3;18;5;2;8;1;1;0;1;0;0;0;0;1;521628.282;5977282.6828;9.329507517;53.943472404
1442;1;0;61;44;2018;2;15;6;3;2;6;0;0;1;0;0;0;0;0;543669.8432;5962980.3161;9.663255329;53.813539571
1443;1;0;59;53;2018;3;9;3;3;5;3;0;0;1;0;1;0;0;0;533051.013;6029158.858;9.509222188;54.409095867
1444;1;0;56;23;2018;3;11;5;3;5;3;0;0;1;0;0;0;0;0;545277.1213;5951011.1866;9.685909514;53.705827971
1445;1;0;58;30;2018;3;10;7;2;2;6;0;0;1;0;0;0;0;2;539136.6087;6030672.1158;9.603178224;54.422263539
1446;1;0;58;18;2018;2;7;6;2;8;1;1;0;1;0;0;0;0;2;566101.2685;6009268.8285;10.013961444;54.227143684
1447;1;0;2;0;2018;3;10;2;2;8;7;0;0;1;0;0;0;0;0;573230.962;6025611.284;10.127310378;54.373023012
1448;1;0;58;49;2018;2;12;6;3;3;7;0;0;1;0;0;1;0;0;553621.8466;6010452.8149;9.822769129;54.239242116
1449;1;0;56;40;2018;2;7;3;2;5;2;0;1;1;0;0;0;0;0;550463.7186;5947948.0583;9.763976125;53.67782229
1450;1;0;54;56;2018;3;9;4;3;2;6;0;0;1;0;0;0;0;0;502959.9781;6038668.3903;9.045700929;54.495625071
1451;1;0;61;97;2018;2;18;5;3;5;3;2;0;1;0;0;0;0;2;531513.6683;5988707.988;9.48128955;54.045651098
1452;1;0;57;33;2018;3;14;6;2;2;6;0;0;1;0;0;1;0;0;574929.333;6007752.71;10.148973013;54.212304974
1453;1;0;58;34;2018;3;13;3;3;2;6;0;0;1;0;0;0;0;0;543588.5108;6018606.0053;9.670019078;54.313466382
1454;1;0;1;0;2018;3;16;3;3;5;3;0;1;1;0;0;0;0;0;527250.3824;6069458.386;9.423595198;54.771602903
1455;1;0;62;25;2018;3;10;6;2;2;6;0;0;1;0;0;0;0;0;603941.8768;5967287.5003;10.57984774;53.843686171
1456;1;0;61;5;2018;2;15;2;2;9;1;0;0;1;0;0;0;0;0;545541.0778;5975810.8228;9.693578535;53.928692661
1457;1;0;54;132;2018;3;16;5;3;2;6;0;0;1;0;0;0;1;0;503434.361;6031495.4548;9.052941944;54.431157346
1458;1;0;55;4;2018;2;16;2;3;8;4;0;0;1;1;0;0;0;2;610351.1753;5974494.8745;10.679813851;53.907117128
1459;1;0;59;106;2018;3;6;1;2;8;1;1;0;1;0;0;0;0;1;543625.1482;6070213.22;9.678231073;54.777230272
1460;1;0;61;91;2018;2;13;5;3;5;3;0;0;1;0;0;0;1;1;536843.386;5990945.426;9.562954951;54.065406585
1461;1;0;59;161;2018;3;16;4;3;5;3;0;0;1;0;0;0;0;0;543413.0543;6064241.8478;9.674042082;54.723588893
1462;1;0;59;159;2018;3;17;1;3;9;6;1;0;1;0;0;0;0;0;528269.3224;6054839.9123;9.438015793;54.640176254
1463;1;0;60;88;2018;3;19;7;3;8;7;2;0;1;0;0;0;0;0;578281.9314;5970824.4261;10.190843787;53.879970393
1464;1;0;4;0;2018;3;13;3;3;2;6;0;0;1;0;0;0;0;0;564722.9737;5992771.3493;9.989281028;54.079067704
1465;1;0;2;0;2018;5;14;6;3;0;2;0;1;1;0;0;0;0;0;572269.6335;6019469.4021;10.111025304;54.31797113
1466;1;0;4;0;2018;5;22;4;3;0;1;2;0;0;0;1;0;0;0;565197.3094;5992247.0513;9.99641712;54.074296303
1467;1;0;51;113;2018;4;13;1;3;2;6;0;0;1;0;0;0;0;0;499247.0878;6002804.6393;8.988465883;54.17331074
1468;1;0;2;0;2018;5;14;5;3;9;7;0;0;1;0;0;0;0;0;574066.5061;6018302.1518;10.138353719;54.307225094
1469;1;0;3;0;2018;4;16;3;3;3;6;0;0;1;0;0;1;0;0;617101.0802;5974853.9704;10.782648014;53.908862142
1470;1;0;62;36;2018;5;20;1;2;8;1;0;0;0;0;1;0;0;0;577185.3872;5955100.1836;10.170224237;53.738831591
1471;1;0;60;44;2018;4;6;1;3;5;3;0;0;1;0;0;0;0;0;564130.639;5963803.312;9.974142784;53.818815147
1472;1;0;53;72;2018;4;7;4;3;8;1;0;0;1;0;0;0;0;1;586367.1361;5927289.8633;10.301682562;53.487483594
1473;1;0;58;9;2018;5;21;2;2;6;6;2;0;0;1;1;0;0;0;551812.5027;5991444.3544;9.791742849;54.068602726
1474;1;0;57;1;2018;4;11;1;3;5;3;0;0;1;0;1;0;0;0;587116.8666;5999753.6517;10.333491238;54.138505176
1475;1;0;2;0;2018;5;13;5;3;1;6;0;0;1;0;0;0;0;0;571366.2048;6017591.0198;10.096690546;54.301219436
1476;1;0;53;83;2018;4;14;2;3;6;4;0;0;1;1;0;0;0;1;604108.536;5915138.2562;10.564954868;53.37508591
1477;1;0;56;48;2018;4;18;1;3;0;1;0;1;0;0;0;0;0;0;547145.3939;5950136.9287;9.714076841;53.697805063
1478;1;0;54;168;2018;5;15;4;3;8;7;0;1;0;0;0;0;0;0;454678.3803;6079973.1051;8.293867991;54.864782372
1479;1;0;60;63;2018;4;15;7;3;2;6;0;0;1;0;0;0;0;1;567679.84;5953601.9939;10.025807944;53.726687916
1480;1;0;58;90;2018;5;4;7;3;7;7;1;0;1;0;0;0;0;0;550113.5139;6043352.8672;9.774490493;54.535254485
1481;1;0;3;0;2018;5;18;4;3;5;3;0;0;1;0;0;0;0;0;607823.1576;5968704.6319;10.639312056;53.855627289
1482;1;0;58;91;2018;5;19;1;3;2;6;0;0;1;0;0;0;0;0;561514.7896;5995752.7846;9.940857979;54.106253742
1483;1;0;56;48;2018;4;7;6;3;5;2;0;0;1;0;0;1;0;0;546870.3115;5950008.5341;9.709891305;53.696675855
1484;1;0;54;12;2018;4;16;1;2;0;1;0;1;0;0;0;0;0;1;502131.7154;6047989.8757;9.032980348;54.579402439
1485;1;0;56;37;2018;4;14;1;3;8;1;0;0;0;0;1;0;0;0;538020.5956;5948385.3679;9.575663997;53.682806212
1486;1;0;53;116;2018;4;15;5;3;2;6;0;0;1;0;0;0;0;0;598560.2244;5929983.7931;10.486233555;53.509548079
1487;1;0;62;71;2018;5;16;6;3;2;6;0;0;1;0;0;0;0;0;580748.3318;5939009.767;10.220045317;53.593697547
1488;1;0;58;43;2018;5;14;3;3;4;6;0;1;0;0;0;0;0;0;554274.8749;6035525.2393;9.837356564;54.464484991
1489;1;0;56;39;2018;4;8;3;3;5;2;0;1;1;0;0;0;0;0;552512.5437;5944299.1248;9.794373387;53.64482542
1490;1;0;58;135;2018;5;10;7;3;5;3;0;1;1;0;0;0;0;0;540771.4727;6019378.3538;9.626825551;54.320640101
1491;1;0;2;0;2018;5;15;6;3;6;4;0;0;1;1;0;0;0;0;573542.199;6023463.1096;10.131569753;54.353675514
1492;1;0;54;167;2018;4;13;4;3;2;6;0;0;1;0;0;1;0;0;496416.7702;6065444.3562;8.944348935;54.736256379
1493;1;0;53;110;2018;4;17;5;3;2;2;0;0;1;0;1;0;0;0;616376.2514;5947461.9126;10.76127965;53.662936118
1494;1;0;56;15;2018;5;15;2;3;5;2;0;1;1;0;0;0;0;0;545178.583;5955849.941;9.685123511;53.74932571
1495;1;0;56;30;2018;4;22;1;3;9;1;2;0;1;0;0;0;0;0;545694.8663;5961309.1981;9.693760839;53.798346322
1496;1;0;54;161;2018;4;15;6;2;1;7;0;0;1;0;0;0;0;0;498740.061;6028602.5133;8.980589858;54.405167682
1497;1;0;54;109;2018;5;19;3;3;5;3;0;0;1;0;0;0;0;0;490779.1048;6071631.0254;8.856594256;54.791782607
1498;1;0;58;165;2018;4;8;2;3;8;6;0;0;1;0;0;0;0;0;569520.4604;6025456.5599;10.070166447;54.37215247
1499;1;0;51;11;2018;5;15;5;2;0;1;0;1;0;0;0;0;0;0;506690.5955;5971991.4088;9.101816485;53.896322969
1500;1;0;1;0;2018;5;15;4;3;0;7;0;1;0;0;0;0;0;0;528003.9853;6068303.7195;9.435197896;54.761185016
1501;1;0;60;54;2018;4;15;1;3;5;3;0;0;1;0;0;0;0;0;558335.6934;5970504.3481;9.887402819;53.879720276
1502;1;0;56;48;2018;5;16;4;3;2;2;0;0;1;0;0;0;0;0;548477.46;5951006.855;9.734386982;53.705501684
1503;1;0;2;0;2018;4;19;2;3;5;2;0;0;1;0;0;0;0;1;574072.5452;6020791.5007;10.139064291;54.329592668
1504;1;0;2;0;2018;5;17;1;3;5;3;0;1;1;0;0;0;0;0;571888.0882;6022631.7941;10.105923194;54.34644144
1505;1;0;62;1;2018;4;18;1;3;2;2;0;0;1;0;0;0;0;0;582475.7812;5948326.2738;10.248608989;53.677149874
1506;1;0;53;60;2018;5;7;2;3;2;6;0;0;1;0;0;0;1;0;593713.8001;5935499.0801;10.414828638;53.559993838
1507;1;0;56;39;2018;4;11;7;3;5;3;0;1;1;0;0;0;0;0;552405.7464;5946460.3804;9.793122513;53.664260578
1508;1;0;1;0;2018;4;11;2;3;6;4;0;0;1;1;0;0;0;1;527126.2283;6071462.1004;9.42185268;54.789616014
1509;1;0;53;99;2018;4;17;1;3;0;1;0;0;0;0;1;0;0;0;605322.9134;5944455.6661;10.593050674;53.638268237
1510;1;0;57;8;2018;4;15;7;3;5;2;0;0;1;0;0;0;0;0;568555.376;5991782.944;10.04762454;54.069689736
1511;1;0;58;98;2018;5;18;7;3;0;7;0;0;0;0;1;0;0;0;562921.2384;5999894.6506;9.963228956;54.143304382
1512;1;0;4;0;2018;5;17;4;3;2;6;0;0;1;0;0;0;0;0;565352.1895;5991793.9015;9.998686029;54.070204473
1513;1;0;3;0;2018;5;13;7;3;5;2;0;1;1;0;0;0;0;0;610943.8017;5968107.7483;10.686519433;53.849607406
1514;1;0;60;94;2018;4;16;4;3;2;6;0;0;1;0;0;0;0;0;571416.5795;5960134.8726;10.08394467;53.784898645
1515;1;0;62;23;2018;4;16;6;3;0;7;0;1;0;0;0;0;0;0;584941.6188;5946716.7583;10.285488987;53.662291589
1516;1;0;53;32;2018;5;22;3;2;0;3;2;1;1;0;0;0;0;0;591099.363;5922357.426;10.371552795;53.442362101
1517;1;0;62;9;2018;4;12;7;2;5;2;0;0;1;0;0;0;1;0;580881.3271;5936078.5973;10.221294702;53.567336073
1518;1;0;53;80;2018;4;17;1;2;8;1;0;0;0;0;1;0;0;0;611887.5186;5930046.7355;10.687134256;53.507446917
1519;1;0;58;127;2018;4;3;5;3;9;7;2;0;1;0;0;0;0;0;536222.8331;6027898.7765;9.557934746;54.397555754
1520;1;0;60;25;2018;5;14;5;3;2;6;0;1;1;0;0;0;0;0;598461.621;5992221.922;10.504629928;54.068787
1521;1;0;2;0;2018;5;9;3;3;0;4;0;1;0;1;0;0;0;0;574324.0737;6018313.7188;10.142314374;54.307291616
1522;1;0;56;18;2018;4;6;6;3;5;3;0;1;1;0;0;0;0;0;555365.729;5943067.604;9.837310228;53.633463002
1523;1;0;3;0;2018;4;7;3;3;4;6;0;1;0;0;0;0;0;0;612893.3692;5970911.1835;10.717172669;53.874373631
1524;1;0;56;2;2018;5;6;6;3;5;3;0;1;1;0;0;0;0;0;549920.1531;5959486.9303;9.757610043;53.781580569
1525;1;0;60;44;2018;5;3;5;3;9;1;2;0;1;0;0;0;1;0;563732.8106;5965396.9693;9.968431003;53.833186094
1526;1;0;56;39;2018;5;18;7;3;5;3;0;1;0;0;0;0;0;0;551326.8983;5945711.0168;9.776672774;53.657632613
1527;1;0;60;6;2018;4;16;4;3;8;1;0;0;0;0;0;1;0;0;589703.9;5971003.941;10.364599227;53.879734301
1528;1;0;60;85;2018;4;17;6;3;3;6;0;0;1;0;1;0;0;0;578420.853;5964583.0483;10.191362571;53.823863186
1529;1;0;60;39;2018;5;6;3;3;2;6;0;0;1;0;0;0;0;0;561854.945;5962304.0647;9.939278963;53.805617134
1530;1;0;60;43;2018;4;12;7;3;2;2;0;0;1;0;0;0;0;0;576564.9157;5963047.1862;10.162791647;53.810338065
1531;1;0;62;22;2018;4;15;1;3;5;3;0;0;1;0;1;0;0;0;588874.567;5942376.684;10.34375139;53.622638138
1532;1;0;3;0;2018;4;7;5;3;5;2;0;1;1;0;0;0;0;0;608382.2537;5967276.2217;10.647304448;53.842677453
1533;1;0;55;39;2018;5;16;6;2;2;6;0;0;1;0;0;0;0;0;614792.8616;5992417.2471;10.754147918;54.067162361
1534;1;0;4;0;2018;5;8;3;3;5;3;0;1;1;0;0;0;0;0;563998.2094;5991942.1329;9.978029718;54.071706525
1535;1;0;62;9;2018;4;8;7;3;0;6;0;0;1;0;0;0;0;0;580623.286;5935001.5588;10.217121383;53.557696927
1536;1;0;54;72;2018;4;22;3;2;8;7;2;0;1;0;0;0;0;0;492371.0736;6021215.6787;8.882661216;54.338724067
1537;1;0;56;31;2018;4;18;3;3;5;3;0;1;1;0;0;0;0;0;546241.3168;5956708.2072;9.701366814;53.756946283
1538;1;0;61;29;2018;5;13;6;3;4;6;0;1;0;0;0;0;0;0;527626.327;5960458.9603;9.419370323;53.791977493
1539;1;0;54;134;2018;5;11;6;3;9;7;0;0;1;0;0;0;0;0;483110.149;6017752.9329;8.740418223;54.307380646
1540;1;0;59;159;2018;4;10;3;3;8;1;0;0;1;0;0;0;0;0;530847.1432;6058054.214;9.478295178;54.668910952
1541;1;0;51;140;2018;4;8;3;3;8;6;0;0;1;0;0;0;0;0;496730.1533;6008627.2319;8.949844792;54.225632092
1542;1;0;3;0;2018;4;19;5;3;5;2;1;0;1;0;1;0;0;0;606082.6801;5972375.6024;10.614131769;53.888967758
1543;1;0;3;0;2018;5;12;2;3;4;6;0;1;1;0;0;0;0;0;609558.7769;5970693.9022;10.666397991;53.873136248
1544;1;0;62;4;2018;4;11;1;3;5;2;0;0;1;0;0;0;0;0;591111.6559;5962101.5705;10.383367985;53.79949645
1545;1;0;60;39;2018;4;16;5;3;2;2;0;0;1;0;0;0;0;0;564408.9362;5960129.962;9.977601197;53.785768701
1546;1;0;56;48;2018;5;11;2;3;5;3;0;1;1;0;0;0;0;0;547305.619;5950158.707;9.71650677;53.69798631
1547;1;0;59;73;2018;4;13;2;3;5;3;0;0;1;0;1;0;0;0;540797.25;6044835.243;9.630726412;54.54941204
1548;1;0;62;90;2018;5;20;5;3;0;1;1;1;0;0;0;0;0;0;575914.0121;5948436.318;10.149319575;53.679133108
1549;1;0;51;81;2018;5;14;3;3;5;3;0;0;1;0;0;0;0;1;502892.8439;6004569.9638;9.044333416;54.189169245
1550;1;0;3;0;2018;4;13;1;3;5;3;0;0;1;0;0;0;0;0;618292.036;5975430.514;10.800991191;53.913771133
1551;1;0;53;96;2018;5;7;4;3;2;6;0;0;1;0;0;0;0;0;604270.1324;5946409.0067;10.577788767;53.656029872
1552;1;0;1;0;2018;4;18;2;3;5;2;0;1;1;0;0;0;0;0;527877.1606;6071707.1557;9.433553975;54.79177704
1553;1;0;59;75;2018;5;21;1;3;0;1;2;1;0;0;0;0;0;0;535392.9961;6040868.4477;9.546704497;54.51417029
1554;1;0;55;35;2018;4;19;1;3;2;6;1;0;1;0;1;0;0;0;618979.4151;5980556.8135;10.813447192;53.959665939
1555;1;0;51;44;2018;5;16;1;3;0;1;0;0;0;0;1;0;0;0;510537.3735;6005448.3909;9.161517823;54.196964113
1556;1;0;3;0;2018;4;18;7;3;2;2;0;0;1;0;0;0;0;0;607011.5709;5969240.9606;10.627165407;53.86061382
1557;1;0;56;28;2018;4;13;1;2;4;6;0;1;0;0;0;0;0;0;543980.513;5941383.1679;9.664905046;53.619403921
1558;1;0;3;0;2018;4;17;1;3;2;2;0;0;1;0;0;0;0;0;608398.8823;5968104.8061;10.647849472;53.850118341
1559;1;0;61;10;2018;4;15;6;3;8;1;0;0;1;0;0;0;0;1;529198.7395;5975795.8055;9.444698203;53.929737019
1560;1;0;56;50;2018;5;19;6;3;2;1;0;0;1;0;0;0;0;0;546993.5131;5937231.3867;9.709826504;53.581826734
1561;1;0;54;138;2018;5;15;4;3;5;3;0;1;1;0;0;0;0;0;495796.295;6018158.173;8.935386797;54.311284691
1562;1;0;2;0;2018;5;13;7;3;5;2;0;0;1;0;0;0;0;0;572098.082;6018693.269;10.1082011;54.311021237
1563;1;0;3;0;2018;4;9;4;3;5;2;0;1;0;0;0;1;0;0;610117.412;5969917.731;10.67461225;53.866044678
1564;1;0;58;1;2018;4;15;6;3;2;6;0;0;0;0;1;0;0;0;566369.7689;6017802.7221;10.019970891;54.303795353
1565;1;0;3;0;2018;5;8;3;2;5;3;0;0;1;0;1;0;0;0;609873.3663;5969007.9461;10.670576933;53.857922611
1566;1;0;3;0;2018;4;11;7;2;5;2;0;1;1;0;0;0;0;0;612062.2738;5963310.6757;10.701765634;53.806269413
1567;1;0;58;46;2018;4;15;1;2;0;7;0;1;0;0;0;0;0;0;553733.8883;6006458.2133;9.823773189;54.203332267
1568;1;0;59;75;2018;4;8;5;3;8;1;0;0;1;0;0;0;0;0;535908.4044;6040841.4449;9.554662148;54.513891373
1569;1;0;3;0;2018;5;12;5;3;5;3;0;1;1;0;0;0;0;0;612586.0257;5970046.8275;10.712182836;53.866674946
1570;1;0;62;60;2018;4;8;6;3;2;2;0;0;1;0;0;0;0;0;583206.3915;5930283.0235;10.254852305;53.51489091
1571;1;0;2;0;2018;4;15;3;3;2;6;0;0;1;0;0;0;0;0;572518.7065;6022030.7581;10.115476317;54.340951438
1572;1;0;57;9;2018;5;9;6;3;2;6;0;0;1;0;0;0;0;0;599979.9086;5999389.4591;10.5301916;54.132891819
1573;1;0;53;17;2018;5;15;4;2;5;3;0;1;1;0;0;0;0;0;594611.4602;5928205.3194;10.426172508;53.494292236
1574;1;0;53;108;2018;5;9;5;3;5;3;0;1;1;0;0;0;0;0;597837.7908;5949496.3457;10.481466169;53.685013616
1575;1;0;55;46;2018;4;9;3;3;4;6;0;0;1;0;0;1;0;0;643200.5652;6037929.0856;11.209692229;54.468789233
1576;1;0;1;0;2018;4;13;5;2;5;3;0;0;1;0;0;0;1;0;529812.7347;6070587.3686;9.463540433;54.781602859
1577;1;0;54;128;2018;5;10;2;3;2;2;0;0;1;0;0;0;0;0;499842.8997;6048593.1406;8.997569136;54.584828476
1578;1;0;58;171;2018;4;13;1;1;2;6;0;0;0;0;1;0;0;0;559188.794;6016047.907;9.909282436;54.28890854
1579;1;0;4;0;2018;4;14;5;3;2;6;0;0;0;0;0;0;1;0;562288.613;5997576.626;9.953067594;54.122550598
1580;1;0;3;0;2018;5;16;2;3;5;2;0;1;1;0;0;0;0;0;609413.1895;5970947.2109;10.664275004;53.875442768
1581;1;0;62;83;2018;4;11;1;2;9;1;0;0;0;0;1;0;0;0;597140.4267;5959491.653;10.474049348;53.774955101
1582;1;0;3;0;2018;5;10;5;3;2;6;0;0;1;0;0;0;0;0;610090.7632;5969355.938;10.674005624;53.861003023
1583;1;0;58;18;2018;5;14;3;3;3;6;0;0;1;0;0;0;0;1;566102.8008;6009238.8836;10.01397835;54.226874396
1584;1;0;4;0;2018;4;14;1;3;2;6;0;0;1;0;0;0;0;0;563740.6478;5991693.1268;9.974041875;54.069500761
1585;1;0;58;92;2018;5;18;4;3;5;2;0;1;1;0;0;0;0;0;570345.4515;6020970.5748;10.081804062;54.331729151
1586;1;0;2;0;2018;4;16;1;3;0;1;0;0;1;0;0;0;0;1;572925.7465;6017959.3781;10.120741049;54.30430917
1587;1;0;56;51;2018;5;23;7;3;5;3;2;0;1;0;0;0;0;0;544637.7064;5967292.5843;9.678580251;53.852214072
1588;1;0;51;44;2018;5;17;4;3;5;3;0;1;1;0;0;0;0;0;507696.7408;6005507.8244;9.117977988;54.197548781
1589;1;0;58;47;2018;4;19;1;2;8;1;0;0;1;0;0;0;0;0;536737.1811;6013943.0209;9.564137265;54.272098838
1590;1;0;60;19;2018;4;15;3;2;5;3;0;0;1;0;0;0;0;0;560281.0321;5956750.6062;9.914296599;53.755892412
1591;1;0;60;54;2018;4;7;5;3;5;3;0;1;1;0;0;0;0;0;558433.7639;5968995.1227;9.888606888;53.866145791
1592;1;0;4;0;2018;5;18;2;2;0;7;0;0;0;0;1;0;0;0;563844.1469;5993843.6621;9.976076576;54.088813718
1593;1;0;2;0;2018;4;12;1;3;5;3;0;0;1;0;0;0;0;0;574585.8788;6017907.9502;10.146235948;54.303607354
1594;1;0;4;0;2018;4;18;5;3;2;2;0;0;1;0;0;0;0;0;563056.4324;5993447.2207;9.963952973;54.08534817
1595;1;0;62;1;2018;5;20;2;3;4;6;0;1;0;0;0;0;0;0;579746.439;5945287.9452;10.206519274;53.650269733
1596;1;0;61;13;2018;4;6;2;3;9;7;1;0;1;0;0;0;0;1;527952.4705;5987741.7924;9.426814287;54.037172657
1597;1;0;55;10;2018;5;22;5;3;2;6;2;0;1;0;0;0;0;0;634701.366;6010702.9227;11.06633317;54.226582919
1598;1;0;57;55;2018;5;15;3;2;5;3;0;0;1;0;0;0;0;1;601271.2931;6022706.2502;10.557820258;54.342122981
1599;1;0;57;50;2018;4;15;1;3;2;6;0;0;1;0;1;0;0;0;589492.2047;6016654.4599;10.374874139;54.289951073
1600;1;0;55;44;2018;5;14;4;3;2;6;0;0;1;0;0;0;0;0;614707.09;5987435.0901;10.750954979;54.022423529
1601;1;0;3;0;2018;4;18;1;3;2;6;0;0;1;0;0;0;0;0;608015.8169;5967579.1771;10.641844008;53.845475659
1602;1;0;51;133;2018;5;15;7;3;8;1;0;0;0;0;1;0;0;0;506571.0452;6011634.4702;9.100857135;54.25262807
1603;1;0;57;30;2018;4;13;1;3;0;7;0;0;0;0;1;0;0;0;604674.4158;6016992.9536;10.608143563;54.290108388
1604;1;0;62;25;2018;5;17;1;3;5;3;0;1;1;0;0;0;0;0;604106.249;5966703.015;10.58214701;53.838401817
1605;1;0;3;0;2018;4;9;7;3;0;3;0;1;1;0;0;0;0;0;610130.392;5969918.616;10.674809869;53.866049876
1606;1;0;3;0;2018;4;15;1;3;2;1;0;0;0;0;1;0;0;0;605558.4156;5970773.1757;10.605606283;53.874677623
1607;1;0;57;30;2018;4;14;1;2;0;7;0;1;0;0;0;0;0;0;608094.0414;6020511.2126;10.66192928;54.321003526
1608;1;0;62;4;2018;4;15;6;3;2;2;0;0;1;0;0;0;0;0;587567.6439;5961647.3128;10.329445637;53.796023091
1609;1;0;53;50;2018;5;19;6;3;0;7;0;0;0;0;1;0;0;1;594294.5648;5922818.3811;10.419780569;53.445942358
1610;1;0;60;47;2018;5;16;3;3;5;3;0;0;1;0;0;0;0;0;571160.814;5964027.396;10.080962895;53.81991428
1611;1;0;62;71;2018;5;19;7;3;9;7;0;0;1;0;0;0;0;0;580651.8589;5938895.0568;10.218558385;53.592681555
1612;1;0;3;0;2018;4;16;4;3;5;2;0;1;1;0;0;0;0;0;611040.6751;5973647.5945;10.689997362;53.899357781
1613;1;0;2;0;2018;4;18;6;3;1;6;0;1;1;0;0;0;0;0;572911.1056;6020910.9057;10.121237043;54.330832858
1614;1;0;2;0;2018;5;10;3;3;6;2;0;0;1;1;0;0;0;0;573029.986;6021261.984;10.123150787;54.33397054
1615;1;0;54;148;2018;4;11;1;3;5;3;0;1;1;0;0;0;0;0;484587.072;6017334.1532;8.763138581;54.303663619
1616;1;0;56;15;2018;4;15;4;3;2;6;0;0;1;0;0;0;0;0;546600.6673;5955331.5131;9.706609151;53.744541084
1617;1;0;2;0;2018;5;13;5;3;2;6;0;0;1;0;1;0;0;0;573694.8569;6019060.9375;10.13283021;54.314097068
1618;1;0;3;0;2018;4;13;6;3;5;3;0;1;1;0;0;0;0;0;609928.9935;5970267.8707;10.671873685;53.86923037
1619;1;0;59;158;2018;4;12;3;3;5;2;0;0;1;0;0;0;0;0;511802.3758;6068020.0932;9.183406543;54.759278124
1620;1;0;3;0;2018;5;13;6;3;5;3;0;1;1;0;0;0;0;0;608029.8405;5964514.4221;10.64098018;53.817937516
1621;1;0;55;16;2018;5;14;4;3;2;6;0;0;1;0;0;0;0;0;627490.208;6002238.7667;10.952199611;54.152399774
1622;1;0;4;0;2018;5;11;5;3;5;7;0;0;1;0;1;0;0;0;563347.059;5990165.894;9.967709138;54.055824766
1623;1;0;57;44;2018;4;18;3;3;5;2;0;0;1;0;0;0;0;0;594110.3448;6016733.7537;10.445823475;54.289834019
1624;1;0;60;36;2018;5;11;1;3;5;3;0;0;1;0;0;0;0;0;565228.4026;5972902.9648;9.99274904;53.900455178
1625;1;0;1;0;2018;4;18;1;3;5;3;0;0;1;0;0;0;0;0;528378.9444;6067936.0012;9.440988861;54.757859467
1626;1;0;60;63;2018;4;15;4;3;2;6;0;0;1;0;0;0;0;0;563795.2234;5946450.3436;9.965467315;53.662904833
1627;1;0;3;0;2018;5;10;2;3;5;2;0;1;1;0;0;0;0;0;612850.089;5969973.744;10.716169786;53.865961016
1628;1;0;55;1;2018;4;14;1;3;2;6;0;0;1;0;1;0;0;0;603143.177;5985619.0265;10.573898323;54.008547673
1629;1;0;58;124;2018;5;8;5;3;3;6;0;0;1;0;0;1;0;0;546739.3219;6015162.2486;9.717908976;54.282239476
1630;1;0;56;39;2018;4;15;2;3;6;2;0;0;1;1;0;0;0;1;552378.29;5946363.733;9.792690723;53.663394704
1631;1;0;56;18;2018;4;15;1;3;3;6;0;0;1;0;0;0;0;0;555114.1824;5944092.3982;9.833688058;53.642699897
1632;1;0;2;0;2018;5;14;4;3;5;3;0;0;1;0;0;0;0;0;572469.267;6021123.7765;10.114495542;54.332808591
1633;1;0;59;184;2018;4;16;1;2;9;7;0;0;1;0;0;0;0;0;526553.6417;6060219.8536;9.411922052;54.688617326
1634;1;0;3;0;2018;5;12;7;2;8;6;0;0;1;0;1;0;0;0;610060.3703;5965277.051;10.672082558;53.824363439
1635;1;0;53;96;2018;5;6;4;3;5;7;0;0;1;0;0;0;1;0;605302.5302;5946144.8294;10.593314611;53.653449427
1636;1;0;1;0;2018;5;13;1;3;5;3;0;0;1;0;1;0;0;0;528014.9193;6068101.7595;9.435348334;54.759369489
1637;1;0;54;126;2018;4;16;7;2;0;6;0;1;0;0;1;0;0;0;494618.4154;6066571.7522;8.91639789;54.746372025
1638;1;0;59;121;2018;4;12;1;2;3;2;0;0;1;0;0;0;0;0;560922.8475;6065016.1587;9.946030351;54.728730621
1639;1;0;55;4;2018;4;17;1;3;2;6;0;0;1;0;0;0;0;0;612399.1579;5975406.9813;10.711309006;53.914871463