OBJECTID_1;ULAND;UREGBEZ;UKREIS;UGEMEINDE;UJAHR;UMONAT;USTUNDE;UWOCHENTAG;UKATEGORIE;UART;UTYP1;ULICHTVERH;IstRad;IstPKW;IstFuss;IstKrad;IstGkfz;IstSonstig;STRZUSTAND;LINREFX;LINREFY;XGCSWGS84;YGCSWGS84
1850;1;0;54;52;2018;4;10;1;3;2;6;0;0;1;0;0;0;0;1;503469.6262;6041686.1192;9.053605189;54.522742622
1851;1;0;53;32;2018;5;18;7;2;2;6;0;0;1;0;0;0;0;0;591234.283;5920795.704;10.373130918;53.428304843
1852;1;0;56;50;2018;5;13;4;3;2;6;0;0;1;0;0;0;1;0;546892.4978;5938248.1808;9.70845364;53.590974572
1853;1;0;53;32;2018;4;12;6;3;5;3;0;1;0;0;0;0;1;0;589901.2275;5921231.3487;10.353198168;53.432448587
1854;1;0;59;75;2018;5;12;1;3;6;4;0;0;1;1;0;0;0;0;536601.112;6041171.37;9.56540249;54.516806768
1855;1;0;2;0;2018;4;11;7;3;0;6;0;1;0;0;0;0;0;0;572960.4868;6019969.0972;10.121765941;54.32236299
1856;1;0;2;0;2018;4;19;1;3;2;6;0;0;1;0;0;0;0;0;572952.7188;6019973.9087;10.121647709;54.322407335
1857;1;0;62;60;2018;4;7;6;3;5;3;0;0;1;0;0;0;0;0;583422.0782;5931295.3293;10.258373833;53.523953789
1858;1;0;1;0;2018;4;19;6;3;2;2;0;0;1;0;0;0;0;0;526677.4464;6070095.8448;9.414748015;54.777362208
1859;1;0;57;91;2018;5;14;6;2;2;6;0;0;1;0;0;0;0;0;580649.1738;6015826.7048;10.238831966;54.283985326
1860;1;0;55;40;2018;5;8;3;3;5;3;0;1;1;0;0;0;0;0;608889.7639;5973598.9047;10.657259231;53.899376552
1861;1;0;3;0;2018;4;14;4;3;2;6;0;0;1;0;0;0;0;0;609237.7754;5971702.8772;10.661877292;53.88226887
1862;1;0;3;0;2018;5;20;7;3;2;6;0;0;1;0;0;0;0;0;610048.5925;5971475.0816;10.674125008;53.880050931
1863;1;0;55;27;2018;5;19;6;2;0;1;0;1;0;0;0;0;0;0;623025.7584;6009708.4696;10.886933147;54.22058697
1864;1;0;60;5;2018;4;9;2;3;3;6;0;0;1;0;0;1;0;0;584482.2431;5977293.3384;10.286925115;53.937126077
1865;1;0;2;0;2018;4;12;4;3;5;3;0;1;1;0;0;0;0;0;574139.8079;6021200.6786;10.140200126;54.333259626
1866;1;0;51;44;2018;4;10;5;3;5;2;0;0;1;0;0;0;0;0;506838.115;6005347.162;9.104813082;54.196116979
1867;1;0;51;28;2018;5;21;2;3;5;3;1;1;1;0;0;0;0;0;504258.612;5997743.136;9.065167612;54.127802427
1868;1;0;3;0;2018;4;12;6;3;6;4;0;1;0;1;0;0;0;0;610083.4789;5970646.7463;10.674358078;53.872601549
1869;1;0;59;161;2018;4;15;4;3;5;3;0;0;1;0;0;0;0;0;543407.5895;6064242.8519;9.673957391;54.723598388
1870;1;0;54;138;2018;5;7;5;3;5;2;0;0;1;0;0;0;1;0;488548.5964;6016254.8882;8.824059129;54.294067977
1871;1;0;2;0;2018;4;18;6;3;5;2;0;1;1;0;0;0;0;0;572918.443;6019658.677;10.121043807;54.31957965
1872;1;0;53;32;2018;4;6;2;3;5;3;0;0;1;0;1;0;0;0;590832.2165;5923806.4897;10.367950392;53.455429758
1873;1;0;59;171;2018;5;9;6;3;5;2;0;0;1;0;1;0;0;0;526128.079;6057514.2614;9.405078452;54.664325296
1874;1;0;58;164;2018;5;14;4;3;9;7;0;0;0;0;0;1;0;0;538424.9581;5998641.9794;9.588097246;54.134462262
1875;1;0;3;0;2018;4;16;6;3;5;3;0;1;1;0;0;0;0;0;610710.2009;5968284.1836;10.68303363;53.851242392
1876;1;0;51;44;2018;5;17;4;2;5;3;0;0;1;0;0;0;0;0;509624.4154;6005572.9426;9.147527959;54.19810148
1877;1;0;61;71;2018;4;15;2;3;8;1;0;0;0;0;0;0;1;0;542028.9585;5979302.5241;9.640574364;53.960371064
1878;1;0;60;39;2018;4;13;2;2;5;3;0;1;1;0;0;0;0;0;564587.7835;5960653.3869;9.980424989;53.790450519
1879;1;0;55;21;2018;5;17;1;2;6;2;0;0;1;1;0;0;0;0;628150.0029;6026607.1695;10.972721687;54.371117997
1880;1;0;55;32;2018;4;17;6;3;5;2;0;0;1;0;0;0;0;0;619368.7893;5999137.5425;10.826685543;54.126492499
1881;1;0;55;40;2018;4;16;4;3;2;2;0;0;1;0;1;0;0;0;608624.591;5973261.3341;10.653105512;53.896399333
1882;1;0;54;78;2018;5;15;2;3;0;7;0;0;0;0;1;0;0;0;462959.3629;6097085.0175;8.420674822;55.019232374
1883;1;0;59;60;2018;4;13;1;2;5;3;0;0;1;0;1;0;0;0;544155.5686;6059727.1807;9.684885798;54.682954467
1884;1;0;55;27;2018;4;10;2;3;0;7;0;0;0;0;1;0;0;1;622600.6479;6009508.3515;10.880335116;54.218891247
1885;1;0;55;4;2018;4;13;6;3;2;6;0;0;1;0;0;0;0;0;611003.9083;5974078.1484;10.68959416;53.903233817
1886;1;0;51;44;2018;5;15;3;3;2;2;0;0;1;0;0;0;0;0;505883.1527;6004105.7558;9.090151378;54.184971537
1887;1;0;62;90;2018;4;8;7;2;4;1;0;0;1;0;0;0;0;0;580201.3556;5950203.4829;10.214670291;53.694373139
1888;1;0;57;35;2018;5;11;7;3;0;7;0;0;0;0;1;0;0;0;602787.8279;6016209.7142;10.57890246;54.283454604
1889;1;0;55;21;2018;5;13;4;3;3;6;0;0;1;0;1;0;0;0;630500.6256;6026017.2519;11.008623725;54.365222941
1890;1;0;51;47;2018;5;13;7;2;4;6;0;0;1;0;0;0;0;0;500813.1705;6013977.9612;9.0124875;54.273731786
1891;1;0;56;39;2018;4;12;2;3;3;6;0;1;0;0;0;0;0;0;551280.5413;5945090.6755;9.775868996;53.652061773
1892;1;0;51;44;2018;4;9;4;3;0;7;0;0;1;0;0;1;0;0;506742.4507;6005322.4092;9.103346209;54.195895778
1893;1;0;60;66;2018;4;15;6;2;3;6;0;0;1;0;1;0;0;0;566120.1491;5966923.1874;10.005029401;53.846603608
1894;1;0;60;63;2018;5;7;3;3;5;3;0;0;1;0;0;0;0;0;564935.996;5956997.1803;9.984940307;53.757549128
1895;1;0;56;23;2018;4;18;7;3;0;1;0;0;0;0;0;0;1;0;546278.4845;5951010.7981;9.701078013;53.705736676
1896;1;0;3;0;2018;4;9;6;3;5;2;0;1;1;0;0;0;0;0;613534.462;5969871.25;10.726534283;53.864890973
1897;1;0;55;32;2018;4;9;5;3;0;2;0;1;1;0;0;0;0;0;617318.9109;5996127.9368;10.794165482;54.099928005
1898;1;0;62;9;2018;5;17;6;3;2;6;0;0;1;0;0;0;0;0;581582.6656;5935218.1406;10.231657443;53.55949501
1899;1;0;4;0;2018;5;16;3;2;6;4;0;0;0;1;1;0;0;0;565022.9015;5994984.8017;9.994340132;54.098920959
1900;1;0;3;0;2018;4;15;7;3;8;7;0;0;1;0;0;0;0;0;608546.7195;5970825.7432;10.651058258;53.874533432
1901;1;0;2;0;2018;5;13;5;3;5;2;0;0;1;0;0;0;0;0;569579.352;6018468.092;10.069441483;54.309347202
1902;1;0;60;63;2018;4;13;2;3;5;3;0;1;1;0;0;0;0;0;566730.3687;5948724.345;10.010368829;53.682974983
1903;1;0;4;0;2018;4;14;6;3;2;6;0;0;1;0;1;0;0;0;565268.024;5992090.723;9.997463999;54.072882513
1904;1;0;2;0;2018;5;8;4;3;2;6;0;0;1;0;0;0;0;0;572693.854;6021921.305;10.11814316;54.339942998
1905;1;0;56;5;2018;4;11;7;3;0;1;0;1;0;0;0;0;0;1;559950.1329;5946043.4027;9.907206028;53.65970251
1906;1;0;58;37;2018;5;13;7;3;5;3;0;1;1;0;0;0;0;0;575317.5152;6033062.2649;10.16131367;54.439669373
1907;1;0;62;9;2018;5;7;4;3;2;6;0;0;1;0;0;0;1;0;580877.519;5936084.674;10.221238788;53.567391268
1908;1;0;53;43;2018;5;15;1;3;3;6;0;0;1;0;1;0;0;0;614163.9638;5961794.7331;10.733103929;53.792193053
1909;1;0;60;4;2018;4;22;7;3;2;6;2;0;1;0;0;0;0;0;561522.4194;5973932.9896;9.93656113;53.910164931
1910;1;0;59;157;2018;4;15;1;2;4;6;0;0;1;0;0;0;1;0;538470.356;6073466.013;9.598527404;54.806882147
1911;1;0;57;1;2018;4;17;6;3;0;6;0;0;1;0;1;0;0;0;587300.6379;6000029.5309;10.336383182;54.140952839
1912;1;0;53;20;2018;4;21;5;3;8;1;2;0;1;0;0;0;0;0;605254.3282;5926237.6087;10.585879234;53.47459047
1913;1;0;59;39;2018;5;17;6;2;8;1;0;0;0;0;1;0;0;0;522557.1177;6037743.386;9.348199105;54.48681911
1914;1;0;3;0;2018;5;17;3;3;2;2;0;0;1;0;0;0;0;0;616557.89;5971390.393;10.773065337;53.877868612
1915;1;0;60;39;2018;4;10;3;3;5;2;0;0;1;0;0;0;0;1;564762.484;5962196.031;9.983400766;53.804292396
1916;1;0;58;84;2018;5;15;7;3;0;1;0;1;0;0;0;0;0;0;542981.2367;6034567.4789;9.66299303;54.456959454
1917;1;0;58;51;2018;5;9;6;3;5;3;0;0;1;0;0;0;0;0;568701.514;6025883.9292;10.057661055;54.376103811
1918;1;0;56;41;2018;4;16;2;3;2;6;0;0;1;0;0;0;0;0;563614.6486;5954829.6639;9.964455195;53.738232591
1919;1;0;59;75;2018;4;17;4;3;2;2;0;0;1;0;0;0;0;0;536437.3266;6040939.4929;9.562843869;54.514734757
1920;1;0;56;13;2018;4;14;5;3;5;2;0;0;1;0;1;0;0;0;559085.0719;5943703.6548;9.893672338;53.638772825
1921;1;0;60;44;2018;5;22;2;2;8;1;2;0;0;0;1;0;0;0;563562.016;5967425.156;9.966255764;53.851434075
1922;1;0;2;0;2018;4;17;6;3;5;2;0;1;1;0;0;0;0;0;576861.399;6019403.3214;10.181582919;54.316706759
1923;1;0;60;5;2018;5;13;4;3;5;3;0;1;1;0;0;0;0;0;585657.716;5978641.5878;10.305204294;53.949047853
1924;1;0;2;0;2018;4;21;6;3;5;2;2;0;1;0;0;0;0;1;572971.2069;6021037.5989;10.122192091;54.331962694
1925;1;0;1;0;2018;5;10;3;3;6;2;0;0;1;1;0;0;0;0;527325.6805;6071783.3599;9.424984638;54.792492186
1926;1;0;58;34;2018;4;10;2;3;5;2;0;0;1;0;0;0;0;0;543734.9439;6018655.1416;9.672276996;54.31389544
1927;1;0;61;29;2018;5;16;5;3;5;3;0;1;1;0;0;0;0;0;527642.906;5960406.309;9.419617263;53.791503384
1928;1;0;2;0;2018;5;5;4;3;5;3;1;0;1;0;0;0;0;0;573005.6635;6019717.1316;10.122398744;54.320092441
1929;1;0;2;0;2018;4;12;6;3;5;2;0;1;0;0;0;0;0;0;575215.7634;6021802.2705;10.156895358;54.338507814
1930;1;0;56;39;2018;5;11;4;3;5;3;0;0;1;0;1;0;0;0;550815.33;5945883.8906;9.76896083;53.659236293
1931;1;0;3;0;2018;4;16;2;3;5;2;0;1;1;0;0;0;0;0;609612.396;5969711.714;10.666862202;53.864300644
1932;1;0;2;0;2018;5;11;1;3;0;7;0;1;0;0;0;0;0;0;574043.9824;6022788.9344;10.139121273;54.347545017
1933;1;0;2;0;2018;4;18;6;3;2;6;0;0;1;0;0;0;1;0;572609.8051;6018261.6456;10.115960079;54.307070278
1934;1;0;55;44;2018;5;17;2;3;3;6;0;0;1;0;0;0;0;0;613581.1881;5990873.8844;10.735063665;54.053565754
1935;1;0;60;41;2018;4;16;7;2;5;3;0;1;0;0;0;0;1;0;582563.8424;5975499.1528;10.257225113;53.921313275
1936;1;0;59;45;2018;4;22;2;2;4;6;2;0;1;0;0;0;0;1;559382.5703;6057869.0754;9.920660595;54.664693232
1937;1;0;54;125;2018;4;7;6;3;2;2;0;0;1;0;0;0;0;0;503500.9487;6066079.057;9.0543808;54.741960892
1938;1;0;2;0;2018;4;11;7;3;2;6;0;0;1;0;0;0;0;1;575003.0388;6018665.2542;10.152835598;54.310351133
1939;1;0;61;41;2018;5;7;7;2;2;6;0;0;0;0;0;0;1;0;539770.8828;5966028.7696;9.604436201;53.841250886
1940;1;0;58;140;2018;5;6;4;3;8;1;0;0;1;0;0;0;0;0;546528.698;6018111.631;9.715133242;54.30876412
1941;1;0;55;44;2018;5;9;7;3;5;3;0;1;1;0;0;0;0;0;609850.237;5989445.683;10.677580167;54.041543289
1942;1;0;56;37;2018;4;8;2;3;4;6;0;0;1;0;0;0;1;0;538620.3162;5947439.9944;9.584626086;53.674265275
1943;1;0;60;89;2018;4;15;4;3;2;2;0;0;1;0;0;0;0;0;580636.0615;5988669.9354;10.231363574;54.039967951
1944;1;0;53;20;2018;4;14;6;3;5;2;0;1;1;0;0;0;0;0;607270.3861;5927216.0015;10.616576465;53.482974573
1945;1;0;53;67;2018;5;6;3;3;7;7;0;1;1;0;0;0;0;0;609518.549;5958443.6655;10.661426193;53.763083717
1946;1;0;56;15;2018;4;11;7;3;5;2;0;1;1;0;0;0;0;0;543773.7893;5956873.3065;9.663966751;53.75864326
1947;1;0;55;4;2018;4;12;6;3;3;6;0;0;1;0;0;1;0;0;611191.0004;5974654.8323;10.692650025;53.908374726
1948;1;0;58;43;2018;4;21;5;3;5;3;2;0;1;0;0;0;0;0;554182.277;6035577.437;9.835937687;54.464963942
1949;1;0;60;63;2018;5;10;5;3;0;7;0;0;1;0;0;0;1;0;568603.6208;5949447.2285;10.038886706;53.689228887
1950;1;0;2;0;2018;5;18;3;3;6;2;0;0;1;1;0;0;0;0;571166.9758;6023878.168;10.095129676;54.35774217
1951;1;0;56;39;2018;4;13;6;3;8;6;0;0;0;0;0;1;0;0;550676.1524;5945898.1403;9.766857263;53.659377869
1952;1;0;3;0;2018;4;17;3;2;6;4;0;0;1;1;0;0;0;0;608411.5157;5969305.4225;10.648465405;53.860902538
1953;1;0;60;39;2018;5;14;6;3;5;3;0;1;1;0;0;0;0;0;564535.348;5960426.669;9.979581689;53.788419528
1954;1;0;58;139;2018;5;17;6;2;2;7;0;0;1;0;0;0;0;0;567730.4295;6013162.1608;10.039826996;54.261916625
1955;1;0;62;4;2018;4;7;2;2;5;2;0;1;1;0;0;0;0;0;590551.401;5963530.248;10.375284365;53.812431803
1956;1;0;60;7;2018;4;7;3;3;2;6;0;0;1;0;0;0;0;0;574690.2455;5975151.0601;10.137273815;53.919380341
1957;1;0;4;0;2018;4;9;5;3;5;3;0;0;1;0;0;0;0;0;563503.362;5989884.07;9.970037487;54.05327291
1958;1;0;58;9;2018;5;10;2;3;0;7;0;0;0;0;1;0;0;0;551236.8599;5991444.4782;9.782947429;54.068661405
1959;1;0;57;80;2018;4;6;6;3;2;6;1;0;1;0;0;0;0;0;579136.9435;6000014.8825;10.211443368;54.14214328
1960;1;0;55;35;2018;4;7;5;3;3;7;0;0;1;0;0;0;0;0;613171.6916;5975972.8416;10.723274579;53.919786986
1961;1;0;62;4;2018;5;16;2;3;2;2;0;0;1;0;0;0;0;0;587672.6926;5962916.339;10.331401244;53.807408604
1962;1;0;62;23;2018;4;16;2;2;3;6;0;0;1;0;0;1;0;0;584414.8589;5944482.0385;10.276912289;53.642295235
1963;1;0;53;100;2018;5;13;5;3;2;6;0;1;0;0;0;0;0;0;617652.246;5951378.2963;10.782065866;53.697835596
1964;1;0;57;57;2018;5;21;3;3;8;1;2;0;1;0;0;0;0;1;594963.6893;6000849.5529;10.453905943;54.146961662
1965;1;0;51;4;2018;4;12;5;3;5;3;0;1;1;0;0;0;0;0;510970.467;5994348.3538;9.167752529;54.097191699
1966;1;0;3;0;2018;5;7;4;3;0;1;0;1;0;0;0;0;0;0;612543.6747;5969681.3325;10.711405026;53.863400484
1967;1;0;56;24;2018;4;20;3;3;4;6;1;0;1;0;0;0;0;1;544335.0941;5943469.2954;9.670562459;53.638123849
1968;1;0;61;79;2018;5;20;6;3;4;1;0;0;1;0;0;0;0;0;537032.4356;5974153.4341;9.563801145;53.914475083
1969;1;0;59;187;2018;5;12;6;3;8;1;0;1;0;0;0;0;0;0;553406.8519;6049910.2107;9.826573572;54.593843116
1970;1;0;61;44;2018;4;12;4;3;2;1;0;0;1;0;0;1;0;0;542774.374;5963733.8969;9.649760722;53.820386891
1971;1;0;3;0;2018;4;14;5;3;3;6;0;0;1;0;0;0;0;0;611955.5505;5968376.4069;10.701990099;53.851803987
1972;1;0;55;4;2018;5;20;2;3;0;1;0;1;0;0;0;0;0;0;612035.6559;5976807.8042;10.706290532;53.927535246
1973;1;0;56;43;2018;4;17;5;3;6;3;0;0;1;1;0;0;0;1;554053.969;5945508.274;9.817898716;53.655535715
1974;1;0;62;76;2018;4;14;5;3;2;2;0;0;1;0;0;1;0;1;573379.208;5952993.2345;10.1120304;53.72044671
1975;1;0;60;96;2018;5;19;2;3;8;1;0;0;0;0;1;0;0;0;588992.4834;5976076.7692;10.35525504;53.925438972
1976;1;0;2;0;2018;4;12;2;2;5;3;0;0;1;0;0;0;0;0;576130.4862;6017310.9641;10.169815952;54.298015221
1977;1;0;56;39;2018;5;14;5;2;8;1;0;0;0;0;1;0;0;0;552386.7334;5946381.003;9.792821405;53.663549074
1978;1;0;53;60;2018;5;9;4;3;0;1;0;0;0;0;0;0;1;0;593514.6533;5935515.5447;10.411827983;53.560177305
1979;1;0;62;82;2018;4;16;5;3;5;7;0;0;1;0;0;0;0;0;591272.1317;5942202.9874;10.379939379;53.620664945
1980;1;0;53;13;2018;5;20;4;2;4;1;0;0;1;0;1;0;0;0;602055.8468;5942141.4944;10.542896192;53.618122147
1981;1;0;1;0;2018;4;14;2;3;6;4;0;1;0;1;0;0;0;0;528262.5067;6070690.2029;9.439447691;54.782616662
1982;1;0;59;161;2018;5;18;1;3;5;3;0;1;0;0;1;0;0;0;543302.0467;6063554.17;9.672216424;54.717418839
1983;1;0;53;18;2018;4;14;5;2;5;3;0;0;1;0;0;0;0;0;614553.891;5955274.9145;10.736601177;53.733532436
1984;1;0;51;26;2018;5;14;1;2;8;1;0;0;1;0;0;0;0;0;516680.0394;5991866.2187;9.254921664;54.074729646
1985;1;0;62;87;2018;4;14;7;3;8;1;0;0;1;0;0;0;0;0;600754.058;5969346.244;10.532089952;53.862811871
1986;1;0;60;80;2018;4;13;1;3;0;1;0;1;0;0;0;0;0;0;588053.6247;5996140.5847;10.346772563;54.105881234
1987;1;0;55;33;2018;4;15;5;3;2;6;0;0;1;0;0;0;0;0;623453.233;6017483.7427;10.896689009;54.290326438
1988;1;0;61;46;2018;4;15;6;3;5;2;0;0;1;0;0;0;0;0;534909.1342;5975947.0241;9.531681271;53.930742647
1989;1;0;56;30;2018;5;16;6;3;2;6;0;0;1;0;1;0;0;0;545805.322;5962734.907;9.695649776;53.811150238
1990;1;0;59;106;2018;5;16;4;3;3;2;0;0;1;0;0;0;1;0;544590.4804;6069459.5574;9.693121899;54.770372968
1991;1;0;4;0;2018;5;13;7;2;4;6;0;0;1;0;0;0;0;0;566611.7513;5988356.4519;10.017175898;54.039152807
1992;1;0;53;134;2018;4;9;2;3;4;6;0;0;1;0;0;1;0;0;608663.2602;5937597.6161;10.64116096;53.575967108
1993;1;0;53;100;2018;4;15;4;3;6;4;0;0;1;1;0;0;0;0;618095.7828;5950781.4626;10.788553105;53.692373544
1994;1;0;55;32;2018;4;8;6;3;2;6;0;0;1;0;0;0;0;0;617667.7192;5996428.1914;10.799613733;54.102545664
1995;1;0;3;0;2018;5;18;3;3;2;2;0;0;0;0;1;0;0;0;611348.672;5971004.862;10.69372235;53.875549007
1996;1;0;3;0;2018;4;9;7;3;3;6;0;0;1;0;0;0;0;0;610105.9404;5969925.835;10.674440786;53.86611992
1997;1;0;4;0;2018;4;13;5;3;5;3;0;0;1;0;1;0;0;1;565561.3154;5991030.0408;10.001716034;54.063313514
1998;1;0;59;116;2018;4;16;5;2;8;1;0;0;0;0;1;0;0;0;532797.2401;6060403.9382;9.508794768;54.689903729
1999;1;0;55;33;2018;5;9;5;3;8;7;0;0;1;0;0;0;0;0;621572.2717;6014610.5122;10.866640444;54.264967864
2000;1;0;57;48;2018;5;14;3;2;3;6;0;1;0;0;0;0;0;0;602771.6716;6016206.9222;10.578653431;54.283432769
2001;1;0;53;50;2018;4;17;6;3;8;7;0;0;0;0;1;0;0;0;594294.1037;5922818.4769;10.419773657;53.445943301
2002;1;0;4;0;2018;4;12;3;3;5;3;0;0;1;0;0;0;0;0;566799.7115;5989934.5731;10.020392975;54.053310162
2003;1;0;53;76;2018;5;7;6;3;7;7;0;0;0;0;1;0;0;0;591570.4534;5936233.0858;10.382695409;53.566967888
2004;1;0;53;100;2018;5;8;4;3;2;6;0;0;1;0;0;0;0;0;618235.3137;5950759.99;10.790656968;53.692149072
2005;1;0;62;21;2018;5;20;5;3;0;1;0;1;0;0;0;0;0;1;594121.5136;5944725.1698;10.423767574;53.642824189
2006;1;0;3;0;2018;4;16;3;3;2;6;0;0;1;0;0;0;0;0;611715.7608;5963490.0726;10.696571159;53.80795569
2007;1;0;59;184;2018;4;14;5;3;9;7;0;0;1;0;0;0;0;0;528453.0443;6064902.4404;9.441843442;54.730594076
2008;1;0;59;185;2018;5;8;2;3;5;3;0;0;1;0;0;0;0;0;538452.0621;6060843.7249;9.596573024;54.693455825
2009;1;0;4;0;2018;4;12;5;3;5;3;0;0;1;0;0;0;0;1;564667.0096;5989781.9344;9.987787973;54.052210413
2010;1;0;2;0;2018;4;7;5;3;0;7;0;1;0;0;0;0;0;1;573265.612;6022195.095;10.127003099;54.34232139
2011;1;0;3;0;2018;5;15;2;3;5;3;0;1;1;0;0;0;0;0;609672.071;5969280.513;10.667615146;53.860413995
2012;1;0;60;85;2018;4;15;1;3;2;6;0;0;1;0;0;0;0;0;577573.66;5964111.2961;10.178376141;53.819750997
2013;1;0;3;0;2018;5;17;5;3;2;6;0;0;1;0;0;0;0;0;609625.9043;5971097.543;10.66756283;53.8767485
2014;1;0;55;2;2018;5;10;3;3;9;6;0;0;1;0;0;0;0;1;617721.0526;5998766.7446;10.80133978;54.123541403
2015;1;0;2;0;2018;4;21;5;2;0;1;2;1;0;0;0;0;0;1;573588.2446;6023245.152;10.13222424;54.351710384
2016;1;0;58;81;2018;5;14;4;3;2;6;0;0;1;0;0;0;0;0;545990.4512;6026021.511;9.708081983;54.379896706
2017;1;0;2;0;2018;4;6;1;3;3;3;0;0;1;0;0;0;0;0;574443.4109;6020317.8334;10.144647888;54.325282506
2018;1;0;56;41;2018;5;17;7;3;5;2;0;1;1;0;0;0;0;0;558381.0221;5955992.55;9.885339277;53.749295914
2019;1;0;51;36;2018;5;17;4;3;3;2;0;0;1;0;0;0;0;0;515181.757;6013263.93;9.233102263;54.267089761
2020;1;0;2;0;2018;4;8;5;3;2;2;0;0;1;0;0;0;0;1;573289.3922;6019971.6619;10.126822404;54.32233892
2021;1;0;57;44;2018;5;15;1;3;5;3;0;0;1;0;0;0;0;0;593627.1034;6015187.1873;10.437917933;54.276027399
2022;1;0;58;66;2018;4;13;7;1;4;6;0;0;1;0;1;0;0;0;549828.4222;6029596.0577;9.767766403;54.411658462
2023;1;0;58;162;2018;4;12;1;2;5;2;0;0;1;0;0;0;0;0;561497.5571;6047895.7966;9.951353004;54.574822305
2024;1;0;54;19;2018;4;17;5;3;5;3;0;0;1;0;0;0;0;0;498136.5667;6052461.8005;8.971141912;54.619592764
2025;1;0;58;135;2018;4;16;6;3;5;3;0;1;1;0;0;0;0;1;542480.6055;6017921.854;9.652892869;54.307411376
2026;1;0;58;135;2018;5;14;6;3;5;2;0;0;1;0;0;0;0;0;541148.791;6020552.0079;9.632787979;54.331157315
2027;1;0;62;48;2018;5;14;3;3;5;7;0;0;1;0;0;0;0;0;599518.9504;5974978.0758;10.515145161;53.913651806
2028;1;0;59;120;2018;4;17;4;3;2;6;0;0;1;0;0;0;0;0;523926.6073;6071957.294;9.372135988;54.794228864
2029;1;0;53;111;2018;4;16;1;3;8;1;0;0;1;0;0;0;0;1;596999.3882;5917787.3407;10.458943636;53.400243239
2030;1;0;3;0;2018;5;11;1;3;2;6;0;0;1;0;0;0;0;0;609081.5758;5971265.4173;10.659346398;53.878371455
2031;1;0;2;0;2018;4;6;5;3;3;6;0;0;1;0;0;1;0;1;570039.483;6018698.7202;10.076566456;54.311356702
2032;1;0;56;10;2018;5;12;1;3;0;1;0;1;0;0;0;0;0;0;547088.5288;5966369.5067;9.715692885;53.843701517
2033;1;0;3;0;2018;4;3;7;3;5;3;2;0;1;0;0;0;0;0;609640.1761;5971155.8667;10.667800679;53.877269482
2034;1;0;55;28;2018;4;12;1;3;2;2;0;0;1;0;0;0;0;0;602327.769;6002859.0932;10.567288088;54.16360216
2035;1;0;51;81;2018;4;11;4;3;8;1;0;0;1;0;0;0;0;0;503032.2246;6006157.1621;9.046485458;54.203433574
2036;1;0;53;20;2018;4;18;6;3;2;6;0;0;1;0;0;0;0;0;607504.6934;5926547.6884;10.619877159;53.476921906
2037;1;0;62;65;2018;5;17;6;3;4;6;0;0;1;0;0;0;0;0;588827.7108;5959599.0235;10.347979883;53.777404119
2038;1;0;51;81;2018;5;8;3;3;2;2;0;0;1;0;0;0;0;0;502368.2898;6003426.2207;9.036285519;54.178892385
2039;1;0;54;76;2018;5;10;7;3;5;3;0;0;1;0;1;0;0;0;498914.962;6070027.457;8.983131179;54.77745531
2040;1;0;53;32;2018;4;20;2;3;8;1;1;0;0;0;1;0;0;0;592681.5084;5922741.5929;10.395478352;53.445538454
2041;1;0;3;0;2018;4;19;4;3;5;2;2;1;1;0;0;0;0;0;610217.329;5971490.115;10.676696123;53.880150176
2042;1;0;2;0;2018;4;14;6;2;2;6;0;0;1;0;0;0;0;0;573623.0229;6018295.6904;10.131537556;54.307231152
2043;1;0;58;54;2018;5;14;3;3;1;5;0;0;1;0;0;0;1;0;539911.1012;6016277.7372;9.613184626;54.292843033
2044;1;0;51;58;2018;4;14;4;3;5;2;0;0;1;0;0;0;1;0;498087.8973;6017449.3782;8.970614484;54.304928154
2045;1;0;62;92;2018;4;14;5;3;8;7;0;0;0;0;0;1;0;0;587123.4194;5964389.9241;10.323479568;53.820742229
2046;1;0;58;102;2018;5;16;5;3;8;1;0;0;1;0;0;0;0;0;553863.5204;6031390.2507;9.830258845;54.42737053
2047;1;0;3;0;2018;4;7;6;3;2;6;0;0;1;0;0;0;1;0;608120.5946;5964695.9721;10.642421913;53.819549788
2048;1;0;2;0;2018;4;13;3;3;0;7;0;0;0;0;1;0;0;0;573530.546;6019142.9191;10.130325175;54.314857417
2049;1;0;55;39;2018;5;13;6;3;5;2;0;0;1;0;0;0;0;0;616232.2575;5995524.9849;10.777324452;54.094757972
2050;1;0;3;0;2018;5;7;4;3;5;3;0;1;1;0;0;0;0;1;614691.5594;5973528.486;10.745489865;53.897492953
2051;1;0;57;8;2018;5;17;5;2;0;7;0;1;0;0;0;0;0;1;569348.6916;5992962.2927;10.060015245;54.080181506
2052;1;0;2;0;2018;4;11;3;3;4;6;0;0;1;0;0;0;0;0;570252.8443;6020087.2218;10.080172153;54.323804251
2053;1;0;51;11;2018;5;22;1;3;2;6;2;0;1;0;0;0;1;0;507577.7274;5973827.6237;9.11536216;53.91281474
2054;1;0;61;55;2018;4;11;4;2;5;2;0;0;1;0;0;0;1;0;531734.9685;5965947.1699;9.482303657;53.841070523
2055;1;0;51;16;2018;4;11;4;3;9;1;0;1;0;0;0;0;0;0;517089.7798;5983450.8717;9.260710002;53.999081024
2056;1;0;55;40;2018;5;10;2;3;6;2;0;0;0;1;0;1;0;0;608416.2601;5972170.5542;10.649550433;53.886642985
2057;1;0;55;46;2018;4;12;1;3;5;3;0;0;1;0;0;0;0;0;642757.4681;6034245.4367;11.201084418;54.435832626
2058;1;0;58;24;2018;5;16;5;3;2;6;0;0;1;0;0;0;0;0;545533.116;6022350.637;9.700479755;54.346948752
2059;1;0;60;63;2018;4;17;2;3;2;2;0;0;1;0;1;0;0;0;563622.9935;5946125.5672;9.962794692;53.660007