OBJECTID_1;ULAND;UREGBEZ;UKREIS;UGEMEINDE;UJAHR;UMONAT;USTUNDE;UWOCHENTAG;UKATEGORIE;UART;UTYP1;ULICHTVERH;IstRad;IstPKW;IstFuss;IstKrad;IstGkfz;IstSonstig;STRZUSTAND;LINREFX;LINREFY;XGCSWGS84;YGCSWGS84
2060;1;0;56;47;2018;4;11;4;3;5;7;0;0;1;0;0;0;1;0;556248.9032;5948327.0274;9.851617321;53.680637607
2061;1;0;2;0;2018;5;14;4;3;5;3;0;0;1;0;0;0;0;0;571616.6405;6019061.4325;10.10089081;54.314397218
2062;1;0;59;44;2018;4;18;1;3;5;2;0;0;1;0;0;0;0;0;526268.035;6045674.253;9.406187324;54.557914538
2063;1;0;3;0;2018;5;17;7;3;2;7;0;1;0;0;0;0;0;0;607017.6833;5969234.5186;10.627256061;53.860554682
2064;1;0;53;77;2018;5;16;4;3;9;7;0;0;1;0;0;0;0;0;606802.3343;5949432.798;10.617129009;53.682687232
2065;1;0;59;79;2018;5;3;1;3;9;1;2;0;1;0;0;0;0;0;524762;6041182.001;9.382522099;54.517619005
2066;1;0;59;113;2018;4;17;7;3;1;5;0;0;1;0;0;0;0;0;535124.5823;6076356.6271;9.546826941;54.833103531
2067;1;0;2;0;2018;4;1;1;2;6;6;2;1;0;1;0;0;0;0;572660.2873;6021094.6572;10.117425506;54.332519769
2068;1;0;56;41;2018;4;17;4;3;5;3;0;0;1;0;0;0;1;1;559982.111;5952000.927;9.908842121;53.713240661
2069;1;0;60;63;2018;4;15;5;2;4;6;0;0;1;0;0;0;1;0;564365.3799;5954917.148;9.975853363;53.738926689
2070;1;0;57;91;2018;5;19;6;2;8;1;0;0;0;0;1;0;0;0;579801.8781;6016250.2088;10.225933185;54.287923662
2071;1;0;55;42;2018;5;15;3;3;4;6;0;0;1;0;0;0;0;0;615436.2243;5980894.1593;10.759599162;53.963499339
2072;1;0;51;99;2018;4;7;4;3;3;6;0;0;0;0;0;1;0;1;517409.1967;5993696.0005;9.266170483;54.09115104
2073;1;0;58;38;2018;5;9;7;3;2;6;0;0;1;0;0;0;0;1;562024.1463;6003996.7744;9.950342277;54.180276934
2074;1;0;4;0;2018;5;14;6;3;5;3;0;1;0;0;0;0;1;0;565524.5429;5989893.061;10.000908599;54.053100771
2075;1;0;62;60;2018;4;8;2;3;2;6;0;0;1;0;0;1;0;0;582997.777;5931876.4888;10.252129218;53.529243547
2076;1;0;57;9;2018;4;14;4;3;7;7;0;0;0;0;1;0;0;0;596974.0498;6000126.1245;10.484440975;54.140086376
2077;1;0;51;44;2018;4;22;5;3;0;1;2;0;0;0;1;0;0;0;508137.977;6005535.3987;9.12474212;54.197789795
2078;1;0;60;63;2018;5;19;2;3;5;2;0;1;1;0;0;0;0;0;564092.8308;5948529.2725;9.970399823;53.681552026
2079;1;0;3;0;2018;4;16;4;3;5;2;0;1;1;0;0;0;0;0;608006.1378;5967637.6992;10.641717528;53.846003461
2080;1;0;56;39;2018;4;17;3;3;5;2;0;0;1;0;0;0;0;0;553057.7319;5943378.5781;9.802462675;53.636496937
2081;1;0;51;74;2018;5;7;4;3;5;3;0;0;1;0;1;0;0;0;505699.837;5993394.7;9.087140014;54.088705838
2082;1;0;57;66;2018;4;16;6;3;2;6;0;0;1;0;0;0;0;0;584817.0092;6015005.5926;10.30260241;54.275932977
2083;1;0;55;4;2018;4;8;2;3;0;7;0;1;0;0;0;0;0;0;610212.1955;5974449.0292;10.677682731;53.906734815
2084;1;0;62;11;2018;5;7;6;3;9;1;0;0;0;0;0;0;1;0;581590.1735;5941520.8828;10.233419063;53.616133166
2085;1;0;4;0;2018;5;7;4;3;4;6;0;1;0;0;1;0;0;0;564639.2788;5994524.4431;9.98837632;54.094832302
2086;1;0;55;35;2018;4;16;4;3;4;7;0;0;1;0;0;0;0;0;612981.02;5979553.118;10.721696647;53.951993648
2087;1;0;56;48;2018;5;17;4;3;6;1;0;1;0;1;0;0;0;0;546982.1453;5950144.9498;9.71160566;53.697891867
2088;1;0;60;63;2018;4;8;2;3;2;6;0;0;1;0;0;0;0;0;570464.7504;5951574.4465;10.067548757;53.708098071
2089;1;0;4;0;2018;5;15;1;2;2;6;0;0;1;0;1;0;0;0;565215.2665;5991292.3882;9.996486056;54.065714997
2090;1;0;62;46;2018;5;17;7;3;2;2;0;0;1;0;0;0;0;0;593654.5244;5963005.1372;10.422238768;53.807163921
2091;1;0;51;62;2018;5;23;6;2;7;1;2;0;0;0;1;0;0;0;497361.5744;5977785.418;8.959798802;53.948436165
2092;1;0;62;69;2018;4;12;2;3;0;7;0;0;0;0;1;0;0;1;584989.7842;5944391.3898;10.285581798;53.641387591
2093;1;0;58;9;2018;4;14;4;3;0;1;0;1;0;0;0;0;0;0;551907.3137;5993575.3078;9.79355671;54.087743927
2094;1;0;1;0;2018;4;16;6;3;3;2;0;1;1;0;0;0;0;0;528000.284;6070289.223;9.435331878;54.779027958
2095;1;0;54;78;2018;5;17;3;3;1;5;0;0;1;0;0;0;0;0;462951.2565;6096366.5844;8.420641131;55.012775975
2096;1;0;55;2;2018;4;10;4;1;4;6;0;0;1;0;0;0;1;0;617055.6129;6003514.2586;10.793005059;54.166341648
2097;1;0;3;0;2018;4;12;4;3;5;2;0;1;1;0;0;0;0;0;610785.4841;5967765.7871;10.683990559;53.84656893
2098;1;0;2;0;2018;5;17;5;3;2;2;0;0;1;0;0;0;0;0;572966.2541;6020172.0645;10.121904226;54.32418597
2099;1;0;2;0;2018;4;13;6;3;0;2;0;1;0;0;0;0;1;0;573010.07;6020091.4992;10.122558068;54.323455769
2100;1;0;61;17;2018;4;14;2;3;8;1;0;0;0;0;1;0;0;0;532973.9996;5972512.5599;9.501839363;53.900001559
2101;1;0;2;0;2018;5;10;6;3;0;6;0;0;0;0;0;1;0;0;572537.088;6020368.1721;10.115354581;54.326009306
2102;1;0;58;31;2018;5;15;4;3;2;2;0;0;1;0;0;0;0;0;541049.399;6001667.773;9.628673799;54.161452634
2103;1;0;4;0;2018;4;19;4;2;5;2;0;1;1;0;0;0;0;0;565391.0051;5991791.3099;9.999278534;54.070176259
2104;1;0;2;0;2018;5;23;5;3;0;1;2;1;0;0;0;0;0;0;577637.676;6017188.2;10.192937937;54.296685325
2105;1;0;51;44;2018;4;8;2;3;5;3;0;0;1;0;0;0;0;0;505937.785;6005292.228;9.091011963;54.195634469
2106;1;0;62;9;2018;5;17;1;3;5;3;0;0;1;0;0;0;0;0;579305.3399;5936975.176;10.19773101;53.575633821
2107;1;0;58;54;2018;4;0;4;2;9;1;2;0;1;0;0;0;0;1;538321.3764;6016673.9187;9.588812724;54.296525203
2108;1;0;62;71;2018;4;7;4;3;0;7;0;1;0;0;0;0;0;0;580774.0239;5940444.384;10.220805114;53.606585744
2109;1;0;58;52;2018;5;12;2;2;4;6;0;0;1;0;0;0;0;0;546616.9832;6038153.7966;9.719635789;54.48886724
2110;1;0;57;22;2018;4;14;1;2;4;6;0;0;1;0;1;0;0;0;598816.1808;6006175.5876;10.514613144;54.19408704
2111;1;0;59;116;2018;5;17;5;3;5;3;0;0;1;0;0;0;0;0;536502.9096;6063670.2711;9.566688158;54.719001421
2112;1;0;53;32;2018;4;7;2;3;5;3;0;0;1;0;0;0;0;0;596048.9257;5918747.3271;10.444945289;53.409043412
2113;1;0;58;35;2018;4;0;4;3;9;1;2;0;0;0;0;0;1;1;550523.9416;6024073.3892;9.777543252;54.36196037
2114;1;0;53;12;2018;5;9;4;3;1;5;0;0;1;0;0;1;0;0;585463.1994;5924331.6441;10.287257819;53.461047313
2115;1;0;62;78;2018;4;19;7;3;4;1;0;0;1;0;0;0;0;1;588650.5012;5952144.3049;10.343153255;53.710447502
2116;1;0;2;0;2018;5;14;7;3;5;2;0;0;1;0;1;0;0;0;570591.8162;6023603.0819;10.086215579;54.355350275
2117;1;0;3;0;2018;5;14;4;3;5;3;0;1;1;0;0;0;0;0;612799.759;5969750.938;10.71532286;53.863970246
2118;1;0;3;0;2018;5;5;1;2;3;6;1;0;1;0;0;0;1;0;609293.6128;5965002.5717;10.660341544;53.822059167
2119;1;0;3;0;2018;4;6;2;3;2;2;0;0;1;0;0;0;1;0;612558.5771;5970405.932;10.71189737;53.86990713
2120;1;0;56;15;2018;4;13;6;3;4;6;0;1;0;0;0;0;0;0;545149.3213;5956576.4328;9.684785986;53.755857697
2121;1;0;62;9;2018;4;12;1;2;9;1;0;0;1;0;0;0;0;0;583203.1922;5935696.7716;10.256243659;53.563541807
2122;1;0;58;170;2018;4;18;4;3;5;3;0;0;1;0;0;0;1;1;568908.6483;6003974.5863;10.055803649;54.17919923
2123;1;0;55;44;2018;4;9;5;3;2;6;0;0;1;0;0;0;0;0;613308.7094;5991029.4475;10.730961496;54.055023249
2124;1;0;56;41;2018;5;1;6;2;2;7;2;0;1;0;0;0;0;0;562133.8245;5953984.808;9.941838195;53.73081833
2125;1;0;4;0;2018;5;12;3;3;4;6;0;1;0;0;0;0;0;0;563341.3423;5993576.532;9.968334804;54.086475258
2126;1;0;60;36;2018;4;13;3;3;5;2;0;0;1;0;0;0;0;0;564567.997;5972857.045;9.982689897;53.900125184
2127;1;0;59;63;2018;5;10;7;2;5;3;0;1;1;0;0;0;0;0;547378.6591;6055419.1223;9.734175466;54.643948639
2128;1;0;2;0;2018;5;12;6;3;2;6;0;0;1;0;0;0;0;0;577386.0256;6020591.1319;10.189954063;54.32730058
2129;1;0;55;21;2018;4;14;2;3;0;1;0;1;0;0;0;0;0;0;630039.0599;6026024.2432;11.001527318;54.365403698
2130;1;0;54;118;2018;4;14;4;3;5;3;0;1;1;0;0;0;0;0;507232.9108;6037694.8889;9.111649434;54.486833122
2131;1;0;53;32;2018;4;17;5;3;2;2;0;0;1;0;0;0;0;0;592724.3475;5920979.4366;10.395604134;53.429696013
2132;1;0;53;32;2018;5;16;2;3;0;7;0;1;0;0;0;0;0;0;592597.4616;5922170.4344;10.394045243;53.440420742
2133;1;0;57;66;2018;4;13;4;2;2;2;0;0;1;0;0;0;0;0;586651.1342;6015578.5512;10.330928136;54.280773544
2134;1;0;2;0;2018;4;14;3;3;5;3;0;0;1;0;1;0;0;0;574140.7236;6017733.0739;10.139352906;54.302100774
2135;1;0;1;0;2018;4;15;6;3;6;7;0;1;0;1;0;0;0;0;527263.3564;6072999.9463;9.424129814;54.8034284
2136;1;0;54;109;2018;5;17;3;3;5;3;0;1;1;0;0;0;0;0;492032.2758;6068320.402;8.876174741;54.762052386
2137;1;0;57;3;2018;4;13;2;3;9;1;0;0;1;0;0;0;0;0;586258.8585;6029369.995;10.328896268;54.404755871
2138;1;0;61;101;2018;5;7;5;3;5;3;0;0;1;0;0;0;0;0;535226.4828;5962055.6005;9.53491908;53.805868896
2139;1;0;1;0;2018;5;15;4;3;5;3;0;0;1;0;1;0;0;0;527074.6062;6074518.7147;9.421335552;54.817086978
2140;1;0;54;161;2018;4;16;4;3;5;3;0;0;1;0;0;0;0;0;498843.182;6027180.043;8.982184041;54.392383734
2141;1;0;56;18;2018;5;20;4;3;0;7;0;1;0;0;0;0;0;0;555388.9378;5942853.8005;9.837623118;53.631538986
2142;1;0;2;0;2018;4;13;2;3;2;6;0;0;1;0;0;0;0;0;573347.0543;6017762.1136;10.127165999;54.302476285
2143;1;0;2;0;2018;5;18;1;3;0;3;0;0;1;0;0;0;1;0;573778.3165;6023660.861;10.135251016;54.355418323
2144;1;0;58;128;2018;4;10;4;3;2;6;0;0;1;0;0;0;1;0;560941.5353;5988421.856;9.930616794;54.0404417
2145;1;0;58;140;2018;5;18;2;3;2;6;0;0;1;0;0;1;1;0;548430.8518;6018998.2017;9.74450995;54.316554619
2146;1;0;60;30;2018;4;17;7;1;4;6;0;0;1;0;1;0;0;0;585941.6183;5981520.4078;10.310340116;53.974868777
2147;1;0;59;79;2018;4;11;2;3;3;6;0;0;1;0;0;0;1;0;525742.7272;6041234.6738;9.397676523;54.518043507
2148;1;0;61;41;2018;4;8;3;3;2;2;0;0;1;0;0;0;0;1;543239.5211;5966555.873;9.657222943;53.845711142
2149;1;0;54;56;2018;4;13;7;3;9;1;0;0;1;0;0;0;0;0;505788.6389;6038962.6632;9.089380094;54.498245355
2150;1;0;51;24;2018;5;16;6;3;5;3;0;0;1;0;1;0;0;0;510265.148;5978269.609;9.156424127;53.952692966
2151;1;0;2;0;2018;5;9;4;3;0;7;0;1;0;0;0;0;0;0;573470.5959;6024090.6954;10.130623098;54.35932509
2152;1;0;3;0;2018;5;19;7;3;0;3;0;0;1;0;1;0;0;0;608930.4751;5970660.2914;10.656833947;53.872966541
2153;1;0;2;0;2018;4;12;2;3;2;6;0;0;1;0;0;0;0;0;576476.1344;6020393.7324;10.175915472;54.325663989
2154;1;0;60;89;2018;4;17;3;3;2;2;0;0;1;0;0;0;0;1;580636.851;5988669.749;10.231375578;54.039966153
2155;1;0;59;83;2018;5;7;2;3;2;6;0;0;1;0;0;0;1;0;550697.9053;6054742.7919;9.785487845;54.637548411
2156;1;0;60;16;2018;4;12;1;3;9;7;0;0;1;0;0;0;0;0;581593.928;5987183.342;10.245587617;54.026459168
2157;1;0;4;0;2018;4;16;2;3;2;6;0;0;1;0;0;0;0;0;564522.705;5994890.0986;9.986672108;54.098132868
2158;1;0;60;63;2018;4;14;3;3;2;6;0;0;1;0;0;0;0;0;568196.3239;5948741.9491;10.0325649;53.68294392
2159;1;0;3;0;2018;4;12;7;3;5;3;0;0;1;0;0;0;0;1;614794.4331;5970732.8407;10.746007506;53.872354357
2160;1;0;59;103;2018;5;0;7;2;8;7;2;0;1;0;0;0;0;0;535921.7549;6066324.2407;9.557994118;54.742892874
2161;1;0;55;4;2018;5;14;4;3;2;6;0;0;1;0;0;0;0;0;611449.9704;5976028.2974;10.697090778;53.920658453
2162;1;0;60;92;2018;5;10;7;2;5;2;0;0;1;0;0;0;0;0;578389.8257;5979219.2195;10.194636396;53.955390467
2163;1;0;57;48;2018;4;15;2;2;5;2;0;1;1;0;0;0;0;0;603653.6436;6017474.0201;10.592634669;54.294638327
2164;1;0;56;43;2018;4;10;4;2;2;1;0;0;0;0;1;1;1;0;557182.0905;5944839.8427;9.865102027;53.649195614
2165;1;0;60;88;2018;4;18;6;2;8;1;0;0;0;0;1;0;0;0;574730.8803;5969966.4617;10.136627209;53.872784115
2166;1;0;56;48;2018;5;15;3;3;2;6;0;0;1;0;0;0;0;0;548688.1516;5951256.5149;9.73761771;53.707725925
2167;1;0;60;45;2018;4;1;7;2;8;7;2;0;1;0;0;0;0;0;567469.0517;5967750.2452;10.025710913;53.853862669
2168;1;0;56;22;2018;4;18;3;3;5;3;0;0;1;0;0;0;1;1;552149.2095;5959684.9102;9.791469183;53.783141395
2169;1;0;55;43;2018;4;12;5;3;5;2;0;0;1;0;0;0;0;0;612493.7153;6017924.4704;10.728565873;54.296815418
2170;1;0;51;97;2018;5;15;5;3;2;2;0;0;0;0;1;0;1;0;508954.1732;5983413.8064;9.136598223;53.998952991
2171;1;0;58;47;2018;5;17;3;3;2;6;0;0;0;0;1;1;0;0;534748.9452;6011978.6838;9.53337943;54.254584045
2172;1;0;55;35;2018;4;16;7;3;2;6;0;0;1;0;0;0;1;0;614270.0211;5978098.0397;10.74078501;53.938638409
2173;1;0;62;18;2018;4;15;3;3;6;6;0;1;0;1;0;0;0;1;581186.1747;5933592.9709;10.225251099;53.544951842
2174;1;0;60;44;2018;5;17;6;3;3;6;0;0;1;0;1;0;0;0;563527.5122;5965518.1381;9.965336989;53.834300162
2175;1;0;59;183;2018;5;14;6;3;4;6;0;0;1;0;0;0;0;0;518244.3014;6069887.1021;9.28362896;54.775863635
2176;1;0;2;0;2018;4;8;2;3;1;5;0;1;1;0;0;0;0;0;572238.06;6022272.9299;10.111219033;54.343167343
2177;1;0;51;44;2018;4;15;3;3;2;6;0;0;1;0;0;0;0;0;507174.4421;6006752.8883;9.11000177;54.208746485
2178;1;0;58;58;2018;4;18;5;3;5;3;0;0;1;0;0;0;0;0;563586.8095;6030066.4753;9.979828583;54.414352256
2179;1;0;55;1;2018;5;9;2;3;0;7;0;1;0;0;0;0;0;0;603026.4655;5986492.0255;10.572413888;54.016414442
2180;1;0;56;5;2018;4;7;3;3;8;7;0;0;1;0;0;0;0;1;559939.2705;5946108.5057;9.907054236;53.660288855
2181;1;0;60;65;2018;4;14;5;3;5;2;0;0;1;0;0;0;0;0;575346.7687;5965071.9025;10.144791608;53.82871086
2182;1;0;60;85;2018;5;15;2;3;2;6;0;0;1;0;0;0;0;0;578310.4182;5964548.0284;10.189676338;53.823565136
2183;1;0;1;0;2018;4;15;2;3;5;3;0;1;1;0;0;0;0;0;526162.6447;6067960.3009;9.406552314;54.758198149
2184;1;0;53;72;2018;5;17;5;3;2;6;0;0;1;0;0;0;0;0;587277.8276;5927434.461;10.315444311;53.488632749
2185;1;0;60;43;2018;5;17;3;3;5;3;0;0;1;0;0;0;0;1;576218.1887;5962702.8501;10.157441839;53.807294659
2186;1;0;62;4;2018;4;12;3;3;2;2;0;0;1;0;0;0;1;0;592070.38;5962700.0439;10.398098662;53.804705296
2187;1;0;53;90;2018;5;7;4;3;5;3;0;1;1;0;0;0;0;0;611546.036;5942061.853;10.686276427;53.615471598
2188;1;0;58;139;2018;4;17;2;2;8;1;0;0;1;0;0;0;0;1;567910.4395;6013535.1388;10.04267466;54.265244355
2189;1;0;54;73;2018;5;4;1;2;9;1;1;0;1;0;0;0;0;0;501634.9669;6074744.2136;9.025445042;54.819841992
2190;1;0;53;12;2018;4;22;3;3;2;2;2;0;1;0;0;0;0;0;584585.9428;5925362.6276;10.274325554;53.470453843
2191;1;0;53;3;2018;4;17;3;2;8;1;0;0;0;0;1;0;0;0;589716.5613;5934576.4347;10.354235101;53.552401349
2192;1;0;60;53;2018;5;14;1;3;5;3;0;1;1;0;0;0;0;0;582308.568;5969321.0878;10.251678755;53.865838251
2193;1;0;3;0;2018;4;20;7;3;2;6;1;0;1;0;0;0;0;0;614743.9086;5968076.6281;10.744246373;53.84850223
2194;1;0;60;99;2018;4;17;1;3;4;1;0;0;1;0;0;0;0;0;559301.2964;5979994.8013;9.903930316;53.964900717
2195;1;0;62;22;2018;4;14;3;3;5;3;0;0;1;0;0;0;0;0;588688.735;5941537.6596;10.340703568;53.615130145
2196;1;0;60;63;2018;4;15;6;3;2;6;0;0;1;0;0;0;0;0;568167.4695;5948681.6803;10.032114847;53.682406053
2197;1;0;60;63;2018;5;11;6;3;5;2;0;1;1;0;0;0;0;0;565045.988;5948557;9.98483462;53.681683437
2198;1;0;54;56;2018;5;17;4;3;2;2;0;0;1;0;0;0;0;0;503615.132;6037043.3397;9.05579636;54.481016202
2199;1;0;2;0;2018;5;8;7;3;1;5;0;1;1;0;0;0;0;0;573336.1888;6019802.6382;10.127500209;54.320813405
2200;1;0;57;27;2018;4;11;2;2;8;1;0;0;1;0;0;0;0;0;605654.0207;6013057.2171;10.621797695;54.254548555
2201;1;0;55;4;2018;4;17;4;3;2;6;0;0;1;0;0;0;0;0;612234.2626;5976900.0823;10.709347689;53.928321275
2202;1;0;58;85;2018;4;14;6;2;8;1;0;0;1;0;0;0;0;0;541876.2758;5991132.4202;9.639876728;54.066702715
2203;1;0;55;33;2018;5;7;3;3;2;6;0;0;1;0;0;0;0;0;622896.9529;6017499.2786;10.888154063;54.29060005
2204;1;0;62;18;2018;4;17;3;3;2;6;0;0;1;0;0;0;1;0;581418.5463;5931448.5974;10.228199279;53.525645347
2205;1;0;59;75;2018;4;10;5;3;2;6;0;0;1;0;0;0;0;0;534717.4434;6042287.2429;9.536437044;54.526967356
2206;1;0;3;0;2018;5;6;5;3;5;2;0;1;1;0;0;0;0;0;610125.1046;5969963.2534;10.67474552;53.866452032
2207;1;0;62;61;2018;4;11;6;3;2;6;0;0;1;0;0;0;0;0;597165.5079;5964681.3939;10.476066698;53.821581487
2208;1;0;2;0;2018;4;11;3;3;2;6;0;0;1;0;0;0;0;1;573460.0843;6021382.2957;10.129793622;54.334989883
2209;1;0;3;0;2018;5;12;6;3;4;6;0;0;1;0;0;0;1;0;621009.5766;5978463.8235;10.843543068;53.940393015
2210;1;0;53;100;2018;5;9;4;3;5;3;0;0;1;0;0;0;0;0;618364.288;5950750.412;10.792605558;53.692033816
2211;1;0;3;0;2018;5;11;5;2;0;7;0;1;1;0;0;0;0;0;610024.1619;5969340.7111;10.672987923;53.860880339
2212;1;0;59;106;2018;4;18;2;2;8;1;0;0;0;0;1;0;0;0;543611.5554;6070226.9581;9.67802183;54.777354905
2213;1;0;4;0;2018;4;11;3;3;5;2;0;1;1;0;0;0;0;0;563805.945;5993934.3482;9.97551174;54.089633402
2214;1;0;53;104;2018;4;16;5;2;1;7;0;0;0;0;0;1;0;0;607982.66;5934861.5325;10.629940719;53.551524118
2215;1;0;59;106;2018;5;16;2;3;2;2;0;0;1;0;0;0;0;0;544778.2586;6069409.7173;9.696032829;54.76990839
2216;1;0;55;7;2018;4;20;3;3;8;1;2;0;1;0;0;0;0;1;602284.4862;5997988.0629;10.564974127;54.119847764
2217;1;0;60;63;2018;4;16;4;3;6;3;0;0;1;1;0;0;0;0;567533.22;5949000.301;10.022582819;53.685351841
2218;1;0;62;18;2018;4;13;6;3;5;3;0;0;1;0;0;0;0;0;579654.2488;5933056.4589;10.202000508;53.540365002
2219;1;0;53;73;2018;5;14;3;3;5;3;0;0;1;0;1;0;0;0;602085.8024;5919504.056;10.535973406;53.414709893
2220;1;0;62;27;2018;4;11;7;3;2;2;0;0;1;0;0;0;0;0;588555.9718;5952874.8854;10.341930412;53.717028457
2221;1;0;55;35;2018;4;14;3;3;4;6;0;0;1;0;0;0;0;0;619400.4365;5981216.683;10.820119004;53.965496833
2222;1;0;4;0;2018;4;18;5;3;5;3;0;1;1;0;0;0;0;0;563487.466;5992373.4254;9.970316088;54.075645537
2223;1;0;62;76;2018;5;17;5;3;0;3;0;1;1;0;0;0;0;0;568651.8019;5954563.4117;10.040750487;53.735201024
2224;1;0;2;0;2018;5;19;3;3;2;6;0;0;1;0;0;0;0;0;573750.1277;6017862.6793;10.133383745;54.303321907
2225;1;0;60;49;2018;4;19;6;2;9;6;0;0;0;1;0;0;1;0;586898.8334;5980240.3119;10.324565517;53.963206397
2226;1;0;3;0;2018;4;9;3;3;5;7;0;0;1;0;0;0;0;0;610106.7625;5969813.7748;10.674413068;53.865112966
2227;1;0;60;82;2018;5;16;6;3;5;3;0;0;1;0;0;0;0;0;570398.4249;5968206.2247;10.070341441;53.857571495
2228;1;0;62;6;2018;5;8;5;3;5;2;0;0;1;0;0;0;1;0;585243.1097;5952699.8563;10.291695166;53.716007264
2229;1;0;59;75;2018;4;15;2;3;5;3;0;0;1;0;0;0;1;0;536536.8179;6041335.8187;9.564429726;54.518289258
2230;1;0;56;39;2018;4;11;3;3;2;6;0;0;1;0;0;1;0;0;552559.7669;5947987.3717;9.795711806;53.677969022
2231;1;0;2;0;2018;4;7;5;3;5;2;0;1;1;0;0;0;0;0;573212.7333;6018697.7502;10.125331588;54.310902924
2232;1;0;2;0;2018;5;6;2;3;0;7;0;0;1;0;0;0;0;0;573116.1063;6017908.6256;10.123653503;54.30382591
2233;1;0;55;33;2018;4;10;3;3;2;6;0;0;1;0;0;0;0;1;622322.1316;6016957.5365;10.879106349;54.285871665
2234;1;0;57;9;2018;4;19;5;1;5;2;0;0;1;0;1;0;0;0;599045.2711;5999434.5611;10.515907338;54.133477974
2235;1;0;62;6;2018;5;16;2;1;5;3;0;0;1;0;0;1;0;0;581919.338;5953541.9312;10.241565956;53.724106634
2236;1;0;62;9;2018;4;10;2;3;7;7;0;0;1;0;0;1;0;0;580797.0312;5939113.0135;10.220807693;53.594617867
2237;1;0;3;0;2018;5;13;5;3;0;7;0;1;0;0;0;0;0;0;611978.5499;5969632.7605;10.702797875;53.863086311
2238;1;0;54;136;2018;5;19;3;3;8;1;0;0;1;0;0;0;0;1;495211.8525;6074082.6558;8.925492882;54.813876576
2239;1;0;3;0;2018;4;17;3;3;5;3;0;0;1;0;0;0;0;0;612345.329;5967849.741;10.707720105;53.846988173
2240;1;0;55;40;2018;5;11;4;2;0;7;0;0;0;0;1;0;0;1;606325.2998;5972639.3525;10.617913336;53.891287739
2241;1;0;55;44;2018;4;13;1;3;5;3;0;0;1;0;0;0;0;1;615909.939;5986077.324;10.768788719;54.009957172
2242;1;0;51;137;2018;5;3;7;3;0;1;2;0;1;0;0;0;0;0;501077.1588;5996945.3194;9.016480434;54.120648377
2243;1;0;3;0;2018;4;8;3;3;5;2;0;1;1;0;0;0;0;1;612141.4667;5972263.2517;10.706236033;53.886683792
2244;1;0;3;0;2018;5;14;1;3;3;6;0;0;1;0;0;0;0;0;620664.4698;5980634.5939;10.839146542;53.959974382
2245;1;0;58;92;2018;4;10;7;3;0;3;2;1;1;0;0;0;0;0;570879.7272;6020763.9484;10.08996965;54.329798519
2246;1;0;55;33;2018;4;12;1;2;2;6;0;0;1;0;1;0;0;0;622538.1733;6016149.0506;10.882092031;54.278557586
2247;1;0;4;0;2018;4;16;3;3;3;6;0;0;1;0;0;0;0;1;561417.569;5991587.8612;9.938526165;54.068836948
2248;1;0;62;18;2018;4;10;6;3;5;3;0;1;1;0;0;0;0;0;581837.1651;5933936.3204;10.235163105;53.547936314
2249;1;0;3;0;2018;5;16;6;3;2;6;0;0;1;0;0;0;0;0;606889.9686;5969374.6575;10.625363768;53.861840071
2250;1;0;56;5;2018;5;15;3;3;5;3;0;0;1;0;0;0;1;0;559643.4527;5947075.6709;9.902764031;53.669014888
2251;1;0;2;0;2018;4;4;4;3;0;7;2;1;0;0;0;0;0;1;573251.0948;6019869.775;10.126208698;54.321428892
2252;1;0;58;98;2018;5;13;7;3;2;6;0;0;1;0;0;0;0;0;562886.5168;5999649.6261;9.96264643;54.141106737
2253;1;0;53;43;2018;4;6;2;3;8;1;0;0;1;0;0;0;0;0;612013.6847;5960868.7473;10.700140398;53.784340949
2254;1;0;55;35;2018;4;9;4;3;2;2;0;0;1;0;0;0;0;0;613978.3662;5975665.1887;10.735437035;53.916846215
2255;1;0;1;0;2018;4;12;6;3;3;6;0;0;1;0;1;0;0;0;525533.0313;6069816.8184;9.396931997;54.774914238
2256;1;0;2;0;2018;5;18;3;3;5;3;0;1;1;0;0;0;0;0;574381.6441;6020106.9478;10.143645793;54.323396568
2257;1;0;2;0;2018;4;15;3;3;2;6;0;0;1;0;0;0;0;0;572406.4443;6018379.4395;10.112863781;54.308157615
2258;1;0;53;83;2018;4;16;4;3;2;2;0;0;1;0;0;1;0;0;605274.1315;5915364.0619;10.58254399;53.376883943
2259;1;0;2;0;2018;5;17;5;3;2;6;0;0;1;0;0;0;1;0;574882.7899;6013301.1922;10.149644615;54.262169063
2260;1;0;3;0;2018;4;7;6;2;1;7;0;0;1;0;0;0;0;0;610073.9293;5969623.0867;10.673845596;53.863406733
2261;1;0;54;56;2018;4;13;3;2;8;1;0;1;0;0;0;0;0;0;502823.7456;6037555.7774;9.043586914;54.485626597
2262;1;0;57;86;2018;5;8;6;3;2;6;0;0;1;0;0;0;0;0;575660.0527;6005748.6507;10.159670961;54.194189614
2263;1;0;55;46;2018;5;7;4;3;2;6;0;0;1;0;0;0;0;0;642425.842;6034719.6898;11.196203392;54.440184736
2264;1;0;57;48;2018;5;20;5;2;0;7;0;0;0;0;1;0;0;0;603022.707;6017705.926;10.583024387;54.296849367
2265;1;0;1;0;2018;4;17;3;3;5;3;0;0;1;0;0;0;0;0;530906.23;6073215.156;9.480822038;54.805151099
2266;1;0;60;40;2018;5;8;1;3;8;1;0;0;1;0;0;0;0;0;556905.3965;5977112.0741;9.866876794;53.939262936
2267;1;0;57;35;2018;4;13;3;1;4;1;0;0;1;0;0;0;0;0;600739.2327;6014360.9571;10.546824924;54.267252746
2268;1;0;56;50;2018;4;6;4;3;2;2;0;0;1;0;0;0;0;1;547249.327;5937295.79;9.713699938;53.582382596
2269;1;0;58;68;2018;5;22;2;3;5;3;2;0;1;0;0;0;0;0;537405.8159;6002921.5417;9.573031048;54.172998881