OBJECTID_1;ULAND;UREGBEZ;UKREIS;UGEMEINDE;UJAHR;UMONAT;USTUNDE;UWOCHENTAG;UKATEGORIE;UART;UTYP1;ULICHTVERH;IstRad;IstPKW;IstFuss;IstKrad;IstGkfz;IstSonstig;STRZUSTAND;LINREFX;LINREFY;XGCSWGS84;YGCSWGS84
2270;1;0;3;0;2018;4;10;1;3;5;2;0;0;1;0;0;0;0;0;622022.1965;5980922.5091;10.859943979;53.962242325
2271;1;0;58;173;2018;5;19;5;2;5;3;0;0;1;0;0;0;0;0;551317.1021;6035122.9154;9.791659021;54.461177074
2272;1;0;56;15;2018;4;17;2;3;2;6;0;0;1;0;0;0;0;0;544325.3245;5957252.3886;9.672386304;53.762003697
2273;1;0;2;0;2018;4;16;3;3;2;6;0;0;1;0;1;0;0;1;572921.5335;6021048.25;10.121430952;54.332065503
2274;1;0;2;0;2018;5;23;4;3;4;6;2;1;0;0;0;0;0;0;575821.8478;6019660.0531;10.165670899;54.319169074
2275;1;0;60;7;2018;4;20;7;3;8;1;2;0;1;0;0;0;0;1;571158.6392;5974994.3763;10.083474086;53.918469452
2276;1;0;58;101;2018;5;19;7;2;8;1;0;0;1;0;0;0;0;0;544836.8498;6002309.0764;9.686769843;54.166899294
2277;1;0;53;32;2018;5;15;4;3;2;6;0;0;1;0;0;0;0;0;590505.2861;5922588.8949;10.362677983;53.444544466
2278;1;0;59;18;2018;5;11;1;3;5;3;0;1;1;0;0;0;0;0;536948.0987;6039399.9911;9.570540487;54.500862727
2279;1;0;61;44;2018;4;2;7;1;2;6;2;0;1;0;0;0;0;0;541256.5515;5964964.2294;9.626870964;53.831567339
2280;1;0;58;132;2018;4;16;5;3;2;6;0;0;1;0;0;0;1;0;547593.9626;6020213.9809;9.731839838;54.32755916
2281;1;0;3;0;2018;5;5;2;3;5;3;0;1;1;0;0;0;0;0;607899.084;5967226.985;10.639946771;53.84233566
2282;1;0;53;83;2018;4;8;1;3;2;6;0;0;1;0;0;0;0;0;605321.589;5915344.5193;10.583250587;53.376698887
2283;1;0;3;0;2018;5;17;5;3;5;2;0;0;1;0;0;0;0;0;611265.8746;5969078.9306;10.691765043;53.858263824
2284;1;0;59;159;2018;5;16;3;2;3;6;0;0;1;0;0;0;0;0;527977.3571;6056704.5488;9.433670471;54.656949433
2285;1;0;57;54;2018;4;12;3;3;2;6;0;0;1;0;0;1;1;1;578064.2566;6004389.4025;10.196159702;54.181615552
2286;1;0;2;0;2018;5;9;4;2;2;6;0;0;1;0;0;1;0;0;575553.6779;6017244.101;10.160937872;54.297500034
2287;1;0;54;152;2018;4;11;1;1;5;3;0;0;1;0;1;0;0;0;513459.72;6040575.042;9.207899168;54.512590398
2288;1;0;56;5;2018;5;16;7;3;0;1;0;1;0;0;0;0;0;0;559800.1057;5948121.7007;9.905336351;53.678397961
2289;1;0;56;39;2018;5;15;4;3;5;3;0;1;1;0;0;0;0;0;551902.992;5945810.5089;9.785405886;53.658469952
2290;1;0;2;0;2018;4;11;3;3;2;6;0;0;1;0;0;0;0;0;575768.4488;6019121.0556;10.164713331;54.314333795
2291;1;0;2;0;2018;5;11;1;3;2;6;0;0;1;0;1;0;0;0;573454.5858;6023866.4725;10.13032146;54.357312614
2292;1;0;2;0;2018;4;19;7;3;2;6;0;0;1;0;0;0;0;0;574435.8251;6017666.6705;10.143870319;54.301461182
2293;1;0;2;0;2018;4;11;1;3;9;7;0;1;0;0;0;0;0;0;575876.6596;6019830.0327;10.166556587;54.320688294
2294;1;0;1;0;2018;4;10;3;3;3;6;0;0;1;0;0;0;0;1;526156.1287;6070348.3126;9.406666199;54.779658449
2295;1;0;57;73;2018;4;19;6;3;5;3;0;1;1;0;0;0;0;1;589608.737;6027673.389;10.379976132;54.388933585
2296;1;0;58;35;2018;5;6;6;3;8;6;0;0;1;0;0;0;0;1;549165.9432;6022653.3367;9.756411793;54.349331723
2297;1;0;62;5;2018;5;15;3;3;4;6;0;0;1;0;0;0;0;0;579431.7074;5958051.4456;10.20503187;53.7650152
2298;1;0;55;39;2018;4;6;4;3;0;7;1;0;1;0;0;0;1;0;616463.999;5996605.765;10.781282259;54.104414698
2299;1;0;3;0;2018;5;16;7;3;0;6;0;0;1;0;1;0;0;0;613061.4911;5969795.8417;10.719317539;53.864316727
2300;1;0;55;12;2018;5;21;6;3;8;1;0;0;1;0;0;0;0;0;603797.5209;6000708.8467;10.589049555;54.143988859
2301;1;0;51;127;2018;4;18;1;3;6;4;0;0;1;1;0;0;0;0;495172.7763;6007240.0634;8.925978968;54.213152495
2302;1;0;2;0;2018;4;7;4;3;5;2;0;1;1;0;0;0;0;0;572977.7978;6021029.0992;10.122291348;54.331885376
2303;1;0;59;109;2018;4;18;6;3;5;3;0;0;1;0;0;0;0;0;551034.1945;6064161.473;9.792344112;54.722151158
2304;1;0;60;12;2018;5;7;3;3;2;6;0;0;1;0;0;0;0;0;580091.325;5991078.2103;10.22368298;54.06169308
2305;1;0;54;75;2018;4;9;3;3;4;6;0;0;1;0;0;0;1;1;491879.6526;6061603.519;8.87399029;54.701686664
2306;1;0;59;6;2018;4;7;4;2;5;3;0;0;1;0;0;0;0;0;546309.602;6056894.534;9.717844539;54.657306306
2307;1;0;54;168;2018;5;11;5;3;4;6;0;1;0;0;0;0;0;0;454633.0133;6079302.965;8.293266528;54.85875642
2308;1;0;2;0;2018;4;17;6;3;4;6;0;1;0;1;0;0;0;0;573792.178;6023675.076;10.135467783;54.355544047
2309;1;0;62;1;2018;4;9;2;3;2;2;0;0;1;0;0;0;0;0;584040.8594;5944481.3502;10.271256286;53.642349246
2310;1;0;2;0;2018;5;14;6;3;5;3;0;0;1;0;1;0;0;0;577247.9619;6020248.2319;10.187742798;54.324240368
2311;1;0;58;135;2018;5;16;4;3;2;6;0;0;1;0;0;0;1;0;542753.5457;6016492.8377;9.656882959;54.294546213
2312;1;0;56;48;2018;4;6;3;3;2;6;1;0;1;0;0;0;0;0;550864.6519;5951110.0696;9.770564082;53.706202215
2313;1;0;1;0;2018;5;14;5;3;5;3;0;0;1;0;1;0;0;1;527900.974;6071479.198;9.43390238;54.78972718
2314;1;0;60;54;2018;4;14;2;3;2;2;0;0;1;0;0;0;0;0;558431.6395;5969127.3327;9.888599769;53.867334206
2315;1;0;61;18;2018;4;10;2;2;6;4;0;0;1;1;0;0;0;0;522121.8734;5967947.931;9.336352682;53.859551631
2316;1;0;3;0;2018;5;13;1;3;5;3;0;1;0;0;1;0;0;0;611285.682;5971016.582;10.692768925;53.875667814
2317;1;0;60;2;2018;4;13;2;2;8;1;0;0;1;0;0;0;0;0;560474.4064;5961609.0099;9.918181738;53.79953296
2318;1;0;3;0;2018;4;17;4;3;6;4;0;0;1;1;0;0;0;1;609611.2166;5969713.3182;10.666844849;53.864315306
2319;1;0;2;0;2018;5;17;2;3;5;2;0;0;1;0;0;0;0;0;570861.75;6023434.708;10.09032823;54.353799864
2320;1;0;59;106;2018;4;10;1;2;4;1;0;0;1;0;0;0;0;0;543622.3562;6070215.927;9.678188077;54.77725484
2321;1;0;55;35;2018;4;17;2;3;4;6;0;0;1;0;0;0;0;0;614176.6789;5976576.5864;10.738795312;53.924990454
2322;1;0;53;90;2018;4;16;2;3;5;2;0;0;1;0;0;0;0;0;612479.4709;5944058.0276;10.701101877;53.633206675
2323;1;0;60;70;2018;5;20;4;2;0;7;1;0;1;0;0;0;0;0;581320.1468;5980877.0381;10.239724252;53.969835126
2324;1;0;53;58;2018;4;18;7;3;9;1;0;0;1;0;0;0;0;0;600121.6285;5919728.5645;10.506503255;53.41710361
2325;1;0;2;0;2018;5;18;7;3;2;7;0;0;1;0;0;0;1;0;574258.0605;6026905.3296;10.143441103;54.384502083
2326;1;0;3;0;2018;5;14;4;3;5;3;0;0;1;0;0;0;0;0;613065.074;5969799.543;10.719373361;53.8643492
2327;1;0;3;0;2018;5;11;1;2;2;6;0;0;1;0;0;0;0;0;609809.628;5972871.9312;10.670992001;53.89265123
2328;1;0;51;53;2018;4;17;1;3;0;7;0;1;0;0;0;0;0;0;514574.7413;6015775.616;9.223904514;54.289681021
2329;1;0;51;44;2018;4;12;4;3;5;3;0;0;1;0;0;0;0;0;506001.9777;6003282.1521;9.091955784;54.177567913
2330;1;0;60;39;2018;4;20;6;3;1;6;1;0;1;0;1;0;0;0;564535.4193;5960428.5765;9.97958317;53.788436662
2331;1;0;51;78;2018;4;1;7;3;1;1;2;1;1;0;0;0;0;0;508250.1137;5993323.4233;9.126127019;54.088030669
2332;1;0;55;1;2018;4;13;2;3;5;3;0;0;1;0;0;0;0;0;605258.0371;5988280.9549;10.607077671;54.032036625
2333;1;0;3;0;2018;4;17;5;2;4;6;0;0;1;0;0;0;0;0;608443.2536;5965062.4744;10.647450276;53.822775423
2334;1;0;62;89;2018;5;7;6;3;2;6;0;0;1;0;0;1;0;0;589459.8659;5955308.0008;10.356326929;53.738737808
2335;1;0;4;0;2018;5;17;3;3;5;3;0;1;1;0;0;0;0;0;563768.7746;5991620.7069;9.974456381;54.068846478
2336;1;0;4;0;2018;4;13;7;3;6;4;0;0;1;1;0;0;0;0;564640.7935;5991596.0594;9.987774351;54.068516318
2337;1;0;56;39;2018;4;15;3;3;2;7;0;0;1;0;0;0;0;0;552868.2141;5943225.5524;9.799570645;53.635140782
2338;1;0;57;80;2018;5;13;7;3;2;6;0;0;1;0;0;0;0;0;578604.9422;6001591.5195;10.203712335;54.156392136
2339;1;0;59;189;2018;5;10;6;2;0;1;0;1;0;0;0;0;0;0;545749.7283;6043272.393;9.707042863;54.534944272
2340;1;0;61;44;2018;4;18;1;3;9;1;0;0;0;0;1;0;0;0;539047.849;5961404.76;9.592861283;53.799746498
2341;1;0;59;183;2018;4;12;4;1;0;2;0;0;1;0;1;0;0;0;528411.997;6065661.159;9.441280134;54.73741466
2342;1;0;53;72;2018;4;17;5;3;3;3;0;0;1;0;0;0;0;0;590813.0112;5925004.9649;10.368007451;53.466202768
2343;1;0;62;1;2018;5;7;2;3;0;4;0;0;0;1;1;0;0;0;581557.3661;5947596.9328;10.234516931;53.670739906
2344;1;0;4;0;2018;4;6;2;3;8;1;1;0;1;0;0;0;0;2;564634.5124;5993960.4058;9.988182979;54.089764213
2345;1;0;51;11;2018;4;19;5;2;5;2;1;1;1;0;0;0;0;0;504971.681;5973197.2973;9.075677915;53.907180896
2346;1;0;60;58;2018;5;16;2;2;5;2;0;1;1;0;0;0;0;0;574369.193;5961310.186;10.12903298;53.795047166
2347;1;0;59;93;2018;4;18;1;3;0;1;0;0;0;0;1;0;0;0;538476.8979;6053922.6128;9.59604709;54.631257789
2348;1;0;58;126;2018;4;12;2;3;8;1;0;0;1;1;0;0;0;0;568935.9076;6021819.9519;10.06032799;54.339553906
2349;1;0;53;12;2018;4;7;5;3;5;3;0;1;1;0;0;0;0;0;584946.3453;5925220.9606;10.279715397;53.469122741
2350;1;0;1;0;2018;5;10;6;3;5;3;0;0;1;0;1;0;0;0;525755.1072;6067873.6202;9.400211907;54.757440247
2351;1;0;55;46;2018;5;19;3;3;0;3;0;0;1;0;1;0;0;0;642108.9027;6034811.4586;11.191364175;54.441097583
2352;1;0;62;9;2018;4;15;4;3;3;6;0;0;1;0;0;1;0;0;578663.8025;5935930.1735;10.187781086;53.566339365
2353;1;0;4;0;2018;5;11;7;3;8;1;0;0;1;0;0;0;0;0;563520.416;5989029.8;9.970119101;54.045593866
2354;1;0;4;0;2018;5;20;6;3;5;3;0;0;1;0;0;0;0;0;564057.7963;5993027.5958;9.979169742;54.08145362
2355;1;0;59;72;2018;4;15;4;3;8;7;0;0;0;0;0;1;0;0;550894.8294;6060513.0942;9.78954353;54.689380928
2356;1;0;56;43;2018;4;16;5;3;5;2;0;0;1;0;0;0;0;0;559050.4003;5943729.6635;9.893152932;53.639010488
2357;1;0;60;47;2018;5;17;2;3;5;2;0;0;1;0;1;0;0;0;571409.982;5964969.858;10.084965933;53.828349618
2358;1;0;57;44;2018;4;14;2;3;8;7;0;0;1;0;0;0;0;0;596401.8216;6016454.125;10.48092458;54.286894632
2359;1;0;56;50;2018;4;12;3;3;0;7;0;0;1;0;0;1;0;0;548024.6573;5937487.1628;9.725439712;53.584032193
2360;1;0;56;30;2018;5;5;4;3;5;3;0;0;0;0;1;1;0;0;543535.9149;5961566.5709;9.661021468;53.800844612
2361;1;0;57;21;2018;4;15;6;3;2;6;0;0;1;0;0;0;1;0;599524.7801;6017745.2821;10.529310675;54.297896238
2362;1;0;3;0;2018;4;9;2;3;5;3;0;0;1;0;1;0;0;0;610599.386;5968614.084;10.681468632;53.854229915
2363;1;0;56;32;2018;5;22;6;3;0;6;2;0;1;0;0;0;0;0;552332.351;5948549.9537;9.792364177;53.683048072
2364;1;0;2;0;2018;5;16;4;3;2;6;0;0;1;0;0;0;0;0;574060.3843;6017796.4183;10.138134269;54.30268162
2365;1;0;54;35;2018;4;0;2;3;8;3;2;0;1;0;0;0;0;0;484370.0148;6020043.2387;8.759661095;54.32800456
2366;1;0;60;97;2018;5;11;4;2;3;6;0;0;1;0;0;0;0;0;593699.1763;5983141.3528;10.42907816;53.988085529
2367;1;0;3;0;2018;4;16;2;3;2;2;0;0;1;0;0;0;0;0;609414.7179;5970944.5524;10.664297293;53.875418561
2368;1;0;57;8;2018;5;13;1;3;2;6;0;0;1;0;0;0;0;0;571582.6775;5991313.3463;10.093766026;54.065058139
2369;1;0;54;68;2018;4;23;2;3;9;1;2;0;1;0;0;0;0;1;494904.1229;6071581.5479;8.920748377;54.791396819
2370;1;0;54;141;2018;5;7;2;3;5;3;0;0;1;0;1;0;0;0;494927.8242;6027814.9741;8.921873473;54.39806611
2371;1;0;51;114;2018;4;18;7;2;2;6;0;0;1;0;0;0;0;0;519598.5932;6005518.3465;9.300411963;54.197326591
2372;1;0;2;0;2018;4;21;2;3;1;6;2;0;1;0;0;0;0;0;572991.1184;6021146.2641;10.122524833;54.332936279
2373;1;0;1;0;2018;4;15;2;3;5;2;0;0;1;0;0;0;0;0;529092.75;6072390.193;9.452527097;54.797846106
2374;1;0;57;41;2018;4;14;7;3;9;1;0;0;1;0;0;0;0;1;591864.5281;6025792.3417;10.414122656;54.371631187
2375;1;0;59;113;2018;5;14;7;3;5;2;0;0;1;0;0;0;0;0;533726.415;6076661.212;9.52509654;54.835936697
2376;1;0;3;0;2018;5;18;4;3;9;1;0;1;1;0;0;0;0;0;609803.4649;5970362.1089;10.66999919;53.870103606
2377;1;0;53;20;2018;5;17;7;3;0;3;0;0;1;0;1;0;0;0;607200.176;5927424.539;10.615590061;53.484862611
2378;1;0;56;21;2018;4;6;4;3;2;6;0;0;1;0;0;0;0;0;560202.4019;5949953.5339;9.911781618;53.694814918
2379;1;0;53;83;2018;4;15;6;3;5;3;0;1;1;0;0;0;0;0;602941.96;5914997.091;10.547380016;53.374046009
2380;1;0;53;100;2018;5;7;3;3;2;6;0;0;1;0;0;0;0;0;617673.9774;5950185.7948;10.781942251;53.687117232
2381;1;0;56;15;2018;4;18;7;3;0;7;0;1;0;0;0;0;0;0;545117.907;5956566.6787;9.684308133;53.755772752
2382;1;0;60;27;2018;4;12;2;3;2;6;0;0;1;0;0;0;0;0;561108.8501;5984844.3423;9.932451962;54.008271902
2383;1;0;4;0;2018;4;18;5;2;0;7;0;1;0;0;0;0;0;0;566064.0562;5990818.923;10.00935013;54.061352114
2384;1;0;60;63;2018;5;11;5;3;2;6;0;0;1;0;0;0;0;0;566477.12;5948691.55;10.006527998;53.682712534
2385;1;0;2;0;2018;5;6;3;3;0;1;0;0;0;0;1;0;0;0;574065.5992;6018308.7504;10.13834142;54.307284519
2386;1;0;51;74;2018;4;17;6;3;5;2;0;0;1;0;0;0;0;0;504245.192;5994192.704;9.064912384;54.095892166
2387;1;0;3;0;2018;4;13;3;3;5;2;0;1;1;0;0;0;0;0;612826.9691;5970912.8572;10.716163801;53.874403109
2388;1;0;56;15;2018;5;19;6;3;5;3;0;1;1;0;0;0;0;0;542543.9267;5955389.2019;9.64510895;53.745406408
2389;1;0;59;113;2018;5;18;6;3;5;3;0;0;1;0;1;0;0;0;531883.3426;6075045.9681;9.496224396;54.82154227
2390;1;0;51;62;2018;4;14;3;3;5;2;0;0;1;0;0;0;1;0;497619.4713;5982023.3477;8.96369524;53.986527777
2391;1;0;4;0;2018;4;14;5;3;5;3;0;0;1;0;1;0;0;0;565864.931;5994149.936;10.007032649;54.091311464
2392;1;0;58;86;2018;5;5;2;2;4;6;0;0;1;0;0;0;0;0;544846.3572;6009051.664;9.687921102;54.22749392
2393;1;0;61;91;2018;4;21;1;3;8;1;2;0;0;0;0;1;0;0;537880.1098;5991910.8661;9.57891556;54.074008166
2394;1;0;62;4;2018;4;17;5;3;5;2;0;0;1;0;0;0;0;0;590554.4448;5963529.56;10.375330377;53.812425091
2395;1;0;53;32;2018;5;21;2;3;0;1;1;1;0;0;0;0;0;0;587766.0209;5921594.6701;10.321169682;53.436073242
2396;1;0;59;75;2018;4;19;2;2;5;3;0;1;1;0;0;0;0;0;537142.1893;6042778.8747;9.573962995;54.531213536
2397;1;0;62;60;2018;5;22;5;3;5;3;2;0;1;0;0;0;0;0;581385.5955;5930696.171;10.227506831;53.518888716
2398;1;0;2;0;2018;5;20;3;3;5;2;0;0;1;0;0;0;0;1;573722.2505;6019527.242;10.13336637;54.318283178
2399;1;0;61;101;2018;4;12;1;3;8;1;0;0;1;0;0;0;0;1;535834.3979;5958591.2595;9.543747089;53.774690472
2400;1;0;3;0;2018;5;6;4;3;5;3;0;1;1;0;0;0;0;0;610658.373;5968265.461;10.682239362;53.851085229
2401;1;0;58;146;2018;4;8;2;3;1;7;0;0;0;0;0;1;0;0;550363.2589;6014866.3081;9.773516871;54.279235784
2402;1;0;60;27;2018;5;17;1;3;5;3;0;0;1;0;0;0;1;0;561058.9718;5985660.3401;9.931854832;54.015610938
2403;1;0;51;139;2018;4;8;1;3;8;1;0;0;1;0;0;0;0;1;521298.6671;6007913.0596;9.326640398;54.218781182
2404;1;0;56;23;2018;5;17;1;2;0;1;0;1;0;0;0;0;0;0;544976.3597;5950838.4743;9.681328514;53.704301677
2405;1;0;55;46;2018;4;15;7;3;5;3;0;0;1;0;1;0;0;0;641916.5142;6034858.2952;11.188422318;54.441571957
2406;1;0;62;87;2018;4;17;1;2;9;1;0;0;0;0;1;0;0;0;601487.8923;5968935.2654;10.54310846;53.858976343
2407;1;0;61;46;2018;4;4;1;3;2;1;2;0;1;0;0;0;0;1;533174.946;5976064.306;9.505282727;53.931910746
2408;1;0;57;22;2018;4;22;2;3;0;7;2;0;0;0;1;0;0;0;595662.317;6006301.77;10.466329965;54.19581869
2409;1;0;56;41;2018;5;12;5;3;5;3;0;0;0;0;0;1;1;0;560412.006;5955913.6018;9.91611914;53.748354969
2410;1;0;62;32;2018;5;4;4;3;8;1;2;0;1;0;0;0;0;1;602627.1534;5971772.035;10.561372938;53.884240139
2411;1;0;60;4;2018;4;15;1;3;0;7;0;1;0;0;0;0;0;0;557089.0549;5973143.7477;9.868933296;53.903579364
2412;1;0;62;1;2018;5;14;4;3;3;6;0;0;1;0;0;0;0;0;582523.715;5946437.4167;10.248832411;53.66016851
2413;1;0;57;58;2018;4;1;2;3;9;1;2;0;1;0;0;0;0;0;580671.4165;6010672.4216;10.237785361;54.237668396
2414;1;0;54;138;2018;5;15;1;3;2;7;0;0;1;0;1;0;0;0;494932.7208;6019732.9085;8.922086474;54.325429679
2415;1;0;56;49;2018;4;10;1;3;5;3;0;0;1;0;0;0;0;1;543776.876;5948580.165;9.662840453;53.68410645
2416;1;0;55;29;2018;5;18;2;3;5;3;0;0;1;0;0;0;0;0;624040.3256;6009278.2597;10.902307151;54.216477967
2417;1;0;56;28;2018;4;10;7;3;2;6;0;0;1;0;0;0;0;0;547774.6182;5941099.9364;9.722216726;53.61652594
2418;1;0;61;28;2018;4;13;1;2;8;1;0;0;0;0;1;0;0;0;550715.8798;5984351.5618;9.773802423;54.004968626
2419;1;0;55;31;2018;4;9;1;3;9;1;0;0;1;0;0;0;0;2;631022.1482;6020418.9328;11.014184862;54.314805932
2420;1;0;51;11;2018;4;17;6;3;4;2;0;0;1;0;0;0;0;1;505909.3151;5973097.7695;9.08994845;53.906276493
2421;1;0;51;74;2018;5;13;6;3;5;3;0;1;1;0;0;0;0;0;504613.06;5992639.504;9.070513702;54.081929186
2422;1;0;54;56;2018;5;17;4;3;5;3;0;0;1;0;0;0;0;0;503140.6073;6037521.5008;9.048477578;54.485316685
2423;1;0;58;81;2018;5;14;7;3;2;2;0;0;1;0;1;0;0;0;545737.271;6025591.303;9.704118111;54.376053364
2424;1;0;62;4;2018;4;16;4;3;5;3;0;1;0;0;0;1;0;0;587511.9458;5963421.653;10.329104508;53.811976314
2425;1;0;55;41;2018;4;0;6;3;7;5;2;0;1;0;0;0;1;0;609838.6176;5995254.9838;10.679508106;54.093736267
2426;1;0;3;0;2018;5;16;3;3;5;2;0;1;1;0;0;0;0;0;612370.9776;5969667.1069;10.708774971;53.863310089
2427;1;0;3;0;2018;4;16;7;3;2;6;0;0;1;0;0;0;0;0;609802.3821;5966636.9292;10.668650564;53.836635626
2428;1;0;55;40;2018;4;5;1;2;6;4;2;0;1;1;0;0;0;1;608401.5327;5972470.6557;10.649432631;53.889342282
2429;1;0;2;0;2018;4;17;5;3;5;7;0;0;1;0;1;0;0;0;573222.5649;6018314.6311;10.12538874;54.307458914
2430;1;0;62;69;2018;5;17;5;2;2;6;0;0;1;0;1;0;0;0;584739.208;5944357.4519;10.281783301;53.641123253
2431;1;0;57;51;2018;5;13;3;3;5;3;0;1;0;0;0;0;0;0;577534.992;6023164.174;10.192913373;54.350397939
2432;1;0;53;90;2018;4;12;6;3;2;6;0;0;1;0;0;0;0;0;611606.5605;5942027.5111;10.687178654;53.615150158
2433;1;0;58;112;2018;4;21;3;3;7;7;2;0;0;0;0;0;1;1;564235.4744;6023163.6535;9.988330947;54.352242
2434;1;0;53;129;2018;5;13;6;3;2;2;0;0;1;0;0;0;0;0;583396.435;5927279.292;10.25691886;53.487867754
2435;1;0;62;27;2018;5;17;4;3;2;2;0;0;1;0;1;0;0;0;588168.6022;5952965.8401;10.336088083;53.717911353
2436;1;0;53;90;2018;5;16;5;3;2;6;0;1;0;0;0;0;0;1;611923.8453;5944368.6266;10.69281456;53.636116351
2437;1;0;62;14;2018;4;13;3;3;0;7;0;0;0;0;1;0;0;0;582621.0204;5951810.8545;10.251735854;53.708440196
2438;1;0;54;16;2018;4;15;5;2;5;3;0;0;1;0;0;0;1;0;491252.9298;6075641.414;8.863842152;54.827831167
2439;1;0;59;45;2018;5;15;2;3;5;2;0;0;1;0;1;0;0;0;559932.3946;6057267.5026;9.929060406;54.659222585
2440;1;0;55;43;2018;4;7;1;3;9;1;0;0;1;0;0;0;0;2;619183.7415;6017164.727;10.83100473;54.288474179
2441;1;0;2;0;2018;4;14;5;3;6;4;0;0;1;1;0;0;0;0;573217.7521;6018596.1182;10.125383795;54.309988968
2442;1;0;55;33;2018;5;14;2;3;2;6;0;0;1;0;0;0;0;0;623446.551;6017480.797;10.896585195;54.290301592
2443;1;0;60;4;2018;4;17;1;2;4;6;0;0;1;0;0;0;0;0;559502.7362;5973618.0458;9.905758382;53.907570394
2444;1;0;3;0;2018;5;9;5;3;5;2;0;1;1;0;0;0;0;0;611787.402;5969626.231;10.699890224;53.863068844
2445;1;0;59;159;2018;5;1;3;3;3;6;2;0;1;0;0;0;0;0;528524.9391;6052853.4939;9.44178277;54.622310514
2446;1;0;58;5;2018;4;16;1;3;5;3;0;0;1;0;0;0;0;0;574105.719;6027850.633;10.141331542;54.393018342
2447;1;0;55;4;2018;5;12;4;3;5;3;0;1;1;0;0;0;0;0;611122.5756;5974568.0686;10.691577397;53.907609905
2448;1;0;58;23;2018;4;9;1;3;0;1;0;1;0;0;0;0;0;1;556389.3123;6002702.2332;9.863773544;54.169293541
2449;1;0;56;39;2018;5;16;7;3;5;3;0;1;1;0;0;0;0;0;552283.422;5945180.287;9.791055973;53.652767889
2450;1;0;1;0;2018;5;17;5;3;6;3;0;1;0;1;0;0;0;0;527283.4172;6072479.9442;9.424392923;54.798754326
2451;1;0;58;137;2018;4;17;1;2;8;1;0;0;0;0;1;0;0;0;555159.42;6048530.917;9.853435505;54.581260498
2452;1;0;58;134;2018;5;17;1;1;4;6;0;0;1;0;1;0;0;0;542295.921;5998503.0296;9.647319205;54.132909535
2453;1;0;58;166;2018;4;17;7;3;8;1;0;0;0;0;1;0;0;0;562629.5226;6042669.3909;9.967749095;54.527719932
2454;1;0;55;44;2018;4;14;1;3;8;7;0;0;0;0;1;0;0;0;608840.403;5984409.19;10.66036233;53.996508981
2455;1;0;57;22;2018;4;10;1;3;5;3;0;0;1;0;0;0;0;2;598119.3847;6006483.3331;10.504037435;54.19698576
2456;1;0;55;44;2018;4;20;6;2;8;1;2;0;0;0;1;0;0;1;613964.6379;5986793.9687;10.739387178;54.016828329
2457;1;0;4;0;2018;5;15;6;3;5;2;0;1;1;0;0;0;0;0;564188.2734;5997185.8021;9.982046288;54.118804873
2458;1;0;56;15;2018;5;8;3;3;5;3;0;1;1;0;0;0;0;0;543798.581;5955985.505;9.664216868;53.750661899
2459;1;0;54;95;2018;4;7;4;3;0;6;0;0;1;0;0;0;0;1;497243.8426;6026062.0008;8.957563258;54.38232937
2460;1;0;51;51;2018;5;18;6;3;3;6;0;1;0;0;0;0;0;0;519273.2113;5985701.4709;9.294161106;54.01923207
2461;1;0;62;36;2018;4;20;3;3;1;5;2;0;1;0;0;0;0;0;579745.2538;5956207.509;10.209311272;53.748397171
2462;1;0;58;105;2018;4;12;4;3;5;3;0;0;1;0;1;0;0;0;566017.79;6016934.2161;10.014370737;54.296036519
2463;1;0;1;0;2018;4;15;6;3;5;3;0;0;1;0;0;0;0;0;530906.23;6073215.156;9.480822038;54.805151099
2464;1;0;59;171;2018;5;18;3;3;5;3;0;1;0;0;0;0;0;0;525860.3886;6057501.4758;9.400927278;54.664224199
2465;1;0;57;7;2018;4;7;1;3;9;1;0;0;1;0;0;0;0;2;605999.827;6016934.1278;10.628476343;54.289306744
2466;1;0;3;0;2018;4;14;4;3;0;4;0;0;0;1;0;0;1;0;607985.1587;5967831.26;10.641466832;53.847746861
2467;1;0;57;44;2018;5;18;5;2;2;6;0;0;1;0;0;0;0;0;594122.586;6016722.6654;10.446007981;54.28973214
2468;1;0;4;0;2018;4;15;6;3;2;6;0;0;1;0;0;0;0;0;564289.8665;5990679.3645;9.982218295;54.060322348
2469;1;0;60;63;2018;4;6;3;3;0;7;0;0;0;0;0;0;1;0;564337.907;5946733.8565;9.973737645;53.665386308
2470;1;0;60;63;2018;4;12;6;3;2;6;0;0;1;0;0;0;0;1;564555.2486;5955025.6151;9.97875418;53.739878012
2471;1;0;60;69;2018;5;12;6;3;5;3;0;0;1;0;0;0;0;0;589070.846;5980780.563;10.357820335;53.967691321
2472;1;0;51;44;2018;5;7;3;3;2;6;0;0;1;0;0;0;0;0;510425.7945;6004631.9574;9.159779235;54.189628623
2473;1;0;54;35;2018;5;15;7;2;5;2;0;0;1;0;1;0;0;0;486191.814;6017711.069;8.78778217;54.307097011
2474;1;0;3;0;2018;4;11;4;3;2;6;0;0;1;0;0;0;0;0;608395.2888;5967269.0712;10.647499956;53.84261049
2475;1;0;2;0;2018;4;14;6;3;5;3;0;1;1;0;0;0;0;0;574057.84;6017922.732;10.138126489;54.303817005
2476;1;0;58;130;2018;5;14;3;3;8;7;0;0;0;0;0;1;0;0;563837.5385;6020456.3578;9.981629478;54.327963983
2477;1;0;54;15;2018;4;9;1;2;5;3;0;0;1;0;1;0;0;0;463195.061;6062378.191;8.428786488;54.707368265
2478;1;0;55;4;2018;4;20;5;3;2;7;2;0;1;0;0;0;1;0;611390.0848;5974792.9902;10.695729496;53.909573204
2479;1;0;58;43;2018;5;7;5;3;5;3;0;1;1;0;0;0;0;0;553869.5645;6034007.9977;9.830827959;54.450893784
2480;1;0;62;78;2018;4;7;6;3;2;6;0;0;1;0;0;0;0;1;590324.823;5951051.3894;10.368194537;53.700339763