OBJECTID_1;ULAND;UREGBEZ;UKREIS;UGEMEINDE;UJAHR;UMONAT;USTUNDE;UWOCHENTAG;UKATEGORIE;UART;UTYP1;ULICHTVERH;IstRad;IstPKW;IstFuss;IstKrad;IstGkfz;IstSonstig;STRZUSTAND;LINREFX;LINREFY;XGCSWGS84;YGCSWGS84
2481;1;0;2;0;2018;4;17;3;3;2;6;0;0;1;0;0;0;0;0;572070.8181;6021225.136;10.108393617;54.333775812
2482;1;0;3;0;2018;5;11;6;3;5;2;0;1;0;0;0;1;0;0;609182.182;5967376.1805;10.659492502;53.843408026
2483;1;0;62;6;2018;5;16;4;3;5;3;0;0;1;0;0;0;1;0;583263.7853;5954261.5867;10.262130629;53.730360743
2484;1;0;58;120;2018;5;0;5;3;8;1;2;0;1;0;0;0;0;0;548069.2103;6001459.6921;9.736140313;54.158973457
2485;1;0;58;54;2018;4;13;3;3;2;6;0;0;1;0;1;0;0;0;539677.1536;6021279.5121;9.610255326;54.337811872
2486;1;0;61;10;2018;5;13;1;3;8;7;0;0;1;0;0;0;0;0;529289.9395;5975372.0045;9.446046523;53.92592285
2487;1;0;55;21;2018;4;9;1;3;9;1;0;0;1;0;0;0;0;2;627285.3089;6025036.1551;10.958747594;54.357223676
2488;1;0;51;138;2018;4;5;4;3;2;6;0;0;0;0;1;0;1;1;513941.5965;5995977.614;9.213259723;54.111763092
2489;1;0;55;46;2018;5;12;2;3;4;7;0;0;1;0;0;0;0;0;642650.0486;6035345.584;11.19995921;54.44574279
2490;1;0;62;51;2018;4;12;1;3;0;7;0;1;0;0;0;0;0;0;578236.8059;5960056.4162;10.187417202;53.783213335
2491;1;0;58;135;2018;5;15;5;3;6;4;0;0;1;1;0;0;0;0;543034.4218;6017954.228;9.661408623;54.307655953
2492;1;0;60;75;2018;4;17;2;3;9;1;0;0;1;0;0;0;0;0;591092.8897;5988869.5997;10.391056883;54.040021247
2493;1;0;60;59;2018;4;8;1;3;9;1;0;0;1;0;0;0;0;2;581681.228;5983444.068;10.245915728;53.992845084
2494;1;0;57;70;2018;5;5;4;3;9;7;0;0;1;0;0;0;0;0;586987.1426;6009895.8242;10.3344378;54.229656664
2495;1;0;59;145;2018;4;23;1;3;5;3;2;0;1;0;1;0;0;1;535737.1114;6073211.3172;9.555974077;54.804795615
2496;1;0;53;116;2018;5;12;7;3;2;6;0;0;1;0;0;0;0;0;598786.1592;5930209.2801;10.489710329;53.511531823
2497;1;0;56;50;2018;5;12;4;3;5;3;0;0;1;0;0;0;0;0;547769.51;5937423.637;9.721576179;53.583484538
2498;1;0;61;30;2018;3;9;7;3;9;1;0;0;1;0;0;0;0;0;533232.8939;5966074.706;9.505081762;53.842123131
2499;1;0;1;0;2018;5;12;1;3;3;2;0;1;1;0;0;0;0;0;526692.8887;6070085.6223;9.414987146;54.777269522
2500;1;0;2;0;2018;4;20;7;3;5;2;1;1;1;0;0;0;0;0;572975.0308;6019960.5354;10.121987413;54.322283977
2501;1;0;57;9;2018;4;15;1;3;2;6;0;0;1;0;0;0;1;0;595134.8888;6000731.1155;10.456488739;54.145865855
2502;1;0;51;74;2018;3;19;7;3;5;3;0;1;1;0;0;0;0;0;504345.8809;5994052.3017;9.06644998;54.094629423
2503;1;0;59;182;2018;4;11;6;2;4;6;0;0;1;0;0;0;0;0;532399.991;6063678.927;9.502996403;54.719360179
2504;1;0;57;9;2018;5;13;6;3;2;6;0;0;1;0;0;0;0;0;595181.3303;6000732.9074;10.457200056;54.145873354
2505;1;0;3;0;2018;5;21;3;3;5;3;1;1;0;0;0;0;0;0;611285.682;5971016.582;10.692768925;53.875667814
2506;1;0;62;78;2018;4;22;4;3;2;6;2;0;1;0;0;0;0;0;587387.0903;5950378.9306;10.323518934;53.69479694
2507;1;0;3;0;2018;5;9;7;3;2;2;0;0;1;0;0;0;0;0;608940.9201;5971662.2077;10.657348746;53.881965905
2508;1;0;3;0;2018;5;10;6;3;2;2;0;0;1;0;0;0;0;0;607519.5631;5968794.8542;10.634729965;53.856500839
2509;1;0;57;57;2018;4;12;4;3;2;6;0;0;1;0;0;0;0;0;591496.1921;6001057.1754;10.400898983;54.149456368
2510;1;0;51;72;2018;4;17;5;2;1;5;0;0;1;0;0;0;1;0;499815.6334;5977827.8199;8.997190815;53.948823966
2511;1;0;56;43;2018;5;16;2;3;3;6;0;0;1;0;1;0;0;0;557592.0778;5942597.173;9.870888611;53.628994822
2512;1;0;51;48;2018;3;13;7;3;0;2;0;0;1;0;0;0;0;0;504708.1029;5999914.006;9.072079831;54.147309643
2513;1;0;51;44;2018;4;12;3;3;5;3;0;0;1;0;0;0;1;0;505690.4363;6005007.6604;9.087215323;54.193079689
2514;1;0;1;0;2018;5;7;5;3;8;1;0;1;0;0;0;0;0;0;528574.4414;6070707.4375;9.444299433;54.782753878
2515;1;0;57;28;2018;4;18;6;2;5;3;0;0;1;0;1;0;0;0;589014.4885;6026091.397;10.370353988;54.37482397
2516;1;0;62;91;2018;4;2;2;3;8;1;2;0;1;0;0;0;0;0;590104.8673;5949852.7555;10.364515385;53.689607047
2517;1;0;59;183;2018;5;7;6;3;5;3;0;0;1;0;0;0;0;0;520860.8311;6069234.1739;9.324258363;54.769894115
2518;1;0;58;43;2018;5;15;4;3;2;6;0;0;1;0;0;0;0;0;553959.8826;6034153.8113;9.832247345;54.452194523
2519;1;0;60;92;2018;3;16;7;3;5;3;0;1;1;0;0;0;0;1;579032.2479;5979130.5971;10.20440138;53.954496371
2520;1;0;61;12;2018;5;14;4;3;2;2;0;0;1;0;0;0;0;0;529683.3408;5961997.8638;9.450743262;53.805695812
2521;1;0;60;63;2018;4;18;2;3;5;3;0;0;1;0;0;0;0;0;565797.5784;5948571.3363;9.996215302;53.681718181
2522;1;0;60;23;2018;4;12;2;3;0;1;0;0;0;0;1;0;0;0;558593.0627;5976575.7795;9.892479852;53.934255029
2523;1;0;58;141;2018;5;13;1;3;4;1;0;0;0;0;1;0;1;0;564199.4805;6012123.2631;9.985404818;54.253036158
2524;1;0;62;61;2018;3;19;7;3;8;1;1;0;1;0;0;0;0;2;596720.835;5964612.8922;10.469292471;53.821048897
2525;1;0;2;0;2018;4;12;4;3;5;2;0;0;1;0;0;0;0;0;573090.176;6021584.046;10.124155218;54.336855869
2526;1;0;59;131;2018;5;7;2;2;5;2;0;0;0;0;1;1;0;0;523615.791;6058977.178;9.366248234;54.677596086
2527;1;0;54;93;2018;4;16;1;2;9;1;0;0;0;0;1;0;0;0;489360.1413;6060084.9971;8.83494864;54.687993005
2528;1;0;55;33;2018;4;7;2;3;5;2;0;0;1;0;0;0;0;0;620712.855;6014289.6294;10.853323154;54.26228894
2529;1;0;55;46;2018;4;16;7;3;8;1;0;0;1;0;0;0;0;1;638225.563;6036515.3526;11.132323769;54.457471116
2530;1;0;54;78;2018;5;15;7;3;0;7;0;1;0;0;0;0;0;0;460314.7105;6095177.465;8.379579049;55.001887426
2531;1;0;55;46;2018;5;15;4;3;8;6;0;1;0;0;0;0;0;0;642266.2224;6034772.4903;11.193769414;54.440703617
2532;1;0;53;108;2018;5;6;5;3;5;3;0;1;1;0;0;0;0;0;597837.1779;5949495.9483;10.481456766;53.68501016
2533;1;0;55;33;2018;6;11;6;3;2;2;0;0;1;0;0;0;0;0;620252.3693;6017209.1868;10.847430399;54.288623267
2534;1;0;58;25;2018;5;11;1;3;2;6;0;0;1;0;0;0;1;0;520560.9158;5991375.3906;9.314199041;54.070177953
2535;1;0;2;0;2018;6;0;1;2;0;1;2;1;0;0;0;0;0;0;573145.7882;6021777.1351;10.125057747;54.338582936
2536;1;0;3;0;2018;5;18;4;3;5;2;0;1;1;0;0;0;0;0;612372.189;5969667.3282;10.708793465;53.863311815
2537;1;0;2;0;2018;7;19;1;3;2;2;0;0;1;0;0;0;1;0;574443.9434;6017683.3491;10.143999202;54.301609867
2538;1;0;53;100;2018;6;15;7;3;3;6;0;1;0;0;0;0;0;0;617312.5418;5949741.2999;10.776303802;53.683205137
2539;1;0;55;1;2018;6;18;3;3;5;3;0;1;0;0;1;0;0;0;603026.1892;5986384.9364;10.572373384;54.015452354
2540;1;0;3;0;2018;6;9;4;3;3;6;0;0;1;0;0;0;0;0;605607.3841;5968640.4521;10.605616728;53.855506019
2541;1;0;62;11;2018;5;6;3;3;5;2;0;0;1;0;0;0;1;0;582070.6103;5941535.1763;10.240683847;53.616186558
2542;1;0;59;45;2018;6;13;5;2;5;2;0;0;1;0;0;0;1;1;559935.282;6057256.139;9.92910283;54.659120132
2543;1;0;59;45;2018;6;16;7;3;5;3;0;0;0;0;1;0;1;0;561079.6343;6057102.8055;9.94680761;54.657604994
2544;1;0;62;18;2018;5;17;5;3;5;3;0;0;1;0;1;0;0;0;580006.524;5933006.2937;10.207302298;53.539860646
2545;1;0;59;75;2018;6;1;7;2;0;1;2;1;0;0;0;0;0;0;535830.8473;6040934.6778;9.553475546;54.51473472
2546;1;0;62;4;2018;5;19;7;3;3;6;0;0;1;0;0;0;0;0;593546.2297;5960645.9799;10.419878445;53.785985293
2547;1;0;53;129;2018;6;17;4;3;5;3;0;0;1;0;0;0;0;0;584206.3536;5927317.9499;10.26913274;53.488086179
2548;1;0;53;32;2018;6;15;6;3;6;4;0;0;1;1;0;0;0;0;590749.2547;5922119.1288;10.366214655;53.440281105
2549;1;0;55;44;2018;7;18;6;3;0;7;0;1;0;0;0;0;0;0;608678.5958;5989562.8122;10.659737691;54.042843795
2550;1;0;1;0;2018;6;18;7;3;5;3;0;1;1;0;0;0;0;0;526765.19;6073202.697;9.416398915;54.805277248
2551;1;0;55;32;2018;5;15;5;3;5;3;0;1;1;0;0;0;0;0;617523.1763;5996301.491;10.797355061;54.1014405
2552;1;0;2;0;2018;5;13;6;3;2;7;0;0;1;0;0;0;0;0;569772.2347;6020134.2509;10.07279498;54.324292768
2553;1;0;62;1;2018;6;18;2;3;2;6;0;0;1;0;0;0;0;0;582533.91;5946923.2297;10.249115749;53.664532557
2554;1;0;58;144;2018;6;7;3;3;2;7;0;0;1;0;0;0;0;0;562921.5678;6001864.2166;9.963645019;54.161003683
2555;1;0;51;125;2018;5;10;2;3;4;6;0;0;1;0;0;0;1;0;516569.3941;6006202.4635;9.254017926;54.203581937
2556;1;0;62;53;2018;6;14;3;3;4;6;0;1;0;0;0;0;0;0;577092.126;5933156.755;10.163371113;53.541648644
2557;1;0;51;11;2018;5;17;5;3;5;3;0;0;1;0;1;0;0;0;509522.7317;5972143.2152;9.144920103;53.897643128
2558;1;0;59;90;2018;7;17;3;3;5;2;0;0;1;0;0;0;0;0;541976.8704;6047736.0813;9.649376202;54.575383973
2559;1;0;57;24;2018;6;16;6;3;5;3;0;0;1;0;0;0;1;0;571501.0201;5998984.241;10.094331828;54.13400113
2560;1;0;4;0;2018;6;9;3;3;5;3;0;1;1;0;0;0;0;0;563737.5144;5994141.0824;9.97450923;54.091499691
2561;1;0;2;0;2018;6;8;6;3;2;6;0;0;1;0;0;0;0;0;575988.2085;6028383.8903;10.170454288;54.397532432
2562;1;0;55;35;2018;5;15;5;2;3;6;0;0;1;0;1;0;0;0;613714.2076;5975695.5537;10.731428267;53.917177055
2563;1;0;53;3;2018;6;19;5;3;1;2;0;0;1;0;0;0;0;0;588348.024;5931484.6734;10.332710833;53.524850307
2564;1;0;59;158;2018;7;13;5;3;5;3;0;0;1;0;0;0;0;0;511726.165;6068029.74;9.182222639;54.759366602
2565;1;0;55;14;2018;5;12;5;3;9;1;0;0;1;0;0;0;0;0;629387.751;6014924.6618;10.986698915;54.265872742
2566;1;0;55;17;2018;6;17;7;3;8;1;0;1;0;0;0;0;0;0;634122.873;6026049.972;11.064351403;54.364576597
2567;1;0;62;4;2018;5;6;2;3;2;6;0;0;1;0;0;0;0;1;593762.4222;5960967.8446;10.423256679;53.788838503
2568;1;0;57;39;2018;6;12;2;3;8;1;0;0;1;0;0;0;0;0;593163.8967;6024328.86;10.4336596;54.358246555
2569;1;0;62;8;2018;5;13;5;3;3;6;0;0;1;0;0;0;0;0;599572.6632;5964574.3361;10.512585908;53.820164133
2570;1;0;57;73;2018;7;8;2;2;6;3;0;0;1;1;0;0;0;0;589183.4888;6027632.1994;10.373417031;54.388638158
2571;1;0;54;76;2018;6;15;2;3;0;2;0;0;1;0;1;0;0;0;498438.7472;6069377.0603;8.975731082;54.771609098
2572;1;0;4;0;2018;6;18;4;3;2;6;0;0;1;0;0;0;0;0;563583.3294;5992021.9974;9.971707234;54.072475601
2573;1;0;62;18;2018;6;15;4;3;0;7;0;1;0;0;0;0;0;0;581819.4186;5933909.7702;10.23488838;53.547700486
2574;1;0;58;99;2018;5;22;4;2;8;1;2;0;1;0;0;0;0;0;558029.8875;6042903.4249;9.896731831;54.530370684
2575;1;0;2;0;2018;6;17;6;3;5;3;0;0;1;0;1;0;0;0;571974.7712;6022525.4123;10.10723075;54.345473298
2576;1;0;51;1;2018;6;19;5;3;6;6;0;0;1;1;0;0;0;0;519302.2073;6000674.3848;9.295558405;54.153802564
2577;1;0;3;0;2018;6;20;1;3;2;2;0;0;1;0;0;0;0;0;614596.4474;5968169.3229;10.742040513;53.849367553
2578;1;0;2;0;2018;7;20;4;3;5;3;0;1;1;0;0;0;0;0;574459.9007;6017633.8406;10.14423203;54.301162674
2579;1;0;3;0;2018;5;13;5;3;5;3;0;1;1;0;0;0;0;0;611348.672;5971004.862;10.69372235;53.875549007
2580;1;0;60;82;2018;5;20;7;2;4;1;0;0;1;0;0;0;1;0;570404.1731;5968156.4299;10.070417399;53.857123231
2581;1;0;53;100;2018;6;19;5;3;5;3;0;1;1;0;0;0;0;0;616963.828;5951503.618;10.771691268;53.69911612
2582;1;0;56;48;2018;6;7;7;3;5;3;0;0;1;0;0;0;0;0;550147.347;5952833.271;9.759977574;53.721758979
2583;1;0;58;168;2018;7;11;7;3;2;2;0;0;1;0;0;0;0;0;556074.0787;6007701.9337;9.859877459;54.214258467
2584;1;0;3;0;2018;5;23;4;2;6;3;2;0;1;1;0;0;0;0;612294.4415;5970851.9567;10.708045421;53.873971482
2585;1;0;60;2;2018;7;17;1;3;3;6;0;0;1;0;0;0;0;0;561994.3093;5959587.5944;9.940848395;53.781187584
2586;1;0;57;5;2018;6;1;7;2;9;7;2;0;1;0;0;0;0;0;584171.7992;5995854.1625;10.287337588;54.103957249
2587;1;0;2;0;2018;6;16;3;3;5;3;0;0;1;0;0;0;0;0;573163.9985;6021795.0906;10.125342187;54.338741667
2588;1;0;3;0;2018;6;7;3;3;5;2;0;1;1;0;0;0;0;0;610385.3789;5968001.9373;10.677996523;53.84877575
2589;1;0;58;112;2018;5;22;3;2;7;7;2;0;0;0;1;0;0;0;563709.2152;6025397.7195;9.980713349;54.372383466
2590;1;0;60;27;2018;6;19;5;2;2;7;0;0;1;0;0;1;0;1;562350.1575;5979336.7871;9.950262752;53.958628743
2591;1;0;62;53;2018;6;9;6;3;2;6;0;0;1;0;0;0;0;0;577254.2189;5933216.9632;10.165831515;53.542165902
2592;1;0;60;39;2018;6;11;6;3;2;2;0;0;1;0;0;0;0;0;565529.0417;5958123.4919;9.994173137;53.767596964
2593;1;0;4;0;2018;6;15;4;3;5;3;0;1;1;0;0;0;0;0;562908.5528;5991825.5737;9.961355843;54.070793273
2594;1;0;58;61;2018;7;11;6;3;3;6;0;0;1;0;0;1;0;0;530829.5226;5995738.6089;9.471557024;54.108880138
2595;1;0;61;18;2018;6;18;6;2;4;6;0;0;1;0;1;0;0;0;522493.5039;5969076.8151;9.342085802;53.869682029
2596;1;0;55;1;2018;5;17;5;3;2;2;0;0;1;0;0;0;1;0;602481.68;5987579.52;10.56446936;54.026293507
2597;1;0;60;64;2018;7;9;6;3;3;6;0;0;1;0;0;1;0;0;561759.2821;5967510.4006;9.93887226;53.852417676
2598;1;0;56;43;2018;5;16;6;3;2;6;0;0;1;0;0;0;0;0;556073.5326;5943387.5142;9.848070906;53.636262847
2599;1;0;2;0;2018;6;16;2;3;5;2;0;1;1;0;0;0;0;0;572767.841;6020515.372;10.118937874;54.327299157
2600;1;0;56;41;2018;6;7;2;2;5;2;0;0;1;0;1;0;0;0;559924.1142;5952186.7158;9.90799944;53.714917047
2601;1;0;55;35;2018;5;10;2;3;5;2;0;1;1;0;0;0;0;0;612281.3284;5983498.6941;10.712492474;53.987592796
2602;1;0;2;0;2018;6;18;3;3;2;6;0;1;0;0;0;0;0;0;573146.1665;6021032.8281;10.124880974;54.331894777
2603;1;0;3;0;2018;5;16;5;3;2;6;0;0;1;0;1;0;0;0;612042.9935;5968554.7452;10.703383867;53.85338735
2604;1;0;62;76;2018;7;15;2;3;5;2;0;0;1;0;0;0;0;0;570370.6534;5955741.8669;10.06707136;53.745562413
2605;1;0;60;17;2018;6;15;5;2;8;1;0;0;0;0;1;0;0;0;587031.891;5991016.106;10.329676982;54.060009743
2606;1;0;60;5;2018;6;17;2;3;2;6;0;0;1;0;0;0;0;0;584862.1691;5977154.0546;10.292672248;53.935812376
2607;1;0;61;34;2018;6;15;5;2;2;6;0;0;1;0;1;0;0;0;530667.104;5975778.524;9.467058931;53.929496821
2608;1;0;55;44;2018;5;17;5;3;6;4;0;0;1;1;0;0;0;0;614667.5562;5987461.3885;10.750361745;54.02266857
2609;1;0;54;132;2018;6;14;5;2;4;6;0;0;1;0;0;1;0;0;504788.9652;6035459.662;9.073887768;54.466773657
2610;1;0;58;11;2018;6;7;5;3;4;6;0;0;1;0;0;1;0;0;550205.0107;6001842.8731;9.768908985;54.162212689
2611;1;0;55;35;2018;6;18;2;3;2;6;0;0;1;0;0;0;0;0;613290.278;5975824.4261;10.725024423;53.918427708
2612;1;0;56;48;2018;7;15;4;3;2;6;0;0;1;0;1;0;0;0;546662.326;5949852.697;9.706717988;53.695293863
2613;1;0;58;80;2018;5;10;5;2;5;2;0;0;1;0;1;0;0;0;554109.3154;6026616.8656;9.833177121;54.384449097
2614;1;0;59;37;2018;6;18;7;3;9;1;0;0;1;0;0;0;0;1;533895.7015;6055159.5567;9.525226379;54.642702151
2615;1;0;53;72;2018;5;18;1;3;5;2;0;0;1;0;0;0;0;0;587751.8524;5927511.5142;10.322608234;53.48924634
2616;1;0;1;0;2018;5;21;6;3;5;3;1;1;1;0;0;0;0;0;529426.8218;6073217.982;9.457807348;54.805265487
2617;1;0;55;35;2018;6;13;2;3;2;6;0;0;1;0;0;1;0;0;612869.6551;5977404.8424;10.719206457;53.932717944
2618;1;0;56;18;2018;6;10;2;3;2;6;0;0;1;0;0;1;0;0;555271.5357;5942607.1174;9.835804088;53.629334326
2619;1;0;62;35;2018;5;11;2;3;5;3;0;0;1;0;0;0;0;0;586703.3454;5945890.2509;10.311912315;53.654575401
2620;1;0;58;86;2018;6;11;3;3;5;3;0;0;1;0;0;0;0;1;543582.3105;6009847.0504;9.668648252;54.234751131
2621;1;0;62;35;2018;5;7;5;2;4;6;0;1;0;0;0;0;0;0;585910.9324;5946196.3432;10.300010322;53.657456732
2622;1;0;54;144;2018;7;7;3;3;0;1;0;0;0;0;1;0;0;1;511025.52;6046882.048;9.170536839;54.569330667
2623;1;0;61;74;2018;6;19;5;3;5;2;0;0;1;0;1;0;0;0;535470.1915;5954800.1349;9.53778546;53.740641211
2624;1;0;58;98;2018;6;2;3;2;8;1;1;0;0;0;0;1;0;0;562745.8599;5999015.993;9.960361885;54.135429821
2625;1;0;1;0;2018;6;11;6;3;5;2;0;1;1;0;0;0;0;0;530906.23;6073215.156;9.480822038;54.805151099
2626;1;0;58;92;2018;5;15;5;3;3;6;0;1;0;0;0;0;0;0;571146.2652;6020680.8971;10.094047766;54.329015149
2627;1;0;3;0;2018;6;15;5;3;6;4;0;1;0;1;0;0;0;0;612397.2819;5967200.7171;10.708271987;53.841146004
2628;1;0;62;18;2018;6;18;5;3;2;6;0;0;1;0;1;0;0;0;579531.8032;5933065.7959;10.200155595;53.540467465
2629;1;0;55;33;2018;5;13;6;3;5;2;0;0;1;0;0;0;0;0;621509.0111;6017110.1612;10.866684602;54.287436569
2630;1;0;61;41;2018;7;14;5;3;0;1;0;0;0;0;0;0;1;0;538867.3951;5966734.8988;9.590795192;53.847665725
2631;1;0;57;10;2018;5;14;5;3;2;6;0;0;1;0;0;0;0;0;574759.1642;6010818.1582;10.147127693;54.239875254
2632;1;0;4;0;2018;6;9;7;3;3;1;0;0;1;0;0;0;0;1;563875.4001;5991455.3879;9.97605063;54.067347629
2633;1;0;61;116;2018;5;17;1;3;0;1;0;1;0;0;0;0;0;0;549289.8503;5976081.4885;9.750709802;53.930781965
2634;1;0;58;43;2018;5;14;6;3;2;6;0;0;1;0;0;0;1;0;554423.5038;6035341.529;9.839615552;54.462818216
2635;1;0;2;0;2018;6;9;2;3;1;5;0;1;1;0;0;0;0;0;573611.9675;6020942.0737;10.132020369;54.331012308
2636;1;0;56;5;2018;5;19;4;3;5;3;0;1;1;0;0;0;0;0;559895.9137;5946279.7831;9.906431242;53.661833145
2637;1;0;54;56;2018;7;22;2;3;5;3;0;0;1;0;0;0;0;0;503360.426;6036124.935;9.05185476;54.472764068
2638;1;0;62;61;2018;6;9;1;3;5;3;0;0;1;0;0;0;0;0;596949.431;5964675.788;10.472783647;53.821571454
2639;1;0;2;0;2018;6;10;4;3;5;3;0;0;1;0;0;0;0;0;573238.7036;6017813.1703;10.125513784;54.302950612
2640;1;0;55;28;2018;6;7;4;3;5;3;0;1;1;0;0;0;0;0;602289.813;6002854.104;10.566705287;54.163564898
2641;1;0;2;0;2018;5;10;4;3;2;6;0;0;1;0;0;0;0;0;572335.3625;6021708.7603;10.112578589;54.33808409
2642;1;0;56;39;2018;6;12;5;3;6;4;0;0;1;1;0;0;0;1;552772.9963;5944216.1556;9.798298831;53.644053524
2643;1;0;1;0;2018;6;17;1;3;0;1;0;1;0;0;0;0;0;0;528449.5401;6070126.8711;9.442300499;54.777543725
2644;1;0;54;88;2018;7;20;4;3;0;1;0;0;1;0;0;0;0;0;490462.6713;6070471.9921;8.851711134;54.781360796
2645;1;0;2;0;2018;5;18;5;3;5;3;0;1;1;0;0;0;0;0;576216.9439;6028095.0611;10.173902601;54.394902982
2646;1;0;55;4;2018;5;12;7;3;5;2;0;0;1;0;0;0;0;0;610953.217;5974458.13;10.688960694;53.906658482
2647;1;0;3;0;2018;6;7;5;3;4;6;0;1;0;0;0;0;0;0;612514.2339;5969469.7269;10.710879968;53.861505776
2648;1;0;53;81;2018;6;11;7;2;5;3;0;0;1;0;0;0;0;0;610989.3309;5948686.7842;10.680229426;53.675112134
2649;1;0;1;0;2018;7;22;7;3;5;3;2;0;1;0;0;0;0;0;527297.2085;6072489.2418;9.424608316;54.798837128
2650;1;0;56;50;2018;6;9;7;3;2;6;0;1;0;0;0;0;1;0;546932.6446;5938742.4938;9.709134516;53.595413787
2651;1;0;54;75;2018;6;5;3;3;5;3;0;0;1;0;0;0;0;0;496126.8059;6058659.0892;8.939935676;54.67527602
2652;1;0;58;124;2018;6;14;3;3;5;3;0;1;1;0;0;0;0;0;546225.634;6016635.651;9.710247264;54.295527344
2653;1;0;2;0;2018;5;22;3;3;5;3;2;0;1;0;0;0;0;0;571452.011;6020632.452;10.098736795;54.328537118
2654;1;0;60;37;2018;6;23;4;2;8;7;2;0;1;0;0;0;0;0;554520.0208;5966978.9829;9.82873929;53.848452212
2655;1;0;55;7;2018;6;10;6;3;5;3;0;0;1;0;0;0;0;0;597626.167;5994609.99;10.492637627;54.09040216
2656;1;0;53;92;2018;6;18;6;3;7;7;0;0;0;0;1;0;0;0;603487.0583;5928718.0142;10.560080222;53.49722813
2657;1;0;1;0;2018;6;9;4;3;5;2;0;1;0;0;0;0;1;0;528261.438;6070699.645;9.439431994;54.782701573
2658;1;0;2;0;2018;7;13;6;3;3;6;0;0;1;0;0;0;0;0;571392.4162;6020272.1077;10.097734341;54.325307485
2659;1;0;56;39;2018;6;7;6;3;5;3;0;1;1;0;0;0;0;0;552535.161;5946286.3592;9.795051463;53.662683565
2660;1;0;2;0;2018;5;19;5;2;5;3;0;1;1;0;0;0;0;0;573844.723;6015275.579;10.134198144;54.280061293
2661;1;0;61;46;2018;7;16;5;3;2;6;0;0;1;0;0;0;0;0;534162.8681;5976006.1398;9.520322446;53.931323731
2662;1;0;51;84;2018;5;5;5;3;8;1;0;0;1;0;0;0;0;0;494147.9068;6000900.3014;8.910386853;54.156162391
2663;1;0;51;48;2018;6;6;1;3;5;2;0;0;1;0;1;0;0;1;504694.1986;5999885.0691;9.07186651;54.147049694
2664;1;0;3;0;2018;5;14;2;3;5;2;0;1;1;0;0;0;0;0;609532.3397;5970743.4642;10.666013768;53.873587109
2665;1;0;54;168;2018;6;13;3;3;4;6;0;0;1;0;0;0;0;0;455937.5222;6084642.1829;8.312770688;54.906850907
2666;1;0;58;43;2018;5;16;5;3;5;2;0;1;1;0;0;0;0;0;554079.7528;6034350.4176;9.834131857;54.453948538
2667;1;0;62;6;2018;7;13;2;3;5;3;0;1;1;0;0;0;0;0;583746.2564;5953385.7856;10.269205001;53.722413452
2668;1;0;56;3;2018;6;8;5;3;5;3;0;0;1;0;0;0;0;0;550834.5105;5956610.4228;9.771011516;53.755639626
2669;1;0;62;4;2018;6;17;2;3;2;6;0;0;1;0;0;0;0;0;592950.2906;5960705.8172;10.410854137;53.786629708
2670;1;0;59;18;2018;6;19;5;3;4;6;0;1;0;0;0;0;0;0;537351.3121;6039347.3648;9.576759769;54.500360252
2671;1;0;2;0;2018;6;15;5;3;2;2;0;0;1;0;0;0;1;0;572280.2722;6021210.9897;10.111610761;54.33361907
2672;1;0;58;50;2018;6;17;2;3;5;3;0;1;0;0;0;0;0;0;560967.222;6017653.6437;9.936926935;54.303129076
2673;1;0;53;132;2018;7;23;4;3;0;7;2;1;0;0;0;0;0;0;607684.1079;5924532.96;10.621888994;53.458782673
2674;1;0;57;91;2018;5;12;5;2;5;3;0;1;1;0;0;0;0;0;582891.0538;6013023.5175;10.272483422;54.258439273
2675;1;0;56;39;2018;6;22;7;3;2;6;2;0;1;0;0;0;0;1;553516.1935;5946990.2012;9.810017804;53.668909878
2676;1;0;55;35;2018;5;22;1;3;9;1;2;0;1;0;0;0;0;0;612856.036;5977378.568;10.718989413;53.932484864
2677;1;0;3;0;2018;6;19;1;3;5;2;0;0;1;0;0;0;0;0;610431.9991;5969403.6506;10.679209067;53.861359216
2678;1;0;62;4;2018;5;12;4;3;5;2;0;1;1;0;0;0;0;0;591100.7369;5963481.7127;10.383610579;53.811899751
2679;1;0;62;6;2018;7;22;1;3;6;4;1;0;1;1;0;0;0;0;582736.0618;5953474.414;10.253922889;53.723371041
2680;1;0;59;123;2018;6;3;1;3;9;1;2;0;1;0;0;0;0;0;507877.1714;6065895.1503;9.122352265;54.740258631
2681;1;0;60;54;2018;6;16;3;3;5;3;0;0;1;0;0;0;1;0;558935.2004;5970736.7274;9.896565978;53.88174091
2682;1;0;2;0;2018;6;16;4;3;2;6;0;1;1;0;0;0;0;0;572360.5058;6022167.4016;10.11307657;54.342201742
2683;1;0;61;49;2018;5;9;3;3;5;3;0;1;1;0;0;0;0;0;547670.663;5978009.347;9.726351868;53.948259774
2684;1;0;4;0;2018;6;17;5;3;2;6;0;0;1;0;0;0;0;1;564165.6775;5990417.7782;9.980265892;54.057987076
2685;1;0;62;53;2018;6;17;7;3;3;3;0;1;1;0;0;0;0;0;577430.4789;5932382.8923;10.168284426;53.534644365
2686;1;0;62;9;2018;7;15;3;3;1;2;0;0;1;0;0;0;0;0;579459.552;5936850.3216;10.200027705;53.574488469
2687;1;0;59;77;2018;5;9;5;3;0;2;0;0;0;0;1;0;1;0;527245.7751;6039028.2289;9.420691333;54.498135805
2688;1;0;57;21;2018;5;19;7;3;9;1;0;0;1;0;0;0;0;0;598050.0751;6018663.4729;10.506960222;54.306430708
2689;1;0;51;44;2018;6;17;4;3;5;2;0;0;1;0;0;0;0;0;506386.001;6005271.9198;9.097881595;54.195446561
2690;1;0;61;96;2018;6;4;6;3;9;1;1;0;1;0;0;0;0;0;550799.3313;5989488.689;9.775934584;54.051128048