OBJECTID_1;ULAND;UREGBEZ;UKREIS;UGEMEINDE;UJAHR;UMONAT;USTUNDE;UWOCHENTAG;UKATEGORIE;UART;UTYP1;ULICHTVERH;IstRad;IstPKW;IstFuss;IstKrad;IstGkfz;IstSonstig;STRZUSTAND;LINREFX;LINREFY;XGCSWGS84;YGCSWGS84
2691;1;0;60;39;2018;7;23;6;3;0;1;2;0;1;0;1;0;0;0;564584.7504;5960646.7735;9.980377569;53.790391462
2692;1;0;58;35;2018;6;18;7;3;9;1;0;0;1;0;0;0;0;0;550648.9502;6024114.1125;9.779473816;54.362313926
2693;1;0;54;88;2018;5;13;5;3;5;3;0;0;1;0;0;0;0;0;489361.5855;6070268.301;8.83459871;54.779508153
2694;1;0;61;23;2018;6;12;1;2;5;2;0;0;1;0;1;0;0;0;524713.9484;5973750.8372;9.376231105;53.911590627
2695;1;0;56;17;2018;5;19;4;3;9;1;0;0;1;0;0;0;0;0;547584.2617;5963443.1731;9.722773893;53.817356048
2696;1;0;51;74;2018;7;19;1;3;2;2;0;0;1;0;0;0;0;0;504497.2692;5993544.507;9.068757209;54.090064179
2697;1;0;2;0;2018;6;2;1;2;0;1;2;1;0;0;0;0;0;0;573866.5569;6020257.7744;10.135765201;54.324826642
2698;1;0;62;9;2018;6;20;4;3;3;6;0;0;1;0;0;1;0;0;578320.8917;5935652.7774;10.182534989;53.563897795
2699;1;0;4;0;2018;6;16;4;3;5;3;0;0;1;0;0;0;0;0;563358.462;5992216.761;9.968311989;54.074253554
2700;1;0;54;56;2018;5;18;4;3;2;6;0;0;1;0;0;0;0;0;502885.4194;6036374.4295;9.044527367;54.475009248
2701;1;0;53;100;2018;6;18;5;3;5;3;0;1;1;0;0;0;0;1;618343.1093;5950751.9848;10.792285584;53.692052744
2702;1;0;51;97;2018;6;11;7;3;0;7;0;1;0;0;0;0;0;0;506868.8609;5981140.5213;9.104735034;53.978552829
2703;1;0;61;50;2018;7;18;3;2;8;1;0;0;0;0;1;0;0;0;538872.2526;5958629.0435;9.589845328;53.774812171
2704;1;0;1;0;2018;5;16;5;3;0;7;0;0;0;0;1;0;0;0;526442.7488;6072488.3345;9.411317492;54.798874746
2705;1;0;58;100;2018;5;2;7;2;8;1;2;0;1;0;0;0;0;0;531133.36;5997962.07;9.476433362;54.128845037
2706;1;0;2;0;2018;6;11;5;3;2;6;0;0;1;0;0;0;0;0;576509.643;6017141.5269;10.17559732;54.296436094
2707;1;0;59;187;2018;6;14;7;3;2;2;0;0;1;0;0;0;0;1;552879.5833;6048972.6338;9.818245117;54.585473383
2708;1;0;58;91;2018;7;11;7;3;2;6;0;0;1;0;0;0;0;0;562525.8637;5998225.4265;9.956831494;54.128352233
2709;1;0;55;16;2018;6;19;7;1;4;2;0;0;1;0;0;0;1;0;626820.0279;6008836.4624;10.944723852;54.211829265
2710;1;0;59;113;2018;6;12;3;3;5;3;0;0;1;0;0;0;0;0;534945.7169;6075930.0091;9.54399092;54.829282336
2711;1;0;2;0;2018;6;17;3;3;2;6;0;1;0;0;1;0;0;0;574276.3503;6023233.9723;10.142806283;54.351510163
2712;1;0;57;67;2018;5;13;3;3;2;6;0;0;0;0;1;0;0;0;590212.4536;6004097.8912;10.382160376;54.177004404
2713;1;0;3;0;2018;6;15;4;3;2;6;0;0;1;0;0;0;0;0;612595.2407;5970163.8766;10.712365865;53.867724528
2714;1;0;2;0;2018;6;14;6;3;2;6;0;0;1;0;0;0;0;0;572373.4333;6021131.4644;10.113023902;54.332891273
2715;1;0;3;0;2018;7;10;3;3;5;3;0;1;1;0;0;0;0;0;610102.392;5969943.7962;10.674393295;53.866282041
2716;1;0;62;78;2018;6;11;6;2;5;3;0;0;1;0;0;0;0;0;591035.299;5949593.08;10.37852481;53.687112352
2717;1;0;60;36;2018;6;9;3;3;2;2;0;0;1;0;0;1;0;0;567463.9067;5974026.849;10.027014287;53.91026899
2718;1;0;54;20;2018;7;17;6;3;5;2;0;1;1;0;0;0;0;0;498557.12;6051471.554;8.977659692;54.610694801
2719;1;0;53;56;2018;6;12;6;2;4;6;0;0;1;0;0;0;1;0;609230.619;5935512.7373;10.648997005;53.557116968
2720;1;0;1;0;2018;5;5;5;3;5;3;0;1;0;0;0;0;1;0;527999.5028;6068856.107;9.435181493;54.766149304
2721;1;0;53;25;2018;7;20;5;3;0;1;0;1;0;0;0;0;0;1;604581.601;5951243.7371;10.584129261;53.69940759
2722;1;0;60;95;2018;5;22;5;2;6;4;2;0;1;1;0;0;0;0;555217.5347;5972983.4719;9.840422041;53.902341699
2723;1;0;55;42;2018;6;16;1;3;8;1;0;0;1;0;0;0;0;1;618403.0429;5983656.808;10.805871269;53.987646954
2724;1;0;57;62;2018;5;17;2;3;5;3;0;1;0;0;0;0;0;0;583272.7908;6009528.5937;10.277371414;54.226974296
2725;1;0;60;44;2018;6;13;2;2;0;1;0;0;0;0;1;0;0;0;563917.8345;5965216.0511;9.971204412;53.83153748
2726;1;0;2;0;2018;5;7;5;3;5;3;0;1;1;0;0;0;0;0;573393.6815;6023592.7599;10.129317005;54.354861903
2727;1;0;55;1;2018;7;15;2;2;2;2;0;0;1;0;0;1;0;0;604629.1986;5987848.5662;10.597331779;54.028279788
2728;1;0;3;0;2018;6;8;2;3;5;3;0;1;1;0;0;0;0;0;616875.5739;5974185.8925;10.778961815;53.902911218
2729;1;0;60;96;2018;6;10;4;3;4;6;0;0;1;0;0;0;0;0;588894.8474;5976136.5091;10.353785984;53.925992533
2730;1;0;59;19;2018;6;10;5;3;8;3;0;0;1;0;0;0;0;0;531950.7761;6036625.4725;9.493076762;54.476268012
2731;1;0;2;0;2018;6;12;2;3;2;6;0;0;1;0;0;0;0;0;569720.0468;6020143.5595;10.071994886;54.324383544
2732;1;0;3;0;2018;7;18;4;3;5;2;0;1;1;0;0;0;0;0;609620.4131;5970376.4847;10.667221596;53.870271457
2733;1;0;54;168;2018;5;10;5;3;4;6;0;1;0;0;0;0;0;0;455792.3355;6084509.9198;8.310526747;54.905649577
2734;1;0;53;96;2018;6;4;6;3;8;1;0;0;0;0;0;0;1;1;605012.9964;5947573.692;10.589418605;53.666345918
2735;1;0;54;104;2018;5;10;1;3;2;6;0;0;1;0;0;0;0;0;481151.7378;6024427.3067;8.709897636;54.367296698
2736;1;0;58;108;2018;6;11;1;2;5;2;0;0;1;0;1;0;0;0;566142.4368;6000353.7665;10.012632999;54.147025585
2737;1;0;62;60;2018;5;8;4;3;5;3;0;1;0;0;0;0;0;0;582945.1012;5934753.3195;10.252097494;53.555104392
2738;1;0;3;0;2018;7;21;1;2;6;4;0;0;1;1;0;0;0;0;608942.9375;5971641.7952;10.657372168;53.881782088
2739;1;0;56;48;2018;6;23;7;3;5;2;2;0;1;0;0;0;0;0;549765.1291;5952182.6353;9.754081049;53.715947945
2740;1;0;62;18;2018;6;17;3;3;5;2;0;1;1;0;0;0;0;0;579618.8729;5933060.4197;10.201467814;53.54040596
2741;1;0;58;38;2018;6;13;4;3;2;6;0;0;0;0;0;1;1;0;562545.8982;6004190.0668;9.958375566;54.181950603
2742;1;0;56;15;2018;5;17;3;3;5;2;0;0;1;0;0;0;1;0;543504.0237;5955813.6901;9.659725963;53.749142347
2743;1;0;57;62;2018;6;7;5;2;4;6;0;0;1;0;0;0;0;1;583737.1201;6011880.7343;10.285148695;54.248033293
2744;1;0;2;0;2018;6;18;7;3;0;7;0;0;0;0;1;0;0;0;572865.3542;6017985.2573;10.119819434;54.304550332
2745;1;0;55;28;2018;7;18;3;3;5;2;0;0;1;0;0;0;0;0;601995.7378;6004583.5932;10.56278869;54.179161673
2746;1;0;54;152;2018;5;23;5;1;4;6;2;0;1;0;0;0;1;0;515537.4488;6039212.9911;9.239919801;54.500290113
2747;1;0;54;88;2018;5;19;7;3;4;6;1;0;1;0;0;0;0;0;480481.8565;6078307.6265;8.696000325;54.851487379
2748;1;0;53;62;2018;6;20;4;2;8;7;0;0;0;0;1;0;0;0;626790.6279;5947912.4429;10.918985231;53.664562203
2749;1;0;60;64;2018;6;17;6;3;5;2;0;0;1;0;0;0;1;0;561091.38;5967540.584;9.928726213;53.852767935
2750;1;0;53;32;2018;7;16;6;3;3;6;0;0;1;0;0;0;0;0;588844.876;5921457.6936;10.337366552;53.434661635
2751;1;0;2;0;2018;6;15;7;2;0;7;0;0;1;0;0;0;1;0;573638.9594;6028981.4894;10.134424719;54.403247438
2752;1;0;59;161;2018;5;20;5;3;0;1;0;1;0;0;0;0;0;0;543145.609;6063055.885;9.669714283;54.712954574
2753;1;0;56;15;2018;6;12;2;3;0;7;0;1;0;0;0;0;0;0;543618.561;5957080.657;9.661641693;53.760519877
2754;1;0;54;75;2018;6;16;3;3;5;2;0;0;1;0;0;0;0;0;496227.193;6059609.0036;8.941480172;54.683813562
2755;1;0;58;49;2018;5;11;3;3;2;6;0;0;1;0;0;1;0;0;552105.6325;6012628.9426;9.799885305;54.258954792
2756;1;0;51;138;2018;6;15;3;3;8;1;0;0;0;0;0;0;1;0;515620.3174;5996197.1182;9.238949641;54.113687686
2757;1;0;54;76;2018;6;13;6;3;2;6;0;0;1;0;0;0;1;0;498570.1526;6068908.9548;8.977776021;54.767402736
2758;1;0;57;62;2018;7;10;3;2;5;3;0;0;1;0;0;0;0;0;583033.6109;6011238.5279;10.274176753;54.242377463
2759;1;0;2;0;2018;6;7;6;3;2;6;0;0;1;0;0;0;1;0;575092.8025;6028474.0346;10.156688178;54.39847529
2760;1;0;58;80;2018;6;15;3;2;9;1;0;0;1;0;0;0;0;0;557701.3687;6030999.0555;9.889332147;54.423434172
2761;1;0;58;92;2018;6;14;6;3;2;6;0;0;1;0;1;0;0;0;571478.4409;6022272.5177;10.099536309;54.34327065
2762;1;0;54;19;2018;5;19;5;3;8;1;0;0;0;0;1;0;0;0;498181.4051;6052380.5919;8.971836807;54.618863106
2763;1;0;2;0;2018;7;17;5;3;5;3;0;1;1;0;0;0;0;0;568115.3905;6019176.8123;10.047106135;54.315913074
2764;1;0;61;49;2018;5;10;4;3;1;5;0;0;1;0;0;0;0;0;548600.5663;5978095.7784;9.740533155;53.948950057
2765;1;0;62;18;2018;6;15;7;3;8;1;0;0;1;0;0;0;0;1;581262.352;5933638.771;10.226412367;53.545351645
2766;1;0;1;0;2018;5;18;2;3;5;3;0;1;1;0;0;0;0;0;526764.0597;6073201.6327;9.416381233;54.805267744
2767;1;0;2;0;2018;6;9;2;3;5;3;0;1;1;0;0;0;0;0;573212.8463;6018695.0436;10.125332661;54.310878587
2768;1;0;59;75;2018;5;17;5;3;2;6;0;0;1;0;0;0;0;0;537339.7461;6044040.7882;9.577175689;54.542539394
2769;1;0;58;58;2018;7;17;2;3;5;2;0;0;1;0;1;0;0;0;563735.9069;6029905.4238;9.982091105;54.412886394
2770;1;0;59;77;2018;6;9;3;2;8;7;0;0;1;0;0;0;0;0;531301.5175;6042408.7976;9.483670931;54.528282303
2771;1;0;54;43;2018;6;17;3;3;2;2;0;0;1;0;0;0;0;0;500196.4737;6044898.9444;9.003037633;54.55162848
2772;1;0;54;76;2018;5;10;3;3;8;1;0;0;1;0;0;0;0;1;497117.7399;6070399.9424;8.955186511;54.78079564
2773;1;0;2;0;2018;6;18;4;3;6;4;0;1;0;1;0;0;0;0;574938.9295;6021564.5581;10.152578573;54.336412567
2774;1;0;2;0;2018;6;10;6;3;3;6;0;0;1;0;0;0;0;0;572553.022;6021107.4809;10.115779365;54.332650262
2775;1;0;4;0;2018;7;13;3;2;0;7;0;1;0;0;0;0;0;0;564028.0092;5990127.0454;9.978101676;54.05539152
2776;1;0;55;28;2018;6;14;6;3;5;2;0;0;1;0;0;0;0;0;601755.562;6003384.003;10.558704847;54.168431842
2777;1;0;62;4;2018;6;18;3;3;5;3;0;0;1;0;0;0;0;0;593298.2101;5960513.4867;10.416075086;53.784839285
2778;1;0;55;35;2018;6;10;6;3;5;2;0;0;1;0;0;0;0;0;613978.4659;5975691.0317;10.735448183;53.917078365
2779;1;0;51;84;2018;5;18;4;3;2;6;0;0;1;0;0;0;0;0;493131.1615;6001234.0705;8.894809845;54.159149603
2780;1;0;3;0;2018;7;7;5;3;1;5;0;0;1;0;0;0;0;0;614900.087;5970756.8574;10.747622661;53.87254674
2781;1;0;56;50;2018;5;15;4;3;5;2;0;1;0;0;0;0;1;0;547603.8514;5937382.0515;9.719067717;53.583125839
2782;1;0;56;5;2018;6;16;7;3;4;3;0;0;1;0;1;0;0;1;559952.5043;5945868.9072;9.907208232;53.658133994
2783;1;0;59;75;2018;5;10;2;2;5;2;0;1;1;0;0;0;0;0;534625.4008;6042347.8918;9.535022042;54.527518691
2784;1;0;3;0;2018;6;14;2;3;4;6;0;1;0;0;0;0;0;0;614218.4535;5973113.6728;10.738138629;53.893870734
2785;1;0;2;0;2018;5;19;5;3;0;7;0;1;0;0;0;0;0;0;572399.5337;6019302.9875;10.112981524;54.316457367
2786;1;0;55;18;2018;7;18;2;3;1;6;0;1;1;0;0;0;1;0;632651.5269;6010345.7677;11.034752707;54.223909839
2787;1;0;2;0;2018;6;6;2;2;0;1;0;0;0;0;1;0;0;0;573326.6045;6017903.4696;10.126886497;54.303749407
2788;1;0;3;0;2018;6;19;4;3;5;2;0;1;1;0;0;0;0;0;614590.792;5968172.997;10.741955957;53.849401809
2789;1;0;55;32;2018;6;21;5;3;8;1;0;0;1;0;0;0;0;0;619169.0974;5999174.662;10.823646042;54.12687227
2790;1;0;55;44;2018;6;14;6;3;6;2;0;0;1;1;0;0;0;0;614688.6748;5987447.4877;10.750678702;54.022538998
2791;1;0;56;30;2018;6;18;2;2;2;6;0;0;1;0;0;0;0;0;545971.0157;5960558.6435;9.69784114;53.791576344
2792;1;0;3;0;2018;7;16;4;3;2;6;0;0;1;0;0;0;1;0;609855.6548;5971434.0135;10.671176584;53.879722853
2793;1;0;60;49;2018;5;17;4;2;2;6;0;0;1;0;0;0;0;0;586538.6043;5979885.5671;10.318975649;53.960079201
2794;1;0;4;0;2018;6;8;6;3;2;6;0;0;1;0;0;0;0;1;564290.3422;5992096.137;9.982526089;54.073054108
2795;1;0;58;38;2018;5;10;1;3;9;7;0;0;1;0;0;0;0;0;561824.5089;6004092.2517;9.947303481;54.181159025
2796;1;0;59;10;2018;6;15;6;3;9;7;0;0;1;0;0;0;0;0;529038.7271;6047310.4855;9.449191257;54.572467622
2797;1;0;4;0;2018;5;19;6;3;5;3;0;0;1;0;0;0;0;0;566264.478;5988449.344;10.011894151;54.04003231
2798;1;0;2;0;2018;6;15;1;3;0;1;0;0;0;0;1;0;0;1;577412.5002;6020823.9161;10.190421472;54.329388243
2799;1;0;3;0;2018;5;8;4;3;0;1;0;1;0;0;0;0;0;0;610671.7732;5968259.8397;10.682440951;53.85103187
2800;1;0;54;88;2018;7;19;1;3;5;2;0;1;1;0;0;0;0;0;490149.5383;6071918.8986;8.846793332;54.794357671
2801;1;0;3;0;2018;6;15;7;3;3;6;0;1;0;0;0;0;0;0;618465.2009;5974597.607;10.803303728;53.906249073
2802;1;0;3;0;2018;6;22;3;3;2;2;2;0;1;0;0;0;0;0;610303.0501;5971480.3916;10.677996052;53.880044601
2803;1;0;60;84;2018;6;20;3;3;5;2;0;1;1;0;0;0;0;0;573548.7399;5967633.7043;10.118092005;53.851989892
2804;1;0;53;32;2018;5;7;3;3;5;3;0;1;1;0;0;0;0;0;588102.3898;5921506.0874;10.326206876;53.435221105
2805;1;0;59;98;2018;6;18;5;3;0;1;0;1;0;0;0;0;0;0;539180.8845;6047953.2094;9.606154438;54.577559543
2806;1;0;54;168;2018;6;11;7;3;2;6;0;0;1;0;0;0;0;0;455755.3332;6084344.8243;8.309975068;54.904162768
2807;1;0;61;12;2018;6;8;6;3;6;6;0;0;1;1;0;0;0;0;532132.0099;5960504.9168;9.48776928;53.79213187
2808;1;0;51;107;2018;5;11;6;3;5;3;0;1;1;0;0;0;0;0;504026.4007;6011652.3466;9.061800371;54.252815081
2809;1;0;3;0;2018;6;13;4;3;8;1;0;0;1;0;0;0;0;0;610775.4493;5972487.9495;10.685543243;53.888996055
2810;1;0;55;33;2018;7;12;6;3;5;2;0;0;1;0;0;0;0;0;622178.7246;6017016.9334;10.876928911;54.286439502
2811;1;0;54;103;2018;6;10;7;3;0;1;0;1;0;0;0;0;0;0;479244.9211;6042742.6598;8.679265527;54.531824559
2812;1;0;56;5;2018;5;8;4;3;8;6;0;0;1;0;1;0;0;0;559750.3317;5947840.9039;9.904528838;53.675880054
2813;1;0;57;57;2018;5;15;6;3;2;6;0;0;1;0;1;0;0;0;593626.9071;6002175.0965;10.433858391;54.159116845
2814;1;0;55;1;2018;6;5;2;3;5;3;0;0;1;0;0;1;0;0;602999.3244;5986469.0693;10.571992049;54.016213607
2815;1;0;51;75;2018;6;23;2;3;8;6;2;0;1;0;0;0;0;0;502391.826;6009724.0354;9.036696255;54.235494541
2816;1;0;56;14;2018;5;5;2;2;8;1;0;0;1;0;0;0;0;1;551540.2725;5954650.4811;9.781387872;53.737955403
2817;1;0;3;0;2018;6;9;3;2;5;2;0;1;1;0;0;0;0;0;611240.4706;5969112.272;10.691391051;53.858568813
2818;1;0;60;39;2018;5;17;5;2;5;3;0;0;1;0;1;0;0;0;564155.336;5959614.242;9.973645347;53.781165269
2819;1;0;59;75;2018;7;8;3;3;2;6;0;0;1;0;0;0;0;0;535050.2516;6040322.5518;9.541345624;54.509288277
2820;1;0;54;168;2018;6;0;6;3;0;1;2;1;0;0;0;0;0;0;454814.2798;6080311.8323;8.295932156;54.867838445
2821;1;0;57;28;2018;6;18;3;2;5;3;0;0;1;0;0;0;0;0;589014.544;6026093.123;10.370355358;54.374839468
2822;1;0;1;0;2018;6;16;6;3;2;6;0;0;1;0;1;0;0;0;527267.2313;6069490.1641;9.423860083;54.771887563
2823;1;0;53;3;2018;5;10;4;3;2;6;0;0;1;0;0;1;1;0;594698.512;5932755.0509;10.42885922;53.535159802
2824;1;0;3;0;2018;6;13;5;3;6;4;0;1;0;1;0;0;0;0;612461.8128;5967006.1658;10.709181079;53.839384161
2825;1;0;3;0;2018;5;7;6;3;5;3;0;1;1;0;0;0;0;0;614441.227;5968298.604;10.739730301;53.850563238
2826;1;0;54;164;2018;7;14;5;3;0;3;0;0;1;0;0;0;1;0;470778.1322;6060656.2376;8.546643882;54.692391191
2827;1;0;53;32;2018;5;12;4;3;2;6;0;1;0;0;0;0;1;0;589070.4855;5921229.6502;10.340697088;53.432574303
2828;1;0;3;0;2018;6;23;7;3;5;2;2;0;1;0;1;0;0;0;608963.4825;5971610.2874;10.657673379;53.881494697
2829;1;0;51;3;2018;5;11;1;3;2;6;0;1;1;0;0;0;0;0;511482.2836;5977515.3177;9.174942825;53.945887852
2830;1;0;58;34;2018;5;8;6;3;5;3;0;1;1;0;0;0;0;0;544816.115;6019277.632;9.688988493;54.319395885
2831;1;0;2;0;2018;6;17;2;3;0;7;0;1;0;0;0;0;0;1;570774.783;6023352.045;10.08897072;54.353069152
2832;1;0;59;78;2018;5;3;5;2;3;6;1;0;1;0;0;1;0;0;535565.1162;6036392.254;9.548823909;54.47393175
2833;1;0;2;0;2018;7;18;2;3;5;2;0;1;1;0;0;0;0;0;570257.928;6020087.765;10.08025043;54.323808433
2834;1;0;62;94;2018;6;8;1;3;5;3;0;0;1;0;0;0;0;0;599315.9355;5965345.0512;10.508936358;53.827138159
2835;1;0;4;0;2018;6;15;4;3;5;3;0;0;1;0;1;0;0;0;561753.146;5990384.507;9.94340824;54.057982771
2836;1;0;53;110;2018;6;20;4;3;8;1;0;0;0;0;1;0;0;0;616567.8837;5947665.1086;10.764254636;53.664718982
2837;1;0;4;0;2018;5;7;4;3;5;2;0;1;1;0;0;0;0;0;564207.8529;5991155.2824;9.981066294;54.064609411
2838;1;0;2;0;2018;6;7;6;3;0;7;0;0;0;0;0;0;1;0;573731.1194;6020694.6452;10.133791152;54.328771798
2839;1;0;60;18;2018;6;15;5;3;6;4;0;0;0;1;0;0;1;1;588572.2516;5971638.5422;10.347572969;53.885631009
2840;1;0;58;139;2018;6;14;1;3;8;1;0;0;0;0;1;0;0;0;566604.9377;6014086.7498;10.022756693;54.270372824
2841;1;0;54;41;2018;7;17;4;3;2;6;0;0;1;0;0;0;1;0;511754.1469;6049259.5069;9.181901928;54.59068049
2842;1;0;62;16;2018;5;15;4;3;5;3;0;0;1;0;1;0;0;0;583264.7363;5958106.2241;10.263181047;53.764908939
2843;1;0;53;100;2018;5;14;7;3;0;7;0;1;0;0;0;0;0;0;615819.153;5951600.4176;10.754397645;53.70024089
2844;1;0;55;33;2018;6;10;5;3;2;2;0;0;1;0;0;0;0;0;624210.5394;6017699.9285;10.908406667;54.292084849
2845;1;0;53;117;2018;6;4;7;3;8;7;1;0;1;0;0;0;0;0;622175.8729;5941018.4545;10.846474145;53.603726643
2846;1;0;57;22;2018;7;13;7;3;4;6;0;0;1;0;1;0;0;0;598473.0636;6006379.7821;10.509422868;54.195987617
2847;1;0;58;84;2018;5;14;4;3;4;6;0;0;1;0;0;0;0;0;546772.5356;6035949.408;9.72168802;54.469043219
2848;1;0;61;3;2018;6;15;7;3;5;3;0;0;1;0;1;0;0;0;529093.3269;5987011.9469;9.444163863;54.030550015
2849;1;0;2;0;2018;6;16;7;3;5;3;0;1;1;0;0;0;0;0;574141.856;6017732.496;10.139370161;54.302095417
2850;1;0;57;7;2018;6;14;3;2;5;3;0;1;1;0;0;0;0;0;607901.0984;6016125.7255;10.657380548;54.281646449
2851;1;0;4;0;2018;6;16;3;3;5;2;0;1;1;0;0;0;0;0;564849.8276;5991070.6666;9.990855657;54.063768622
2852;1;0;58;135;2018;5;7;3;3;5;3;0;1;1;0;0;0;0;0;542223.8131;6018022.3029;9.648960658;54.308335392
2853;1;0;62;1;2018;5;14;6;3;5;2;0;1;1;0;0;0;0;0;580203.102;5946358.796;10.213703037;53.659823038
2854;1;0;59;169;2018;6;16;2;3;8;6;0;0;0;0;1;1;0;0;518142.5321;6048691.35;9.280729529;54.585385576
2855;1;0;3;0;2018;6;5;4;2;5;3;0;0;1;0;1;0;0;0;608576.3005;5968071.9721;10.650533694;53.849786289
2856;1;0;60;49;2018;6;14;4;3;0;1;0;1;0;0;0;0;0;0;586665.499;5980063.492;10.320959694;53.961656717
2857;1;0;58;155;2018;6;15;6;3;2;2;0;0;1;0;0;0;0;0;541531.3503;6003994.2672;9.636375259;54.182322325
2858;1;0;1;0;2018;6;14;6;3;5;2;0;1;0;0;0;0;1;0;527894.8972;6070226.5731;9.433687415;54.778470823
2859;1;0;60;30;2018;6;10;1;2;2;2;0;1;0;0;0;0;0;0;586460.8414;5980677.4791;10.31801527;53.967208003
2860;1;0;58;137;2018;7;20;4;2;8;6;0;0;0;0;1;0;1;0;553512.1212;6044980.531;9.827304994;54.549533281
2861;1;0;53;83;2018;5;18;4;2;5;2;0;0;1;0;1;0;0;0;603626.123;5915032.285;10.557671452;53.374228526
2862;1;0;60;57;2018;5;14;7;3;5;3;0;0;1;0;0;0;0;0;583092.0298;5972518.5506;10.264456527;53.894445535
2863;1;0;53;83;2018;6;20;5;2;0;1;0;1;0;0;0;0;0;1;604115.291;5914772.157;10.564935756;53.371794992
2864;1;0;60;12;2018;6;9;7;3;5;2;0;0;1;0;1;0;0;0;580383.3753;5990979.3185;10.22811775;54.060758993
2865;1;0;3;0;2018;7;12;7;3;5;3;0;1;1;0;0;0;0;0;611006.96;5973177.585;10.689314101;53.895142359
2866;1;0;3;0;2018;5;14;4;2;6;4;0;0;1;1;0;0;0;0;619517.0959;5976740.88;10.82014445;53.925261706
2867;1;0;59;103;2018;7;1;1;2;8;1;2;0;1;0;0;0;0;0;538243.0214;6063446.8593;9.593671552;54.716864494
2868;1;0;58;107;2018;6;3;7;2;8;1;2;0;1;0;0;0;0;0;570756.1835;6016094.2178;10.086963861;54.287854242
2869;1;0;58;31;2018;6;6;3;3;8;3;0;0;1;0;0;1;0;0;541290.5575;6003148.8819;9.632569937;54.174744197
2870;1;0;62;4;2018;6;15;3;3;4;6;0;1;0;0;0;0;0;0;592890.0393;5960839.1582;10.409980092;53.7878386
2871;1;0;3;0;2018;5;16;3;3;5;3;0;0;1;0;0;0;0;0;608477.3639;5970396.2877;10.649851899;53.870689544
2872;1;0;62;48;2018;6;20;5;3;8;1;0;0;1;0;0;0;0;0;602929.8658;5973964.3592;10.566713267;53.903877572
2873;1;0;60;49;2018;6;13;6;3;0;7;0;1;0;0;0;0;0;0;586692.0409;5980098.1498;10.321373978;53.961963689
2874;1;0;51;74;2018;6;11;6;2;5;3;0;0;1;0;0;0;1;0;505981.0824;5993456.6136;9.091440956;54.089259113
2875;1;0;55;28;2018;6;16;4;3;5;2;0;1;1;0;0;0;0;0;602336.1556;6002861.3258;10.567417245;54.163620547
2876;1;0;4;0;2018;7;7;6;3;2;6;0;0;1;0;0;0;0;0;565037.6273;5992682.4507;9.994070573;54.078229184
2877;1;0;59;78;2018;6;17;7;2;9;1;0;0;0;0;1;0;0;0;537073.9183;6035068.1651;9.571939783;54.461924522
2878;1;0;53;100;2018;5;18;4;3;2;2;0;0;1;0;1;0;0;0;615696.8893;5951549.4275;10.752527544;53.699809887
2879;1;0;59;186;2018;5;10;6;3;5;2;0;0;0;0;0;0;1;0;548359.2334;6068467.9174;9.751533503;54.761113283
2880;1;0;58;90;2018;6;6;2;3;5;3;0;0;1;0;0;0;1;0;548846.165;6040026.084;9.754354664;54.505482633
2881;1;0;60;68;2018;6;6;2;3;2;6;0;0;1;0;0;0;0;0;576613.835;5985655.5164;10.169195996;54.013493525
2882;1;0;53;32;2018;5;6;2;3;6;4;0;0;1;1;0;0;0;0;592707.948;5922237.9789;10.395727958;53.441008284
2883;1;0;58;50;2018;6;11;3;2;5;3;0;0;1;0;0;0;0;0;561796.1666;6019436.8029;9.950033016;54.31905332
2884;1;0;62;4;2018;5;10;5;3;4;6;0;0;1;0;0;0;0;0;594006.9217;5964090.5675;10.427919954;53.81685339
2885;1;0;51;54;2018;7;17;2;3;8;1;0;0;0;0;1;0;0;0;519480.8582;6004505.6858;9.298541727;54.188229783
2886;1;0;51;58;2018;6;10;5;2;0;6;0;0;0;0;1;0;0;0;497286.8296;6017953.5993;8.958298964;54.30945619
2887;1;0;61;42;2018;6;16;2;2;6;4;0;0;0;1;0;0;1;0;540703.2932;5979681.3411;9.620421434;53.963881677
2888;1;0;58;168;2018;6;15;6;3;3;6;0;0;1;0;0;0;0;0;556001.9463;6007921.854;9.858812475;54.216242686
2889;1;0;53;32;2018;5;18;4;3;4;6;0;1;0;0;0;0;0;0;591224.0372;5922880.1281;10.373580775;53.44703763
2890;1;0;58;135;2018;6;19;5;2;1;5;0;0;1;0;0;0;0;0;541348.0882;6014862.0894;9.635064943;54.280006448
2891;1;0;3;0;2018;6;15;5;3;5;3;0;0;1;0;0;0;0;0;609217.7367;5968380.8562;10.660389911;53.852426931
2892;1;0;3;0;2018;5;7;6;3;0;7;0;0;0;0;1;0;0;0;610830.9662;5967551.4902;10.684604263;53.844633929
2893;1;0;56;39;2018;7;13;4;3;5;3;0;1;1;0;0;0;0;0;552833.4151;5941706.2238;9.798786477;53.621489173
2894;1;0;3;0;2018;5;9;4;3;3;6;0;1;1;0;0;0;0;0;610145.5903;5969930.6563;10.675045211;53.866154824
2895;1;0;2;0;2018;6;21;7;3;5;3;0;0;1;0;0;0;0;1;574116.647;6021551.649;10.13993125;54.336416682
2896;1;0;61;36;2018;5;12;1;2;0;6;0;0;0;0;1;0;0;0;546999.3282;5986651.0745;9.717457364;54.025986397
2897;1;0;54;161;2018;6;5;2;3;8;7;0;0;0;0;0;1;0;0;499205.7476;6026987.6687;8.987768367;54.390655497
2898;1;0;60;44;2018;5;15;4;3;2;6;0;0;1;0;0;0;0;0;562836.8928;5965751.1289;9.954891879;53.836478001
2899;1;0;59;102;2018;7;23;2;3;3;6;2;1;1;0;0;0;0;0;546980.8637;6062260.9239;9.729112527;54.705467495
2900;1;0;55;44;2018;6;17;1;3;2;2;0;0;1;0;0;0;0;0;610700.26;5989191.416;10.690462382;54.039077231