OBJECTID_1;ULAND;UREGBEZ;UKREIS;UGEMEINDE;UJAHR;UMONAT;USTUNDE;UWOCHENTAG;UKATEGORIE;UART;UTYP1;ULICHTVERH;IstRad;IstPKW;IstFuss;IstKrad;IstGkfz;IstSonstig;STRZUSTAND;LINREFX;LINREFY;XGCSWGS84;YGCSWGS84
2901;1;0;54;168;2018;6;19;4;2;0;7;0;1;0;0;0;0;0;0;457038.4354;6084122.6319;8.330017505;54.902278128
2902;1;0;3;0;2018;6;16;4;3;5;2;0;0;1;0;0;0;0;0;612138.806;5972266.122;10.70619662;53.886710155
2903;1;0;2;0;2018;5;12;4;3;2;6;0;0;1;0;0;0;0;0;572476.0515;6021979.341;10.114807837;54.340495481
2904;1;0;60;46;2018;6;16;5;3;2;6;0;0;1;0;1;0;0;0;574189.6127;5958220.9799;10.125564046;53.767311617
2905;1;0;1;0;2018;6;13;1;3;8;1;0;1;1;0;0;0;0;0;527613.2492;6071577.9736;9.429437371;54.790630741
2906;1;0;54;135;2018;7;12;4;3;8;7;0;0;1;0;0;0;0;0;489905.2647;6023033.9545;8.8446737;54.355022739
2907;1;0;55;17;2018;5;21;4;2;8;1;1;0;1;0;0;0;0;0;633298.1319;6025933.0021;11.051614067;54.363742358
2908;1;0;55;4;2018;5;11;7;3;0;1;0;1;0;0;0;0;0;0;612036.1712;5976808.043;10.706298463;53.92753728
2909;1;0;58;110;2018;6;18;5;3;5;7;0;0;1;0;0;0;0;1;560773.0795;6032290.8638;9.936933388;54.43468468
2910;1;0;3;0;2018;6;12;7;3;2;6;0;0;1;0;0;0;0;0;610295.5216;5971555.25;10.677908512;53.880718748
2911;1;0;59;62;2018;7;20;6;3;5;3;0;0;1;0;0;0;0;0;532947.869;6044832.638;9.509380467;54.549960365
2912;1;0;62;23;2018;6;10;7;3;5;3;0;1;1;0;0;0;0;0;584114.5361;5946846.9327;10.273010757;53.663595057
2913;1;0;59;75;2018;6;16;3;3;2;6;0;0;1;0;0;0;0;0;537207.2492;6043955.866;9.575117013;54.541785981
2914;1;0;4;0;2018;6;18;3;3;5;3;0;0;1;0;0;0;0;0;567182.7293;5989269.4943;10.026095419;54.047283726
2915;1;0;2;0;2018;5;16;3;3;6;4;0;1;1;1;0;0;0;0;573700.6014;6021645.3886;10.133556935;54.337319261
2916;1;0;62;8;2018;6;11;4;3;2;2;0;0;1;0;0;0;0;0;599123.3453;5963315.3679;10.505357532;53.808938042
2917;1;0;4;0;2018;6;10;6;3;2;6;0;0;1;0;0;0;0;0;564181.5353;5992477.4053;9.980944279;54.076493938
2918;1;0;62;82;2018;6;15;6;3;0;2;0;1;0;0;0;1;0;0;593697.0336;5940558.9138;10.416094711;53.605463496
2919;1;0;54;144;2018;6;15;4;3;5;3;0;0;1;0;0;1;0;0;509825.1272;6047114.2709;9.151977646;54.571442401
2920;1;0;59;137;2018;7;6;6;3;2;2;0;0;1;0;0;0;0;0;540186.3657;6072617.9321;9.62510597;54.799126558
2921;1;0;56;50;2018;6;11;6;2;5;2;0;1;1;0;0;0;0;0;546409.283;5937256.131;9.701006249;53.582101159
2922;1;0;55;35;2018;5;7;4;3;4;6;0;0;1;0;0;0;1;0;620025.0468;5982904.1884;10.830299542;53.98051175
2923;1;0;60;44;2018;7;22;5;3;5;3;2;0;1;0;0;0;0;0;563334.603;5965622.832;9.962427652;53.835264583
2924;1;0;51;44;2018;5;12;5;3;5;3;0;0;1;0;1;0;0;0;507016.801;6006417.145;9.107576911;54.205731144
2925;1;0;56;18;2018;6;18;1;3;5;2;0;0;1;0;0;0;0;0;555102.3666;5942328.5917;9.833196934;53.626848901
2926;1;0;58;147;2018;5;10;2;3;9;6;0;0;1;0;0;0;0;0;557290.1564;6000518.903;9.877155895;54.149573029
2927;1;0;59;187;2018;6;13;3;2;0;1;0;1;0;0;0;0;0;0;552991.31;6048761.741;9.819935694;54.583566577
2928;1;0;58;56;2018;5;14;5;3;2;6;0;1;0;0;0;0;0;0;527802.4716;6017462.0075;9.427267686;54.304288587
2929;1;0;53;136;2018;7;17;2;3;5;3;0;1;1;0;0;0;0;0;619417.3507;5950667.2174;10.808513258;53.691046739
2930;1;0;53;91;2018;6;15;2;3;3;6;0;0;1;0;0;0;1;0;598983.7929;5940064.3856;10.495810238;53.600047984
2931;1;0;62;76;2018;6;13;4;3;4;6;0;0;1;0;0;0;1;0;570915.2841;5954751.5105;10.075101117;53.736588555
2932;1;0;62;11;2018;6;16;6;3;2;6;0;0;1;0;0;0;0;0;582007.403;5940738.7909;10.239518922;53.609039823
2933;1;0;60;61;2018;6;20;6;1;9;1;0;0;1;0;0;0;0;0;591266.7444;5972750.7673;10.388886313;53.895157739
2934;1;0;2;0;2018;6;17;4;3;0;3;0;1;1;0;0;0;0;0;577379.1014;6020741.9541;10.189886738;54.32865684
2935;1;0;4;0;2018;7;19;6;2;5;2;0;1;1;0;0;0;0;0;562952.8547;5991837.8024;9.962035291;54.070897755
2936;1;0;62;76;2018;6;8;6;3;5;3;0;0;1;0;1;0;0;0;570116.112;5955703.867;10.063203711;53.745255214
2937;1;0;55;40;2018;5;16;4;3;2;2;0;0;1;0;0;0;0;0;607301.5956;5977089.1307;10.634323144;53.931065226
2938;1;0;58;91;2018;7;14;6;3;0;7;0;0;1;0;0;0;0;0;561600.2035;5995902.205;9.942194618;54.107586296
2939;1;0;61;42;2018;5;13;5;2;9;6;0;0;1;0;1;0;0;0;538230.3648;5982799.1976;9.583121134;53.992092074
2940;1;0;2;0;2018;6;11;2;3;2;6;0;0;1;0;0;0;1;0;572355.0186;6021107.4543;10.112734938;54.332678137
2941;1;0;62;60;2018;6;8;2;2;6;7;0;0;0;1;0;1;0;0;582539.3758;5934298.0553;10.245854267;53.551077125
2942;1;0;3;0;2018;5;16;2;3;2;6;0;0;1;0;0;0;0;0;610318.7988;5971397.2752;10.678205607;53.879294515
2943;1;0;2;0;2018;6;7;3;3;6;6;0;1;0;1;0;0;0;0;571935.5773;6020516.8928;10.106143328;54.327430803
2944;1;0;3;0;2018;5;16;5;3;5;2;0;1;1;0;0;0;0;0;609496.784;5968590.6329;10.664704985;53.854252878
2945;1;0;56;36;2018;7;14;2;3;5;2;0;0;1;0;0;0;0;0;545704.876;5946196.757;9.691679683;53.662519871
2946;1;0;56;50;2018;6;16;5;3;2;6;0;0;1;0;0;0;0;0;544931.9569;5939485.9328;9.679014412;53.602271051
2947;1;0;62;82;2018;6;12;2;2;5;2;0;1;1;0;0;0;0;0;593018.5127;5941079.6255;10.405998694;53.610263392
2948;1;0;61;12;2018;6;17;5;3;2;6;0;0;1;0;0;0;0;0;529878.2302;5962139.8189;9.453716343;53.806960537
2949;1;0;3;0;2018;5;14;4;3;5;2;0;0;1;0;0;0;0;0;609762.2975;5970400.5825;10.669387136;53.870457972
2950;1;0;59;75;2018;6;12;5;2;0;2;0;0;1;0;1;0;0;0;536499.4102;6041536.1506;9.563876675;54.520092277
2951;1;0;58;43;2018;6;14;5;3;5;2;0;1;1;0;0;0;0;0;555231.7663;6034209.5343;9.851872195;54.452558584
2952;1;0;55;12;2018;6;18;2;3;0;7;0;0;0;0;1;0;0;0;604748.5244;6001455.6218;10.603861659;54.150505031
2953;1;0;56;36;2018;7;15;4;3;5;3;0;1;1;0;0;0;0;0;545230.5297;5946779.9271;9.684586622;53.667802521
2954;1;0;55;17;2018;5;10;4;3;2;6;0;0;1;0;0;0;1;0;635825.5392;6027936.0649;11.091399821;54.38106545
2955;1;0;59;184;2018;6;16;7;3;4;1;0;0;1;0;0;0;0;1;525073.3086;6064406.1921;9.389318676;54.726314356
2956;1;0;62;4;2018;5;19;1;3;8;6;0;1;1;0;0;0;0;0;590825.0503;5960691.1805;10.378602081;53.786873322
2957;1;0;56;43;2018;6;18;1;3;9;1;0;0;1;0;0;0;0;0;557116.9959;5944840.9589;9.864117546;53.649212756
2958;1;0;53;90;2018;5;16;4;3;6;4;0;0;1;1;0;0;0;0;611815.7613;5944156.6315;10.691104413;53.634234771
2959;1;0;56;41;2018;7;13;1;1;4;2;0;0;1;0;1;0;0;0;556545.2246;5952500.1131;9.856864588;53.718110672
2960;1;0;2;0;2018;6;15;1;3;5;3;0;0;1;0;0;0;0;0;574114.119;6027846.342;10.141459815;54.392978562
2961;1;0;51;99;2018;6;16;3;3;5;2;0;1;1;0;0;0;0;0;519199.0637;5992416.1708;9.293454346;54.079584711
2962;1;0;58;107;2018;6;6;4;3;2;6;1;0;1;0;0;0;1;0;569979.641;6014341.3596;10.074626863;54.272210118
2963;1;0;54;56;2018;5;13;4;3;5;3;0;0;1;0;0;0;0;0;502769.0989;6036608.8024;9.042734522;54.477116252
2964;1;0;62;18;2018;6;17;5;3;2;2;0;0;1;0;0;0;0;1;581297.5228;5933643.2196;10.226944188;53.545386179
2965;1;0;56;15;2018;6;13;7;3;5;2;0;1;1;0;0;0;0;0;542829.0503;5956353.1624;9.649565711;53.754046866
2966;1;0;56;15;2018;7;20;3;3;2;2;0;0;1;0;0;0;0;0;542406.1861;5957173.7347;9.643265486;53.761456516
2967;1;0;3;0;2018;5;16;4;3;6;2;0;0;1;1;0;0;0;0;608955.9671;5971621.3047;10.657563015;53.881595259
2968;1;0;58;43;2018;5;20;7;2;0;7;0;1;0;0;0;0;0;0;552515.867;6037753.946;9.81061743;54.484697785
2969;1;0;1;0;2018;6;12;5;3;2;6;0;0;1;0;0;0;0;0;528205.7489;6071463.3873;9.438640399;54.789568058
2970;1;0;1;0;2018;6;11;7;3;0;7;0;1;1;0;0;0;0;0;526766.0331;6071907.6311;9.416292413;54.793639116
2971;1;0;56;41;2018;7;15;6;3;2;6;0;0;1;0;0;0;1;0;560131.7945;5955658.7307;9.911820862;53.746096801
2972;1;0;55;32;2018;6;18;7;3;3;6;0;1;0;0;0;0;0;0;618134.6989;5996823.2945;10.806906161;54.105988006
2973;1;0;4;0;2018;5;13;4;3;5;3;0;1;1;0;0;0;0;0;564826.321;5995736.931;9.991495712;54.105704705
2974;1;0;59;176;2018;6;18;3;3;0;1;0;0;0;0;1;0;0;0;534509.4226;6071953.8756;9.536725724;54.793581819
2975;1;0;2;0;2018;6;17;3;2;5;3;0;1;1;0;0;0;0;0;577352.611;6021820.497;10.189759251;54.338352079
2976;1;0;1;0;2018;5;17;3;3;4;6;0;1;0;0;0;0;0;0;528108.029;6070464.3221;9.437023943;54.780595462
2977;1;0;55;4;2018;6;9;4;3;0;1;0;0;0;0;1;0;0;0;610255.523;5978422.257;10.679774852;53.942421749
2978;1;0;57;91;2018;6;15;6;3;3;6;0;0;1;0;0;1;0;0;580319.147;6016074.6742;10.233830401;54.286265391
2979;1;0;55;28;2018;7;16;3;2;4;6;0;1;1;1;0;0;0;0;601745.5584;6003793.1386;10.558689881;54.172109635
2980;1;0;3;0;2018;6;11;6;3;5;3;0;1;1;0;0;0;0;0;611899.5963;5968409.6928;10.701152005;53.852115092
2981;1;0;60;11;2018;6;13;3;3;4;6;0;0;1;0;0;0;0;0;566591.0672;5985544.6684;10.016243825;54.013887494
2982;1;0;56;41;2018;7;13;6;2;3;7;0;0;1;0;0;0;0;0;562625.8095;5956274.8304;9.949758646;53.75134009
2983;1;0;53;2;2018;6;8;6;3;5;2;0;0;1;0;1;0;0;0;610534.3803;5942693.375;10.671214241;53.621360058
2984;1;0;4;0;2018;5;8;4;3;5;2;0;1;1;0;0;0;0;0;563789.7533;5991602.5336;9.974773082;54.068680566
2985;1;0;55;35;2018;7;16;5;3;2;2;0;0;1;0;0;1;0;0;613968.297;5975665.273;10.73528383;53.916849188
2986;1;0;53;32;2018;5;19;5;3;3;2;0;0;1;0;0;0;0;0;592099.977;5921696.879;10.386419529;53.436252461
2987;1;0;1;0;2018;6;22;1;3;5;2;1;1;1;0;0;0;0;0;527195.578;6073349.8161;9.423108279;54.806576174
2988;1;0;2;0;2018;5;9;2;3;5;7;0;0;1;0;0;0;0;0;573222.522;6017996.9152;10.125310198;54.304604013
2989;1;0;56;49;2018;5;14;1;2;5;3;0;0;1;0;0;0;0;0;543275.965;5948455.1334;9.655239095;53.683024419
2990;1;0;60;77;2018;6;17;2;3;5;3;0;1;1;0;0;0;0;0;573123.4655;5966800.0314;10.111429813;53.844558185
2991;1;0;60;63;2018;5;6;6;3;5;3;0;1;1;0;0;0;0;0;567865.0339;5949115.6704;10.027631477;53.686345666
2992;1;0;57;7;2018;5;8;5;3;9;6;0;0;1;0;0;0;0;0;610891.9787;6016689.9444;10.703508018;54.286075164
2993;1;0;3;0;2018;7;21;2;3;0;1;0;1;0;0;0;0;0;0;614887.1726;5975165.7328;10.749079887;53.91215846
2994;1;0;58;135;2018;6;7;2;2;9;1;0;0;1;0;0;0;0;0;541249.1157;6017680.5211;9.633933831;54.305343484
2995;1;0;62;20;2018;6;7;4;3;5;3;0;0;1;0;1;0;0;0;591822.7808;5937694.9376;10.386934153;53.580059888
2996;1;0;51;99;2018;6;7;5;3;2;6;0;0;1;0;0;0;0;0;518877.0024;5991810.8888;9.288494041;54.074156531
2997;1;0;62;9;2018;6;16;6;3;5;3;0;0;1;0;0;0;0;0;581547.7347;5934960.1839;10.231062917;53.557182308
2998;1;0;54;131;2018;6;13;2;3;2;2;0;0;1;0;0;0;0;0;494131.2422;6082168.7625;8.908513532;54.886531963
2999;1;0;3;0;2018;7;9;4;3;5;3;0;1;0;0;0;0;0;0;614945.906;5970768.009;10.748323387;53.872636779
3000;1;0;58;9;2018;5;15;4;3;5;3;0;0;1;0;0;0;0;0;550422.1411;5991236.0747;9.770464338;54.066868859
3001;1;0;55;4;2018;6;17;6;3;6;4;0;0;1;1;0;0;0;0;611059.034;5976995.4916;10.691492064;53.929431789
3002;1;0;56;43;2018;5;20;1;2;8;1;0;0;1;0;0;0;0;0;554284.6158;5945422.091;9.821373217;53.654737257
3003;1;0;57;22;2018;6;9;1;3;5;3;0;0;1;0;0;0;0;0;596153.068;6006942.488;10.47405444;54.20148354
3004;1;0;3;0;2018;5;15;4;3;3;6;0;1;0;0;0;0;0;0;610107.0019;5969815.4554;10.67441731;53.865128014
3005;1;0;58;174;2018;7;10;1;3;3;6;0;1;0;0;0;0;0;0;559155.1066;6051356.4331;9.915818463;54.606198583
3006;1;0;56;15;2018;6;9;7;2;3;6;0;0;1;0;0;0;0;0;546685.8988;5955324.5852;9.707900367;53.744471193
3007;1;0;3;0;2018;6;9;3;3;2;2;0;0;1;0;0;0;0;0;611145.7877;5968320.2185;10.689665364;53.851473104
3008;1;0;58;144;2018;6;15;4;3;9;7;0;0;1;0;0;0;0;0;562839.9341;6001592.163;9.962338266;54.158568895
3009;1;0;62;4;2018;5;8;3;3;5;2;0;0;1;0;1;0;0;0;586798.3105;5961376.2988;10.317692744;53.793716689
3010;1;0;59;109;2018;6;13;5;3;4;1;0;0;1;0;0;0;0;1;552466.6477;6061529.3888;9.814107633;54.698352029
3011;1;0;54;2;2018;6;10;7;3;5;3;0;0;1;0;0;0;1;0;505284.0391;6045200.1372;9.081700618;54.554307782
3012;1;0;61;47;2018;6;23;5;3;2;6;2;0;1;0;0;0;0;0;531563.8745;5983888.2519;9.481555636;54.002330344
3013;1;0;57;48;2018;6;19;5;3;5;2;0;1;1;0;0;0;0;0;603489.208;6017469.634;10.59010768;54.294632249
3014;1;0;4;0;2018;6;9;2;3;5;2;0;1;1;0;0;0;0;0;564882.4595;5991808.8997;9.991512205;54.070398624
3015;1;0;3;0;2018;7;14;4;3;3;6;0;1;0;0;0;0;0;0;612952.9494;5966288.1633;10.716377775;53.832827
3016;1;0;58;30;2018;5;9;4;3;5;3;0;0;1;0;0;0;0;0;540814.723;6030602.797;9.629030297;54.421508689
3017;1;0;56;36;2018;6;11;6;3;2;2;0;0;1;0;0;0;0;1;544257.5718;5946226.0231;9.669782591;53.66290741
3018;1;0;58;34;2018;5;13;1;3;4;6;0;1;0;0;0;0;0;0;543087.264;6018098.269;9.662241491;54.308945974
3019;1;0;3;0;2018;6;15;1;3;2;6;0;0;1;0;0;0;0;0;609324.3381;5966120.4083;10.661205473;53.832095796
3020;1;0;62;1;2018;5;17;4;3;8;6;0;1;0;0;0;0;0;0;580268.4895;5946411.9538;10.214706029;53.660290703
3021;1;0;62;86;2018;7;10;1;2;0;1;0;0;0;0;1;0;0;0;587974.2118;5936093.8692;10.328370041;53.566332112
3022;1;0;51;105;2018;6;13;7;3;8;1;0;0;1;0;0;0;0;1;495588.412;6009105.964;8.932324936;54.229926169
3023;1;0;56;36;2018;6;16;3;3;5;3;0;1;1;0;0;0;0;0;545706.5603;5946196.3129;9.691705105;53.662515732
3024;1;0;54;98;2018;6;18;4;3;5;3;0;0;1;0;0;0;0;0;464217.0802;6064804.2036;8.44434934;54.729243129
3025;1;0;56;13;2018;5;14;3;3;0;1;0;0;0;0;1;0;0;0;559178.4407;5943635.043;9.895071314;53.638145637
3026;1;0;4;0;2018;6;14;5;3;5;2;0;1;1;0;0;0;0;1;565455.7907;5991803.9654;10.000271129;54.07028176
3027;1;0;58;117;2018;6;17;7;3;9;1;0;0;1;0;0;0;0;0;553998.0963;6002720.1501;9.827152335;54.16971166
3028;1;0;62;60;2018;7;19;3;3;2;2;0;0;1;0;0;0;0;0;581123.1958;5929972.1159;10.223362694;53.512422485
3029;1;0;58;124;2018;5;13;4;3;5;3;0;1;1;0;0;0;0;0;545429.5503;6016264.0095;9.697960134;54.292258873
3030;1;0;59;81;2018;5;9;7;3;1;6;0;0;1;0;0;0;0;0;535182.6056;6050254.9513;9.544577509;54.598538416
3031;1;0;56;28;2018;6;8;4;3;4;6;0;1;0;0;0;0;0;0;544660.4846;5940931.351;9.675119401;53.615285506
3032;1;0;56;15;2018;6;14;6;3;0;7;0;1;0;0;0;0;0;0;542170.6017;5957205.7796;9.639696496;53.761763647
3033;1;0;56;44;2018;7;15;6;3;5;2;0;0;1;0;0;0;0;0;555463.6778;5939406.279;9.838139294;53.600546359
3034;1;0;58;135;2018;6;3;7;3;0;1;1;1;0;0;0;0;0;0;543550.454;6017419.146;9.669261065;54.302803513
3035;1;0;57;85;2018;5;16;4;3;0;1;0;1;0;0;0;0;0;0;578410.1;5996728.258;10.199466012;54.112721907
3036;1;0;51;44;2018;6;14;2;3;2;6;0;0;1;0;1;0;0;0;505911.1465;6005423.5054;9.09060624;54.196814647
3037;1;0;1;0;2018;6;21;3;3;5;3;1;1;1;0;0;0;0;0;525902.1106;6067653.0896;9.402476489;54.755450877
3038;1;0;59;75;2018;5;14;3;3;2;2;0;0;1;0;0;0;0;0;535623.068;6043829.9959;9.550616183;54.540768751
3039;1;0;2;0;2018;6;17;4;3;2;6;0;0;1;0;0;0;0;0;573684.3173;6019029.0021;10.13266035;54.313811627
3040;1;0;54;134;2018;6;18;6;3;3;6;0;0;1;0;0;0;0;0;480620.3798;6017043.5494;8.702199272;54.300916772
3041;1;0;58;43;2018;7;15;3;2;2;6;0;0;1;0;1;0;0;0;553758.5276;6033765.7378;9.829071655;54.448728525
3042;1;0;58;69;2018;6;8;6;3;5;2;0;0;1;0;1;0;0;0;553719.2716;6027529.3866;9.827336851;54.392690661
3043;1;0;55;35;2018;6;23;3;3;2;6;2;0;1;0;0;1;0;0;614745.742;5979306.565;10.748482528;53.949390357
3044;1;0;55;4;2018;6;20;6;3;0;1;0;1;0;0;0;0;0;0;611513.1289;5976365.5853;10.698175059;53.923675085
3045;1;0;2;0;2018;5;19;4;3;4;6;0;1;1;0;0;0;0;0;575170.1618;6022143.1936;10.156280089;54.341577926
3046;1;0;58;135;2018;7;16;5;3;5;2;0;0;1;0;1;0;0;0;543249.587;6014943.9783;9.664279762;54.280585054
3047;1;0;2;0;2018;5;15;4;3;2;6;0;0;1;0;0;0;0;0;572466.2572;6018344.2004;10.113774344;54.307832482
3048;1;0;60;5;2018;6;9;7;3;2;6;0;0;1;0;0;0;0;0;586567.5756;5976381.37;10.318423629;53.928586977
3049;1;0;54;134;2018;5;8;2;3;5;7;0;0;1;0;0;1;0;0;482529.824;6019739.09;8.731383016;54.325211401
3050;1;0;62;93;2018;5;1;1;3;6;6;2;0;1;1;0;0;0;0;594692.4613;5966337.6596;10.439021281;53.836919898
3051;1;0;58;9;2018;6;14;2;1;8;1;0;0;1;0;0;0;0;1;550851.8475;5991377.3749;9.777053417;54.068096493
3052;1;0;59;75;2018;5;16;5;2;5;2;0;0;1;0;1;0;0;0;535760.7489;6040718.0559;9.552366532;54.512792948
3053;1;0;55;46;2018;7;20;2;3;0;7;0;1;0;0;0;0;0;0;642526.1423;6034393.7518;11.197591992;54.437229492
3054;1;0;54;33;2018;6;15;2;3;2;6;0;0;1;0;0;0;0;0;505436.1511;6025210.6851;9.083685187;54.374656754
3055;1;0;55;27;2018;6;9;4;3;5;2;0;0;1;0;1;0;0;0;621926.1314;6010025.4538;10.870206088;54.223697199
3056;1;0;56;41;2018;6;13;4;3;5;3;0;0;1;0;0;0;0;0;562864.8905;5955374.7332;9.953200781;53.743222088
3057;1;0;3;0;2018;6;11;6;3;0;1;0;1;0;0;0;0;0;0;609659.151;5969658.8;10.667553958;53.863815374
3058;1;0;51;110;2018;6;2;1;3;8;1;2;0;1;0;0;0;0;1;515097.0788;5989104.7228;9.230591924;54.049958837
3059;1;0;55;28;2018;7;16;4;3;2;3;0;1;1;0;0;0;0;0;602030.753;6005724.102;10.563711654;54.189401376
3060;1;0;2;0;2018;5;7;4;3;5;3;0;0;1;0;0;0;0;0;576876.2623;6020881.5666;10.182192208;54.32998732
3061;1;0;57;50;2018;6;16;6;3;8;7;0;0;0;0;0;0;1;0;591164.2026;6016633.3432;10.40054629;54.289465846
3062;1;0;51;58;2018;5;10;7;3;2;6;0;0;1;0;0;0;0;0;497359.1848;6017731.2729;8.959413019;54.307458422
3063;1;0;56;48;2018;6;11;5;3;5;2;0;1;1;0;0;0;0;0;547346.9543;5950160.2619;9.717133032;53.697996539
3064;1;0;2;0;2018;5;7;6;3;0;2;0;1;1;0;0;0;0;0;573223.6915;6024355.3112;10.126889438;54.361738356
3065;1;0;54;98;2018;6;17;1;2;5;2;0;0;1;0;0;0;0;0;465364.624;6064378.352;8.462218618;54.725496586
3066;1;0;60;61;2018;7;9;7;2;2;2;0;0;1;0;0;0;0;0;590934.9749;5973264.5929;10.383991698;53.899832982
3067;1;0;55;44;2018;5;7;4;3;0;7;0;0;0;0;1;0;0;1;614457.84;5987574.687;10.747204813;54.023732959
3068;1;0;54;56;2018;7;20;1;3;0;7;0;1;0;0;0;0;0;0;502655.2924;6039861.6094;9.041007434;54.506350413
3069;1;0;3;0;2018;6;14;7;3;5;3;0;1;1;0;0;0;0;0;608089.2649;5968094.1097;10.643141126;53.850086767
3070;1;0;55;28;2018;6;19;3;3;1;6;0;0;1;0;0;0;0;0;601173.9347;6003220.6842;10.549744166;54.167079477
3071;1;0;56;13;2018;6;13;3;3;2;6;0;0;1;0;0;0;0;0;557473.2735;5945603.5713;9.869647995;53.656027644
3072;1;0;53;100;2018;5;12;3;3;5;2;0;1;1;0;0;0;0;0;617673.4988;5951370.2378;10.782384549;53.69775841
3073;1;0;59;53;2018;6;15;5;3;4;6;0;0;1;0;0;0;0;1;535500.3478;6027777.9356;9.54679254;54.396520665
3074;1;0;59;75;2018;6;21;7;3;1;5;1;0;1;0;1;0;0;0;536505.2486;6041413.3202;9.563951658;54.518988016
3075;1;0;51;82;2018;6;15;6;2;2;2;0;0;1;0;1;0;0;0;513744.9553;6002201.8262;9.210535329;54.167709403
3076;1;0;61;10;2018;5;10;6;3;2;2;0;0;1;0;0;0;0;0;529687.6734;5975732.9883;9.452138334;53.929144635
3077;1;0;3;0;2018;6;14;4;3;5;3;0;0;1;0;1;0;0;0;613287.434;5965418.8995;10.721137668;53.82494463
3078;1;0;3;0;2018;7;13;6;3;5;2;0;1;1;0;0;0;0;0;610607.2323;5968213.7294;10.681443653;53.850631352
3079;1;0;54;59;2018;6;19;7;3;5;2;0;0;1;0;1;0;0;0;508777.713;6056234.675;9.136049121;54.653426493
3080;1;0;2;0;2018;5;8;4;3;5;2;0;1;1;0;0;0;0;0;573158.76;6021799.438;10.125262698;54.338781482
3081;1;0;59;179;2018;5;11;6;3;5;3;0;0;1;0;0;0;0;0;513026.5686;6060178.4784;9.202079262;54.688777031
3082;1;0;3;0;2018;6;6;2;3;5;2;0;1;1;0;0;0;0;0;610143.2733;5969934.5407;10.675011386;53.866190214
3083;1;0;60;68;2018;6;21;2;2;0;1;0;0;0;0;1;0;0;0;575872.028;5985921.021;10.157944173;54.015988914
3084;1;0;56;39;2018;5;22;2;3;5;2;1;0;1;0;0;0;0;0;552500.138;5944299.351;9.79418578;53.644828698
3085;1;0;3;0;2018;5;19;1;3;1;7;0;0;1;0;0;0;0;0;610284.0774;5969924.9895;10.67714823;53.866074508
3086;1;0;58;69;2018;6;11;3;3;4;6;0;0;1;0;1;0;0;0;553613.9255;6029420.5283;9.826056014;54.409696284
3087;1;0;62;6;2018;5;7;5;2;5;2;0;1;1;0;0;0;0;0;583837.8706;5953364.4504;10.270587292;53.722207019
3088;1;0;1;0;2018;7;8;3;3;5;2;0;1;1;0;0;0;0;0;527197.5757;6072493.9922;9.423059019;54.79888523
3089;1;0;55;4;2018;6;13;6;2;2;6;0;0;1;0;1;0;0;0;611656.464;5975051.903;10.699877193;53.91184198
3090;1;0;2;0;2018;6;10;3;3;0;7;0;0;0;0;1;0;0;0;572175.356;6019174.3124;10.109504897;54.315332863
3091;1;0;54;73;2018;6;15;6;3;5;2;0;0;1;0;0;0;1;0;502340.1565;6078002.2928;9.036446296;54.849118465
3092;1;0;2;0;2018;5;0;4;3;0;7;2;1;0;0;0;0;0;0;572994.4104;6021163.7192;10.122579722;54.333092654
3093;1;0;3;0;2018;6;8;5;3;1;6;0;0;1;0;0;0;0;0;621690.8139;5981404.1283;10.855087911;53.966646899
3094;1;0;53;100;2018;6;22;5;3;5;3;2;0;1;0;0;0;0;0;614417.924;5951699.67;10.733219598;53.701441481
3095;1;0;2;0;2018;5;14;4;3;6;4;0;1;0;1;0;0;0;0;576029.85;6020109.8793;10.168982551;54.323180082
3096;1;0;54;85;2018;6;12;7;3;0;7;0;0;1;0;1;0;0;1;458413.8574;6055091.3525;8.355624693;54.641513935
3097;1;0;3;0;2018;5;9;7;3;2;6;0;0;1;0;0;0;0;0;609867.8952;5973031.8824;10.67193562;53.89407593
3098;1;0;62;27;2018;6;16;4;2;2;6;0;0;1;0;1;0;0;0;586023.5504;5952554.6948;10.303477556;53.714574787
3099;1;0;53;83;2018;6;21;6;2;5;3;1;1;1;0;0;0;0;0;602558.9025;5914974.8008;10.541617114;53.373920201
3100;1;0;55;4;2018;7;19;6;3;2;6;0;1;1;0;0;0;0;0;611302.5582;5976339.0783;10.694960287;53.923482232
3101;1;0;2;0;2018;6;0;7;3;8;1;2;0;1;0;0;0;0;0;576852.7746;6019412.7743;10.181452802;54.316792997
3102;1;0;54;36;2018;5;20;4;3;0;1;0;1;0;0;0;0;0;0;486716.6866;6020392.906;8.795729511;54.331213622
3103;1;0;2;0;2018;5;9;6;2;2;6;0;0;1;0;1;0;0;0;574644.3175;6020861.5336;10.147872405;54.330138648
3104;1;0;56;37;2018;6;17;2;3;5;2;0;0;1;0;0;0;0;1;541104.0087;5947474.2492;9.622225863;53.674383733
3105;1;0;59;186;2018;6;14;3;3;0;1;0;1;0;0;0;0;0;0;549499.9122;6067687.3813;9.769125646;54.753988295
3106;1;0;51;44;2018;5;16;2;3;2;6;0;0;1;0;0;0;0;0;508806.6704;6005493.5196;9.134990859;54.197402355
3107;1;0;62;9;2018;6;7;3;3;2;6;0;0;1;0;0;0;0;0;582543.8237;5938256.0165;10.246967383;53.586644402
3108;1;0;51;72;2018;5;12;5;3;5;3;0;1;1;0;0;0;0;0;500491.201;5978888.611;9.007486115;53.958358143
3109;1;0;2;0;2018;7;8;3;3;0;5;0;1;1;0;0;0;0;0;573737.953;6023878.8127;10.134684034;54.357382592
3110;1;0;57;8;2018;6;13;6;3;0;1;0;1;0;0;0;0;0;1;569395.6714;5993056.2583;10.060754742;54.081019576
3111;1;0;4;0;2018;6;7;3;3;5;3;0;1;1;0;0;0;0;0;565362.0879;5993693.2869;9.999247182;54.087271914