OBJECTID_1;ULAND;UREGBEZ;UKREIS;UGEMEINDE;UJAHR;UMONAT;USTUNDE;UWOCHENTAG;UKATEGORIE;UART;UTYP1;ULICHTVERH;IstRad;IstPKW;IstFuss;IstKrad;IstGkfz;IstSonstig;STRZUSTAND;LINREFX;LINREFY;XGCSWGS84;YGCSWGS84
3112;1;0;2;0;2018;6;0;6;2;5;3;2;0;1;0;0;0;0;0;572818.0022;6023507.5562;10.120440012;54.354178833
3113;1;0;54;76;2018;5;9;4;3;5;2;0;1;1;0;0;0;0;0;498015.6755;6069599.4913;8.969153118;54.773606538
3114;1;0;54;87;2018;7;16;5;3;6;6;0;1;0;1;0;0;0;0;467357.8079;6060165.1066;8.49363716;54.687767534
3115;1;0;1;0;2018;5;19;4;3;2;6;0;0;1;0;1;0;0;0;529908.8021;6071061.7973;9.465082991;54.785860572
3116;1;0;3;0;2018;6;17;7;3;5;2;0;0;1;0;0;0;0;1;611239.4436;5971697.217;10.692312896;53.881792674
3117;1;0;59;10;2018;5;17;2;3;2;6;0;0;1;0;0;0;1;0;528578.2688;6052453.1683;9.442569644;54.618709884
3118;1;0;55;46;2018;5;8;1;2;5;3;0;1;1;0;0;0;0;0;638986.4005;6035384.4727;11.143520817;54.447107162
3119;1;0;2;0;2018;6;1;2;2;8;1;2;1;0;0;0;0;0;0;572571.7166;6021995.8712;10.116283048;54.340630417
3120;1;0;1;0;2018;5;11;5;3;8;1;0;0;0;0;1;0;0;0;528262.4506;6070690.6983;9.439446867;54.782621117
3121;1;0;4;0;2018;7;10;2;3;3;6;0;0;1;0;0;0;0;0;564198.4951;5994894.1445;9.981716001;54.098209769
3122;1;0;59;144;2018;6;8;2;3;5;3;0;0;1;0;0;0;0;0;514686.4852;6067510.6;9.228198913;54.754623414
3123;1;0;4;0;2018;6;12;4;2;5;2;0;1;1;0;0;0;0;0;564855.8818;5995927.3738;9.99198861;54.107412377
3124;1;0;60;5;2018;6;14;4;3;5;2;0;1;1;0;0;0;0;0;585057.3879;5977282.4651;10.295680855;53.936934201
3125;1;0;4;0;2018;5;16;4;3;5;3;0;1;1;0;0;0;0;0;563860.2578;5991476.2554;9.975823682;54.067537032
3126;1;0;2;0;2018;6;11;6;3;5;3;0;0;1;0;0;0;0;0;573985.5934;6023609.5559;10.138427011;54.354927279
3127;1;0;59;77;2018;6;7;6;3;9;1;0;0;0;0;1;0;0;1;531509.1494;6042147.2696;9.486851167;54.525919132
3128;1;0;53;3;2018;6;20;1;3;4;6;0;0;1;0;0;0;0;0;587642.595;5929453.2504;10.321504509;53.506713539
3129;1;0;58;135;2018;7;16;4;3;2;6;0;0;1;0;0;0;0;0;542255.1874;6017081.3017;9.649309728;54.29987613
3130;1;0;1;0;2018;5;14;4;3;5;3;0;1;1;0;0;0;0;0;528455.9928;6072736.8936;9.442656948;54.80099824
3131;1;0;60;11;2018;5;18;7;3;1;5;0;0;1;0;0;0;1;0;566521.499;5985292.6147;10.015127191;54.011631385
3132;1;0;62;53;2018;6;15;5;3;5;2;0;1;1;0;0;0;0;0;576789.9709;5933192.0604;10.158821086;53.542010189
3133;1;0;60;64;2018;6;14;7;2;5;2;0;1;1;0;0;0;0;0;560670.178;5967912.3044;9.922397373;53.856157955
3134;1;0;55;32;2018;7;15;7;3;4;6;0;0;1;0;0;0;0;0;617480.0126;5996264.5875;10.796680957;54.101118838
3135;1;0;55;37;2018;5;7;4;3;2;2;0;0;1;0;0;0;0;0;620742.217;5999708.013;10.847919031;54.131296388
3136;1;0;59;171;2018;7;9;1;3;1;5;0;0;1;0;1;0;0;0;525780.2647;6057379.9585;9.399674387;54.663136263
3137;1;0;58;30;2018;6;13;7;2;5;3;0;0;1;0;0;0;0;0;540813.7347;6030603.692;9.62901519;54.421516812
3138;1;0;2;0;2018;6;11;3;3;0;7;0;1;0;0;0;0;0;0;573640.808;6022809.822;10.132925191;54.34779108
3139;1;0;3;0;2018;6;14;3;3;3;2;0;1;1;0;0;0;0;0;609678.37;5968737.7916;10.667516963;53.855536681
3140;1;0;3;0;2018;5;18;3;2;5;2;0;1;1;0;0;0;0;0;610251.8556;5973668.4807;10.678005042;53.899713773
3141;1;0;60;63;2018;6;6;5;3;2;6;0;0;1;0;0;0;0;1;562305.0369;5947962.5676;9.943221958;53.67667517
3142;1;0;62;82;2018;6;19;6;3;0;3;0;1;1;0;0;0;0;0;593644.8879;5940524.2802;10.415296462;53.605161608
3143;1;0;56;15;2018;6;12;6;3;5;3;0;0;1;0;0;0;0;0;543521.788;5957030.665;9.660166822;53.760078657
3144;1;0;3;0;2018;6;15;4;3;3;6;0;1;1;0;0;0;0;0;621841.6924;5980363.7938;10.856971073;53.957265792
3145;1;0;58;76;2018;7;16;6;3;2;6;0;0;1;0;0;0;1;0;562740.2601;6004263.1375;9.961368496;54.182583515
3146;1;0;51;11;2018;6;13;6;3;5;3;0;0;1;0;1;0;0;0;505924.7472;5973143.3791;9.090184232;53.906686258
3147;1;0;1;0;2018;5;7;4;3;5;3;0;0;1;0;1;0;0;0;528773.1684;6070720.1209;9.447390562;54.782856504
3148;1;0;62;78;2018;5;13;6;3;2;6;0;0;1;0;0;0;0;0;587080.4939;5949618.7412;10.318663233;53.688017085
3149;1;0;58;92;2018;6;14;2;3;5;3;0;1;1;0;0;0;0;0;569484.3528;6021612.3683;10.06871382;54.337614188
3150;1;0;56;5;2018;6;9;2;3;2;1;0;0;1;0;0;1;0;0;559718.245;5946772.677;9.903837655;53.666283253
3151;1;0;3;0;2018;5;14;2;3;5;2;0;1;1;0;0;0;0;0;611240.1564;5969112.6888;10.691386427;53.858572625
3152;1;0;55;44;2018;5;15;1;3;5;3;0;0;1;0;0;0;0;0;608639.4181;5987510.4355;10.658405498;54.024413297
3153;1;0;4;0;2018;6;7;3;3;5;3;0;1;1;0;0;0;0;0;566402.3317;5990523.0896;10.014452743;54.058650158
3154;1;0;55;33;2018;5;9;5;3;5;6;0;1;0;0;0;0;1;0;623489.7585;6017499.8443;10.897256482;54.290462248
3155;1;0;61;46;2018;7;5;2;3;5;3;0;0;1;0;0;0;0;0;532105.8961;5976133.2299;9.489008092;53.932597603
3156;1;0;60;44;2018;6;11;5;3;6;2;0;0;1;1;0;0;0;0;562250.7461;5964979.8963;9.945829748;53.82961753
3157;1;0;60;5;2018;6;17;2;3;2;2;0;0;1;0;1;0;0;0;584959.628;5977228.279;10.294177026;53.936463352
3158;1;0;51;74;2018;6;12;5;3;5;3;0;0;1;0;0;0;0;0;505510.451;5993451.385;9.084245687;54.089217372
3159;1;0;54;61;2018;5;4;4;3;6;6;0;1;0;1;0;0;0;0;458124.2644;6089354.0996;8.346187792;54.949379993
3160;1;0;2;0;2018;6;17;5;3;5;2;0;1;1;0;0;0;0;0;572443.6825;6020986.4997;10.114068817;54.331578693
3161;1;0;58;128;2018;6;18;5;3;2;6;0;0;1;0;0;0;0;0;562352.482;5989615.2652;9.952404822;54.050997754
3162;1;0;3;0;2018;6;16;2;3;5;2;0;1;1;0;0;0;0;0;608097.5493;5967496.856;10.643056813;53.844719048
3163;1;0;56;36;2018;7;7;4;3;5;3;0;1;0;0;0;0;1;0;544529.9618;5947191.015;9.674042958;53.671557435
3164;1;0;1;0;2018;5;8;4;3;2;6;0;0;1;0;0;0;1;0;529736.3915;6071683.9409;9.462465896;54.791461675
3165;1;0;2;0;2018;6;17;7;3;2;6;0;0;1;0;0;0;0;1;574871.7708;6018487.7271;10.150773884;54.3087752
3166;1;0;53;3;2018;5;13;1;3;4;6;0;0;1;0;0;0;1;0;595738.1284;5931652.9196;10.444203002;53.52506788
3167;1;0;55;43;2018;5;6;1;3;8;7;0;0;0;0;0;0;1;0;616739.327;6017356.4645;10.793546928;54.290760693
3168;1;0;59;184;2018;6;17;2;3;2;6;0;0;1;0;0;1;0;0;526710.5248;6059904.3193;9.414326798;54.685773433
3169;1;0;56;39;2018;5;9;4;3;5;3;0;1;1;0;0;0;0;0;552295.5102;5945157.5075;9.791235017;53.652561948
3170;1;0;61;93;2018;7;6;1;2;9;7;0;0;1;0;0;0;0;0;547735.4633;5982203.8491;9.727995799;53.985950804
3171;1;0;58;23;2018;6;15;1;3;2;2;0;0;1;0;0;0;0;1;556975.574;6003109.796;9.872829881;54.172891417
3172;1;0;59;176;2018;6;15;4;3;1;1;0;0;1;0;0;0;0;0;534871.8798;6075144.2038;9.54274686;54.822226016
3173;1;0;58;140;2018;6;15;4;3;4;6;0;0;1;0;0;0;0;0;546450.0821;6018056.4979;9.713916466;54.308275808
3174;1;0;2;0;2018;5;15;4;3;5;2;0;1;1;0;0;0;0;0;572233.7633;6019206.9251;10.110410459;54.315617653
3175;1;0;62;91;2018;6;14;5;3;9;1;0;0;1;0;0;0;0;1;592043.0863;5952130.3124;10.394534074;53.709734612
3176;1;0;51;81;2018;6;13;7;3;5;2;0;1;1;0;0;0;0;0;502400.1111;6004403.1997;9.036780858;54.187672973
3177;1;0;61;46;2018;7;7;3;3;5;3;0;1;1;0;0;0;0;0;532138.4333;5973700.7855;9.489247968;53.910733487
3178;1;0;58;98;2018;5;19;4;3;0;6;0;0;1;0;1;0;0;0;562985.9616;6001198.5679;9.964491954;54.155014
3179;1;0;58;85;2018;5;17;7;2;8;1;0;0;0;0;1;0;0;0;542093.4179;5991438.3402;9.643236958;54.0694344
3180;1;0;2;0;2018;6;20;5;3;8;1;0;0;1;0;0;0;0;1;572835.201;6024832.104;10.121028635;54.366078307
3181;1;0;1;0;2018;7;8;5;3;2;2;0;0;1;0;1;0;0;0;527855.1056;6069385.8461;9.432988098;54.770917839
3182;1;0;58;24;2018;5;1;4;3;0;1;2;0;1;0;0;0;0;0;546228.8521;6021718.8903;9.711084026;54.34120884
3183;1;0;4;0;2018;6;23;7;2;4;1;2;0;1;0;0;0;0;0;566662.4998;5997503.7622;10.019964288;54.121347404
3184;1;0;51;137;2018;5;9;1;1;9;1;0;0;0;0;1;0;0;0;502669.036;5993987.7;9.040809897;54.094060224
3185;1;0;2;0;2018;6;17;2;3;5;2;0;1;1;0;0;0;0;1;574047.35;6020692.6408;10.13865239;54.328708004
3186;1;0;51;72;2018;5;9;4;3;5;3;0;1;1;0;0;0;0;0;500569.2513;5978338.4308;9.008674608;53.953413052
3187;1;0;1;0;2018;7;12;2;3;0;2;0;1;1;0;0;0;0;0;528270.7354;6071721.9394;9.439676211;54.791887871
3188;1;0;53;103;2018;6;3;1;3;0;7;2;1;0;0;0;0;0;0;607600.9286;5957003.5945;10.631846746;53.750544754
3189;1;0;57;46;2018;6;10;4;2;5;3;0;0;1;0;0;0;0;0;588144.0327;6006413.2046;10.351157895;54.19816723
3190;1;0;55;4;2018;6;9;4;3;5;3;0;0;1;0;1;0;0;0;612390.487;5976973.0029;10.711752658;53.928942516
3191;1;0;2;0;2018;5;19;4;1;3;6;2;0;0;0;1;0;1;0;578035.3517;6020046.7997;10.199793878;54.322310641
3192;1;0;60;70;2018;6;6;5;3;9;1;0;0;1;0;0;0;0;1;583506.4147;5979133.7519;10.272567657;53.953821948
3193;1;0;54;42;2018;6;3;1;3;0;1;2;0;1;0;0;0;0;0;502625.4121;6041675.6717;9.040562123;54.522653806
3194;1;0;59;92;2018;7;8;4;3;0;7;0;1;0;0;0;0;0;1;520284.3465;6041131.0528;9.313349307;54.517360123
3195;1;0;56;36;2018;5;20;3;3;5;2;0;1;0;0;1;0;0;0;545569.2274;5946254.4118;9.689635453;53.663049898
3196;1;0;3;0;2018;5;21;7;2;5;3;0;0;1;1;0;0;0;0;610298.817;5969922.97;10.677371551;53.866053232
3197;1;0;55;32;2018;6;6;5;3;0;7;0;0;0;0;1;0;0;1;619672.8789;5996659.8163;10.830355221;54.104164023
3198;1;0;62;56;2018;6;14;7;3;5;3;0;1;1;0;0;0;0;1;591072.1331;5957091.0851;10.381288729;53.754480968
3199;1;0;54;56;2018;7;15;7;2;6;4;0;0;1;1;0;0;0;0;498791.4303;6041876.4541;8.981327;54.524463624
3200;1;0;60;85;2018;6;10;7;3;0;7;0;1;0;0;0;0;0;0;577851.9768;5966124.7407;10.18311268;53.837802731
3201;1;0;57;70;2018;6;15;3;3;0;2;0;0;1;0;1;0;0;0;586342.4772;6008178.1467;10.324057196;54.214332094
3202;1;0;4;0;2018;6;12;3;3;2;2;0;0;1;0;0;0;0;0;562675.4401;5989682.7001;9.957351028;54.051564604
3203;1;0;2;0;2018;5;18;3;3;0;2;0;0;1;0;0;0;1;0;572436.4245;6020974.7508;10.113954371;54.331474151
3204;1;0;60;47;2018;6;19;4;3;7;1;0;0;0;0;1;0;0;0;569647.4184;5963741.9388;10.057913519;53.817553905
3205;1;0;55;44;2018;6;15;6;3;4;6;0;0;1;0;0;0;0;0;611854.4056;5988969.8068;10.707996671;54.036837343
3206;1;0;60;49;2018;6;18;6;3;5;3;0;0;1;0;1;0;0;0;586554.8803;5979908.411;10.319230128;53.960281744
3207;1;0;2;0;2018;6;18;4;3;0;7;0;1;0;0;0;0;0;0;572620.7772;6021963.023;10.117029527;54.340328271
3208;1;0;2;0;2018;7;15;6;3;2;6;0;0;1;0;1;0;0;0;576659.6966;6019593.8863;10.178531835;54.318449411
3209;1;0;56;39;2018;6;16;6;3;4;6;0;0;1;0;0;0;0;0;551536.1874;5947086.0864;9.780067585;53.669970594
3210;1;0;56;48;2018;5;11;3;3;5;2;0;1;1;0;0;0;0;0;547105.385;5949963.986;9.713444622;53.696254321
3211;1;0;51;72;2018;7;10;5;3;5;3;0;0;1;0;0;0;0;0;500610.1643;5977850.09;9.00929709;53.949023803
3212;1;0;51;44;2018;5;7;5;2;5;2;0;1;1;0;0;0;0;0;507113.431;6005406.752;9.109034465;54.196648806
3213;1;0;56;46;2018;6;20;2;3;2;6;0;0;1;0;0;0;1;0;547635.5353;5954029.2074;9.722098904;53.732742956
3214;1;0;55;46;2018;6;15;2;1;5;7;0;0;1;0;1;0;0;0;640290.2547;6035396.6501;11.163619488;54.446858274
3215;1;0;55;40;2018;5;17;2;2;2;2;0;0;1;0;1;0;0;0;607835.4487;5972392.2212;10.64079542;53.888755604
3216;1;0;54;168;2018;5;12;1;3;8;1;0;1;0;0;0;0;0;0;454567.7436;6078409.2397;8.292390427;54.850719527
3217;1;0;1;0;2018;6;16;3;3;0;1;0;1;0;0;0;0;0;0;528000.2754;6070286.4098;9.435331473;54.779002678
3218;1;0;58;54;2018;5;18;5;3;5;3;0;1;0;0;0;0;0;0;539200.8886;6017493.4475;9.602433238;54.303823562
3219;1;0;62;53;2018;7;18;2;3;5;2;0;1;1;0;0;0;0;0;576367.433;5933277.4382;10.152466919;53.54283907
3220;1;0;56;36;2018;6;7;5;3;5;3;0;1;1;0;0;0;0;0;545487.3741;5946454.437;9.688426099;53.664854807
3221;1;0;53;20;2018;6;8;2;3;5;3;0;1;1;0;0;0;0;0;607206.5829;5927444.645;10.615693442;53.485041961
3222;1;0;53;9;2018;6;14;5;3;6;2;0;0;1;1;0;0;0;0;608073.3768;5955230.938;10.638388769;53.73452036
3223;1;0;60;19;2018;5;17;3;3;5;2;0;1;1;0;0;0;0;0;560641.1312;5956196.6538;9.91964878;53.750872192
3224;1;0;54;159;2018;6;2;5;2;8;1;2;0;1;0;0;0;0;0;514704.858;6036607.1836;9.226933831;54.47689625
3225;1;0;2;0;2018;6;7;5;3;5;3;0;0;0;0;0;1;1;0;572707.055;6023488.582;10.118728612;54.35402417
3226;1;0;4;0;2018;6;18;2;3;2;6;0;0;1;0;0;0;0;0;563067.6947;5992460.8003;9.963919676;54.076482301
3227;1;0;62;59;2018;7;15;4;2;8;1;0;0;0;0;1;0;0;0;597101.4122;5970366.5257;10.47689062;53.872675297
3228;1;0;53;129;2018;5;16;3;2;5;3;0;0;1;0;1;0;0;0;584261.39;5927363.856;10.269974333;53.488489904
3229;1;0;54;56;2018;6;3;7;2;8;7;2;0;1;0;0;0;0;1;503306.7349;6034293.9845;9.051005785;54.456309271
3230;1;0;3;0;2018;5;11;1;3;5;3;0;0;1;0;0;0;0;0;612346.4229;5967847.208;10.707735799;53.84696518
3231;1;0;56;3;2018;6;14;1;3;5;3;0;1;1;0;0;0;0;0;551826.21;5955896.565;9.785931398;53.74912619
3232;1;0;62;4;2018;5;15;4;3;6;6;0;1;0;1;0;0;0;0;589383.283;5962909.384;10.357368372;53.807054987
3233;1;0;62;18;2018;7;1;1;3;5;3;2;0;1;0;0;0;0;0;580281.2009;5933038.2175;10.211454361;53.540105622
3234;1;0;59;53;2018;6;23;1;2;9;1;1;0;0;0;1;0;0;0;534478.259;6029545.988;9.531255941;54.412480266
3235;1;0;60;63;2018;6;13;3;3;0;7;0;1;0;0;0;0;0;0;567149.7241;5948867.4678;10.016748204;53.684207501
3236;1;0;2;0;2018;6;7;4;3;6;4;0;1;0;1;0;0;0;0;575119.0505;6026929.9071;10.156702042;54.384596666
3237;1;0;51;122;2018;5;21;3;3;5;3;0;0;1;0;0;0;0;0;505220.9617;6009362.2941;9.080095543;54.232222341
3238;1;0;58;92;2018;6;10;5;3;2;6;0;0;1;0;0;0;0;0;571711.6039;6021946.664;10.103043866;54.340309888
3239;1;0;56;2;2018;6;5;7;3;0;7;1;1;0;0;0;0;0;0;551095.4927;5960454.7255;9.775606141;53.790164527
3240;1;0;60;92;2018;7;15;3;3;5;2;0;0;1;0;1;0;0;0;579213.0387;5979074.4932;10.20714128;53.953964574
3241;1;0;62;6;2018;5;9;3;3;6;6;0;0;1;1;0;0;0;0;585222.1556;5954751.2421;10.291942748;53.734444532
3242;1;0;58;54;2018;5;9;7;3;5;2;0;1;1;0;0;0;0;0;538573.122;6017488.923;9.59278581;54.303830692
3243;1;0;51;97;2018;6;22;4;3;5;3;1;0;1;0;0;0;0;0;508057.7805;5983056.6472;9.122914101;53.995757641
3244;1;0;4;0;2018;6;10;7;3;3;6;0;0;1;0;0;0;0;0;562294.1012;5997588.7199;9.953154049;54.122658615
3245;1;0;60;36;2018;7;15;6;3;2;6;0;0;1;0;0;0;0;0;565350.902;5972924.2673;9.994617668;53.900631189
3246;1;0;58;9;2018;6;13;7;3;8;7;0;0;1;0;0;0;0;0;553876.9053;5991751.7959;9.823339961;54.07115393
3247;1;0;53;129;2018;5;18;3;3;5;2;0;1;1;0;0;0;0;0;584128.058;5928393.617;10.268241422;53.497765161
3248;1;0;60;4;2018;6;14;3;3;3;6;0;0;1;0;0;0;0;0;561588.2411;5972942.3487;9.937363641;53.901254366
3249;1;0;2;0;2018;6;22;3;2;4;6;1;1;0;0;0;0;0;0;575084.9189;6022359.0403;10.155023542;54.343529986
3250;1;0;1;0;2018;5;14;3;3;5;3;0;0;1;0;0;0;1;0;526667.8955;6070095.0808;9.414599464;54.777355849
3251;1;0;4;0;2018;6;13;4;3;5;2;0;1;1;0;0;0;0;0;564937.753;5990912.896;9.992165071;54.062339749
3252;1;0;2;0;2018;6;13;6;3;2;6;0;0;1;0;1;0;0;0;573591.7783;6018708.2189;10.131159104;54.310942512
3253;1;0;55;32;2018;7;19;3;3;5;3;0;1;1;0;0;0;0;0;619348.3646;5996758.2344;10.825433515;54.105123497
3254;1;0;55;32;2018;6;14;6;3;9;3;0;0;1;0;1;0;0;0;617241.704;5996076.327;10.792965388;54.099481969
3255;1;0;62;90;2018;6;15;3;2;3;6;0;0;0;0;1;0;1;0;578844.6272;5950975.5218;10.19432365;53.701517568
3256;1;0;3;0;2018;6;10;6;2;5;2;0;1;1;0;0;0;0;0;622129.7229;5980619.6005;10.861460747;53.959495852
3257;1;0;55;1;2018;5;5;3;3;5;3;1;0;1;0;0;0;0;0;603002.496;5986471.7448;10.57204134;54.016237013
3258;1;0;3;0;2018;7;13;5;3;5;2;0;1;1;0;0;0;0;0;611612.668;5968783.675;10.69692804;53.855536763
3259;1;0;1;0;2018;6;11;7;3;5;2;0;0;1;0;0;0;0;1;525419.7646;6069604.5639;9.395152631;54.773012552
3260;1;0;3;0;2018;7;14;7;3;2;6;0;0;1;0;0;0;0;0;609871.1;5973085.5788;10.672003629;53.894557672
3261;1;0;3;0;2018;6;0;7;3;3;1;2;1;0;0;0;0;0;0;622266.5441;5982925.1262;10.864469455;53.980174539
3262;1;0;54;46;2018;6;13;3;2;0;6;0;1;0;0;0;0;0;0;454045.6347;6068118.2889;8.285891685;54.758197263
3263;1;0;2;0;2018;6;16;3;3;2;6;0;0;1;0;0;0;0;0;574960.3967;6028416.1353;10.154634519;54.397974551
3264;1;0;2;0;2018;5;17;3;3;6;7;0;1;0;1;0;0;0;0;573710.2884;6021863.7496;10.133759885;54.339279976
3265;1;0;55;46;2018;6;17;4;3;6;4;0;0;1;1;0;0;0;0;642564.433;6034824.958;11.198389371;54.441091263
3266;1;0;58;58;2018;6;14;6;3;2;2;0;0;1;0;0;0;0;0;563199.951;6029304.002;9.973705955;54.407548874
3267;1;0;55;41;2018;7;11;3;2;0;7;0;0;0;0;1;0;0;0;607783.0367;5991774.8299;10.646852924;54.062904772
3268;1;0;62;4;2018;6;14;6;3;9;7;0;0;1;0;0;0;0;0;588796.6563;5962849.1694;10.34844526;53.806614386
3269;1;0;60;11;2018;6;15;3;3;5;3;0;0;1;0;1;0;0;0;566652.139;5985760.369;10.017222964;54.015818001
3270;1;0;54;88;2018;7;5;6;3;8;1;0;0;1;0;0;0;0;0;487234.7003;6073655.8216;8.801381877;54.809901111
3271;1;0;62;39;2018;6;13;6;3;0;7;0;1;0;0;0;0;0;0;601644.6646;5963888.185;10.543822108;53.813598188
3272;1;0;3;0;2018;5;12;3;3;5;2;0;1;1;0;0;0;0;0;613362.8768;5965229.6521;10.722213527;53.823227963
3273;1;0;60;2;2018;7;6;5;3;9;6;0;0;1;0;0;0;0;0;562186.6437;5960076.1683;9.943865438;53.785555472
3274;1;0;60;63;2018;5;5;5;3;2;6;1;0;1;0;0;0;0;0;570330.7639;5951430.3997;10.065486526;53.706821619
3275;1;0;55;40;2018;6;23;1;2;5;7;2;0;1;0;0;0;0;0;608149.734;5972291.082;10.645539632;53.887781492
3276;1;0;58;175;2018;5;14;2;3;9;6;0;0;1;0;0;0;1;0;543558.8222;6027665.4207;9.670887783;54.394883798
3277;1;0;54;131;2018;5;18;1;3;5;3;0;0;1;0;0;0;0;0;494131.248;6082167.45;8.90851365;54.886520168
3278;1;0;51;74;2018;6;14;2;3;8;1;0;0;1;0;0;0;0;0;503479.6045;5992331.3628;9.053184547;54.079168583
3279;1;0;57;91;2018;5;18;5;3;2;6;0;0;1;0;0;0;0;0;581226.0224;6015271.0395;10.247539605;54.278901141
3280;1;0;53;110;2018;7;15;2;3;1;6;0;0;0;0;0;1;1;0;618021.6764;5947236.3036;10.786083162;53.660540473
3281;1;0;55;32;2018;6;15;2;3;0;4;0;0;1;1;0;0;0;0;618438.6007;5996795.534;10.811540995;54.105668767
3282;1;0;51;11;2018;6;11;4;3;5;3;0;1;0;0;0;0;0;0;507265.3815;5971990.9481;9.110563465;53.896311092
3283;1;0;59;138;2018;6;10;5;3;3;2;0;0;0;0;0;0;1;0;525781.7912;6050922.5758;9.399129368;54.605105314
3284;1;0;2;0;2018;6;17;2;3;2;6;0;0;1;0;1;0;0;0;573349.8214;6020463.6985;10.127872263;54.326751528
3285;1;0;3;0;2018;7;10;4;3;5;5;0;0;1;0;0;0;0;0;613815.248;5969264.778;10.730577166;53.859380929
3286;1;0;3;0;2018;5;19;3;3;2;2;0;0;1;0;0;0;0;0;609301.2899;5970250.5482;10.662325417;53.869207307
3287;1;0;53;90;2018;6;7;6;3;5;3;0;1;1;0;0;0;0;0;611404.2107;5942091.2303;10.684143935;53.615765723
3288;1;0;54;152;2018;5;12;1;3;9;1;0;0;0;0;1;0;0;0;512655.9987;6039737.0829;9.195449003;54.505080278
3289;1;0;3;0;2018;6;10;1;3;5;2;0;0;1;0;0;0;0;0;622022.4881;5980921.6989;10.859948097;53.962234978
3290;1;0;53;100;2018;5;17;4;3;2;6;0;0;1;0;1;0;0;0;616275.7766;5951529.9952;10.761284447;53.699506738
3291;1;0;62;11;2018;7;21;1;2;5;3;0;0;1;0;0;0;1;0;584819.274;5941404.2823;10.28218925;53.614572437
3292;1;0;56;48;2018;6;14;7;3;2;6;0;0;1;0;0;0;0;0;549854.2933;5952270.0344;9.755446082;53.71672494
3293;1;0;53;7;2018;6;7;3;3;8;7;0;0;1;0;0;0;0;0;596946.4009;5937888.3648;10.464356742;53.580875959
3294;1;0;59;183;2018;6;9;4;3;8;1;0;0;1;0;0;0;0;0;520673.7486;6071109.2844;9.321484025;54.786752738
3295;1;0;60;39;2018;5;16;3;3;5;3;0;0;1;0;1;0;0;0;565918.5363;5960369.233;10.000561325;53.787730031
3296;1;0;2;0;2018;6;1;5;3;6;4;2;0;1;1;0;0;0;1;573974.6057;6019678.9592;10.137282701;54.319609957
3297;1;0;2;0;2018;6;17;7;3;2;7;0;1;1;0;0;0;0;0;574069.6881;6018320.6852;10.13840721;54.307391168
3298;1;0;55;41;2018;7;15;3;3;1;3;0;1;0;0;0;1;0;0;612195.084;5994343.899;10.715184747;54.085043133
3299;1;0;3;0;2018;5;16;3;3;3;6;0;0;1;0;1;0;0;0;610249.861;5971495.1685;10.677192604;53.880188666
3300;1;0;54;95;2018;5;20;7;2;9;1;0;0;0;0;1;0;0;0;497520.6374;6026077.5688;8.961824955;54.382470708
3301;1;0;60;63;2018;6;9;4;3;5;3;0;1;1;0;0;0;0;0;567839.7115;5951106.9927;10.027683929;53.704244829
3302;1;0;60;66;2018;6;8;6;3;4;6;0;1;0;0;1;0;0;0;565579.3848;5966537.8662;9.996728873;53.843209363
3303;1;0;62;90;2018;7;13;6;3;5;3;0;0;1;0;0;0;0;0;575559.0254;5948217.3458;10.143893022;53.677216736
3304;1;0;58;37;2018;6;15;7;2;3;6;0;0;1;0;0;0;1;0;573828.426;6031569.1257;10.137986691;54.426471252
3305;1;0;3;0;2018;5;21;3;2;0;1;2;1;0;0;0;0;0;0;611912.941;5968433.09;10.701363306;53.852322421
3306;1;0;61;46;2018;6;6;2;3;5;3;0;0;1;0;0;0;0;0;534863.8674;5975884.3448;9.53098472;53.930182358
3307;1;0;1;0;2018;6;17;3;2;3;6;0;0;1;0;0;0;0;0;529601.652;6069373.524;9.460134736;54.77070718
3308;1;0;1;0;2018;5;14;3;3;5;2;0;1;1;0;0;0;0;0;527259.3344;6069458.7364;9.423734381;54.771605566
3309;1;0;54;56;2018;6;19;4;2;4;6;0;0;1;0;0;0;0;0;502476.6943;6037962.6927;9.038233295;54.489285432
3310;1;0;54;76;2018;6;10;6;3;4;6;0;0;1;0;0;0;1;0;494842.506;6069280.7915;8.919831007;54.770719893
3311;1;0;2;0;2018;7;18;3;3;7;7;0;1;0;0;0;0;0;0;573673.9998;6021249.1504;10.133049969;54.333762643
3312;1;0;57;68;2018;6;8;6;2;5;3;0;0;1;0;0;1;0;0;575745.8732;5991693.2866;10.157459664;54.067877141
3313;1;0;3;0;2018;6;9;3;3;5;2;0;1;1;0;0;0;0;0;610022.4682;5970104.8993;10.673236192;53.867746383
3314;1;0;58;64;2018;6;19;6;3;4;6;0;0;1;0;0;0;0;0;571545.2547;6002262.8794;10.095786517;54.163456983
3315;1;0;3;0;2018;5;9;3;3;5;2;0;1;1;0;0;0;0;0;610355.5735;5969714.832;10.678159409;53.864171203
3316;1;0;58;63;2018;7;11;5;3;9;7;0;1;0;0;0;0;0;0;566574.2909;6008696.069;10.021089085;54.221935524
3317;1;0;55;41;2018;5;20;3;3;7;7;0;0;0;0;1;0;0;0;611744.4516;5994311.4897;10.708287122;54.084849958
3318;1;0;53;32;2018;6;16;7;3;2;2;0;0;1;0;0;0;0;1;591241;5921709.6301;10.37349678;53.436516394
3319;1;0;54;167;2018;5;13;2;3;0;7;0;1;0;0;0;0;0;0;498722.2598;6064395.166;8.980160047;54.72683864
3320;1;0;54;168;2018;5;10;1;3;0;1;0;1;0;0;0;0;0;0;462848.4413;6080622.4337;8.421069733;54.871290632
3321;1;0;2;0;2018;6;23;2;3;5;3;2;0;1;0;1;0;0;0;574012.2618;6019720.7518;10.137871862;54.319980033
3322;1;0;59;75;2018;5;19;5;2;4;6;0;1;0;0;1;0;0;0;535448.9457;6040564.8105;9.547532195;54.511437672