OBJECTID_1;ULAND;UREGBEZ;UKREIS;UGEMEINDE;UJAHR;UMONAT;USTUNDE;UWOCHENTAG;UKATEGORIE;UART;UTYP1;ULICHTVERH;IstRad;IstPKW;IstFuss;IstKrad;IstGkfz;IstSonstig;STRZUSTAND;LINREFX;LINREFY;XGCSWGS84;YGCSWGS84
3323;1;0;55;43;2018;7;11;2;3;2;6;0;0;1;0;0;0;0;0;612808.9231;6013813.7283;10.73185712;54.259817541
3324;1;0;59;75;2018;6;10;2;3;5;2;0;0;1;0;0;0;0;0;534907.8598;6039003.2336;9.538990455;54.4974417
3325;1;0;3;0;2018;6;16;4;3;2;2;0;0;1;0;0;0;1;0;608080.9045;5968093.3383;10.64301382;53.850081576
3326;1;0;56;13;2018;6;16;4;3;0;7;0;0;0;0;1;0;0;0;559019.1501;5943753.3637;9.892684825;53.639227016
3327;1;0;55;46;2018;6;6;6;2;8;7;0;0;1;0;0;0;0;0;641091.3885;6041320.4509;11.17879158;54.499836451
3328;1;0;59;45;2018;6;13;6;3;5;2;0;0;1;0;0;0;0;0;560723.249;6057310.711;9.941327229;54.659516218
3329;1;0;60;4;2018;6;12;1;3;5;3;0;1;1;0;0;0;0;0;561691.2282;5973281.1321;9.938999134;53.904286717
3330;1;0;58;117;2018;7;11;4;3;5;3;0;1;1;0;0;0;0;0;555981.2913;6002370.6379;9.857462615;54.166358266
3331;1;0;3;0;2018;5;6;3;3;5;3;0;0;1;0;0;0;1;0;614694.728;5973532.23;10.745539466;53.897525888
3332;1;0;56;41;2018;5;7;7;3;5;2;0;0;1;0;0;0;0;0;559028.229;5954118.446;9.894794884;53.732380058
3333;1;0;60;39;2018;6;15;5;3;2;6;0;0;1;0;0;0;0;0;565576.9523;5960593.6666;9.995425119;53.789790133
3334;1;0;56;2;2018;6;13;7;3;5;3;0;1;0;0;1;0;0;0;551097.339;5960426.755;9.775629527;53.789912964
3335;1;0;62;22;2018;7;14;7;2;2;6;0;0;0;0;1;0;1;0;586661.3589;5941240.9761;10.309982184;53.612803436
3336;1;0;3;0;2018;5;19;4;3;5;2;0;1;1;0;0;0;0;0;611764.0631;5968612.9574;10.699166549;53.853970443
3337;1;0;54;104;2018;7;20;1;2;5;3;0;0;1;0;0;0;0;0;481013.0108;6024514.6593;8.707756881;54.368076608
3338;1;0;3;0;2018;5;21;3;2;1;5;2;0;1;0;0;0;0;0;608002.0707;5967431.6192;10.641583283;53.844152789
3339;1;0;60;34;2018;6;13;7;2;8;1;0;0;1;0;0;0;0;1;571455.8562;5973525.1127;10.087655507;53.90522511
3340;1;0;2;0;2018;5;10;2;3;5;3;0;1;1;0;0;0;0;0;572512.914;6015130.493;10.113711733;54.278948204
3341;1;0;59;53;2018;5;11;1;1;8;1;0;0;1;0;0;0;0;0;533246.8557;6025194.3728;9.511795854;54.373454397
3342;1;0;55;18;2018;6;9;2;3;0;1;0;1;0;0;0;0;0;0;632714.6551;6010858.8878;11.035947211;54.228502285
3343;1;0;2;0;2018;5;8;5;3;3;6;0;0;1;0;0;1;0;0;572700.2048;6018193.4272;10.117332561;54.306444426
3344;1;0;55;28;2018;7;11;2;3;6;7;0;1;0;1;0;0;0;0;602705.3343;6002829.6748;10.573058579;54.163262475
3345;1;0;2;0;2018;6;8;2;2;5;3;0;1;1;0;0;0;0;0;574122.222;6027852.7268;10.141586178;54.393034754
3346;1;0;3;0;2018;6;4;4;3;5;2;1;1;1;0;0;0;0;0;612396.0084;5970719.0055;10.709540812;53.872755047
3347;1;0;59;10;2018;6;16;5;3;8;7;0;0;1;0;0;0;0;0;530334.6622;6047070.761;9.469212209;54.570237214
3348;1;0;55;35;2018;6;7;6;3;6;4;0;0;1;1;0;0;0;0;612446.9332;5982453.7939;10.714631322;53.978169495
3349;1;0;54;12;2018;6;13;2;2;5;3;0;0;1;0;1;0;0;0;504781.276;6047393.472;9.073962685;54.574024421
3350;1;0;55;4;2018;7;14;4;3;2;6;0;0;0;0;1;0;1;0;611030.1433;5974204.9807;10.690039296;53.904367679
3351;1;0;3;0;2018;5;8;3;2;5;3;0;1;1;0;0;0;0;0;610581.5514;5968694.866;10.681226713;53.85495948
3352;1;0;3;0;2018;6;7;6;3;5;2;0;0;1;0;0;0;0;0;610146.7539;5970761.1993;10.675361138;53.873616399
3353;1;0;58;81;2018;5;19;1;3;9;6;0;0;1;0;0;0;0;0;542616.0484;6026404.9932;9.656187614;54.38363645
3354;1;0;54;75;2018;6;6;6;3;4;6;0;1;0;0;0;0;0;0;496778.3164;6059891.9081;8.950025493;54.686359819
3355;1;0;2;0;2018;6;13;1;3;4;6;0;1;1;0;0;0;0;0;574762.1671;6022829.3219;10.150177786;54.34780315
3356;1;0;3;0;2018;5;7;4;3;4;6;0;1;0;0;0;0;0;0;611422.8973;5969415.5764;10.694273589;53.861254644
3357;1;0;57;4;2018;7;12;1;3;8;1;0;0;0;0;1;0;0;0;604482.4356;6018755.1535;10.605811463;54.305979165
3358;1;0;62;5;2018;6;13;7;2;4;6;0;1;0;0;0;0;0;0;578398.7879;5958204.5685;10.189404429;53.766547677
3359;1;0;3;0;2018;6;16;3;3;5;3;0;1;1;0;0;0;0;0;608028.544;5964511.744;10.640959554;53.817913724
3360;1;0;51;89;2018;6;15;3;3;5;3;0;1;0;0;0;0;0;0;514198.3934;5984846.7075;9.21666652;54.011714152
3361;1;0;62;9;2018;5;14;3;3;5;2;0;1;0;0;0;0;1;0;580877.519;5936084.674;10.221238788;53.567391268
3362;1;0;59;19;2018;6;8;5;2;8;6;0;0;1;0;0;0;0;0;534027.7382;6036908.0563;9.525160331;54.478672557
3363;1;0;54;95;2018;6;11;7;2;2;2;0;0;0;0;1;0;0;0;492843.9568;6024757.2118;8.88984941;54.370559981
3364;1;0;3;0;2018;5;15;3;2;5;3;0;1;1;0;0;0;0;0;614011.2375;5969118.6393;10.733501432;53.858025018
3365;1;0;51;99;2018;6;18;7;3;3;6;0;0;1;0;0;0;0;0;517537.262;5992900.21;9.268082352;54.083994377
3366;1;0;58;73;2018;5;12;7;3;2;6;0;0;1;0;0;0;0;0;550707.2148;6014311.318;9.778705019;54.274214273
3367;1;0;55;16;2018;6;18;4;3;5;3;0;1;1;0;0;0;0;0;628874.3269;6004170.6867;10.974206274;54.169407566
3368;1;0;3;0;2018;7;16;6;3;1;7;0;0;1;0;0;0;1;0;610306.9988;5971459.5962;10.678048611;53.879856931
3369;1;0;54;14;2018;6;20;7;3;9;1;0;0;1;0;0;0;0;0;500034.538;6056560.488;9.000535357;54.656430945
3370;1;0;3;0;2018;5;12;3;3;3;6;0;0;1;0;1;0;0;0;612446.8854;5969681.3697;10.709933927;53.863421792
3371;1;0;57;25;2018;5;11;6;3;5;3;0;1;0;0;0;0;0;0;578173.123;6025132.8502;10.20324583;54.367989851
3372;1;0;62;1;2018;6;19;2;3;0;1;0;1;0;0;0;0;0;1;582153.749;5948546.029;10.243793161;53.679175375
3373;1;0;51;138;2018;6;15;2;3;8;7;0;0;1;0;0;0;0;0;514548.1443;5996068.0583;9.22254215;54.11255918
3374;1;0;56;15;2018;5;22;2;3;5;3;2;0;0;0;1;0;1;0;543434.6616;5955816.8096;9.658674622;53.749176169
3375;1;0;59;18;2018;5;15;1;3;2;2;0;0;1;0;1;0;0;0;536945.3718;6039400.489;9.570498443;54.5008674
3376;1;0;62;82;2018;6;10;3;3;5;2;0;1;1;0;0;0;0;0;593665.9554;5940539.3532;10.415619288;53.605293285
3377;1;0;60;70;2018;5;13;5;3;5;3;0;0;1;0;0;0;0;0;583903.0936;5978349.7213;10.278395542;53.946712669
3378;1;0;59;60;2018;7;17;3;3;9;1;0;0;1;0;0;0;0;0;546307.7548;6056896.1374;9.717816162;54.657320885
3379;1;0;2;0;2018;6;7;6;3;2;6;0;0;1;0;0;0;0;0;572428.7509;6019307.6434;10.113431709;54.31649506
3380;1;0;2;0;2018;6;8;3;3;2;6;0;0;1;0;0;0;0;0;571440.809;6019673.4844;10.098334963;54.319921617
3381;1;0;2;0;2018;6;18;6;3;5;2;0;1;1;0;0;0;0;0;569803.2762;6020128.6716;10.073270866;54.324238389
3382;1;0;55;1;2018;5;19;3;2;0;6;0;0;0;0;1;0;0;0;603419.6721;5984542.5712;10.577749803;53.998820959
3383;1;0;62;1;2018;6;9;5;3;5;2;0;1;1;0;0;0;0;0;582901.9881;5948711.9748;10.255162732;53.680548445
3384;1;0;59;58;2018;7;21;5;3;9;1;1;0;0;0;1;0;0;0;526087.5535;6020969.0618;9.401220172;54.335897706
3385;1;0;3;0;2018;5;17;3;3;2;6;0;0;1;0;0;0;0;0;609520.8912;5971030.3095;10.665942164;53.87616663
3386;1;0;3;0;2018;6;7;7;2;5;3;0;0;1;0;0;0;0;0;615012.391;5970023.6725;10.749055024;53.865934987
3387;1;0;60;4;2018;5;16;2;2;8;6;0;0;1;0;0;0;0;0;561810.5608;5972055.9699;9.94056789;53.893262143
3388;1;0;59;159;2018;5;19;1;3;8;7;0;0;1;0;0;0;0;0;530306.158;6053608.3611;9.469446677;54.628990482
3389;1;0;2;0;2018;6;23;2;2;5;3;2;0;1;0;0;0;0;0;573776.0836;6023671.9829;10.13521942;54.355518583
3390;1;0;56;39;2018;5;9;5;3;2;6;0;0;1;0;0;0;0;0;553489.9809;5946999.6474;9.809622723;53.668997458
3391;1;0;2;0;2018;7;18;2;3;3;6;0;0;1;0;0;0;0;0;574110.252;6027854.263;10.141402247;54.3930503
3392;1;0;53;82;2018;5;12;6;3;2;2;0;0;0;0;1;0;0;0;605692.5725;5915174.4181;10.588768166;53.375096383
3393;1;0;60;85;2018;6;11;1;3;2;2;0;0;1;0;0;0;0;1;578797.3225;5964799.0393;10.197135827;53.825747201
3394;1;0;58;156;2018;6;13;4;3;9;7;0;0;0;0;0;1;0;0;525060.2579;5997310.8116;9.383445301;54.123323756
3395;1;0;53;32;2018;6;17;4;3;5;2;0;1;1;0;0;0;0;0;591570.374;5921651.465;10.378436523;53.43593661
3396;1;0;4;0;2018;5;12;4;3;5;3;0;1;1;0;0;0;0;0;565351.187;5993681.597;9.999078035;54.087168248
3397;1;0;2;0;2018;6;17;6;3;5;3;0;0;1;0;0;0;0;0;572791.3007;6018122.8262;10.118715117;54.305797049
3398;1;0;51;114;2018;6;12;5;3;5;3;0;0;1;0;0;1;0;1;518821.606;6007252.069;9.288610864;54.21293752
3399;1;0;58;4;2018;6;5;1;3;9;7;1;0;1;0;0;0;0;0;558875.5555;6033224.1334;9.907869011;54.443294458
3400;1;0;2;0;2018;7;9;4;3;3;6;0;1;0;0;0;0;0;0;573388.5947;6018796.4194;10.128058373;54.311764295
3401;1;0;4;0;2018;5;16;3;3;5;3;0;1;1;1;0;0;0;0;563712.9886;5994290.4434;9.974165751;54.092844957
3402;1;0;56;50;2018;5;21;7;3;5;3;0;0;1;0;0;0;0;0;547884.3732;5937452.5131;9.723315509;53.583733596
3403;1;0;55;1;2018;6;7;5;3;2;2;0;0;1;0;0;0;0;0;604617.6034;5987838.3138;10.597151305;54.028190028
3404;1;0;60;39;2018;6;12;7;3;5;2;0;0;1;0;0;0;0;0;561297.9996;5962129.9585;9.930788218;53.804118364
3405;1;0;2;0;2018;7;17;7;3;5;3;0;0;1;0;0;0;0;0;574002.722;6017843.146;10.137259903;54.303109857
3406;1;0;3;0;2018;5;14;4;3;5;3;0;1;1;0;0;0;0;0;610654.5658;5968269.5277;10.682182977;53.851122576
3407;1;0;60;99;2018;7;2;1;3;8;1;2;0;1;0;0;0;0;0;562250.4327;5977848.1696;9.948439473;53.945262909
3408;1;0;57;21;2018;6;13;7;2;5;3;0;0;1;0;0;0;1;0;598647.2621;6017145.3955;10.515633889;54.292676833
3409;1;0;2;0;2018;6;9;3;3;5;2;0;1;1;0;0;0;0;0;574329.326;6018312.759;10.142394842;54.307282228
3410;1;0;58;5;2018;6;9;3;3;8;3;0;1;0;0;0;0;1;0;572613.5159;6028792.738;10.118584735;54.401698725
3411;1;0;4;0;2018;5;9;3;3;2;6;0;0;1;0;0;0;1;0;564435.6562;5992185.4993;9.984765515;54.073839004
3412;1;0;51;48;2018;6;7;4;3;5;3;0;1;1;0;0;0;0;0;504588.007;5999662.033;9.070237363;54.145046074
3413;1;0;62;4;2018;6;14;6;3;2;2;0;0;1;0;0;0;0;0;591846.8082;5962317.9058;10.394590843;53.801311095
3414;1;0;60;37;2018;6;16;6;3;2;2;0;0;1;0;0;0;0;0;553470.739;5969585.7483;9.813245502;53.871988876
3415;1;0;58;29;2018;6;6;4;2;9;7;0;0;1;0;0;0;0;0;534033.7651;6006540.0333;9.52178544;54.205753881
3416;1;0;58;152;2018;7;17;6;2;5;2;0;0;1;0;0;0;0;0;553126.15;6024894.542;9.817732373;54.369075051
3417;1;0;60;44;2018;6;19;6;3;2;6;0;0;1;0;0;0;0;0;563990.6226;5965751.7525;9.972421742;53.836342803
3418;1;0;58;30;2018;5;23;3;3;0;1;2;1;0;0;0;0;0;0;540814.723;6030602.797;9.629030297;54.421508689
3419;1;0;53;59;2018;7;16;6;3;2;6;0;0;1;0;0;0;0;0;604975.9644;5935427.0146;10.584765479;53.557214815
3420;1;0;51;77;2018;5;18;5;2;9;1;0;0;0;0;1;0;0;0;499201.9319;5972869.5723;8.987852819;53.904258517
3421;1;0;2;0;2018;6;7;2;3;2;6;0;1;0;0;0;0;0;0;570446.6067;6023794.544;10.084026937;54.357090794
3422;1;0;53;90;2018;6;13;2;3;5;2;0;0;1;0;0;0;0;0;612483.3951;5944052.0479;10.701159035;53.633152107
3423;1;0;55;21;2018;5;16;2;3;4;6;0;1;0;0;0;0;0;0;628155.8941;6026635.0437;10.972824321;54.371366883
3424;1;0;59;176;2018;5;17;1;2;3;6;0;1;0;0;0;0;0;0;532933.7084;6073841.084;9.512434239;54.810646857
3425;1;0;3;0;2018;6;22;7;3;0;1;2;1;0;0;0;0;0;0;611097.1538;5968799.8141;10.689099907;53.855792307
3426;1;0;58;24;2018;6;18;3;3;5;3;0;0;1;0;0;0;0;0;545279.881;6021020.026;9.696382176;54.335013442
3427;1;0;62;45;2018;6;13;3;3;1;5;0;0;1;0;0;0;0;0;590554.004;5944389.9015;10.369721844;53.640441007
3428;1;0;3;0;2018;5;17;3;3;6;6;0;1;0;1;0;0;0;0;609908.0415;5970262.7809;10.671553358;53.869189079
3429;1;0;59;183;2018;6;16;5;3;2;6;0;0;1;0;0;0;0;1;522262.2737;6069542.1632;9.346065418;54.772601714
3430;1;0;51;44;2018;6;13;6;3;5;3;0;0;1;0;0;0;0;0;506902.038;6006235.227;9.105813267;54.204097697
3431;1;0;61;46;2018;6;8;6;3;5;2;0;1;1;0;0;0;0;0;534291.042;5976005.327;9.522274436;53.931307953
3432;1;0;3;0;2018;6;13;4;3;3;6;0;1;0;0;0;0;0;0;608786.2004;5968135.5305;10.65374556;53.850313402
3433;1;0;3;0;2018;7;11;6;3;1;5;0;0;1;0;1;0;0;0;608686.9977;5972000.7293;10.653607577;53.88506056
3434;1;0;60;96;2018;6;19;7;3;2;6;0;0;1;0;0;0;0;0;592322.5022;5975301.1915;10.405716765;53.917887297
3435;1;0;2;0;2018;5;10;3;3;5;2;0;1;1;0;0;0;0;0;573833.7197;6023433.9922;10.136047094;54.353371746
3436;1;0;54;168;2018;5;11;6;3;0;7;0;1;0;0;0;0;0;0;455875.0702;6084731.2955;8.311783062;54.907646153
3437;1;0;3;0;2018;6;11;2;3;9;1;0;0;0;0;1;0;0;0;620387.6381;5980904.8713;10.835036176;53.962466878
3438;1;0;60;59;2018;6;13;2;2;5;2;0;0;1;0;0;0;0;0;581874.0074;5982373.1832;10.248567595;53.983191816
3439;1;0;62;4;2018;5;7;2;3;2;6;0;0;1;0;1;0;0;0;588328.885;5962872.614;10.34135067;53.806904691
3440;1;0;59;116;2018;5;10;1;2;5;3;0;1;1;0;0;0;0;0;534949.44;6062938.5808;9.54248481;54.712536448
3441;1;0;4;0;2018;6;15;3;3;5;7;0;0;1;0;0;0;0;0;563511.1768;5989037.1856;9.969979563;54.045661375
3442;1;0;62;61;2018;5;8;5;3;5;2;0;0;1;0;1;0;0;0;598542.957;5966798.726;10.497662703;53.840346678
3443;1;0;53;3;2018;7;16;3;2;8;7;0;0;1;0;0;1;0;0;589196.3826;5935523.6265;10.346655899;53.561001543
3444;1;0;51;71;2018;6;16;5;3;4;2;0;1;1;0;0;0;0;0;501439.0707;6020005.4834;9.022128204;54.327902551
3445;1;0;62;25;2018;6;15;3;1;1;5;0;0;0;0;0;1;1;0;605325.6469;5967715.2525;10.601017806;53.847250665
3446;1;0;62;9;2018;6;17;6;3;2;6;0;0;1;0;0;0;0;0;580673.95;5938897.6326;10.21889274;53.592701304
3447;1;0;57;54;2018;5;16;3;3;4;6;0;0;1;0;0;0;1;0;578452.1455;6004056.6796;10.202015069;54.178566656
3448;1;0;58;166;2018;6;21;5;3;8;7;1;0;1;0;0;0;0;0;563922.8616;6045925.2692;9.988437368;54.556814966
3449;1;0;55;27;2018;6;8;5;3;5;7;0;0;1;0;0;0;0;0;623368.6734;6009396.5048;10.892061355;54.217702245
3450;1;0;61;57;2018;7;20;4;3;0;1;0;0;0;0;1;0;0;0;531601.0936;5969980.4358;9.480684412;53.877328924
3451;1;0;57;74;2018;5;9;3;3;0;7;0;1;0;0;0;0;0;0;578671.0885;6021388.093;10.209919673;54.334265146
3452;1;0;2;0;2018;6;20;7;3;9;1;0;0;1;0;0;0;0;1;572943.7822;6022727.7625;10.122184014;54.347153889
3453;1;0;61;113;2018;5;11;1;3;6;7;0;1;0;1;0;0;0;0;524637.5416;5975493.8613;9.375208394;53.927260297
3454;1;0;62;78;2018;5;9;1;3;2;6;0;0;1;0;0;0;0;0;588000.2066;5952270.0802;10.333339259;53.711687739
3455;1;0;54;56;2018;6;6;2;3;2;2;0;0;1;0;0;0;0;0;503030.7624;6033753.1667;9.046743424;54.451450537
3456;1;0;60;63;2018;5;16;4;3;2;6;0;0;1;0;0;0;0;0;567757.5822;5951414.6543;10.026507291;53.707020423
3457;1;0;59;75;2018;7;9;2;3;6;2;0;0;1;1;0;0;0;0;536065.519;6040900.2097;9.557096091;54.514408321
3458;1;0;55;4;2018;6;14;1;3;2;6;0;0;1;0;0;0;0;0;611368.0726;5975497.2068;10.695650903;53.915904694
3459;1;0;57;57;2018;6;7;4;3;2;6;0;0;1;0;0;0;0;0;593854.8073;6002080.9693;10.437318068;54.158229527
3460;1;0;55;39;2018;6;14;4;3;5;3;0;0;1;0;0;0;0;0;616211.7059;5993291.1159;10.776152953;54.074694725
3461;1;0;2;0;2018;5;16;4;3;2;6;0;0;1;0;1;0;0;0;573799.3055;6018194.6558;10.134221354;54.306297845
3462;1;0;60;34;2018;6;7;5;3;9;1;0;0;1;0;0;0;0;1;571757.7779;5974305.7793;10.092433315;53.912198797
3463;1;0;54;35;2018;6;0;1;3;9;6;2;0;1;0;0;0;0;0;487704.6776;6020657.7057;8.810911801;54.333618236
3464;1;0;1;0;2018;7;7;4;3;5;2;0;0;1;0;0;1;0;0;527999.547;6070411.246;9.435332195;54.780124558
3465;1;0;57;32;2018;5;16;3;2;5;3;0;0;1;0;0;0;0;0;584882.9759;5997842.7465;10.298769851;54.121708726
3466;1;0;55;33;2018;5;11;7;3;8;7;0;0;1;0;0;0;0;0;622181.708;6017016.444;10.876974515;54.286434393
3467;1;0;3;0;2018;6;17;5;3;0;3;0;0;1;0;1;0;0;0;609615.067;5971140.7;10.667413486;53.877138525
3468;1;0;3;0;2018;6;22;7;2;9;1;2;0;1;0;0;0;0;0;606524.06;5959873.4022;10.616512691;53.776550279
3469;1;0;1;0;2018;7;16;7;3;0;7;0;1;0;0;0;0;0;0;528194.5581;6071588.4982;9.438478537;54.790692992
3470;1;0;53;100;2018;6;17;7;3;2;6;0;0;1;0;0;0;1;0;617335.711;5951501.713;10.777320609;53.699015586
3471;1;0;60;63;2018;5;7;6;3;0;1;0;1;0;0;0;0;0;0;568295.0512;5948951.0202;10.034105501;53.684809932
3472;1;0;59;184;2018;6;19;3;3;4;1;0;0;1;0;0;0;0;0;527973.1272;6062162.8928;9.434127985;54.70600183
3473;1;0;58;43;2018;6;15;3;3;2;6;0;0;1;0;0;0;0;0;553877.3461;6034020.9539;9.830950318;54.451009387
3474;1;0;57;65;2018;5;19;3;3;8;1;0;0;0;0;1;0;0;0;598304.3882;6009899.7491;10.507990114;54.227645071
3475;1;0;62;60;2018;6;7;4;3;2;2;0;0;1;0;0;0;0;0;583421.5424;5931306.0623;10.258368612;53.524050325
3476;1;0;3;0;2018;6;8;6;3;2;6;0;1;0;0;0;0;0;0;611600.0282;5969633.514;10.697044959;53.86317459
3477;1;0;53;113;2018;6;12;6;3;2;6;0;0;1;0;0;0;0;0;604711.7698;5938653.9422;10.581860727;53.586261968
3478;1;0;1;0;2018;6;9;4;3;0;1;0;1;0;0;0;0;0;0;529522.5874;6073402.6697;9.45931599;54.80691954
3479;1;0;2;0;2018;7;7;6;3;5;3;0;1;1;0;0;0;0;0;568825.2314;6020309.3038;10.058277318;54.325994343
3480;1;0;56;15;2018;6;13;6;3;5;2;0;1;1;0;0;0;0;0;542779.7234;5956179.2017;9.648793555;53.752487409
3481;1;0;2;0;2018;5;18;3;3;0;7;0;1;0;0;0;0;0;0;573686.5611;6023967.4518;10.133915319;54.3581865
3482;1;0;56;39;2018;7;14;5;3;5;3;0;0;1;0;0;0;0;0;552751.76;5948133.104;9.798642891;53.679259451
3483;1;0;51;48;2018;5;14;5;3;5;3;0;1;1;0;0;0;0;0;504879.3693;6000278.6354;9.074707772;54.150585219
3484;1;0;60;27;2018;6;12;1;3;2;2;0;0;1;0;0;0;1;0;561143.4661;5984047.0011;9.932819835;54.001102324
3485;1;0;58;43;2018;5;10;2;3;3;6;0;0;1;0;0;1;0;0;554261.1962;6035532.6743;9.837146917;54.464553266
3486;1;0;58;38;2018;5;5;1;3;8;7;1;0;1;0;0;0;0;0;560948.9456;6004808.2713;9.934034706;54.187698244
3487;1;0;1;0;2018;6;18;3;3;6;4;0;0;1;1;0;0;0;0;528137.7458;6071158.5126;9.437553304;54.786832127
3488;1;0;58;43;2018;5;18;5;3;4;6;0;1;0;0;0;0;0;0;553431.6511;6036596.0348;9.824542221;54.474196884
3489;1;0;62;23;2018;7;18;2;3;5;3;0;1;1;0;0;0;0;0;584340.4492;5946839.074;10.276426718;53.663488048
3490;1;0;62;14;2018;6;8;5;3;5;3;0;0;1;0;0;0;0;0;582538.876;5952022.238;10.250548;53.710352727
3491;1;0;53;129;2018;6;10;2;2;5;3;0;1;1;0;0;0;0;0;582538.7976;5927394.9466;10.244026659;53.489042306
3492;1;0;58;38;2018;6;23;5;3;9;1;2;0;1;0;0;0;0;0;562563.9608;6004314.2418;9.958678106;54.183064285
3493;1;0;2;0;2018;6;12;5;3;5;3;0;1;1;0;0;0;0;0;574021.5802;6017832.0033;10.137546888;54.303007
3494;1;0;4;0;2018;6;12;2;3;0;7;0;1;0;0;0;0;0;0;566830.2433;5989846.4833;10.020839872;54.052514594
3495;1;0;53;32;2018;7;7;4;3;5;3;0;1;1;0;0;0;0;0;590820.771;5923762.9124;10.36776549;53.455040138
3496;1;0;59;24;2018;5;8;3;3;2;2;0;0;1;0;0;0;0;0;520643.2613;6017772.4212;9.317268766;54.307417879
3497;1;0;61;118;2018;6;7;6;2;8;7;0;0;1;0;0;0;0;1;531450.7941;5956867.3535;9.477057818;53.759479271
3498;1;0;58;126;2018;5;0;1;3;9;7;2;0;1;0;0;0;0;0;567906.0116;6021627.3602;10.044445855;54.337961422
3499;1;0;51;114;2018;5;18;7;3;5;3;0;0;1;0;0;0;0;0;518447.4085;6008045.3356;9.282921717;54.220080595
3500;1;0;3;0;2018;6;9;1;3;5;3;0;0;1;0;0;0;0;0;612547.0066;5970467.3114;10.711744003;53.870461078
3501;1;0;62;82;2018;5;18;4;3;0;7;0;1;0;0;0;0;0;0;592785.707;5941525.168;10.402613636;53.614308232
3502;1;0;62;36;2018;7;18;1;3;2;2;0;0;1;0;0;0;0;0;581144.9522;5955099.8025;10.230241094;53.738227065
3503;1;0;59;56;2018;6;11;1;3;2;6;0;0;1;0;0;0;1;1;537378.1087;6034699.3295;9.576585677;54.458587584
3504;1;0;57;69;2018;6;0;3;2;8;1;2;0;1;0;0;0;0;1;579703.7749;5994383.1565;10.218632869;54.091450645
3505;1;0;3;0;2018;5;8;5;3;5;2;0;1;1;0;0;0;0;0;612395.8789;5970719.1439;10.709538894;53.872756318
3506;1;0;56;15;2018;7;8;2;3;3;6;0;1;0;0;0;0;0;0;543802.902;5956666.408;9.664378955;53.756781277
3507;1;0;56;15;2018;6;15;5;3;0;7;0;0;0;0;1;0;0;0;544688.3417;5957569.3265;9.677938498;53.764821211
3508;1;0;56;40;2018;6;16;2;3;9;7;0;0;1;0;0;0;0;0;550819.673;5947748.9705;9.769331823;53.675998477
3509;1;0;61;115;2018;6;18;5;3;4;6;0;0;1;0;0;0;0;0;543492.5525;5975633.6432;9.662357178;53.927276371
3510;1;0;54;86;2018;5;13;3;2;5;3;0;0;1;0;0;0;1;0;480300.1942;6078748.2435;8.693140884;54.855439873
3511;1;0;59;131;2018;6;7;5;3;5;3;0;0;1;0;0;0;0;0;524091.8211;6058733.7237;9.373610542;54.675385695
3512;1;0;58;135;2018;6;10;5;3;5;3;0;0;1;0;1;0;0;0;544641.3034;6017859.82;9.686089221;54.306669605
3513;1;0;55;4;2018;6;19;2;2;5;3;0;0;1;0;1;0;0;0;611462.3042;5976103.4282;10.697305884;53.921330782
3514;1;0;60;63;2018;7;18;4;3;5;3;0;0;1;0;1;0;0;0;566110.0119;5948525.1513;10.0009351;53.681263681
3515;1;0;59;173;2018;5;9;3;3;7;1;0;1;0;0;0;0;0;0;515321.4263;6069509.9239;9.238170022;54.772571768
3516;1;0;59;144;2018;6;19;7;3;9;7;0;0;1;0;0;0;0;1;513319.5101;6067646.3013;9.206965207;54.755881023
3517;1;0;53;110;2018;5;12;1;2;5;3;0;0;1;0;0;0;0;0;616568.4738;5947665.4173;10.764263678;53.664721624
3518;1;0;51;6;2018;5;16;7;2;8;1;0;0;0;0;1;0;0;0;504975.4133;5985096.8987;9.075928826;54.014134105
3519;1;0;61;49;2018;6;2;1;2;9;1;2;0;0;0;0;0;1;1;548301.3119;5977063.5403;9.735810503;53.939701085
3520;1;0;53;25;2018;5;11;4;3;9;7;0;0;1;0;0;0;0;0;603738.2166;5950091.6;10.570974017;53.689223856
3521;1;0;60;44;2018;7;21;1;3;5;3;1;0;1;0;0;0;0;0;563867.593;5963613.416;9.970108336;53.817140948
3522;1;0;2;0;2018;6;14;1;3;0;1;0;0;0;0;1;0;0;1;577476.6101;6020742.3903;10.19138592;54.328645967
3523;1;0;56;43;2018;6;15;4;3;3;6;0;0;1;0;0;1;1;0;554277.4868;5945438.6622;9.821268256;53.654886931
3524;1;0;4;0;2018;6;17;4;3;2;6;0;0;1;0;0;0;0;0;565327.5935;5991952.7547;9.998344474;54.071635118
3525;1;0;54;168;2018;5;14;4;3;5;3;0;1;1;0;0;0;0;0;455180.5471;6082499.7461;8.301298703;54.88753184
3526;1;0;62;4;2018;6;13;5;3;4;6;0;1;0;0;0;0;0;1;591894.326;5963804.099;10.395755705;53.814656951
3527;1;0;60;27;2018;6;18;7;3;9;1;0;0;1;0;0;0;0;0;563429.8806;5978598.7111;9.966562548;53.951864607
3528;1;0;61;49;2018;7;22;3;3;2;6;1;1;1;0;0;0;0;0;547609.6461;5977995.8738;9.725420142;53.948144304
3529;1;0;59;161;2018;5;13;3;3;5;3;0;0;1;0;0;0;0;0;543407.3272;6064242.8985;9.673953326;54.723598829
3530;1;0;4;0;2018;5;10;7;3;5;3;0;1;1;0;0;0;0;0;565073.0572;5994994.1386;9.995109001;54.098998525
3531;1;0;54;36;2018;6;13;5;3;0;3;0;1;1;0;0;0;0;1;486035.183;6020064.331;8.785264828;54.328242405
3532;1;0;1;0;2018;6;16;7;3;5;3;0;1;1;0;0;0;0;1;526292.5019;6068116.9731;9.408584342;54.759599312