OBJECTID_1;ULAND;UREGBEZ;UKREIS;UGEMEINDE;UJAHR;UMONAT;USTUNDE;UWOCHENTAG;UKATEGORIE;UART;UTYP1;ULICHTVERH;IstRad;IstPKW;IstFuss;IstKrad;IstGkfz;IstSonstig;STRZUSTAND;LINREFX;LINREFY;XGCSWGS84;YGCSWGS84
3533;1;0;51;74;2018;7;11;6;3;5;3;0;1;0;0;0;0;0;0;504494.8385;5993330.9954;9.068716876;54.088145206
3534;1;0;55;28;2018;6;10;7;3;2;2;0;0;1;0;1;0;0;0;601784.8242;6004097.5797;10.559394068;54.174837049
3535;1;0;54;131;2018;6;10;3;2;5;2;0;0;1;0;1;0;0;0;494084.3476;6080572.2705;8.907815258;54.872184392
3536;1;0;57;66;2018;6;17;3;3;2;6;0;0;1;0;1;0;0;0;582478.2114;6015504.3457;10.266830963;54.280797008
3537;1;0;54;97;2018;5;18;3;2;1;5;0;0;1;0;0;0;1;0;506781.2762;6043338.0423;9.104807621;54.537555134
3538;1;0;55;33;2018;6;12;4;3;4;6;0;1;0;0;0;0;0;0;622877.7926;6017490.6583;10.887856324;54.290527224
3539;1;0;57;58;2018;6;9;6;3;2;2;0;0;1;0;0;0;0;0;581384.5434;6010904.8448;10.248787458;54.239643974
3540;1;0;3;0;2018;7;17;3;3;5;3;0;1;1;0;0;0;0;0;611407.8788;5971042.5014;10.694636185;53.875874458
3541;1;0;53;100;2018;6;11;6;3;5;2;0;1;1;0;0;0;0;0;617675.4096;5951369.8705;10.782413336;53.69775468
3542;1;0;56;18;2018;6;18;3;3;0;1;0;1;0;0;0;0;0;0;555386.289;5943254.783;9.837654449;53.6351431
3543;1;0;54;75;2018;7;16;6;2;5;3;0;0;1;0;0;0;0;0;490581.466;6057504.123;8.85397768;54.664823334
3544;1;0;53;43;2018;6;17;6;3;2;6;0;0;1;0;0;0;1;0;613615.3973;5958319.2867;10.723500329;53.761089048
3545;1;0;1;0;2018;5;15;3;3;0;2;0;0;1;0;1;0;0;0;526450.66;6068292.246;9.411058002;54.761166107
3546;1;0;3;0;2018;7;16;5;3;2;2;0;0;1;0;0;0;0;0;610331.8026;5971165.1003;10.678319777;53.877205835
3547;1;0;60;49;2018;5;8;5;3;5;2;0;1;1;0;0;0;0;0;587527.6149;5980461.4195;10.334210392;53.965087145
3548;1;0;59;163;2018;6;15;1;3;5;3;0;1;1;0;0;0;0;0;555753.0107;6065406.4266;9.865836823;54.732837197
3549;1;0;2;0;2018;5;9;2;3;2;6;0;0;1;0;0;1;1;0;573355.7477;6016828.8315;10.127070479;54.294088817
3550;1;0;60;63;2018;5;21;7;3;0;7;2;1;0;0;0;0;0;0;566842.8615;5948762.262;10.012079969;53.683301364
3551;1;0;56;44;2018;6;7;2;3;2;6;0;0;1;0;0;0;0;0;554526.8542;5938370.742;9.823803028;53.591337677
3552;1;0;57;25;2018;5;7;5;3;5;2;0;1;1;0;0;0;0;0;578134.1179;6025326.8364;10.202696545;54.369738873
3553;1;0;3;0;2018;7;9;2;3;5;2;0;0;1;0;1;0;0;0;608228.8;5968106.407;10.645265668;53.850168194
3554;1;0;58;150;2018;6;16;2;3;8;1;0;0;1;0;0;0;0;0;569454.6777;6033314.5594;10.070992523;54.442771358
3555;1;0;62;1;2018;6;13;4;3;3;2;0;0;1;0;0;0;1;0;582099.8856;5947515.6495;10.242705322;53.669924549
3556;1;0;54;33;2018;6;8;5;3;5;3;0;1;1;0;0;0;0;0;505790.8763;6025028.7651;9.089142348;54.373017868
3557;1;0;62;71;2018;6;14;6;3;2;6;0;0;1;0;0;0;0;0;579904.8705;5941169.1724;10.20785798;53.613232323
3558;1;0;59;45;2018;6;11;2;3;2;6;0;0;1;0;0;0;0;0;560263.0691;6057284.2508;9.934189157;54.659333666
3559;1;0;3;0;2018;7;7;4;3;5;2;0;1;0;0;0;0;1;0;610126.21;5970725.3501;10.675035934;53.87329868
3560;1;0;54;131;2018;5;20;3;3;7;7;0;1;0;0;0;0;0;0;490239.8851;6081755.0868;8.847866423;54.882753621
3561;1;0;3;0;2018;6;11;6;3;2;2;0;0;1;0;0;0;0;0;611647.6039;5968742.8801;10.697444104;53.855162744
3562;1;0;54;138;2018;5;0;1;3;8;6;2;0;1;0;0;0;0;0;495048.6098;6019563.4442;8.923871172;54.323907769
3563;1;0;58;92;2018;6;0;1;2;3;6;2;1;0;0;0;0;0;0;570818.754;6020807.1746;10.089042472;54.330195405
3564;1;0;62;61;2018;5;8;4;3;5;3;0;1;1;0;0;0;0;0;597031.9047;5964865.3077;10.474095851;53.823258942
3565;1;0;58;135;2018;7;13;1;3;5;3;0;0;1;0;0;0;0;0;542509.975;6016481.688;9.653139323;54.294466333
3566;1;0;56;48;2018;6;21;7;2;4;6;1;0;1;0;0;0;0;0;546453.882;5947782.9713;9.703251273;53.676710345
3567;1;0;62;65;2018;6;12;3;2;0;1;0;1;0;0;0;0;0;0;589102.9956;5960204.4329;10.352331028;53.782797143
3568;1;0;62;9;2018;6;9;4;2;2;6;0;0;0;0;0;1;1;0;579287.0838;5936840.4746;10.197421151;53.574426074
3569;1;0;56;18;2018;5;16;3;3;5;3;0;1;1;0;0;0;0;0;555374.7173;5942974.9535;9.837429654;53.632629354
3570;1;0;2;0;2018;6;8;5;3;2;6;0;0;1;0;0;0;0;0;573819.9157;6019431.5064;10.13484382;54.317408817
3571;1;0;54;154;2018;6;9;7;2;2;6;0;0;1;0;0;0;1;0;501394.7684;6080931.5303;9.021736694;54.875445953
3572;1;0;1;0;2018;5;7;3;3;0;7;0;1;0;0;0;0;0;0;527984.0047;6070431.0136;9.435092461;54.780303066
3573;1;0;54;164;2018;5;15;7;2;0;1;0;1;0;0;0;0;0;0;470315.2062;6059736.0894;8.539555789;54.684095115
3574;1;0;53;32;2018;6;15;4;3;0;1;0;1;0;0;0;0;0;0;591329.2345;5921705.7142;10.374823463;53.436465928
3575;1;0;60;88;2018;6;16;6;3;0;7;0;0;0;0;1;0;0;0;574730.6755;5969962.3877;10.136623102;53.872747534
3576;1;0;55;28;2018;7;18;6;3;6;3;0;0;1;1;0;0;0;0;601777.8795;6004052.3792;10.559272437;54.17443233
3577;1;0;2;0;2018;6;0;7;2;0;7;2;1;0;0;0;0;0;0;571843.8017;6014515.8358;10.103289518;54.273519455
3578;1;0;54;19;2018;5;16;3;3;0;7;0;1;0;0;0;0;0;0;498233.8396;6052115.4639;8.972650418;54.61648059
3579;1;0;60;97;2018;6;11;2;2;9;7;0;0;1;0;0;0;0;0;593319.6819;5982938.5074;10.42323002;53.9863316
3580;1;0;59;8;2018;6;20;3;2;8;1;0;0;0;0;1;0;0;0;538521.252;6053167.416;9.596634807;54.624467839
3581;1;0;61;38;2018;5;8;2;3;0;3;0;0;1;0;0;0;1;0;548922.3144;5973729.9776;9.744736343;53.909683139
3582;1;0;56;50;2018;6;8;3;3;2;6;0;0;1;0;0;0;0;0;547015.3149;5937236.8048;9.710156604;53.581873477
3583;1;0;60;63;2018;6;15;6;3;2;6;0;0;1;0;0;0;0;0;562246.9512;5947654.152;9.942280881;53.673910302
3584;1;0;2;0;2018;7;13;3;3;6;7;0;0;1;0;0;0;1;0;574073.0807;6020674.4312;10.139043452;54.328540645
3585;1;0;60;84;2018;6;16;3;3;0;1;0;0;0;0;1;0;0;0;574733.994;5969945.9721;10.136669564;53.87259954
3586;1;0;2;0;2018;6;15;4;3;4;6;0;1;0;0;0;0;0;0;573243.2711;6018854.9669;10.125839438;54.312311249
3587;1;0;56;44;2018;5;17;3;3;6;2;0;0;1;1;0;0;0;0;555449.714;5939414.2789;9.837929728;53.600619736
3588;1;0;58;172;2018;6;9;5;3;2;6;0;0;1;0;0;0;0;1;543243.617;6014815.175;9.664169456;54.279428018
3589;1;0;58;43;2018;6;18;7;3;6;4;0;0;1;1;0;0;0;0;553814.1181;6034727.0755;9.83010364;54.457361503
3590;1;0;53;100;2018;7;11;3;2;4;6;0;0;1;0;0;0;0;0;617319.0052;5949749.3007;10.776404642;53.683275566
3591;1;0;54;57;2018;5;13;3;3;5;2;0;0;1;0;0;0;0;0;509516.4034;6043158.2705;9.147074279;54.535895501
3592;1;0;2;0;2018;5;21;7;3;5;3;0;1;1;0;0;0;0;0;574070.5405;6018442.1171;10.138450423;54.308482193
3593;1;0;51;44;2018;6;7;4;3;2;6;0;0;1;0;0;0;0;0;509850.365;6005034.0298;9.150973763;54.193253661
3594;1;0;61;12;2018;6;8;6;3;2;6;0;0;1;0;0;0;1;0;526687.5626;5963876.3589;9.405416424;53.822741997
3595;1;0;56;15;2018;7;14;6;3;5;3;0;1;1;0;0;0;0;0;543298.9289;5956437.7159;9.656703454;53.754767981
3596;1;0;58;77;2018;6;11;7;1;5;2;0;1;1;0;0;0;0;0;542448.794;5993682.959;9.648981764;54.089578128
3597;1;0;56;5;2018;5;18;3;3;2;6;0;0;1;0;0;0;0;0;562036.8557;5947082.8791;9.938986801;53.668801133
3598;1;0;62;71;2018;6;14;3;3;3;6;0;0;1;0;0;1;0;0;581333.3855;5940082.8935;10.229162744;53.603250704
3599;1;0;1;0;2018;6;0;3;2;0;1;2;0;0;0;1;0;0;0;526632.547;6074552.607;9.414459538;54.817415232
3600;1;0;54;88;2018;5;11;3;3;0;7;0;1;0;0;0;0;0;1;489036.01;6071222.955;8.829500749;54.78808034
3601;1;0;57;48;2018;6;20;4;2;8;1;0;0;1;0;0;0;0;0;601778.6827;6017571.0352;10.563870978;54.295886797
3602;1;0;54;138;2018;6;12;6;3;2;6;0;0;1;0;0;0;0;0;497153.8224;6018804.5763;8.956246551;54.317103575
3603;1;0;58;86;2018;7;19;3;3;2;6;0;0;1;0;0;0;0;0;543862.4167;6010757.91;9.673078579;54.242913054
3604;1;0;3;0;2018;6;9;6;3;2;2;0;0;1;0;0;0;0;0;618582.4616;5975565.7381;10.805462908;53.91491955
3605;1;0;62;82;2018;6;11;3;3;5;3;0;1;0;0;0;0;0;0;593266.9582;5940255.0763;10.409505992;53.602809999
3606;1;0;55;16;2018;6;8;6;3;0;6;0;0;0;0;1;0;0;0;629455.8504;6006499.0361;10.984109919;54.190175093
3607;1;0;60;96;2018;5;9;3;1;2;6;0;0;0;0;0;1;1;0;590327.1503;5975327.0074;10.37535261;53.918470992
3608;1;0;3;0;2018;7;18;5;3;5;2;0;1;1;0;0;0;0;0;618458.8368;5975437.3283;10.803531979;53.913794246
3609;1;0;62;71;2018;5;8;3;3;2;6;0;0;1;0;0;0;0;0;581065.2177;5939518.8033;10.224964352;53.59822308
3610;1;0;56;3;2018;6;16;7;2;2;1;0;0;0;0;1;0;0;1;549833.4241;5956657.3157;9.755836986;53.756157767
3611;1;0;1;0;2018;5;16;2;3;2;6;0;0;1;0;0;0;0;0;527161.1428;6069071.0259;9.422171809;54.768126719
3612;1;0;56;26;2018;5;18;7;3;5;3;0;0;1;0;1;0;0;0;555190.613;5957475.9734;9.837228162;53.762975486
3613;1;0;55;35;2018;6;8;2;3;5;3;0;1;1;0;0;0;0;0;613888.9849;5977443.2296;10.734739165;53.932839628
3614;1;0;2;0;2018;5;17;5;3;5;2;0;0;1;0;0;0;0;0;573876.1707;6019572.6358;10.135743377;54.318668823
3615;1;0;55;35;2018;7;16;2;2;2;6;0;0;0;0;1;0;0;0;617485.0796;5979288.1663;10.790194952;53.948610452
3616;1;0;2;0;2018;6;7;2;3;6;1;0;0;1;1;0;0;0;0;573494.186;6019043.0622;10.129741781;54.313965367
3617;1;0;3;0;2018;6;16;4;3;2;2;0;0;1;0;0;0;0;0;608098.4921;5967496.212;10.64307091;53.844713066
3618;1;0;51;44;2018;6;17;4;3;2;6;0;0;1;0;0;0;0;0;505830.1934;6006007.424;9.089376714;54.202063604
3619;1;0;3;0;2018;6;12;6;3;5;3;0;0;1;0;1;0;0;0;610606.6012;5968578.722;10.681565536;53.853910677
3620;1;0;61;3;2018;6;18;1;1;4;2;0;0;0;0;1;0;1;0;529710.0381;5987156.0133;9.453592879;54.031809679
3621;1;0;3;0;2018;7;10;4;3;2;2;0;0;1;0;0;0;0;0;609240.5627;5971198.3199;10.661739875;53.877735181
3622;1;0;53;60;2018;5;6;3;3;2;6;0;0;1;0;0;0;0;0;592281.1015;5935679.6705;10.393259118;53.561870454
3623;1;0;4;0;2018;6;14;6;3;2;6;0;0;1;0;0;0;0;0;565482.1394;5989971.3976;10.000277892;54.053810128
3624;1;0;61;46;2018;5;18;7;3;5;3;0;0;0;0;1;0;1;0;533367.845;5973816.4653;9.507975299;53.911695475
3625;1;0;53;3;2018;6;14;6;2;2;6;0;0;1;0;0;0;0;0;590043.3542;5935469.7997;10.359423735;53.560373232
3626;1;0;2;0;2018;5;10;6;3;0;6;0;0;1;0;0;0;1;0;572069.7262;6018739.5652;10.107776514;54.311441246
3627;1;0;59;107;2018;6;16;1;3;0;7;0;1;0;0;0;0;0;0;524057.1935;6052536.5175;9.372563873;54.619694568
3628;1;0;3;0;2018;5;15;4;3;2;2;0;0;1;0;1;0;0;0;608659.3804;5972037.1505;10.653200503;53.885393567
3629;1;0;59;178;2018;7;18;1;3;8;7;0;0;1;0;0;0;0;0;543215.8669;6072469.0102;9.672204704;54.797536472
3630;1;0;3;0;2018;6;22;7;3;1;5;1;1;1;0;0;0;0;0;609709.452;5968772.015;10.668001534;53.855837589
3631;1;0;3;0;2018;6;15;3;3;3;6;0;0;1;0;0;1;0;0;609488.7283;5970818.277;10.665377447;53.874268453
3632;1;0;60;44;2018;6;11;3;3;2;6;0;0;1;0;0;0;1;0;561642.3236;5966968.8098;9.936985789;53.847564329
3633;1;0;62;6;2018;5;18;3;3;5;2;0;1;1;0;0;0;0;0;583258.9452;5954794.7377;10.262200809;53.735152484
3634;1;0;1;0;2018;6;12;5;2;3;6;0;0;1;0;0;0;0;1;527370.1215;6068768.3331;9.425391381;54.765395217
3635;1;0;54;168;2018;6;23;7;3;0;1;2;1;0;0;0;0;0;0;454945.588;6080859.4695;8.297892466;54.87277132
3636;1;0;51;44;2018;6;17;6;3;5;2;0;1;1;0;0;0;0;0;505905.8636;6005448.6632;9.090525758;54.197040816
3637;1;0;51;71;2018;5;12;6;3;5;3;0;1;0;0;0;0;1;0;501612.3224;6019654.4403;9.024790351;54.324747059
3638;1;0;55;46;2018;6;11;4;3;0;7;0;1;0;0;0;0;0;0;642460.7892;6034720.9515;11.196742445;54.440186275
3639;1;0;3;0;2018;7;17;6;3;5;2;0;1;1;0;0;0;0;0;614239.4779;5968587.4263;10.736772324;53.853202434
3640;1;0;1;0;2018;6;21;7;3;0;7;0;1;0;0;0;0;0;0;528141.2678;6071149.6792;9.437607214;54.786752549
3641;1;0;62;9;2018;5;13;3;3;2;6;0;0;1;0;0;1;0;0;578725.6624;5935041.4729;10.188491005;53.558343654
3642;1;0;57;66;2018;5;18;6;1;8;7;0;0;1;0;0;0;0;0;582917.693;6015527.1962;10.27358571;54.280931239
3643;1;0;3;0;2018;6;8;2;3;5;2;0;1;1;0;0;0;0;0;611594.9662;5969650.0631;10.69697404;53.863324358
3644;1;0;51;44;2018;6;16;2;3;2;2;0;0;1;0;0;0;0;0;506378.9309;6005810.7084;9.097784659;54.200289069
3645;1;0;56;36;2018;5;15;2;3;5;3;0;0;1;0;0;0;0;0;544432.465;5946634.506;9.672487627;53.666563942
3646;1;0;60;70;2018;5;12;7;3;0;3;0;0;1;0;1;0;0;0;583904.0069;5978346.652;10.27840861;53.946684941
3647;1;0;3;0;2018;6;15;3;3;2;6;0;0;1;0;0;0;0;0;610588.8923;5967462.751;10.6808946;53.84388826
3648;1;0;56;48;2018;5;8;5;3;1;3;0;1;0;0;0;0;1;0;547591.7791;5950290.4692;9.720860905;53.699144544
3649;1;0;59;185;2018;7;12;3;3;0;6;0;0;0;0;0;0;1;0;538452.0131;6060843.7454;9.596572266;54.693456013
3650;1;0;54;76;2018;6;10;6;3;8;1;0;0;1;0;0;0;0;0;498582.6249;6071892.3117;8.977955301;54.794213445
3651;1;0;2;0;2018;6;16;3;3;6;6;0;1;0;1;0;0;0;0;574278.0891;6019186.0792;10.141824771;54.315137043
3652;1;0;59;53;2018;6;11;6;2;0;1;0;0;0;0;1;0;0;1;534451.4693;6029566.1857;9.530845518;54.412663595
3653;1;0;56;1;2018;5;16;2;2;2;2;0;0;1;0;1;0;0;0;548702.972;5945973.844;9.737012737;53.660245753
3654;1;0;3;0;2018;6;15;5;3;4;6;0;1;0;0;0;0;0;0;612519.3781;5969500.0046;10.710969253;53.86177668
3655;1;0;59;183;2018;7;8;5;3;8;1;0;1;0;0;0;0;0;1;519678.773;6063062.731;9.305467273;54.714481065
3656;1;0;62;4;2018;5;11;2;2;6;6;0;1;0;1;0;0;0;0;593554.0117;5963148.5924;10.420756489;53.808471016
3657;1;0;55;46;2018;6;15;7;3;2;2;0;0;1;0;0;0;0;0;634518.2241;6038538.82;11.076095197;54.476639737
3658;1;0;51;81;2018;5;13;1;3;8;1;0;0;1;0;0;0;0;0;501480.866;6004096.2102;9.022692241;54.18491734
3659;1;0;60;5;2018;5;10;7;3;5;3;0;0;1;0;0;0;0;0;587393.162;5976577.919;10.331049784;53.930214428
3660;1;0;57;9;2018;6;8;2;2;9;7;0;0;1;0;0;0;0;0;595855.0323;6000350.7442;10.467389094;54.142314468
3661;1;0;51;11;2018;5;17;4;3;1;5;0;0;1;0;0;0;0;0;509934.1195;5972564.2106;9.151194377;53.901419331
3662;1;0;54;168;2018;7;12;2;3;5;3;0;1;1;0;0;0;0;0;455878.852;6084729.327;8.311842344;54.907628798
3663;1;0;62;9;2018;6;11;1;2;5;2;0;1;1;0;0;0;0;0;580901.619;5936098.208;10.221606109;53.567509177
3664;1;0;2;0;2018;6;21;4;3;2;6;0;0;1;0;0;0;0;0;572297.7236;6021187.3006;10.11187335;54.333403734
3665;1;0;55;46;2018;6;13;4;3;2;6;0;0;0;0;0;1;1;0;639280.182;6033944.1726;11.147371091;54.434091488
3666;1;0;2;0;2018;5;21;4;3;0;7;1;1;0;0;0;0;0;0;572849.3727;6020406.6121;10.120164748;54.326310241
3667;1;0;57;66;2018;6;23;6;3;2;6;2;0;1;0;0;0;0;0;585871.0991;6016764.9842;10.319291283;54.291565376
3668;1;0;58;135;2018;6;11;3;3;0;1;0;0;0;0;1;0;0;0;542083.4319;6017960.9331;9.646794568;54.307795456
3669;1;0;57;70;2018;6;9;6;3;5;3;0;0;1;0;0;0;0;0;584483.2497;6009808.6542;10.296012989;54.22929252
3670;1;0;62;9;2018;5;3;2;2;6;4;2;0;1;1;0;0;0;0;582225.1537;5936378.9652;10.241660142;53.56982646
3671;1;0;2;0;2018;7;14;5;3;0;7;0;1;0;0;0;0;0;0;574375.4086;6020539.0851;10.143657668;54.327280506
3672;1;0;62;90;2018;5;16;2;3;5;3;0;1;1;0;0;0;0;0;577528.976;5950039.889;10.174165008;53.693306515
3673;1;0;3;0;2018;6;12;7;3;2;2;0;0;1;0;0;0;0;0;608659.6558;5972036.8105;10.65320457;53.885390454
3674;1;0;62;4;2018;5;13;2;3;2;1;0;0;1;0;0;1;0;0;592256.0277;5959125.4429;10.399846933;53.772552655
3675;1;0;2;0;2018;6;12;2;2;2;6;0;0;1;0;0;0;1;0;573404.375;6019774.1315;10.128541295;54.320547452
3676;1;0;1;0;2018;5;14;5;2;1;6;0;0;1;0;0;0;0;0;527395.7357;6071600.6718;9.42605688;54.790846642
3677;1;0;4;0;2018;7;9;2;3;6;4;0;1;0;1;0;0;0;0;564668.5708;5991747.7599;9.988231119;54.069876085
3678;1;0;54;113;2018;6;9;2;3;0;1;0;1;0;0;0;0;0;0;477735.1342;6015563.9303;8.657973611;54.287501369
3679;1;0;4;0;2018;6;8;4;3;0;7;0;0;0;0;0;0;1;0;564068.5691;5992745.2856;9.979274659;54.078915304
3680;1;0;60;2;2018;6;18;4;3;0;2;0;0;1;0;1;0;0;0;557663.617;5960165.879;9.875241136;53.786882387
3681;1;0;58;135;2018;6;23;6;3;8;1;2;0;0;0;1;0;0;0;543411.7315;6016855.7712;9.667047558;54.297752353
3682;1;0;60;63;2018;6;15;6;3;2;6;0;0;1;0;0;0;0;0;562427.0592;5949788.7894;9.94543652;53.693073172
3683;1;0;53;9;2018;6;16;1;3;5;2;0;1;1;0;0;0;0;0;608364.1696;5955235.5938;10.642796818;53.734501856
3684;1;0;58;43;2018;7;14;4;3;5;3;0;1;1;0;0;0;0;0;554225.1041;6034492.7096;9.836399574;54.455211719
3685;1;0;62;22;2018;5;17;2;3;5;2;0;1;1;0;0;0;0;0;587296.7988;5941302.3119;10.319601958;53.613249103
3686;1;0;60;47;2018;5;11;7;3;5;2;0;0;1;0;0;0;0;0;568694.9886;5963508.0268;10.043396972;53.815578509
3687;1;0;62;88;2018;6;10;5;3;8;1;0;0;1;0;0;0;0;0;582800.3576;5939114.3389;10.251069594;53.594317177
3688;1;0;56;43;2018;6;14;7;3;5;2;0;0;1;0;0;0;0;0;553703.712;5945680.797;9.812629334;53.657122352
3689;1;0;55;27;2018;7;13;7;3;2;2;0;0;1;0;0;0;0;0;621243.464;6008284.408;10.859038107;54.208219633
3690;1;0;3;0;2018;5;8;4;3;3;2;0;1;1;0;0;0;0;0;610122.6966;5969913.1006;10.674690916;53.866001956
3691;1;0;59;168;2018;7;15;1;2;9;1;0;0;0;0;1;0;0;0;556347.274;6058875.013;9.873801984;54.674080876
3692;1;0;4;0;2018;6;21;7;3;5;3;1;0;1;0;0;0;1;0;564706.2882;5991636.8678;9.988783723;54.06887482
3693;1;0;58;170;2018;6;22;3;3;1;5;1;0;1;0;0;0;0;0;568979.6616;6003511.465;10.056785383;54.175028025
3694;1;0;53;116;2018;6;9;3;3;5;3;0;1;1;0;0;0;0;0;599586.393;5929688.618;10.501608034;53.506702426
3695;1;0;55;4;2018;5;15;3;3;0;7;0;1;0;0;0;0;0;0;611509.61;5976348.737;10.698115352;53.923524476
3696;1;0;56;43;2018;6;16;5;3;2;6;0;0;1;0;0;0;0;1;554054.6424;5946279.4988;9.818043105;53.66246704
3697;1;0;56;15;2018;6;14;6;3;5;3;0;0;1;0;0;0;0;0;542961.9142;5955751.1187;9.651496917;53.748624936
3698;1;0;56;15;2018;6;7;6;3;5;2;0;1;0;0;0;0;0;0;543391.0699;5955820.3326;9.658014108;53.749211463
3699;1;0;3;0;2018;6;15;4;3;5;2;0;1;1;0;0;0;0;0;614653.9566;5968131.9611;10.742900347;53.849019204
3700;1;0;58;123;2018;7;22;6;3;7;7;2;0;0;0;1;0;0;0;550154.4176;6034784.1165;9.773666921;54.458248639
3701;1;0;60;12;2018;6;4;7;2;9;1;0;0;1;0;0;0;0;0;579383.6772;5993927.66;10.213620476;54.087407119
3702;1;0;55;44;2018;5;12;2;3;2;2;0;0;1;0;1;0;1;0;615916.5461;5986265.0328;10.768961033;54.011641992
3703;1;0;1;0;2018;5;7;6;3;5;2;0;1;1;0;0;0;0;0;528324.8153;6070596.3083;9.440407314;54.781769368
3704;1;0;4;0;2018;6;16;2;3;5;2;0;0;1;0;1;0;0;0;562878.171;5992947.313;9.961124474;54.080877535
3705;1;0;56;39;2018;6;14;2;3;9;1;0;1;0;0;0;0;1;0;552636.1975;5942731.8289;9.795978508;53.630726775
3706;1;0;62;46;2018;5;17;2;3;5;3;0;0;1;0;1;0;0;0;594747.4671;5963159.8849;10.438878101;53.808356466
3707;1;0;58;171;2018;6;20;3;2;8;1;0;0;0;0;1;0;0;0;560343.6804;6012302.9102;9.926266729;54.255119705
3708;1;0;53;32;2018;5;7;5;2;5;2;0;1;1;0;0;0;0;0;591582.4293;5921661.6658;10.378620905;53.436026182
3709;1;0;61;44;2018;7;7;2;2;0;1;0;1;0;0;0;0;0;0;541401.082;5959264.213;9.628300439;53.78032599
3710;1;0;51;68;2018;6;12;5;3;3;2;0;0;1;0;0;0;1;0;510838.2808;6010835.6761;9.166324611;54.245376321
3711;1;0;51;48;2018;6;16;2;3;2;6;0;0;1;0;0;0;0;0;505952.7807;6002620.3997;9.091188958;54.171620891
3712;1;0;60;4;2018;6;12;6;3;2;6;0;0;1;0;0;0;0;0;561671.9903;5973348.6462;9.938719961;53.904895746
3713;1;0;55;16;2018;5;9;2;3;5;3;0;1;1;0;0;0;0;0;628871.642;6004167.9273;10.974163991;54.169383455
3714;1;0;4;0;2018;6;19;5;2;5;3;0;1;1;0;0;0;0;0;563680.1549;5991853.6378;9.973151342;54.070950676
3715;1;0;3;0;2018;6;12;5;3;2;6;0;0;1;0;0;0;0;0;611154.7649;5968913.4174;10.690016529;53.856800615
3716;1;0;55;46;2018;6;20;2;3;5;3;0;0;1;0;1;0;0;0;633838.211;6038724.787;11.06569195;54.478489708
3717;1;0;56;15;2018;7;17;4;3;2;6;0;0;1;0;0;0;0;0;544893.964;5957814.973;9.681093352;53.767011313
3718;1;0;4;0;2018;5;10;2;3;2;6;0;0;1;0;0;0;0;0;564116.338;5990317.0211;9.979490946;54.057087761
3719;1;0;57;62;2018;6;22;7;3;0;7;2;1;0;0;0;0;0;1;583632.6463;6010541.3224;10.283172187;54.236015359
3720;1;0;53;5;2018;5;18;1;2;5;2;0;0;1;0;0;0;0;0;608146.129;5942259.377;10.634970915;53.61795927
3721;1;0;1;0;2018;6;13;2;3;2;6;0;1;1;0;0;0;0;1;527886.1233;6071592.3437;9.433682318;54.790744787
3722;1;0;56;50;2018;5;10;4;3;0;7;0;1;1;0;0;0;0;1;548006.017;5937482.5595;9.725157456;53.583992526
3723;1;0;51;81;2018;7;5;1;3;9;1;0;0;1;0;0;0;0;0;499034.5332;6002655.018;8.985210167;54.171965639
3724;1;0;55;7;2018;6;14;1;3;5;3;0;0;1;0;0;0;0;0;597630.277;5994611.447;10.492700912;54.090414471
3725;1;0;59;83;2018;6;14;4;3;2;6;0;0;1;0;0;0;0;0;549981.5306;6054492.2728;9.774347052;54.635368678
3726;1;0;4;0;2018;6;20;4;3;5;3;0;1;1;0;0;0;0;0;564702.9757;5991468.9686;9.988697266;54.067366414
3727;1;0;2;0;2018;5;13;4;3;2;6;0;0;1;0;0;0;0;0;574466.7825;6017708.7159;10.144356421;54.301834476
3728;1;0;53;110;2018;6;13;5;3;7;7;0;0;1;0;0;0;0;1;618420.6636;5948296.3466;10.792522217;53.669973731
3729;1;0;58;146;2018;6;10;1;2;3;6;0;0;1;0;1;0;0;0;548888.772;6018162.8;9.751411935;54.309003495
3730;1;0;55;4;2018;7;13;4;3;2;6;0;0;1;0;0;0;0;0;612345.6756;5975388.7705;10.710488435;53.914719455
3731;1;0;58;53;2018;5;15;2;2;8;1;0;0;0;0;1;0;0;0;568943.9422;6009299.2088;10.057565614;54.227041982
3732;1;0;55;17;2018;5;10;7;3;3;6;0;0;1;0;0;0;1;0;634750.3286;6026006.2117;11.073982082;54.364018083
3733;1;0;58;53;2018;6;16;5;3;2;6;0;0;1;0;0;0;0;0;568203.1189;6011199.4466;10.046635889;54.244216809
3734;1;0;2;0;2018;6;23;7;3;0;3;2;1;0;0;1;0;0;0;574116.5927;6021553.3317;10.139930833;54.33643181
3735;1;0;62;89;2018;7;21;7;2;3;6;0;0;1;0;0;0;0;0;589209.285;5954762.2652;10.352371517;53.733876859
3736;1;0;55;32;2018;6;13;7;3;5;3;0;0;1;0;1;0;0;0;619366.211;5999140.855;10.826647419;54.126522854
3737;1;0;59;73;2018;6;7;3;2;5;3;0;1;1;0;0;0;0;0;539342.3852;6043447.9728;9.608050207;54.537060361
3738;1;0;2;0;2018;6;16;3;3;2;6;0;0;1;0;0;0;0;0;572442.859;6018357.586;10.113418045;54.307956081
3739;1;0;2;0;2018;5;17;3;3;0;6;0;0;1;0;0;0;1;0;573613.5502;6021017.5374;10.132063329;54.331690171
3740;1;0;62;14;2018;6;14;4;3;5;2;0;1;1;0;0;0;0;0;582669.0739;5951555.7808;10.252395612;53.706140443
3741;1;0;58;72;2018;6;12;6;3;5;3;0;1;1;0;0;0;0;0;526827.8212;5997806.7218;9.410533979;54.127691563
3742;1;0;62;18;2018;6;12;6;3;2;2;0;0;1;0;1;0;0;0;579953.0218;5934664.0829;10.206918961;53.554766689
3743;1;0;51;11;2018;6;19;3;3;5;3;0;1;1;0;0;0;0;0;509996.1222;5972620.5314;9.152139875;53.901924352