OBJECTID_1;ULAND;UREGBEZ;UKREIS;UGEMEINDE;UJAHR;UMONAT;USTUNDE;UWOCHENTAG;UKATEGORIE;UART;UTYP1;ULICHTVERH;IstRad;IstPKW;IstFuss;IstKrad;IstGkfz;IstSonstig;STRZUSTAND;LINREFX;LINREFY;XGCSWGS84;YGCSWGS84
3744;1;0;59;174;2018;6;13;6;3;2;2;0;0;1;0;0;0;0;0;518830.004;6056704.3196;9.291882014;54.657371948
3745;1;0;60;4;2018;6;14;5;3;5;3;0;0;1;0;0;1;0;1;559216.1923;5974379.1911;9.901544486;53.914443579
3746;1;0;1;0;2018;6;4;1;3;8;1;1;1;0;0;0;0;0;0;527994.8377;6071354.8749;9.435350053;54.788604725
3747;1;0;1;0;2018;7;13;4;3;5;3;0;0;1;0;1;0;0;0;526968.8939;6072506.8206;9.419503168;54.799012859
3748;1;0;57;62;2018;5;15;2;3;0;7;0;0;0;0;1;0;0;0;584128.8847;6011981.9317;10.291187987;54.24887834
3749;1;0;62;4;2018;5;14;7;2;5;3;0;0;1;0;0;0;0;0;587679.2139;5962925.4689;10.331502848;53.807489544
3750;1;0;3;0;2018;6;21;5;3;6;4;1;1;0;1;0;0;0;1;609970.5809;5970418.8027;10.672559988;53.870577576
3751;1;0;62;1;2018;6;13;7;3;4;6;0;1;0;0;0;0;0;0;581963.0098;5949224.6959;10.241085461;53.68530402
3752;1;0;54;78;2018;7;15;7;3;0;7;0;1;0;0;0;0;0;0;463448.4037;6096648.5411;8.42837892;55.015346387
3753;1;0;4;0;2018;5;17;4;3;5;2;0;0;1;0;1;0;0;0;565215.2876;5992258.1824;9.996694233;54.074394057
3754;1;0;60;68;2018;6;8;7;3;8;6;0;0;1;0;0;1;0;0;576900.8625;5985427.0913;10.173517515;54.011398221
3755;1;0;59;24;2018;6;11;7;3;2;2;0;0;1;0;0;0;0;1;520684.9467;6017936.6955;9.3179208;54.308892577
3756;1;0;2;0;2018;6;12;3;3;5;2;0;1;1;0;0;0;0;0;572992.1574;6021032.7714;10.12251303;54.33191632
3757;1;0;58;135;2018;6;13;3;3;4;6;0;0;1;0;0;0;0;0;541813.0433;6015450.556;9.64228795;54.28525714
3758;1;0;58;135;2018;5;19;3;3;5;3;0;1;1;0;0;0;0;0;542001.642;6017969.655;9.645538826;54.307880571
3759;1;0;56;39;2018;6;18;4;3;5;3;0;0;1;0;0;0;0;0;551322.7416;5945711.2096;9.776609914;53.657634754
3760;1;0;3;0;2018;6;16;6;3;3;2;0;0;1;0;0;0;0;0;610648.5657;5968282.0849;10.682096331;53.851236672
3761;1;0;56;48;2018;6;12;6;3;2;6;0;0;1;0;0;0;0;0;549451.1231;5951922.1954;9.749281828;53.713637069
3762;1;0;2;0;2018;6;23;4;3;5;3;2;0;1;0;0;0;0;0;574116.647;6021551.649;10.13993125;54.336416682
3763;1;0;57;25;2018;7;11;6;3;5;2;0;1;1;0;0;0;0;0;577945.0782;6023734.3696;10.199370436;54.355458869
3764;1;0;60;49;2018;6;17;6;3;5;2;0;1;1;0;0;0;0;0;586015.6923;5979265.7149;10.31083326;53.954596655
3765;1;0;2;0;2018;5;23;2;3;0;1;2;1;0;0;0;0;0;0;573653.1201;6021167.1471;10.132708671;54.333028804
3766;1;0;61;56;2018;7;20;5;2;8;1;0;0;1;0;0;0;0;0;531981.9095;5972682.2903;9.486758843;53.901589207
3767;1;0;51;71;2018;5;18;5;3;5;3;0;0;1;0;1;0;0;0;501490.2058;6020040.4587;9.022914669;54.328216742
3768;1;0;57;33;2018;6;16;2;2;2;2;0;0;1;0;0;0;0;0;574924.6133;6007781.7542;10.148907901;54.212566649
3769;1;0;53;14;2018;6;11;2;3;2;6;0;0;1;0;0;0;0;0;608226.8969;5941265.5833;10.635846166;53.609013517
3770;1;0;3;0;2018;5;15;2;3;5;2;0;0;1;0;0;0;0;0;614996.0532;5973384.6834;10.750067575;53.896133605
3771;1;0;2;0;2018;6;16;3;3;2;6;0;0;1;0;0;0;1;0;574032.5441;6018612.9465;10.137908901;54.31002272
3772;1;0;3;0;2018;5;9;5;2;5;3;0;1;1;0;0;0;0;0;612723.8514;5970089.1973;10.714293392;53.867025688
3773;1;0;60;63;2018;7;11;2;3;0;1;0;1;0;0;0;0;0;0;566280.196;5948680.664;10.003544556;53.682639718
3774;1;0;56;39;2018;6;11;5;3;5;3;0;1;1;0;0;0;0;0;552544.4412;5941088.4835;9.794313717;53.615966228
3775;1;0;62;23;2018;6;16;2;3;6;6;0;1;0;1;0;0;0;0;584829.1726;5946758.1605;10.283799028;53.66268189
3776;1;0;56;17;2018;6;18;5;3;2;2;0;0;1;0;0;0;0;0;548063.7842;5964468.6165;9.730217106;53.82652807
3777;1;0;2;0;2018;5;19;2;3;2;6;0;0;1;0;0;0;0;0;574447.7118;6020290.1351;10.144707092;54.325032991
3778;1;0;59;75;2018;6;9;5;3;6;2;0;0;1;1;0;0;0;0;535322.3432;6041853.9798;9.545731269;54.52303193
3779;1;0;58;124;2018;6;13;5;2;8;1;0;0;1;0;0;0;0;0;549542.0488;6013512.1267;9.760681192;54.267146377
3780;1;0;3;0;2018;6;10;2;3;5;2;0;0;1;0;0;0;0;0;618301.909;5975428.8004;10.801140763;53.913753484
3781;1;0;56;13;2018;7;14;4;2;5;3;0;1;1;0;0;0;0;0;559184.7505;5943630.481;9.895165869;53.638103923
3782;1;0;2;0;2018;5;16;2;3;2;6;0;0;1;0;1;0;0;0;573800.9724;6018194.9975;10.134247051;54.306300675
3783;1;0;59;53;2018;6;16;7;3;2;6;0;0;1;0;0;0;0;0;534532.9763;6031638.8212;9.532342687;54.431284629
3784;1;0;53;83;2018;5;17;1;3;5;2;0;1;1;0;0;0;0;0;602760.2705;5914996.5333;10.544649845;53.374076361
3785;1;0;60;10;2018;6;19;1;3;9;1;0;0;1;0;0;0;0;0;586256.4;5984277.467;10.315919011;53.999590092
3786;1;0;53;32;2018;5;17;4;2;6;6;0;1;0;1;0;0;0;0;591740.6484;5921655.3715;10.381000038;53.435942114
3787;1;0;60;7;2018;7;15;1;3;4;6;0;0;1;0;1;0;0;0;577791.6729;5975448.6317;10.184562611;53.921597924
3788;1;0;54;17;2018;6;11;1;3;2;2;0;0;1;0;0;0;0;1;492927.3054;6076384.9022;8.889887423;54.834539071
3789;1;0;60;5;2018;6;7;3;3;5;3;0;0;1;0;0;0;0;0;585239.965;5977391.017;10.298491559;53.937879588
3790;1;0;2;0;2018;6;13;4;3;5;3;0;1;1;0;0;0;0;0;573505.6295;6017857.7639;10.129625924;54.303312979
3791;1;0;54;56;2018;5;16;4;3;5;3;0;1;1;0;0;0;0;0;503142.776;6037521.232;9.04851105;54.485314255
3792;1;0;3;0;2018;6;10;5;3;1;1;0;1;1;0;0;0;0;1;609674.7368;5970490.2562;10.668088103;53.871282138
3793;1;0;56;5;2018;6;22;7;3;1;5;2;0;1;0;0;0;0;1;559636.7666;5947170.8978;9.902681137;53.669871483
3794;1;0;56;27;2018;7;17;3;3;8;1;0;1;0;0;0;0;0;0;541747.3778;5940230.8454;9.630991983;53.609229673
3795;1;0;59;161;2018;5;15;2;2;8;1;0;0;0;0;1;0;0;0;544996.8368;6065128.2226;9.698767316;54.731414812
3796;1;0;58;82;2018;5;18;7;3;3;6;0;1;0;0;0;0;0;0;558069.2544;6045173.5243;9.897787784;54.550765293
3797;1;0;58;140;2018;6;7;5;3;2;6;0;0;1;0;0;1;0;0;548788.512;6018365.0148;9.749904139;54.310830322
3798;1;0;60;27;2018;6;7;7;2;2;6;0;0;1;0;0;0;0;0;561079.8207;5985143.8398;9.932069219;54.010966835
3799;1;0;60;47;2018;7;12;6;2;8;7;0;0;1;0;0;0;0;0;571966.6126;5962300.3401;10.092797067;53.804283071
3800;1;0;58;43;2018;6;14;7;3;5;2;0;1;1;0;0;0;0;0;552515.867;6037753.946;9.81061743;54.484697785
3801;1;0;54;23;2018;5;14;2;2;0;2;0;0;0;0;1;0;0;0;509241.3522;6024287.7659;9.142234381;54.36630736
3802;1;0;1;0;2018;6;10;3;3;5;2;0;1;1;0;0;0;0;0;528003.5426;6068326.4174;9.435193205;54.761389016
3803;1;0;2;0;2018;6;10;3;3;3;6;0;1;0;0;0;0;0;0;570254.8916;6020087.4405;10.080203677;54.323805935
3804;1;0;59;173;2018;5;9;3;3;8;1;0;0;1;0;0;0;0;0;513382.3432;6068953.6148;9.208001764;54.76762781
3805;1;0;3;0;2018;6;6;4;3;5;3;0;0;1;0;0;0;0;0;617398.5645;5975843.022;10.787553769;53.917680158
3806;1;0;57;62;2018;6;13;6;3;2;6;0;0;1;0;0;0;0;0;584128.4187;6011981.03;10.291180584;54.248870315
3807;1;0;55;46;2018;7;10;3;3;8;7;0;0;1;0;0;0;0;0;632687.2039;6037474.4631;11.047378604;54.46756214
3808;1;0;3;0;2018;6;18;6;3;3;6;0;1;0;0;1;0;0;0;612464.1619;5969238.8932;10.710034367;53.859442787
3809;1;0;56;39;2018;6;17;3;3;5;3;0;1;1;0;0;0;0;0;552648.331;5941287.311;9.795917664;53.617742783
3810;1;0;53;46;2018;6;7;6;3;5;2;0;0;1;0;1;0;0;0;617199.1526;5935552.7718;10.769247896;53.555758155
3811;1;0;54;168;2018;5;15;2;3;0;7;0;1;0;0;0;0;0;0;454446.8687;6074569.505;8.291112806;54.816204763
3812;1;0;55;4;2018;7;7;5;3;5;3;0;1;0;0;0;0;0;0;611502.585;5976314.114;10.697995798;53.923214932
3813;1;0;62;60;2018;5;14;5;3;2;2;0;0;1;0;0;0;0;0;582977.5915;5929762.8179;10.251264897;53.510252241
3814;1;0;51;72;2018;6;10;7;3;1;5;0;0;1;0;0;0;0;0;500540.4218;5978598.3364;9.008235747;53.955749111
3815;1;0;2;0;2018;5;9;2;3;5;3;0;0;1;0;0;1;0;0;572747.7979;6019940.2523;10.118489512;54.322134152
3816;1;0;53;69;2018;6;19;2;3;8;1;1;0;1;0;0;0;0;0;601800.188;5943724.821;10.539550427;53.632398462
3817;1;0;62;90;2018;5;7;6;2;4;6;0;1;0;0;0;0;0;0;578888.912;5951004.383;10.195001655;53.701770238
3818;1;0;2;0;2018;5;17;5;3;5;2;0;1;1;0;0;0;0;0;573309.7912;6020125.0809;10.127173663;54.323714567
3819;1;0;55;35;2018;7;8;2;3;2;2;0;0;1;0;0;1;0;0;613975.6534;5975648.0369;10.73538936;53.916692722
3820;1;0;2;0;2018;6;20;2;3;0;3;0;1;0;0;0;0;1;0;574079.6086;6019774.6935;10.138920422;54.320454967
3821;1;0;3;0;2018;6;11;4;3;2;6;0;0;1;0;0;0;0;0;609404.7613;5971511.4401;10.664348206;53.880513753
3822;1;0;62;62;2018;6;8;5;3;2;6;0;0;1;0;0;0;1;0;594388.3382;5961537.0702;10.432928779;53.793840113
3823;1;0;53;20;2018;6;12;6;3;5;3;0;1;1;0;0;0;0;0;607702.0776;5926218.9958;10.622737326;53.473928227
3824;1;0;54;168;2018;6;14;2;3;5;3;0;1;1;0;0;0;0;0;456634.756;6084251.707;8.3237032;54.90340312
3825;1;0;3;0;2018;7;14;4;3;3;6;0;0;1;0;1;0;0;0;610725.573;5967680.665;10.683049633;53.845816945
3826;1;0;59;19;2018;7;16;6;3;5;3;0;0;1;0;0;0;0;0;531952.838;6036628.397;9.493108897;54.476294164
3827;1;0;53;80;2018;6;20;6;1;4;6;0;0;1;0;1;0;0;0;611187.7642;5928834.6984;10.676158023;53.496705396
3828;1;0;59;157;2018;5;15;2;2;2;6;0;0;1;0;1;0;0;0;538526.1062;6073077.4139;9.59934304;54.80338583
3829;1;0;56;15;2018;7;13;5;3;5;2;0;1;1;0;0;0;0;0;542900.064;5955697.9989;9.650551679;53.748152604
3830;1;0;60;7;2018;5;14;5;2;8;1;0;0;1;0;0;0;0;0;577208.315;5975374.2794;10.1756629;53.921017061
3831;1;0;62;45;2018;6;6;1;3;9;6;0;0;1;0;0;0;0;1;592365.6496;5945229.5974;10.397365401;53.647669729
3832;1;0;58;65;2018;5;4;2;3;5;3;1;0;1;0;0;0;0;1;555167.6503;6008597.1424;9.846143827;54.222401732
3833;1;0;53;35;2018;6;13;3;3;2;6;0;0;1;0;0;1;0;0;613261.1772;5934171.2024;10.709329076;53.544209695
3834;1;0;2;0;2018;5;11;5;3;2;6;0;0;1;0;0;0;0;0;576204.151;6017231.193;10.170927279;54.297287449
3835;1;0;62;4;2018;7;15;2;3;2;2;0;0;1;0;0;0;0;0;591459.5747;5963013.8273;10.388919732;53.80763256
3836;1;0;55;33;2018;6;15;2;3;5;2;0;1;0;0;0;0;1;0;622188.4817;6017015.2182;10.877078011;54.286421763
3837;1;0;61;107;2018;6;14;4;3;0;2;0;0;0;0;1;0;1;0;524709.9938;5985595.4318;9.377130662;54.018047377
3838;1;0;54;152;2018;6;0;5;3;8;1;2;0;1;0;0;0;0;0;511008.0898;6039855.3437;9.170004576;54.506181556
3839;1;0;2;0;2018;6;12;2;3;3;6;0;0;0;0;1;1;0;0;573140.4407;6024384.2509;10.125615619;54.36201035
3840;1;0;3;0;2018;7;16;4;2;5;3;0;1;1;0;0;0;0;0;609292.7305;5970869.9245;10.662416016;53.874773787
3841;1;0;54;78;2018;5;11;2;3;0;7;0;1;0;0;0;0;0;0;461192.9105;6095665.7596;8.393241319;55.006344426
3842;1;0;62;1;2018;6;11;6;3;2;6;0;0;1;0;0;0;0;0;582042.8171;5948728.4024;10.242162332;53.680831661
3843;1;0;57;7;2018;5;22;1;2;8;7;2;0;1;0;0;0;0;0;607973.3939;6016245.3798;10.658533692;54.282706128
3844;1;0;55;35;2018;6;5;1;3;8;2;1;0;1;0;0;0;0;1;612830.8334;5977384.0701;10.718607756;53.932539787
3845;1;0;62;1;2018;5;7;4;3;5;2;0;1;0;0;0;1;0;0;581707.3278;5948164.6274;10.236935732;53.67581797
3846;1;0;53;32;2018;7;11;1;3;2;2;0;0;1;0;0;0;0;0;590329.4074;5923050.2257;10.360163156;53.448720256
3847;1;0;56;49;2018;6;17;7;3;6;7;0;0;1;1;0;0;0;0;543712.1827;5948567.8257;9.661859243;53.684000963
3848;1;0;62;1;2018;6;17;3;3;2;6;0;0;1;0;0;0;0;0;582313.1659;5947232.2175;10.245857657;53.667344009
3849;1;0;54;35;2018;6;9;4;2;8;6;0;0;1;0;0;0;0;0;485145.9641;6020013.2671;8.771594084;54.327758369
3850;1;0;60;2;2018;5;18;3;3;9;1;0;0;1;0;0;0;0;0;559712.8423;5958699.6621;9.90605697;53.773474279
3851;1;0;2;0;2018;6;19;5;2;2;2;0;0;1;0;0;0;0;1;573315.3642;6020169.0988;10.127270148;54.324109298
3852;1;0;2;0;2018;6;19;7;3;2;6;0;1;0;0;0;0;0;0;572779.8019;6023584.8163;10.119871235;54.354878521
3853;1;0;3;0;2018;7;19;3;3;3;6;0;1;0;0;0;0;0;0;609183.0753;5971275.0615;10.660893126;53.878436753
3854;1;0;59;121;2018;5;14;2;3;5;3;0;0;1;0;0;0;0;0;561151.2561;6063083.7294;9.949170832;54.711338856
3855;1;0;59;186;2018;5;15;7;2;4;1;0;0;1;0;0;0;0;0;548176.4936;6068694.8267;9.748731516;54.763169852
3856;1;0;56;44;2018;6;13;4;3;5;3;0;1;1;0;0;0;0;0;555467.9483;5939393.5457;9.838201554;53.600431466
3857;1;0;56;50;2018;6;8;6;3;5;3;0;1;0;0;0;0;0;0;546409.283;5937256.131;9.701006249;53.582101159
3858;1;0;62;53;2018;7;14;6;3;2;6;0;0;1;0;0;0;0;0;576679.1511;5933216.3729;10.157155062;53.542244871
3859;1;0;58;54;2018;6;23;7;3;9;1;2;1;0;0;0;0;0;0;539762.3213;6018008.9871;9.61112934;54.308413295
3860;1;0;3;0;2018;5;11;2;3;2;6;0;0;1;0;0;0;0;0;609694.8682;5972537.8294;10.669126864;53.889673858
3861;1;0;51;11;2018;6;10;2;3;5;3;0;1;1;0;0;0;0;0;507671.593;5971838.686;9.116741301;53.8949367
3862;1;0;54;164;2018;6;13;3;2;5;3;0;0;0;0;1;0;1;0;471475.8951;6060936.5224;8.557441395;54.694950008
3863;1;0;54;149;2018;5;10;3;2;4;6;0;0;1;0;0;0;0;0;457059.48;6087626.9736;8.329822583;54.933769701
3864;1;0;54;138;2018;6;0;4;3;6;4;2;0;0;1;0;0;1;0;495721.2585;6019080.7257;8.934220223;54.319575453
3865;1;0;59;92;2018;6;13;6;3;2;6;0;1;0;0;0;0;0;0;519264.4165;6040670.6472;9.297563759;54.513262241
3866;1;0;4;0;2018;7;15;3;2;0;7;0;1;0;0;0;0;0;0;564738.3077;5989778.2317;9.988876082;54.052168191
3867;1;0;58;68;2018;6;19;6;2;5;3;0;1;1;0;0;0;0;0;536948.7396;6002392.3565;9.565964414;54.168276084
3868;1;0;3;0;2018;6;19;3;3;5;3;0;1;1;0;0;0;0;0;608960.5826;5971614.5385;10.657630794;53.8815335
3869;1;0;3;0;2018;6;12;6;3;5;3;0;1;1;0;0;0;0;0;611286.4646;5971015.2367;10.692780335;53.87565556
3870;1;0;61;49;2018;5;16;1;2;8;1;0;0;0;0;1;0;0;0;545717.4408;5978097.5292;9.696606553;53.94922854
3871;1;0;58;43;2018;7;18;5;3;2;6;0;0;1;0;0;0;0;0;555521.5862;6033895.868;9.856282884;54.449708314
3872;1;0;51;122;2018;5;17;1;3;5;3;0;0;1;0;0;0;0;0;505517.7106;6007988.2695;9.084622748;54.21987009
3873;1;0;60;39;2018;6;15;7;2;4;6;0;0;1;0;0;0;0;1;565300.292;5957852.4209;9.990645884;53.765189595
3874;1;0;1;0;2018;5;11;2;3;0;1;0;1;0;0;0;0;0;0;528844.2562;6071895.9342;9.448612814;54.793418824
3875;1;0;57;44;2018;6;22;2;3;8;7;2;0;1;0;0;0;0;1;593551.9816;6015397.0935;10.436830243;54.277927087
3876;1;0;54;125;2018;5;14;5;3;2;6;0;0;1;0;0;0;1;0;503400.627;6066107.268;9.052822817;54.742215107
3877;1;0;3;0;2018;7;8;2;3;2;6;0;0;1;0;0;0;0;0;614115.703;5968917.3197;10.735014153;53.856193413
3878;1;0;59;75;2018;6;14;2;3;2;2;0;0;1;0;0;1;0;0;535335.7291;6041848.4332;9.545937406;54.522981151
3879;1;0;55;35;2018;6;6;4;3;5;3;0;0;0;0;0;1;1;0;612716.0388;5980678.1577;10.718076252;53.962158723
3880;1;0;56;41;2018;6;10;4;3;5;2;0;1;1;0;0;0;0;0;559057.5762;5954062.2158;9.895228954;53.731871383
3881;1;0;55;42;2018;6;11;6;3;5;3;0;1;1;0;0;0;0;0;616160.6593;5981591.8133;10.770901701;53.969604653
3882;1;0;2;0;2018;6;18;6;3;4;6;0;0;1;0;0;0;0;0;575696.9557;6031252.3365;10.166700689;54.423350068
3883;1;0;62;76;2018;6;2;1;3;8;7;2;0;1;0;0;0;0;1;568223.0976;5954145.8964;10.034160461;53.731505131
3884;1;0;55;15;2018;7;17;4;3;5;2;0;0;1;0;0;0;1;0;625171.2278;6024626.0193;10.926062919;54.354063098
3885;1;0;51;24;2018;5;11;1;3;4;5;0;0;1;0;0;0;0;0;509442.5596;5977841.949;9.143876035;53.94886484
3886;1;0;2;0;2018;6;7;6;3;5;2;0;1;1;0;0;0;0;0;572328.1045;6021123.1182;10.112324916;54.332822704
3887;1;0;60;98;2018;5;18;7;2;6;7;0;0;1;1;0;0;0;0;595053.1524;5977111.3338;10.447842493;53.933657928
3888;1;0;60;66;2018;6;9;5;3;8;1;0;0;1;0;0;0;0;0;566173.5555;5966963.3417;10.005849694;53.846957664
3889;1;0;2;0;2018;5;7;6;3;2;2;0;0;1;0;0;0;0;0;571294.4601;6020635.139;10.096315226;54.328583296
3890;1;0;54;2;2018;6;15;1;3;3;6;0;1;0;0;0;0;1;0;505090.3496;6046942.7833;9.078736006;54.569971042
3891;1;0;62;78;2018;7;9;7;3;9;1;0;0;1;0;0;0;0;0;588665.2652;5952525.14;10.343485923;53.713867132
3892;1;0;3;0;2018;5;8;4;3;5;2;0;1;1;0;0;0;0;0;614311.3675;5968443.8353;10.737811246;53.851896593
3893;1;0;59;75;2018;7;9;1;3;0;1;0;1;0;0;0;0;0;0;535763.5089;6039139.083;9.552217784;54.498602933
3894;1;0;55;46;2018;6;13;7;2;9;7;0;0;0;0;0;0;1;0;643167.4809;6039471.6557;11.209929099;54.482651638
3895;1;0;58;37;2018;6;1;3;3;0;1;2;1;0;0;0;0;0;0;573480.068;6030880.6661;10.13244771;54.420335536
3896;1;0;53;116;2018;6;10;3;3;5;2;0;1;0;0;0;0;1;0;597767.59;5929112.4742;10.474013728;53.501866649
3897;1;0;62;4;2018;5;13;3;3;0;7;0;1;0;0;0;0;0;0;589640.0113;5961746.1254;10.360927258;53.796558144
3898;1;0;59;167;2018;6;15;5;3;4;1;0;0;1;0;0;0;0;1;548375.927;6063866.238;9.751027519;54.719760826
3899;1;0;60;54;2018;6;23;7;3;2;6;2;0;1;0;0;0;0;0;562265.238;5969989.0671;9.9470657;53.874632773
3900;1;0;61;44;2018;6;7;6;3;2;6;0;0;1;0;0;0;0;0;542295.8572;5962183.6205;9.6422793;53.806492725
3901;1;0;3;0;2018;6;7;4;3;6;4;0;1;0;1;0;0;0;0;610061.3262;5967919.4761;10.673043282;53.848103659
3902;1;0;3;0;2018;7;10;6;3;5;2;0;1;0;0;1;0;0;0;608955.018;5971622.696;10.657549078;53.881607958
3903;1;0;56;31;2018;6;23;7;3;2;6;2;0;1;0;0;0;0;0;546708.4262;5956908.9909;9.70848149;53.758709186
3904;1;0;3;0;2018;8;10;5;2;2;6;0;0;0;0;1;0;0;0;609144.2674;5971336.8646;10.660325056;53.879000177
3905;1;0;57;80;2018;9;17;6;2;5;3;0;0;1;0;0;0;0;0;578496.2461;6002524.5945;10.202291267;54.164793089
3906;1;0;59;183;2018;10;6;6;2;2;6;2;0;1;0;0;1;1;1;521382.3535;6072264.9291;9.332588107;54.797108339
3907;1;0;51;44;2018;7;20;5;3;5;3;0;0;1;0;0;0;0;0;505905.43;6005450.728;9.090519153;54.197059379
3908;1;0;55;32;2018;9;14;2;3;5;3;0;0;1;0;0;0;0;1;617184.3482;5996013.2493;10.792064291;54.098928381
3909;1;0;55;27;2018;8;16;3;3;2;6;0;0;1;0;0;1;0;0;622844.9152;6010076.4211;10.884311628;54.223935561
3910;1;0;60;19;2018;8;15;2;3;5;3;0;1;1;0;0;0;0;0;560601.2251;5956142.0597;9.919032963;53.750386189
3911;1;0;1;0;2018;7;18;6;3;2;6;0;0;0;0;1;0;0;0;527102.3571;6074088.6515;9.421727138;54.813220736
3912;1;0;53;42;2018;9;11;6;2;8;1;0;0;0;0;1;0;0;0;602987.7968;5931287.4013;10.553400969;53.520412957
3913;1;0;62;1;2018;7;0;1;3;5;2;2;0;1;0;0;0;0;0;584099.678;5944471.693;10.272143161;53.642253015
3914;1;0;56;48;2018;9;10;5;3;6;6;0;0;0;1;0;0;1;0;547619.496;5949421.3494;9.721147167;53.691330661
3915;1;0;58;34;2018;8;16;4;3;2;6;0;0;1;0;1;0;0;0;543819.8723;6018685.6879;9.673586866;54.314162673
3916;1;0;56;41;2018;9;19;2;1;5;2;0;0;1;0;1;0;0;0;559831.0694;5952406.4743;9.906632246;53.71690274
3917;1;0;2;0;2018;7;16;6;3;3;6;0;0;1;0;1;0;0;0;573704.1289;6021718.9124;10.133629355;54.33797941
3918;1;0;58;82;2018;9;16;1;3;5;3;0;0;1;0;1;0;0;0;558829.871;6045867.6459;9.909684567;54.556914813
3919;1;0;54;113;2018;8;8;6;2;8;1;0;0;1;0;0;0;0;1;479254.3378;6016939.9;8.681215264;54.299931594
3920;1;0;53;97;2018;7;6;4;2;9;1;0;0;1;0;0;0;0;0;606497.8921;5947033.7134;10.611698291;53.661193949
3921;1;0;2;0;2018;8;12;6;3;3;6;0;1;1;0;0;0;0;0;573338.4285;6020367.0162;10.127673349;54.325884408
3922;1;0;1;0;2018;9;17;7;3;2;6;0;0;1;0;0;0;0;1;528394.306;6070120.0471;9.441441144;54.777485528
3923;1;0;55;33;2018;7;8;3;3;5;3;0;1;0;0;0;0;1;0;623664.7126;6017578.8736;10.899975471;54.291129832
3924;1;0;59;75;2018;9;13;5;3;2;2;0;0;1;0;0;0;0;0;535043.407;6040014.449;9.54120332;54.506519906
3925;1;0;4;0;2018;10;18;4;3;5;2;0;1;1;0;0;0;0;0;563680.6454;5991852.3363;9.973158563;54.070938919
3926;1;0;3;0;2018;7;11;4;3;5;3;0;0;1;0;1;0;0;0;610321.9436;5971379.8615;10.678247157;53.879137398
3927;1;0;59;75;2018;8;16;4;3;5;3;0;0;1;0;1;0;0;0;536632.422;6041120.347;9.565879793;54.516345977
3928;1;0;57;16;2018;8;13;1;2;5;3;0;1;0;0;0;0;0;0;584006.6841;6021032.692;10.291855835;54.330221307
3929;1;0;57;25;2018;8;17;1;3;5;3;0;1;1;0;0;0;0;0;578306.2637;6025411.211;10.205367894;54.370470587
3930;1;0;54;146;2018;7;16;6;1;8;1;0;0;0;0;1;0;0;0;501771.821;6054091.096;9.027449189;54.634235533
3931;1;0;55;40;2018;9;22;5;3;0;1;2;0;1;0;0;0;0;0;607584.409;5975254.681;10.637983294;53.914525199
3932;1;0;3;0;2018;9;16;4;3;5;3;0;0;1;0;1;0;0;0;609468.771;5969940.057;10.6647606;53.866382458
3933;1;0;55;12;2018;8;15;2;2;8;1;0;1;0;0;0;0;0;0;606123.7923;5999223.1438;10.624124688;54.130165987
3934;1;0;2;0;2018;9;15;1;3;1;6;0;0;1;0;1;0;0;0;573613.8921;6019610.4032;10.131721396;54.319046073
3935;1;0;2;0;2018;9;15;5;3;6;4;0;0;1;1;0;0;0;0;570229.872;6020084.767;10.079818434;54.323785354
3936;1;0;57;23;2018;7;16;3;3;4;6;0;0;1;0;0;0;0;0;577025.3391;6009376.216;10.181522343;54.22658257
3937;1;0;54;113;2018;7;10;6;3;5;3;0;1;1;0;0;0;0;0;477596.6439;6017207.8348;8.655722989;54.3022696
3938;1;0;60;63;2018;9;12;5;3;5;3;0;1;1;0;0;0;0;0;566122.0346;5948566.6708;10.001125948;53.681635296
3939;1;0;62;23;2018;7;16;2;3;2;6;0;0;1;0;0;0;1;0;584811.981;5944473.2572;10.282915361;53.642152114
3940;1;0;53;83;2018;9;8;3;3;5;3;0;0;1;0;0;0;0;0;602896.663;5915259.315;10.54678479;53.376411067
3941;1;0;51;69;2018;10;16;2;3;0;1;0;0;0;0;1;0;0;1;503855.3163;6004697.8287;9.059085131;54.190312116
3942;1;0;3;0;2018;7;7;3;3;5;3;0;1;0;0;0;0;1;0;611366.6218;5971123.6977;10.694038414;53.876612796
3943;1;0;1;0;2018;9;17;2;3;8;1;0;0;0;0;1;0;0;0;530497.1746;6074513.5035;9.47459516;54.816843605
3944;1;0;2;0;2018;8;12;6;3;3;6;0;0;1;0;1;0;0;0;575370.7906;6018965.9714;10.158562762;54.312999119
3945;1;0;4;0;2018;8;17;6;2;5;2;0;0;1;0;1;0;0;1;563848.7444;5991521.9169;9.975657398;54.067948797
3946;1;0;53;66;2018;8;8;6;3;0;7;0;0;1;0;0;0;0;0;623910.5108;5938479.6259;10.871666348;53.580511232
3947;1;0;59;18;2018;7;16;6;3;0;1;0;1;0;0;0;0;0;0;535982.0543;6038121.6565;9.555468147;54.489444114
3948;1;0;54;96;2018;9;22;5;2;6;6;2;0;1;1;0;0;0;0;511722.9547;6032594.7208;9.180756711;54.440913139
3949;1;0;53;14;2018;9;6;3;3;7;7;1;0;1;0;0;0;0;0;607374.7689;5940461.2982;10.622694885;53.601962413
3950;1;0;2;0;2018;8;12;1;3;0;1;0;1;0;0;0;0;0;0;573960.6699;6017825.2832;10.136609372;54.302955438
3951;1;0;60;37;2018;7;8;6;2;0;7;0;1;0;0;0;0;0;0;553669.6221;5969213.2978;9.816204837;53.868621059
3952;1;0;60;34;2018;8;13;1;3;9;1;0;0;1;0;0;0;0;1;570607.2476;5972818.3106;10.074578024;53.898989742
3953;1;0;56;44;2018;9;15;6;2;5;2;0;0;1;0;0;0;0;0;554143.9111;5939649.1974;9.818240098;53.602867622