OBJECTID_1;ULAND;UREGBEZ;UKREIS;UGEMEINDE;UJAHR;UMONAT;USTUNDE;UWOCHENTAG;UKATEGORIE;UART;UTYP1;ULICHTVERH;IstRad;IstPKW;IstFuss;IstKrad;IstGkfz;IstSonstig;STRZUSTAND;LINREFX;LINREFY;XGCSWGS84;YGCSWGS84
3954;1;0;54;35;2018;10;14;7;3;5;7;0;0;1;0;0;0;0;0;484977.844;6020908.5421;8.768963879;54.335799595
3955;1;0;62;56;2018;9;14;3;3;8;1;0;0;0;0;0;0;1;0;593001.624;5956674.8448;10.410418295;53.750400083
3956;1;0;60;7;2018;8;15;4;3;2;6;0;0;1;0;0;0;0;0;572102.5618;5975170.4818;10.097885051;53.919921493
3957;1;0;59;44;2018;7;12;2;3;2;2;0;0;1;0;0;0;0;0;526258.7949;6045669.7317;9.406044043;54.557874385
3958;1;0;58;141;2018;8;9;3;2;5;2;0;1;1;0;0;0;0;0;564094.5074;6012223.815;9.983815345;54.253952896
3959;1;0;58;81;2018;7;18;6;3;2;6;0;0;1;0;0;0;0;0;542604.1807;6026395.4547;9.656003525;54.383551723
3960;1;0;60;85;2018;9;13;7;3;2;6;0;0;1;0;0;0;0;0;579559.6836;5965390.7408;10.208868339;53.830948213
3961;1;0;3;0;2018;7;17;2;3;5;2;0;1;1;0;0;0;0;0;610125.8046;5969962.6641;10.674755949;53.866446589
3962;1;0;56;48;2018;9;14;6;3;5;3;0;0;1;0;0;0;0;1;546575.092;5949772.962;9.705384927;53.694585016
3963;1;0;4;0;2018;8;15;5;3;2;6;0;0;1;0;0;1;0;1;564750.0094;5993758.067;9.989905211;54.087931394
3964;1;0;56;2;2018;9;15;3;3;5;3;0;1;0;0;1;0;0;0;550690.3147;5959612.486;9.769317842;53.782634579
3965;1;0;51;11;2018;7;12;6;2;5;3;0;0;1;0;0;0;1;0;510212.4356;5972833.3228;9.155439227;53.903832711
3966;1;0;54;56;2018;9;21;2;3;8;1;2;0;1;0;0;0;0;0;503557.2541;6036174.1847;9.054892607;54.473205344
3967;1;0;60;63;2018;8;13;6;3;2;6;0;0;1;0;0;0;0;1;567653.9339;5953785.6489;10.025455523;53.728341763
3968;1;0;62;53;2018;7;16;5;2;5;2;0;1;1;0;0;0;0;0;577540.215;5933230.3465;10.170149768;53.542244029
3969;1;0;57;91;2018;8;15;7;3;2;6;0;0;1;0;0;0;0;1;582257.8384;6014021.3903;10.263039454;54.267507684
3970;1;0;58;28;2018;9;20;1;3;7;7;2;0;1;0;0;0;0;0;554646.1892;6019167.6383;9.840076378;54.317449876
3971;1;0;58;53;2018;8;19;4;3;0;1;0;1;0;0;0;0;0;0;568147.1608;6011366.7726;10.045815355;54.245727861
3972;1;0;51;44;2018;9;16;5;3;2;6;0;0;1;0;0;0;0;0;507311.7895;6005448.2816;9.112075902;54.197019267
3973;1;0;62;87;2018;10;10;5;2;0;7;0;0;0;0;1;1;0;0;599820.6515;5970277.8083;10.518204979;53.871362255
3974;1;0;3;0;2018;7;10;5;3;6;4;0;0;0;1;0;0;1;0;609563.0837;5972922.7084;10.667260209;53.893159573
3975;1;0;60;5;2018;9;17;1;3;2;6;0;0;1;0;0;0;0;1;586617.5574;5976338.0872;10.319172363;53.928189697
3976;1;0;60;4;2018;8;14;4;3;3;6;0;0;1;0;1;0;0;0;559875.1987;5975407.9333;9.911777642;53.923613047
3977;1;0;1;0;2018;8;7;3;2;5;3;0;1;0;0;0;1;0;0;526402.3579;6072476.6731;9.410688166;54.798772079
3978;1;0;58;124;2018;8;11;2;3;2;6;0;0;1;0;0;0;1;0;544607.0897;6015356.5246;9.685189835;54.284175904
3979;1;0;58;24;2018;7;17;6;3;2;6;0;0;1;0;0;1;0;0;546331.4382;6021601.7082;9.712643637;54.340146451
3980;1;0;58;124;2018;9;15;6;2;5;3;0;1;1;0;0;0;0;0;545761.4255;6016447.1115;9.703086529;54.293874763
3981;1;0;59;116;2018;7;15;1;3;2;6;0;0;1;0;0;0;0;0;534229.6533;6062260.184;9.531233139;54.706489534
3982;1;0;58;9;2018;9;13;5;2;6;4;0;0;0;1;0;0;1;0;547689.2388;5991903.8257;9.72881376;54.073130183
3983;1;0;60;89;2018;8;15;3;3;2;2;0;0;1;0;0;0;0;0;580638.282;5988669.411;10.231397335;54.039962892
3984;1;0;53;32;2018;9;12;2;2;5;2;0;1;1;0;0;0;0;0;590819.739;5923760.963;10.36774939;53.455022798
3985;1;0;62;90;2018;9;10;7;3;0;7;0;1;0;0;0;0;0;0;577432.8891;5950020.0539;10.172705167;53.69314252
3986;1;0;2;0;2018;7;11;4;3;5;3;0;1;1;0;0;0;0;0;571829.457;6023137.84;10.105143407;54.350996888
3987;1;0;55;4;2018;8;21;6;3;2;6;2;0;1;0;0;0;0;0;612413.1609;5975411.7493;10.711523852;53.914911261
3988;1;0;60;63;2018;9;17;6;2;8;1;0;0;0;0;0;0;1;1;566123.6236;5948708.3023;10.001180193;53.682907941
3989;1;0;62;61;2018;7;13;3;3;9;1;0;0;0;0;0;0;1;0;599335.3892;5964520.4899;10.508965525;53.819725706
3990;1;0;60;86;2018;9;15;4;2;5;3;0;0;1;0;0;0;0;1;584645.2511;5990255.6302;10.293011939;54.053573943
3991;1;0;56;49;2018;10;7;3;3;3;6;0;1;1;0;0;0;0;0;544390.1971;5949094.7898;9.672199918;53.688680033
3992;1;0;59;75;2018;7;18;4;3;0;7;0;0;0;0;1;0;0;1;535404.9181;6040526.984;9.546847654;54.511100812
3993;1;0;59;43;2018;9;5;3;3;5;3;2;0;1;0;0;0;0;1;534848.176;6034510.522;9.537539286;54.457070681
3994;1;0;56;5;2018;9;14;7;3;2;6;0;0;1;0;0;0;0;0;561731.8673;5946318.2983;9.93421919;53.661965776
3995;1;0;58;22;2018;8;20;3;3;8;6;1;1;0;0;1;0;0;1;566655.5787;6001357.103;10.020709568;54.155975511
3996;1;0;3;0;2018;8;15;7;3;2;6;0;0;1;0;0;0;1;1;607773.5688;5968636.006;10.638534371;53.855021017
3997;1;0;62;61;2018;8;12;7;2;5;2;0;0;1;0;1;0;0;0;599006.4512;5965287.7404;10.504217609;53.826682255
3998;1;0;53;43;2018;7;12;6;3;8;7;0;0;1;0;0;0;0;0;610702.16;5962227.528;10.680731642;53.796829251
3999;1;0;2;0;2018;9;7;4;3;3;6;0;1;0;0;0;0;0;0;573515.9249;6021489.8288;10.130678762;54.335948097
4000;1;0;58;58;2018;8;8;2;3;5;2;0;1;1;0;0;0;0;0;563210.2884;6029270.9124;9.97385815;54.407250247
4001;1;0;53;47;2018;9;0;7;3;1;1;2;0;1;0;0;0;0;0;597656.9119;5921491.9994;10.469977504;53.433411488
4002;1;0;51;74;2018;9;13;4;3;3;6;0;1;0;0;0;0;0;0;505808.6791;5993418.2135;9.088804459;54.088915956
4003;1;0;53;129;2018;8;21;5;2;8;7;1;1;0;0;0;0;0;0;583085.6441;5928706.0042;10.252613798;53.500738108
4004;1;0;61;47;2018;7;5;2;1;9;7;0;0;1;0;0;0;0;0;529923.765;5983000.8829;9.456446882;53.994452628
4005;1;0;4;0;2018;8;6;4;3;5;2;0;1;1;0;0;0;0;0;564182.927;5992473.2614;9.980964669;54.076456525
4006;1;0;2;0;2018;7;13;6;2;3;6;0;0;1;0;0;1;0;0;569521.0887;6018579.6496;10.068572113;54.310357581
4007;1;0;1;0;2018;9;12;5;3;1;5;0;0;1;0;1;0;0;1;528955.2332;6072193.0042;9.450368447;54.796082036
4008;1;0;62;9;2018;7;11;1;3;5;3;0;0;1;0;0;0;0;0;576273.8978;5935899.8393;10.15169554;53.566419585
4009;1;0;4;0;2018;9;17;3;3;2;6;0;0;1;0;0;0;0;1;566310.6669;5990623.2266;10.013074487;54.059561833
4010;1;0;58;24;2018;10;15;2;3;9;1;0;0;1;0;0;0;0;0;548187.9712;6022158.259;9.741287156;54.344975986
4011;1;0;57;57;2018;7;13;3;3;3;6;0;0;1;0;0;1;0;0;592986.0556;6002493.3954;10.42414558;54.162093164
4012;1;0;55;44;2018;9;1;1;2;6;4;2;1;0;1;0;0;0;0;615647.9082;5986816.1474;10.765073199;54.016653239
4013;1;0;54;1;2018;8;14;6;2;6;4;0;0;1;1;0;0;0;0;502230.3486;6071293.7839;9.03468442;54.788831682
4014;1;0;56;41;2018;8;12;5;3;0;1;0;1;0;0;0;0;0;0;559038.2014;5954099.339;9.894942385;53.73220721
4015;1;0;54;22;2018;8;19;6;2;8;7;0;0;0;0;1;0;0;0;484221.5646;6061983.8517;8.755134144;54.704922849
4016;1;0;51;97;2018;7;10;5;3;2;2;0;0;1;0;0;0;0;0;507964.5555;5984520.6803;9.121530366;54.00891766
4017;1;0;60;39;2018;9;17;4;3;3;6;0;1;1;0;0;0;0;0;564483.3483;5958803.4317;9.978453073;53.773838044
4018;1;0;56;43;2018;7;6;1;2;0;7;0;0;1;0;0;1;0;0;558366.9193;5942273.3001;9.882543256;53.625998234
4019;1;0;58;34;2018;9;9;3;3;5;2;0;1;1;0;0;0;0;0;543166.9329;6018219.2588;9.663483382;54.310026563
4020;1;0;55;16;2018;8;10;7;3;5;3;0;0;1;0;0;0;0;0;627913.9276;6002342.8981;10.958727828;54.153229795
4021;1;0;4;0;2018;7;14;6;3;2;6;0;0;1;0;0;0;0;0;562566.9735;5991773.057;9.956125858;54.070362925
4022;1;0;59;53;2018;8;14;1;3;9;1;0;0;1;0;0;0;0;1;533199.3085;6024960.7624;9.511037883;54.37135804
4023;1;0;3;0;2018;9;8;6;3;2;6;0;0;1;0;0;0;0;0;611213.84;5971939.3915;10.692011443;53.883973901
4024;1;0;53;83;2018;10;13;6;3;1;7;0;1;1;0;0;0;0;0;603275.722;5914983.42;10.552390502;53.373858044
4025;1;0;54;161;2018;9;11;3;3;2;6;0;0;1;0;0;1;0;0;503545.0943;6030878.5919;9.054641561;54.425612672
4026;1;0;4;0;2018;9;14;5;3;0;5;0;0;1;0;1;0;0;0;563276.6967;5992282.3387;9.967076259;54.074852919
4027;1;0;58;22;2018;9;14;4;3;2;2;0;0;1;0;0;0;1;0;566995.9896;6003951.3248;10.026498396;54.179243473
4028;1;0;3;0;2018;8;7;2;3;2;6;0;0;1;0;0;0;1;0;609469.2298;5968575.6099;10.664280911;53.854123716
4029;1;0;51;114;2018;9;19;7;3;5;3;1;0;1;0;1;0;0;1;518281.518;6008030.834;9.280376661;54.219956208
4030;1;0;59;72;2018;9;16;5;2;5;3;0;0;1;0;0;0;0;0;549502.9173;6058462.8742;9.76760499;54.671096202
4031;1;0;51;3;2018;8;11;5;3;2;6;0;0;1;0;0;0;0;0;511390.8062;5977639.724;9.173553734;53.947008032
4032;1;0;58;128;2018;7;7;3;3;8;6;0;0;1;0;0;0;1;0;560806.6624;5989062.1815;9.928685781;54.046212014
4033;1;0;62;93;2018;8;12;4;2;8;1;0;0;1;0;0;0;0;0;595311.3166;5966488.7477;10.44846945;53.838164324
4034;1;0;51;60;2018;7;2;5;3;9;1;2;0;1;0;0;0;0;0;508709.78;6016095.9633;9.133813722;54.292693733
4035;1;0;58;119;2018;9;7;5;3;4;6;0;0;1;0;0;0;0;0;528150.4645;6001391.7435;9.431107721;54.159841034
4036;1;0;51;11;2018;7;11;1;3;2;6;0;0;1;0;0;0;0;0;505998.956;5973139.8772;9.09131374;53.906653929
4037;1;0;3;0;2018;9;15;3;3;2;2;0;0;1;0;1;0;0;0;614846.1575;5970744.3796;10.746798145;53.872446578
4038;1;0;53;126;2018;10;12;2;3;5;2;0;0;1;0;0;0;0;0;606479.3504;5936408.8579;10.607786098;53.565733923
4039;1;0;57;9;2018;7;17;3;3;2;6;0;0;1;0;1;0;0;0;595368.5597;6000721.6714;10.460061907;54.145737682
4040;1;0;56;15;2018;9;14;1;3;5;2;0;0;1;0;0;0;0;0;542318.3773;5956390.8895;9.641826309;53.754427664
4041;1;0;54;168;2018;8;22;6;3;5;3;2;0;1;0;0;0;0;0;457201.9652;6084068.8945;8.332575534;54.901809279
4042;1;0;54;87;2018;8;1;6;3;8;7;2;1;0;0;0;0;0;1;465998.5804;6060631.3744;8.472498741;54.691867726
4043;1;0;58;54;2018;8;8;6;2;5;2;0;1;1;0;0;0;0;0;538573.122;6017488.923;9.59278581;54.303830692
4044;1;0;61;116;2018;7;10;5;3;2;2;0;0;1;0;0;1;0;0;550522.8055;5975832.4381;9.769445327;53.928424867
4045;1;0;60;5;2018;9;13;4;3;5;3;0;1;1;0;0;0;0;0;586325.1651;5979602.1926;10.315643285;53.957568572
4046;1;0;1;0;2018;7;13;1;3;3;6;0;0;1;0;0;0;0;0;528389.3676;6072626.3295;9.441609739;54.800008436
4047;1;0;3;0;2018;9;13;3;3;5;2;0;1;1;0;0;0;0;0;610824.285;5969085.212;10.685056276;53.858414698
4048;1;0;56;32;2018;8;13;7;2;5;3;0;0;1;0;1;0;0;0;552226.527;5949504.28;9.790922784;53.691635698
4049;1;0;3;0;2018;7;4;6;3;5;3;0;1;1;0;0;0;0;0;610622.3097;5968504.8741;10.681777634;53.853243862
4050;1;0;55;24;2018;7;14;6;3;8;1;0;0;0;0;1;0;0;0;616296.0397;6004262.7329;10.781665477;54.173238038
4051;1;0;55;4;2018;8;10;1;3;0;1;0;1;0;0;0;0;0;0;612085.3028;5976830.8124;10.707054715;53.927731211
4052;1;0;53;90;2018;9;7;6;2;6;4;0;0;1;1;0;0;0;0;611327.0611;5942096.8566;10.682980197;53.615832675
4053;1;0;60;27;2018;10;11;7;3;2;6;0;0;1;0;0;0;0;0;561197.2188;5984295.6929;9.933689798;54.003330881
4054;1;0;2;0;2018;9;7;3;3;5;3;0;1;1;0;0;0;0;0;576220.3588;6017227.9507;10.171175438;54.297255897
4055;1;0;58;137;2018;7;13;6;3;0;7;0;1;0;0;0;0;0;0;552979.1884;6044158.6237;9.818918781;54.542203528
4056;1;0;3;0;2018;8;14;4;3;0;2;0;1;1;0;0;0;0;0;609111.1387;5967343.8989;10.658401727;53.843132922
4057;1;0;51;13;2018;7;11;1;3;2;6;0;0;1;0;0;0;1;0;491970.2462;5999776.1812;8.87707033;54.146029739
4058;1;0;58;175;2018;8;22;3;3;4;6;2;0;0;0;0;1;1;0;542782.7463;6028132.7302;9.659002946;54.39914919
4059;1;0;60;39;2018;7;11;5;3;5;3;0;1;1;0;0;0;0;0;564583.1451;5960643.2731;9.980352471;53.790360203
4060;1;0;3;0;2018;9;12;7;3;9;1;0;1;1;0;0;0;0;0;610059.6769;5969538.5519;10.673598649;53.86265027
4061;1;0;3;0;2018;7;17;2;3;8;7;0;0;1;0;0;0;0;0;606259.961;5972423.289;10.616844594;53.889359908
4062;1;0;60;63;2018;9;12;6;2;5;7;0;0;1;0;0;0;0;0;566108.5761;5948519.9659;10.00091226;53.681217261
4063;1;0;59;55;2018;8;16;5;2;5;3;0;0;1;0;1;0;0;0;545647.373;6052746.2162;9.706933207;54.620088769
4064;1;0;2;0;2018;8;7;5;3;0;7;0;1;0;0;0;0;0;1;572122.4478;6021398.2424;10.109229347;54.335324004
4065;1;0;62;4;2018;9;16;3;3;5;2;0;1;1;0;0;0;0;0;588831.274;5962055.228;10.348741789;53.799474339
4066;1;0;56;15;2018;7;13;6;3;5;3;0;1;1;0;0;0;0;0;545509.464;5955767.082;9.690128646;53.748552219
4067;1;0;60;96;2018;9;8;2;3;2;6;0;0;1;0;0;0;0;1;588803.7557;5975445.9443;10.352198594;53.91980307
4068;1;0;55;40;2018;8;9;6;3;5;2;0;1;1;0;0;0;0;0;607835.5378;5972392.1728;10.640796759;53.888755151
4069;1;0;4;0;2018;7;4;5;2;5;3;1;0;1;0;0;0;0;0;563356.6593;5992218.2827;9.968284761;54.07426745
4070;1;0;51;6;2018;8;17;6;2;8;1;0;0;1;0;0;0;0;1;505000.2902;5985102.4144;9.076308558;54.014183439
4071;1;0;53;116;2018;9;14;7;3;2;2;0;0;1;0;0;0;0;0;598899.9975;5928972.2386;10.491036175;53.500394843
4072;1;0;57;24;2018;8;16;4;3;3;6;0;0;1;0;0;1;0;0;571112.4338;5998469.2073;10.088264336;54.129426895
4073;1;0;56;15;2018;9;8;5;3;0;7;0;1;0;0;0;0;0;0;542640.8958;5956618.5598;9.646748914;53.75644761
4074;1;0;58;77;2018;10;10;5;3;0;1;0;1;0;0;0;0;0;1;542436.8807;5993899.3243;9.648829979;54.091523629
4075;1;0;55;40;2018;7;15;5;3;4;6;0;1;0;0;0;0;0;0;608573.7274;5972117.3373;10.651926341;53.886131928
4076;1;0;58;173;2018;9;19;1;2;9;1;0;0;1;0;0;0;0;0;553086.4418;6032865.9928;9.818546563;54.44071378
4077;1;0;62;1;2018;8;12;4;3;2;6;0;0;1;0;0;0;0;0;581952.1964;5949241.3583;10.24092617;53.685455449
4078;1;0;55;27;2018;8;13;2;3;5;2;0;0;1;0;0;0;0;0;622515.7724;6008160.9193;10.878484662;54.206807883
4079;1;0;54;78;2018;8;16;2;3;0;7;0;1;0;0;0;0;0;0;462660.0311;6096121.9275;8.416119225;55.010555738
4080;1;0;56;50;2018;7;15;5;3;1;5;0;0;1;0;0;0;0;0;546593.8469;5937175.5735;9.703781805;53.581360753
4081;1;0;57;32;2018;9;16;6;2;2;6;0;0;1;0;0;0;0;0;585144.4374;5998122.2115;10.302848033;54.124176609
4082;1;0;56;28;2018;7;16;7;2;5;3;0;0;1;0;0;0;0;0;544449.1865;5942963.9128;9.672215747;53.63357187
4083;1;0;54;126;2018;9;15;5;3;2;6;0;0;1;0;0;0;0;0;495685.1698;6065720.5979;8.932982375;54.738733163
4084;1;0;3;0;2018;8;17;3;3;2;2;0;0;1;0;1;0;0;0;610706.446;5968284.4422;10.682976668;53.851245516
4085;1;0;55;40;2018;9;20;2;3;0;4;2;0;1;1;0;0;0;0;608565.996;5972119.9209;10.651809679;53.886156758
4086;1;0;3;0;2018;9;18;7;3;5;3;0;0;1;0;1;0;0;0;609504.288;5968594.569;10.664820421;53.854286659
4087;1;0;54;168;2018;7;20;4;3;5;2;0;1;1;0;0;0;0;0;455727.3086;6084648.6238;8.309491323;54.906890201
4088;1;0;55;35;2018;8;17;5;3;2;2;0;0;1;0;0;0;0;0;614774.5182;5979334.4158;10.748931263;53.949634182
4089;1;0;53;32;2018;9;13;6;3;7;7;0;0;1;0;0;1;0;1;588772.6221;5920472.9249;10.336001681;53.425824347
4090;1;0;62;87;2018;7;17;2;3;2;6;0;0;1;0;0;0;0;0;599796.4146;5970085.8433;10.517774035;53.869642119
4091;1;0;3;0;2018;9;16;4;3;3;6;0;1;0;0;0;0;0;0;610429.7589;5968919.618;10.679000874;53.857011014
4092;1;0;3;0;2018;10;14;3;3;2;2;0;0;1;0;0;1;0;1;612546.4427;5969703.3567;10.711455175;53.863597751
4093;1;0;59;75;2018;7;9;4;2;5;2;0;0;1;0;1;0;0;0;536299.656;6042076.152;9.560857352;54.524959457
4094;1;0;58;128;2018;9;2;3;3;2;6;2;0;1;0;0;1;1;0;560923.8076;5988637.4808;9.930389397;54.042381544
4095;1;0;51;122;2018;8;16;6;3;2;2;0;0;1;0;0;0;1;0;504860.704;6010829.069;9.074592554;54.245408601
4096;1;0;2;0;2018;8;16;3;3;5;2;0;1;1;0;0;0;0;0;572753.574;6018100.635;10.11813002;54.30560302
4097;1;0;59;77;2018;8;14;7;3;8;1;0;0;1;0;0;0;0;1;530077.1858;6041330.4921;9.464643232;54.518665914
4098;1;0;3;0;2018;8;19;7;3;6;4;0;0;1;1;0;0;0;0;609817.5644;5971409.9608;10.67058879;53.879514821
4099;1;0;56;5;2018;7;17;5;3;1;6;0;0;1;0;0;0;0;0;561123.0325;5946519.6061;9.925046335;53.6638465
4100;1;0;59;58;2018;9;7;4;3;4;6;0;0;1;0;0;0;0;0;525976.365;6021894.7262;9.399590836;54.344222499
4101;1;0;59;159;2018;8;6;2;2;4;6;0;0;1;0;0;1;1;1;530319.2576;6052879.3966;9.469574127;54.622438727
4102;1;0;55;40;2018;9;22;7;3;0;1;2;1;0;0;0;0;0;0;608526.3086;5973051.3788;10.651536085;53.894533604
4103;1;0;62;60;2018;9;15;4;3;2;6;0;0;1;0;0;0;0;0;581131.545;5930193.373;10.223545852;53.514409546
4104;1;0;3;0;2018;8;12;5;3;5;2;0;0;1;0;0;0;0;0;611729.2858;5963456.0027;10.696764094;53.807646693
4105;1;0;62;18;2018;7;9;2;2;0;1;0;1;0;0;0;0;0;0;581407.3775;5930860.3682;10.227877947;53.520360914
4106;1;0;54;70;2018;8;6;4;3;8;1;0;0;1;0;0;0;0;0;502235.602;6027171.3567;9.034430062;54.392302073
4107;1;0;62;76;2018;7;14;5;3;9;1;0;0;1;0;0;0;0;0;575405.597;5953562.1925;10.142871462;53.725270787
4108;1;0;2;0;2018;7;16;1;3;5;3;0;0;1;0;1;0;0;0;574051.1096;6018585.333;10.13818735;54.309771902
4109;1;0;2;0;2018;9;13;3;3;2;6;0;0;1;0;0;0;0;1;572449.8775;6019320.0892;10.113759437;54.316603898
4110;1;0;2;0;2018;10;7;2;2;5;3;0;0;1;0;0;0;0;1;572287.455;6019813.7194;10.111382618;54.321062555
4111;1;0;54;97;2018;7;17;3;1;5;3;0;1;1;0;0;0;0;0;506766.8153;6043337.3103;9.104584105;54.537548749
4112;1;0;59;1;2018;9;16;1;3;8;1;0;0;1;0;0;0;0;0;526522.1701;6025367.2247;9.408295999;54.37540227
4113;1;0;60;7;2018;8;10;5;3;2;3;0;0;1;0;0;0;0;1;578660.2367;5975428.9946;10.197780333;53.921290301
4114;1;0;53;116;2018;8;18;5;2;8;1;0;0;1;0;0;0;0;0;596059.6193;5928625.3989;10.448123081;53.497804583
4115;1;0;4;0;2018;8;18;6;3;2;6;0;0;1;0;0;0;0;0;562398.0015;5997850.4893;9.95479765;54.124998403
4116;1;0;58;123;2018;9;15;4;2;5;3;0;1;1;0;0;0;0;0;549153.012;6034048.901;9.758098962;54.451739558
4117;1;0;56;49;2018;7;16;7;3;0;1;0;1;0;0;0;0;0;1;545039.3915;5949155.3947;9.682038698;53.689169167
4118;1;0;61;3;2018;9;5;2;3;5;2;1;0;0;0;0;0;1;0;529090.8033;5987009.1049;9.444125064;54.030524614
4119;1;0;57;4;2018;8;20;7;3;9;1;1;0;0;0;1;0;0;0;604929.6645;6022637.1406;10.614047061;54.340762744
4120;1;0;54;42;2018;7;1;6;2;8;1;2;0;1;0;0;0;0;0;501865.432;6041725.758;9.028820892;54.523107306
4121;1;0;61;91;2018;8;5;7;2;8;1;2;0;1;0;0;0;0;1;536692.9845;5990659.1679;9.560622335;54.062844604
4122;1;0;55;44;2018;8;23;5;2;4;6;2;1;0;0;0;0;0;0;613003.7236;5988774.8177;10.72546525;54.034835119
4123;1;0;55;40;2018;9;18;6;3;5;3;0;1;1;0;0;0;0;0;608380.7548;5972190.0616;10.649017367;53.886825666
4124;1;0;3;0;2018;10;4;6;3;3;6;2;1;0;0;0;0;0;0;610017.3572;5970523.9028;10.673308781;53.871511911
4125;1;0;56;50;2018;9;16;2;3;2;6;0;0;1;0;0;0;0;1;547247.9503;5937295.4416;9.713679092;53.582379589
4126;1;0;60;63;2018;8;17;4;3;2;6;0;0;1;0;0;0;0;0;562310.2075;5947986.011;9.94330493;53.676885244
4127;1;0;2;0;2018;7;13;1;3;2;6;0;0;1;0;1;0;0;0;574732.212;6021055.9482;10.149272451;54.331872719
4128;1;0;62;4;2018;8;20;3;3;3;6;0;0;1;0;0;0;1;0;593423.1462;5960525.6732;10.417974413;53.784926382
4129;1;0;60;39;2018;7;10;5;3;0;1;0;1;0;0;0;0;0;0;564445.7005;5960186.5131;9.978170939;53.786272371
4130;1;0;51;16;2018;9;19;6;3;2;6;2;0;1;0;1;0;0;0;517048.7333;5983501.5451;9.26008667;53.999537824
4131;1;0;1;0;2018;7;14;2;3;2;6;0;0;1;0;1;0;0;0;527877.6358;6071818.7606;9.433572096;54.792779948
4132;1;0;4;0;2018;9;13;6;3;4;6;0;1;0;0;0;0;0;0;566308.3592;5988360.8625;10.012544799;54.039231536
4133;1;0;62;1;2018;8;13;4;3;2;2;0;0;1;0;0;0;0;0;582178.0976;5947921.2828;10.243996258;53.6735574
4134;1;0;59;183;2018;9;10;3;3;2;6;0;0;1;0;0;0;0;0;523340.5784;6064417.3188;9.362415712;54.726497744
4135;1;0;4;0;2018;7;16;6;3;1;6;0;0;1;0;0;0;0;0;564377.1156;5991002.73;9.983619732;54.063217381
4136;1;0;62;45;2018;9;10;1;3;0;7;0;1;0;0;0;0;0;0;590039.3554;5945085.5443;10.362141121;53.646780789
4137;1;0;58;67;2018;8;19;6;3;5;3;0;1;0;0;0;0;0;0;544016.685;6037307.873;9.679371651;54.481497557
4138;1;0;56;5;2018;7;16;5;3;2;6;0;0;1;0;0;1;0;0;561678.4987;5946155.0052;9.933379228;53.66050452
4139;1;0;58;37;2018;8;13;6;2;4;6;0;1;0;0;0;0;0;1;573185.4989;6030161.3592;10.127731459;54.413914637
4140;1;0;59;6;2018;9;13;7;3;3;2;0;0;1;0;1;0;0;0;545922.1089;6057044.7081;9.711862122;54.658691246
4141;1;0;60;64;2018;7;17;3;3;8;1;0;0;0;0;1;0;0;0;560804.7233;5967816.2358;9.924423607;53.855278852
4142;1;0;3;0;2018;9;15;5;3;2;6;0;0;1;0;0;0;0;0;610140.951;5969927.741;10.674973645;53.866129617
4143;1;0;54;84;2018;10;17;5;3;5;3;0;1;1;0;0;0;0;0;506181.5971;6035908.1345;9.095383689;54.470789125
4144;1;0;51;97;2018;7;7;4;3;2;2;0;0;1;0;0;0;0;0;510357.8331;5984109.8296;9.158035027;54.005182524
4145;1;0;2;0;2018;8;13;4;3;3;6;0;1;0;0;0;0;0;0;572657.7426;6021095.1415;10.117386498;54.332524483
4146;1;0;54;76;2018;8;7;2;2;5;3;0;0;1;0;1;0;0;1;498361.497;6069414.211;8.974530056;54.771942716
4147;1;0;62;1;2018;8;15;1;3;0;7;0;0;0;0;1;0;0;0;582996.3337;5947989.909;10.256397651;53.674044813
4148;1;0;53;17;2018;7;13;5;3;5;3;0;1;1;0;0;0;0;0;594611.2912;5928205.2753;10.426169948;53.49429187
4149;1;0;51;122;2018;9;6;5;3;0;3;1;0;1;0;0;0;1;0;507104.1831;6008800.1166;9.108972961;54.227147078
4150;1;0;58;99;2018;7;12;7;3;2;6;0;0;1;0;0;0;0;0;557451.4318;6042205.1311;9.887658053;54.524161715
4151;1;0;56;15;2018;9;7;4;3;5;3;0;1;1;0;0;0;0;0;542880.459;5956363.614;9.650346796;53.754136575
4152;1;0;51;74;2018;8;19;2;3;5;3;0;1;1;0;0;0;0;0;504502.407;5993602.332;9.068836619;54.090583853
4153;1;0;59;98;2018;8;15;4;3;0;7;0;1;0;0;0;0;0;0;538509.237;6045901.0114;9.595495369;54.559168896
4154;1;0;60;44;2018;7;13;1;2;2;6;0;0;0;0;1;0;0;0;563145.0438;5966632.0988;9.959754975;53.844357829
4155;1;0;1;0;2018;8;17;3;2;5;2;0;0;1;0;1;0;0;0;527102.0993;6074081.1705;9.421722426;54.813153522
4156;1;0;62;82;2018;7;9;5;3;4;6;0;0;1;0;0;0;0;0;593305.637;5940289.7465;10.410100713;53.603114653
4157;1;0;4;0;2018;9;10;7;3;5;3;0;1;1;0;0;0;0;0;564497.375;5994885.246;9.986283794;54.098092436
4158;1;0;2;0;2018;7;13;2;3;5;2;0;1;0;0;0;0;1;0;575088.0734;6026919.6072;10.156222555;54.384508684
4159;1;0;3;0;2018;9;15;6;3;5;3;0;1;1;0;0;0;0;0;611057.1241;5968609.9258;10.688422906;53.854094869
4160;1;0;60;5;2018;8;16;4;3;2;6;0;0;1;0;0;0;0;0;585548.6398;5978412.77;10.303478605;53.947009816
4161;1;0;58;24;2018;8;18;5;3;9;1;0;0;1;0;0;0;0;1;545644.3403;6022343.9083;9.702189653;54.346878341
4162;1;0;2;0;2018;9;15;3;3;2;6;0;0;1;0;1;0;0;0;573780.66;6017864.979;10.133853428;54.303338163
4163;1;0;3;0;2018;7;13;6;3;1;5;0;0;1;0;1;0;0;0;616438.195;5974458.5987;10.772411727;53.90545957