OBJECTID_1;ULAND;UREGBEZ;UKREIS;UGEMEINDE;UJAHR;UMONAT;USTUNDE;UWOCHENTAG;UKATEGORIE;UART;UTYP1;ULICHTVERH;IstRad;IstPKW;IstFuss;IstKrad;IstGkfz;IstSonstig;STRZUSTAND;LINREFX;LINREFY;XGCSWGS84;YGCSWGS84
4164;1;0;56;50;2018;9;19;1;3;6;4;0;0;1;1;0;0;0;0;547234.1563;5937291.9505;9.713470223;53.582349454
4165;1;0;55;16;2018;8;9;6;3;2;2;0;0;1;0;0;0;0;0;627249.8528;6002029.6277;10.948433263;54.150580779
4166;1;0;1;0;2018;7;7;5;3;5;2;0;1;0;0;0;0;0;0;527280.8813;6072764.3196;9.424380251;54.801309995
4167;1;0;62;89;2018;8;17;6;3;4;6;0;0;1;0;0;0;0;0;589280.199;5953953.462;10.353212766;53.72659697
4168;1;0;58;151;2018;9;11;7;3;9;1;0;0;1;0;0;0;0;1;531961.1314;5995375.9244;9.48882667;54.10555148
4169;1;0;54;109;2018;8;1;4;1;9;1;2;0;1;0;0;0;0;0;490530.0014;6067867.9187;8.85284294;54.757959954
4170;1;0;56;30;2018;9;10;5;3;8;7;0;0;1;0;0;0;0;0;545069.1912;5962448.4439;9.684429032;53.808639946
4171;1;0;58;61;2018;10;12;5;3;9;1;0;0;1;0;0;0;0;1;531969.699;5995367.356;9.488956795;54.10547394
4172;1;0;59;42;2018;7;11;5;3;5;3;0;0;1;0;0;0;0;0;531961.802;6047850.102;9.494464332;54.57714074
4173;1;0;58;138;2018;8;8;4;3;8;7;0;0;1;0;0;0;0;0;565901.4365;6015791.5767;10.012331397;54.285783695
4174;1;0;2;0;2018;8;14;2;3;5;3;0;0;1;0;1;0;0;0;573902.6953;6015052.053;10.135033148;54.278044372
4175;1;0;58;139;2018;8;14;2;3;3;6;0;0;1;0;0;1;0;0;566581.4314;6010931.8329;10.021694698;54.242025482
4176;1;0;62;53;2018;7;15;5;3;6;2;0;0;0;1;0;0;1;0;577984.057;5933264.2033;10.176854625;53.542482575
4177;1;0;62;23;2018;9;13;6;3;2;6;0;0;1;0;0;0;0;0;586269.7568;5947612.0744;10.3058318;53.670119554
4178;1;0;3;0;2018;7;20;7;3;3;6;0;0;1;0;0;0;0;0;609288.8276;5970867.6328;10.662355861;53.87475402
4179;1;0;54;113;2018;9;20;5;2;9;1;1;0;1;0;0;0;0;1;475311.1301;6018564.0614;8.620489722;54.31435301
4180;1;0;1;0;2018;8;10;3;3;2;1;0;0;1;0;0;0;0;0;527614.19;6070626.29;9.429361387;54.782078397
4181;1;0;2;0;2018;9;9;2;3;2;6;0;0;1;0;0;0;0;0;573314.5986;6020962.7229;10.127453425;54.331240663
4182;1;0;61;30;2018;7;17;3;3;5;3;0;1;1;0;0;0;0;0;535436.5583;5966136.9928;9.538579205;53.842537304
4183;1;0;3;0;2018;8;17;5;3;9;1;0;0;0;0;1;0;0;0;620236.3496;5977768.7817;10.831496301;53.93432933
4184;1;0;55;42;2018;7;21;5;3;9;1;2;0;0;0;1;0;0;0;616328.9408;5984096.9506;10.774422295;53.992072065
4185;1;0;58;124;2018;9;10;6;3;5;3;0;1;0;0;0;0;1;0;545751.9031;6016442.8502;9.702939585;54.29383732
4186;1;0;55;21;2018;7;14;2;2;5;3;0;0;1;0;0;1;0;0;630209.4136;6026002.1485;11.004137917;54.365161758
4187;1;0;3;0;2018;9;6;4;3;8;1;1;0;0;0;1;0;0;1;620266.054;5977761.1948;10.831945531;53.934254275
4188;1;0;2;0;2018;10;11;3;3;2;6;0;0;1;0;0;0;1;1;576089.8999;6019263.076;10.16968974;54.31556213
4189;1;0;61;29;2018;7;19;3;3;5;3;0;0;1;0;1;0;0;0;528367.4218;5959863.5967;9.430565071;53.78658651
4190;1;0;3;0;2018;9;17;2;3;5;2;0;1;1;0;0;0;0;0;609116.1611;5967346.1811;10.658478839;53.843152371
4191;1;0;56;49;2018;8;13;6;3;5;2;0;1;0;0;0;0;1;0;545598.272;5949225.08;9.690511491;53.689746996
4192;1;0;59;75;2018;8;10;3;3;1;5;0;1;0;0;0;0;1;0;535076.7388;6039729.7994;9.541684226;54.503959524
4193;1;0;51;96;2018;8;0;6;3;8;7;2;0;1;0;0;0;0;1;506900.4287;6021984.6703;9.106151753;54.345645667
4194;1;0;2;0;2018;8;16;7;3;0;7;0;1;0;0;0;0;0;0;572941.875;6025445.551;10.122820514;54.371575263
4195;1;0;3;0;2018;7;19;5;2;5;2;0;1;1;0;0;0;0;1;608392.9319;5968107.3444;10.647759953;53.850142388
4196;1;0;54;56;2018;9;8;4;3;5;2;0;0;1;0;0;0;0;0;502880.3586;6032334.4142;9.04440995;54.438700734
4197;1;0;55;4;2018;8;15;2;3;5;3;0;0;1;0;0;0;0;0;610709.0864;5974273.0086;10.685179284;53.905047523
4198;1;0;4;0;2018;8;17;2;3;5;3;0;1;1;0;0;0;0;0;564693.5675;5991486.0796;9.98855718;54.067521363
4199;1;0;57;87;2018;9;13;7;2;8;7;0;1;0;0;0;0;0;0;583679.775;6030546.3105;10.289506095;54.415755677
4200;1;0;58;92;2018;9;16;4;3;5;2;0;1;1;0;0;0;0;0;571558.5634;6022164.0885;10.100742529;54.342285099
4201;1;0;4;0;2018;8;14;5;3;5;2;0;1;1;0;0;0;0;0;565391.5999;5991773.1136;9.999283696;54.070012663
4202;1;0;58;94;2018;7;20;2;3;8;1;0;0;1;0;0;0;0;0;562639.299;6008895.8528;9.960787162;54.224227044
4203;1;0;1;0;2018;8;15;4;3;4;6;0;0;1;0;0;0;0;0;524447.236;6069980.464;9.380066623;54.776438896
4204;1;0;3;0;2018;7;14;5;3;5;2;0;0;1;0;0;0;0;0;610465.6287;5967262.4261;10.678949917;53.842114708
4205;1;0;62;23;2018;10;7;2;3;2;6;0;0;1;0;0;1;1;0;586927.775;5949231.5457;10.316242752;53.684563173
4206;1;0;1;0;2018;7;10;3;2;5;2;0;0;1;0;0;0;0;0;526673.143;6070084.22;9.414680045;54.77725797
4207;1;0;55;43;2018;9;15;7;3;4;6;0;0;1;0;0;0;1;0;611947.5501;6017564.3712;10.720042894;54.293700442
4208;1;0;56;15;2018;8;10;5;3;2;6;0;0;1;0;0;0;0;1;544823.1098;5955889.1157;9.679738939;53.749708487
4209;1;0;58;135;2018;8;16;5;3;2;6;0;0;1;0;0;0;0;1;543594.7058;6017542.7409;9.669959088;54.303910467
4210;1;0;61;119;2018;8;13;5;3;8;2;0;0;1;0;0;0;0;0;524318.012;5976370.69;9.370412128;53.93515619
4211;1;0;2;0;2018;9;16;4;2;5;3;0;1;1;0;0;0;0;0;574513.5628;6029516.4852;10.148029474;54.407927353
4212;1;0;58;56;2018;7;16;7;3;5;3;0;1;1;0;0;0;0;1;527814.5288;6017327.9451;9.427440493;54.303083084
4213;1;0;3;0;2018;9;11;2;3;0;2;0;1;0;0;0;0;1;0;611075.7856;5968715.3285;10.688744618;53.85503784
4214;1;0;59;162;2018;8;15;7;3;5;2;0;0;1;0;0;0;0;0;521443.363;6045713.467;9.331586959;54.558494384
4215;1;0;1;0;2018;7;20;6;3;2;6;0;0;1;0;0;0;0;0;527885.3607;6071599.5997;9.433671156;54.790810035
4216;1;0;62;9;2018;8;14;7;3;5;3;0;0;1;0;0;0;0;0;579479.5068;5936833.1058;10.200324615;53.574330735
4217;1;0;59;75;2018;8;10;5;3;2;6;0;0;1;0;0;0;0;0;536606.1498;6040957.4167;9.565453749;54.514883669
4218;1;0;58;163;2018;9;13;6;3;5;2;0;0;1;0;0;0;0;0;558680.3068;5999850.9154;9.89830734;54.143413183
4219;1;0;2;0;2018;10;12;6;2;5;3;0;0;1;0;0;0;0;0;573748.7551;6029815.6632;10.136323006;54.41072704
4220;1;0;3;0;2018;9;7;2;3;5;3;0;0;1;0;0;0;0;0;614863.127;5968995.286;10.746401355;53.856729068
4221;1;0;62;4;2018;8;15;3;3;2;6;0;0;1;0;0;0;0;0;590648.0877;5963774.9423;10.376824434;53.814613685
4222;1;0;60;30;2018;8;14;2;3;5;3;0;1;0;0;0;0;1;0;586451.086;5980692.666;10.317870907;53.967346097
4223;1;0;3;0;2018;7;22;5;3;5;2;2;0;1;0;1;0;0;0;608730.9299;5971940.1232;10.654254169;53.884506847
4224;1;0;56;39;2018;9;17;6;3;5;2;0;1;1;0;0;0;0;0;552357.6959;5946368.4032;9.792379873;53.663438741
4225;1;0;53;83;2018;7;13;1;3;4;6;0;0;0;0;0;0;1;0;603999.293;5914279.4575;10.563030825;53.36739067
4226;1;0;59;109;2018;9;7;6;3;4;6;0;0;1;0;0;0;0;1;550264.2339;6062048.4286;9.780026584;54.703240835
4227;1;0;3;0;2018;8;12;4;2;6;2;0;0;1;1;0;0;0;0;610024.9726;5970101.3209;10.673272978;53.867713703
4228;1;0;55;4;2018;9;17;3;3;2;6;0;0;1;0;0;0;0;0;613279.994;5976090.876;10.724966608;53.920823733
4229;1;0;57;88;2018;7;18;6;3;2;2;0;0;1;0;0;0;0;0;586726.1175;6029591.977;10.336157499;54.406670941
4230;1;0;3;0;2018;9;23;1;3;5;3;2;0;1;0;0;0;0;0;610384.9535;5968001.78;10.677990003;53.848774427
4231;1;0;57;41;2018;8;21;6;3;5;2;2;0;1;0;0;0;0;0;591151.2146;6026884.3084;10.403480531;54.381570226
4232;1;0;60;99;2018;7;9;4;3;7;7;0;1;0;0;0;0;0;0;559310.9803;5979001.8007;9.903884832;53.955975651
4233;1;0;2;0;2018;8;13;6;3;2;6;0;0;1;0;0;0;0;1;577439.2355;6020750.3601;10.190813403;54.328723251
4234;1;0;59;42;2018;9;1;7;3;7;7;2;0;1;0;0;0;0;1;531345.5589;6047731.3038;9.484918465;54.576111705
4235;1;0;53;112;2018;7;12;3;3;2;6;0;0;1;0;0;0;1;0;594828.5948;5948466.7036;10.435602002;53.676316497
4236;1;0;2;0;2018;9;18;5;3;0;7;0;0;0;0;1;0;0;0;576397.606;6019778.3675;10.174550732;54.320146361
4237;1;0;51;84;2018;10;13;4;3;2;6;0;0;1;0;0;0;0;0;493527.3995;6001211.6722;8.900878349;54.158953442
4238;1;0;62;71;2018;7;12;4;3;2;6;0;0;1;0;0;0;0;0;580659.8145;5941396.5748;10.219325922;53.615160169
4239;1;0;59;34;2018;8;14;4;3;8;1;0;0;1;0;0;0;0;0;558938.6397;6054753.6588;9.913151078;54.636750825
4240;1;0;3;0;2018;8;17;1;3;5;3;0;1;1;0;0;0;0;0;613536.1683;5970802.1408;10.726904759;53.87325375
4241;1;0;3;0;2018;8;21;1;2;1;5;2;0;1;1;0;0;0;0;610465.256;5971884.705;10.680608166;53.883642534
4242;1;0;3;0;2018;7;15;5;3;5;2;0;1;1;0;0;0;0;0;610175.7246;5971483.5794;10.67606116;53.880100296
4243;1;0;55;28;2018;9;7;5;3;2;6;0;0;1;0;0;0;0;0;601847.3181;6006571.6527;10.561188499;54.197052468
4244;1;0;55;40;2018;9;5;4;3;6;6;2;1;0;1;0;0;0;0;608631.5268;5972071.6925;10.652789163;53.885709738
4245;1;0;60;75;2018;8;21;2;3;5;3;2;0;1;0;1;0;0;0;594777.6893;5988517.8199;10.447197301;54.036196586
4246;1;0;55;44;2018;9;14;1;3;8;1;0;0;0;0;1;0;0;0;613964.9364;5986776.4684;10.739385172;54.016671045
4247;1;0;58;175;2018;9;6;5;3;5;3;1;0;1;0;0;0;0;1;543256.178;6028312.615;9.666321096;54.400725751
4248;1;0;57;57;2018;7;15;3;3;2;6;0;0;1;0;0;0;0;0;594054.3142;6001963.3856;10.440335615;54.157136558
4249;1;0;3;0;2018;7;16;5;3;5;7;0;0;1;0;1;0;0;0;610298.5424;5968989.9597;10.677032043;53.857670873
4250;1;0;62;25;2018;9;6;6;3;3;6;1;0;1;0;0;0;0;0;602761.8741;5966282.4957;10.561583788;53.834891143
4251;1;0;59;126;2018;7;10;2;3;5;2;0;0;1;0;0;0;0;0;535541.428;6067448.989;9.552224088;54.753027325
4252;1;0;56;43;2018;9;16;3;3;2;6;0;0;1;0;0;0;0;0;554151.3084;5945478.383;9.819366198;53.655257001
4253;1;0;59;18;2018;10;9;3;2;5;3;0;0;1;0;0;0;1;1;534686.9587;6037251.1121;9.535374057;54.481710908
4254;1;0;3;0;2018;7;14;3;3;3;2;0;0;1;0;0;0;1;0;611246.8572;5969109.4257;10.69148708;53.858541873
4255;1;0;59;79;2018;9;16;2;3;2;6;0;0;1;0;0;0;1;0;524356.486;6041228.0036;9.37626169;54.518052078
4256;1;0;55;46;2018;8;9;6;3;5;3;0;1;1;0;0;0;0;0;641567.9957;6034957.4159;11.183099684;54.442559316
4257;1;0;3;0;2018;8;8;6;2;7;7;0;0;0;0;1;0;0;0;611164.2006;5961241.8667;10.687387672;53.787875253
4258;1;0;60;63;2018;8;14;6;3;2;6;0;0;1;0;0;0;0;0;565570.1257;5948268.4496;9.992708084;53.679024714
4259;1;0;55;46;2018;7;13;5;3;4;6;0;1;0;0;1;0;0;0;641833.1863;6034890.2009;11.187153673;54.44188175
4260;1;0;56;48;2018;9;16;3;3;2;6;0;0;1;0;0;0;0;0;547404.324;5950181.721;9.71800518;53.698184202
4261;1;0;53;123;2018;8;14;1;3;8;1;0;0;1;0;0;0;0;0;618559.1058;5942127.9828;10.792265044;53.614525465
4262;1;0;51;44;2018;7;18;6;2;0;1;0;0;0;0;1;0;0;0;507797.175;6005523.291;9.119517871;54.197686271
4263;1;0;62;1;2018;8;7;2;3;3;6;0;0;1;0;0;1;0;0;584364.5169;5944430.4639;10.276137;53.641839892
4264;1;0;51;81;2018;9;13;6;2;5;2;0;0;0;0;1;0;1;0;502364.774;6003794.5068;9.036234546;54.182202426
4265;1;0;61;17;2018;9;16;3;3;4;6;0;1;1;0;0;0;0;0;532443.5962;5972686.5029;9.493785791;53.901598378
4266;1;0;62;4;2018;8;15;5;3;1;6;0;0;1;0;0;0;1;0;593431.0736;5960546.463;10.418100994;53.785111766
4267;1;0;59;19;2018;7;18;2;2;0;1;0;1;0;0;0;0;0;0;532519.0545;6036871.0645;9.501873304;54.478439023
4268;1;0;55;46;2018;8;19;3;2;0;3;0;0;1;0;1;0;0;0;643191.375;6036410.779;11.208815815;54.455156613
4269;1;0;58;9;2018;7;11;5;3;5;3;0;0;1;0;1;0;0;0;550423.9151;5991239.9215;9.770492083;54.066903256
4270;1;0;51;137;2018;9;16;1;1;5;3;0;0;1;0;0;0;0;0;499561.6283;5997052.5751;8.993292796;54.121613304
4271;1;0;3;0;2018;7;13;3;3;5;3;0;1;1;0;0;0;0;0;610296.4768;5971568.9392;10.677927962;53.880841532
4272;1;0;58;135;2018;7;14;5;3;2;6;0;0;1;0;0;0;0;0;542948.5603;6017998.0126;9.660095386;54.308056667
4273;1;0;57;57;2018;9;14;6;3;3;6;0;0;1;0;0;1;1;1;592629.2577;6002443.5356;10.418667503;54.161709665
4274;1;0;54;19;2018;7;16;2;2;0;7;0;1;0;0;0;0;0;0;498201.6895;6052175.8178;8.972152193;54.617022876
4275;1;0;54;19;2018;9;10;4;3;5;3;0;0;1;0;0;0;1;1;498191.3993;6052186.9037;8.971992775;54.617122468
4276;1;0;59;155;2018;10;14;3;3;4;6;0;1;0;0;0;0;0;0;558345.9467;6062767.4655;9.905570553;54.708830067
4277;1;0;53;32;2018;7;15;3;3;4;6;0;0;1;0;0;0;0;0;591153.8654;5922961.4385;10.372548072;53.44778044
4278;1;0;55;28;2018;9;12;2;2;6;6;0;1;0;1;0;0;0;0;601805.274;6004272.578;10.55976641;54.176405234
4279;1;0;53;32;2018;8;8;6;3;9;1;0;0;1;0;0;0;0;0;592359.0219;5919965.7259;10.389810178;53.420650776
4280;1;0;56;24;2018;8;17;2;3;5;2;0;0;1;0;0;0;0;1;544217.769;5945220.469;9.669037141;53.653873039
4281;1;0;60;63;2018;8;12;6;3;0;7;0;0;0;0;1;0;0;0;563973.4034;5948088.9004;9.968501111;53.677608986
4282;1;0;60;2;2018;8;16;7;2;3;6;0;0;1;0;0;0;0;0;562232.6548;5958786.3231;9.9443034;53.7739581
4283;1;0;2;0;2018;7;19;5;3;2;6;0;0;1;0;0;0;0;0;572299.7369;6019245.5965;10.11143379;54.315955807
4284;1;0;56;47;2018;9;11;3;3;0;7;0;1;0;0;0;0;0;0;555391.0448;5946591.1208;9.838320958;53.665127874
4285;1;0;60;63;2018;8;10;1;3;0;7;0;1;0;0;0;0;0;0;566906.202;5950663.205;10.013449086;53.700376985
4286;1;0;59;179;2018;7;16;7;2;9;1;0;0;1;0;0;0;0;0;515257.2495;6057536.6709;9.236545141;54.66497293
4287;1;0;54;164;2018;8;15;2;3;4;6;0;1;0;0;0;0;0;0;472233.0093;6060598.5233;8.569220013;54.691954857
4288;1;0;59;5;2018;9;6;7;2;9;7;1;0;1;0;0;0;0;1;519378.2886;6025663.0524;9.298340625;54.378382757
4289;1;0;1;0;2018;9;7;4;3;5;2;0;1;1;0;0;0;0;0;528527.8;6070757.629;9.443579174;54.783207576
4290;1;0;2;0;2018;8;17;5;3;0;2;0;1;1;0;0;0;0;0;576121.5475;6017320.1384;10.169680969;54.298098989
4291;1;0;1;0;2018;7;13;2;3;6;6;0;1;0;1;0;0;0;0;527199.1708;6073330.7756;9.423162386;54.806404872
4292;1;0;56;24;2018;8;9;3;3;9;1;0;0;1;0;0;0;0;0;544316.711;5943680.238;9.670314496;53.640021326
4293;1;0;57;30;2018;7;19;5;3;9;1;0;0;1;0;0;0;0;0;604855.3688;6017618.2537;10.611141697;54.295688944
4294;1;0;3;0;2018;9;10;1;3;5;3;0;1;1;0;0;0;0;0;609316.98;5970254.583;10.662565369;53.869240253
4295;1;0;58;132;2018;7;12;3;3;2;6;0;0;1;0;0;1;0;0;547361.0414;6020528.3212;9.728308502;54.330405708
4296;1;0;1;0;2018;9;16;7;3;5;2;0;0;1;0;0;0;0;1;526305.83;6069991.903;9.408961325;54.776447743
4297;1;0;55;32;2018;8;18;5;3;0;3;0;1;1;0;0;0;0;1;617319.0419;5996128.0478;10.794167528;54.099928973
4298;1;0;54;57;2018;8;15;5;3;5;3;0;0;0;0;1;0;1;0;509528.3503;6043452.0943;9.147268422;54.538535895
4299;1;0;53;56;2018;8;15;5;3;8;1;0;0;1;0;0;0;0;0;610336.4792;5934604.0932;10.665363218;53.548721721
4300;1;0;59;128;2018;9;17;4;3;2;2;0;0;1;0;0;0;1;0;517205.464;6054630.492;9.266578512;54.638792825
4301;1;0;59;75;2018;7;15;7;3;5;2;0;1;1;0;0;0;0;0;535411.4454;6040689.2269;9.546967944;54.512558391
4302;1;0;58;50;2018;9;7;2;3;5;3;0;1;1;0;0;0;0;0;561980.4726;6019362.5807;9.952850627;54.318364003
4303;1;0;54;132;2018;8;11;7;3;9;1;0;0;0;0;1;0;0;0;507082.9278;6030683.235;9.109166462;54.423819979
4304;1;0;62;9;2018;7;18;6;3;9;1;0;0;1;0;0;0;0;0;581701.0657;5935326.4217;10.233472789;53.560449661
4305;1;0;3;0;2018;8;11;7;3;3;6;0;0;1;0;0;0;0;0;612386.2101;5967306.2306;10.708142388;53.842096349
4306;1;0;61;31;2018;8;19;4;3;5;2;0;0;1;0;0;0;0;0;522018.19;5985132.456;9.336014914;54.014008115
4307;1;0;59;75;2018;9;12;6;3;2;2;0;0;1;0;0;0;0;0;535191.1136;6041272.5022;9.543634457;54.517815478
4308;1;0;62;27;2018;10;17;6;3;2;6;0;0;1;0;0;0;1;0;588098.6472;5952750.1908;10.334966947;53.715985363
4309;1;0;60;47;2018;7;13;5;3;0;1;0;0;0;0;1;0;0;0;566157.8052;5962019.7746;10.004546926;53.802532835
4310;1;0;58;43;2018;9;15;2;2;5;3;0;1;1;0;0;0;0;0;555139.9497;6034330.6797;9.850478792;54.4536572
4311;1;0;59;187;2018;7;15;6;2;0;1;0;1;0;0;0;0;0;0;552987.2945;6048768.5608;9.819874799;54.583628281
4312;1;0;3;0;2018;8;18;3;3;2;3;0;0;1;0;0;0;0;0;609186.6061;5971636.7898;10.661075652;53.881685892
4313;1;0;62;22;2018;8;12;2;2;2;5;0;0;1;0;1;0;0;0;588526.5654;5941529.4374;10.338250456;53.615083691
4314;1;0;58;132;2018;7;12;5;3;2;6;0;0;1;0;0;0;1;0;547241.3428;6020648.0208;9.726486926;54.331492507
4315;1;0;3;0;2018;9;9;6;3;5;3;0;1;1;0;1;0;0;0;610968.6544;5966902.3731;10.686461661;53.8387727
4316;1;0;55;44;2018;7;17;1;2;2;6;0;0;1;0;1;0;0;0;615841.6623;5986436.9694;10.767884353;54.01320341
4317;1;0;56;39;2018;9;17;5;3;5;3;0;0;1;0;0;0;0;0;552440.2973;5947057.9805;9.793746291;53.669628078
4318;1;0;58;22;2018;8;13;4;2;4;6;0;0;1;0;0;0;0;0;566996.1442;6003961.8217;10.026503101;54.179337781
4319;1;0;60;5;2018;9;12;2;3;6;4;0;0;1;1;0;0;0;0;585231.927;5977672.4734;10.298447686;53.940409994
4320;1;0;54;168;2018;7;14;6;3;2;6;0;0;1;0;0;0;0;0;456443.7942;6084420.0176;8.320699852;54.904898938
4321;1;0;1;0;2018;9;13;1;3;2;6;0;0;1;0;0;0;0;0;527877.7224;6071813.4153;9.433572929;54.792731908
4322;1;0;54;168;2018;8;20;6;2;0;1;0;1;0;0;0;0;0;0;455882.3811;6084727.3185;8.31189769;54.907611062
4323;1;0;55;41;2018;7;14;4;3;4;6;0;0;1;0;0;1;0;0;610366.5523;5991809.0634;10.686321124;54.062665546
4324;1;0;54;168;2018;8;16;6;3;6;2;0;0;1;1;0;0;0;0;455690.2524;6084755.3053;8.308896994;54.907845546
4325;1;0;56;39;2018;9;6;7;3;8;1;1;0;1;0;0;0;0;1;552306.477;5948614.3481;9.791983319;53.68362941
4326;1;0;3;0;2018;7;18;3;3;5;3;0;1;1;0;0;0;0;0;611629.158;5971032.544;10.697996832;53.875737443
4327;1;0;54;132;2018;9;14;5;3;9;1;0;0;1;0;0;0;0;0;502989.1174;6033758.9682;9.046101192;54.451502924
4328;1;0;2;0;2018;10;1;4;3;0;1;2;1;0;0;0;0;0;1;573383.1441;6020923.7316;10.128497718;54.330880448
4329;1;0;58;5;2018;7;16;4;3;5;2;0;1;1;0;0;0;0;0;572747.079;6028930.679;10.120675583;54.402919135
4330;1;0;2;0;2018;9;9;3;3;5;3;0;0;1;0;0;0;0;1;573504.722;6017857.7879;10.129611987;54.303313325
4331;1;0;4;0;2018;8;20;4;3;9;1;2;0;0;0;1;0;0;0;562414.0645;5997855.4728;9.955044434;54.125041238
4332;1;0;2;0;2018;8;11;1;2;0;1;0;0;0;0;1;0;0;0;576521.553;6017130.4663;10.175777447;54.296334925
4333;1;0;54;126;2018;8;5;1;2;8;1;1;0;1;0;0;0;0;0;495748.8496;6065671.3037;8.933972164;54.738290708
4334;1;0;59;41;2018;7;6;5;3;3;6;0;0;1;0;0;1;0;0;532679.364;6039831.761;9.50467491;54.505036005
4335;1;0;3;0;2018;9;14;5;3;2;6;0;0;1;0;0;0;0;0;611131.9229;5971995.8977;10.690786242;53.884499118
4336;1;0;58;63;2018;9;15;4;3;2;6;0;0;1;0;0;0;0;0;566462.057;6009086.266;10.019454375;54.225456466
4337;1;0;3;0;2018;8;18;2;3;2;6;0;0;1;0;0;0;0;0;609857.9941;5970312.5791;10.670810396;53.869647076
4338;1;0;62;9;2018;9;14;1;3;2;6;0;0;1;0;0;0;0;0;578104.4874;5935253.4075;10.179168522;53.56034104
4339;1;0;57;70;2018;9;21;5;3;9;1;2;0;1;0;0;0;0;1;588331.2208;6008469.4365;10.354630814;54.216610456
4340;1;0;54;76;2018;7;10;3;3;2;6;0;0;1;0;0;0;0;0;499303.1305;6067880.578;8.989171092;54.758162497
4341;1;0;51;44;2018;7;6;5;3;2;6;0;0;1;0;0;1;0;0;504886.2832;6002572.7514;9.07485083;54.171203906
4342;1;0;62;14;2018;9;9;5;3;5;3;0;1;1;0;0;0;0;0;582024.541;5950403.475;10.242328766;53.69588719
4343;1;0;60;4;2018;7;10;2;2;6;7;0;0;0;0;0;0;1;0;561549.005;5974219.0172;9.937023326;53.91273226
4344;1;0;53;20;2018;9;6;3;3;0;1;0;0;0;0;1;0;0;1;607344.4165;5926875.0964;10.617575079;53.479896409
4345;1;0;60;5;2018;10;13;2;3;6;4;0;0;1;1;0;0;0;1;584851.612;5977340.067;10.292563147;53.937485562
4346;1;0;58;43;2018;7;17;3;3;0;2;0;0;1;0;1;0;0;0;554364.4114;6034487.2757;9.838547078;54.455147999
4347;1;0;61;72;2018;9;13;2;3;7;7;0;0;0;0;0;1;0;0;533776.181;5972107.0629;9.514002692;53.896305424
4348;1;0;57;9;2018;8;14;6;2;5;3;0;1;1;0;0;0;0;0;594783.7745;6001241.5838;10.451275611;54.150517207
4349;1;0;2;0;2018;8;16;6;3;0;4;0;1;0;1;0;0;0;0;573205.3768;6018423.4044;10.125151286;54.308438784
4350;1;0;55;17;2018;8;21;6;3;2;6;0;0;1;0;0;0;0;0;636038.3823;6028130.0183;11.094763423;54.382750618
4351;1;0;61;41;2018;7;6;4;3;5;3;0;0;1;0;0;0;0;0;539307.1624;5966287.1241;9.597422077;53.843608183
4352;1;0;54;123;2018;9;6;5;2;4;6;0;0;1;0;0;0;0;0;514852.0657;6052077.0642;9.229986225;54.615920175
4353;1;0;53;116;2018;9;17;3;3;5;3;0;0;1;0;0;0;0;0;596699.5813;5928809.3795;10.457823972;53.499340544
4354;1;0;53;41;2018;8;6;1;2;8;7;0;0;1;0;0;0;0;0;616258.7961;5962573.08;10.765182438;53.798721997
4355;1;0;55;27;2018;7;14;6;3;8;7;0;0;1;0;0;0;0;0;621446.5384;6008749.064;10.862337855;54.212345501
4356;1;0;53;20;2018;7;20;6;3;9;7;0;0;0;0;1;0;0;0;605326.1022;5928171.0473;10.587608832;53.491948537
4357;1;0;60;66;2018;8;14;1;3;9;1;0;0;0;0;1;0;0;0;566361.256;5968060.49;10.008939407;53.85679351
4358;1;0;56;15;2018;9;13;6;3;4;1;0;1;0;0;0;0;0;0;543482.3554;5956125.7176;9.659441311;53.751948564
4359;1;0;59;183;2018;10;8;7;3;2;6;0;0;1;0;0;0;0;0;521394.871;6072268.5106;9.332783069;54.797139991
4360;1;0;3;0;2018;9;14;3;3;5;2;0;0;1;0;1;0;0;0;610285.082;5967983.9073;10.676466129;53.848635068
4361;1;0;58;43;2018;7;14;6;3;8;1;0;0;0;0;1;0;0;0;555869.2901;6033730.9583;9.861613569;54.448188284
4362;1;0;56;15;2018;8;12;4;3;8;7;0;0;0;0;0;0;1;0;545734.1162;5955786.7241;9.693538019;53.748709093
4363;1;0;54;56;2018;7;21;2;2;2;6;0;1;0;0;1;0;0;0;501126.5392;6039237.794;9.01739551;54.500749784
4364;1;0;4;0;2018;8;16;3;2;5;2;0;0;1;0;1;0;0;0;565354.1785;5993684.8051;9.999124453;54.087196697
4365;1;0;61;7;2018;7;9;4;3;0;7;0;1;0;0;0;0;0;0;526247.23;5970275.781;9.399274453;53.880281928
4366;1;0;60;19;2018;9;11;7;2;5;2;0;0;1;0;1;0;0;0;560702.071;5956987.0722;9.920728171;53.757968688
4367;1;0;55;44;2018;7;16;2;2;1;5;0;0;1;0;0;0;0;0;609987.2351;5989737.0832;10.679776933;54.044132029
4368;1;0;60;63;2018;9;19;6;3;5;3;1;0;1;0;0;0;0;1;565098.9727;5948543.8164;9.985633943;53.681558357
4369;1;0;59;18;2018;8;13;5;3;5;3;0;1;1;0;0;0;0;0;536944.52;6039400.6446;9.57048531;54.50086886
4370;1;0;4;0;2018;8;18;5;3;5;3;0;1;1;0;0;0;0;1;564061.332;5992940.525;9.979205359;54.08067072
4371;1;0;56;39;2018;9;17;3;3;0;1;0;0;0;0;1;0;0;0;552378.29;5946363.733;9.792690723;53.663394704
4372;1;0;51;38;2018;7;16;6;2;5;3;0;1;1;0;0;0;0;0;500106.26;6018701.814;9.001633467;54.316187927
4373;1;0;1;0;2018;9;7;2;2;5;3;0;1;0;0;0;0;1;1;530906.23;6073215.156;9.480822038;54.805151099
4374;1;0;56;44;2018;8;19;6;3;5;3;0;1;1;0;0;0;0;0;553900.9048;5940398.1751;9.814697665;53.609624187