OBJECTID_1;ULAND;UREGBEZ;UKREIS;UGEMEINDE;UJAHR;UMONAT;USTUNDE;UWOCHENTAG;UKATEGORIE;UART;UTYP1;ULICHTVERH;IstRad;IstPKW;IstFuss;IstKrad;IstGkfz;IstSonstig;STRZUSTAND;LINREFX;LINREFY;XGCSWGS84;YGCSWGS84
4375;1;0;55;28;2018;7;16;5;3;1;6;0;1;0;0;0;0;0;0;601520.122;6003695.377;10.555204765;54.171275946
4376;1;0;62;9;2018;8;14;7;3;2;6;0;0;1;0;0;0;0;1;577872.397;5935451.124;10.175714663;53.562152342
4377;1;0;56;49;2018;9;23;7;3;9;1;2;0;0;0;1;0;0;0;543015.9993;5948393.6581;9.651294723;53.682493357
4378;1;0;4;0;2018;8;8;4;3;0;7;0;1;0;0;0;0;0;0;564482.6924;5995702.2598;9.986233502;54.105436314
4379;1;0;60;53;2018;9;11;5;3;6;7;0;1;0;1;0;0;0;0;582312.482;5969621.208;10.251818787;53.868534501
4380;1;0;55;44;2018;10;9;5;3;0;1;0;0;0;0;1;0;0;1;614431.6816;5987561.1527;10.746800612;54.023617172
4381;1;0;55;35;2018;7;19;5;2;5;3;0;0;1;0;0;0;0;0;614892.8775;5979498.6773;10.750795717;53.95108361
4382;1;0;55;46;2018;9;5;1;2;8;1;2;0;1;0;0;0;0;0;638174.9992;6036535.4957;11.131553754;54.457665777
4383;1;0;60;27;2018;8;5;4;3;8;1;1;0;1;0;0;0;0;0;563469.7563;5978948.6528;9.967242871;53.95500454
4384;1;0;51;138;2018;8;9;3;3;8;1;0;0;1;0;0;0;0;1;516350.7868;5998886.7497;9.250269407;54.137838431
4385;1;0;2;0;2018;8;11;2;2;2;6;0;0;1;0;0;0;1;0;574559.5766;6017874.4491;10.145823464;54.303310164
4386;1;0;51;53;2018;7;19;4;3;8;1;0;0;0;0;1;0;0;0;514165.5007;6015485.1131;9.217603843;54.287081656
4387;1;0;58;100;2018;9;10;6;3;4;6;0;0;1;0;0;0;0;0;533534.8356;6000953.9717;9.513514107;54.155583239
4388;1;0;51;113;2018;7;13;7;3;5;3;0;0;1;0;0;0;1;0;500405.8213;6002520.8721;9.006216532;54.170760729
4389;1;0;2;0;2018;9;14;5;3;5;2;0;1;1;0;0;0;0;0;570221.4697;6024047.139;10.080622801;54.359391616
4390;1;0;62;53;2018;8;7;3;3;2;6;0;0;1;0;0;0;0;0;577641.6996;5933243.6171;10.171684201;53.542348295
4391;1;0;62;16;2018;9;10;2;3;5;3;0;0;1;0;0;0;0;0;583281.6627;5958146.89;10.263448734;53.76527166
4392;1;0;51;114;2018;9;17;7;2;0;1;0;1;0;0;0;0;0;0;518098.9401;6007996.739;9.277574515;54.219656261
4393;1;0;60;44;2018;7;9;2;2;2;6;0;0;1;0;1;0;0;0;562025.156;5966582.137;9.942726036;53.844043751
4394;1;0;1;0;2018;7;16;1;3;0;1;0;1;0;0;0;0;0;0;531488.0101;6074647.4871;9.490028439;54.817986369
4395;1;0;61;101;2018;9;21;6;3;9;1;2;0;1;0;0;0;0;1;533525.6988;5960657.9149;9.508941457;53.793419085
4396;1;0;3;0;2018;8;7;5;2;5;2;0;1;1;0;0;0;0;1;612013.5493;5968302.5683;10.702844455;53.851128103
4397;1;0;61;25;2018;8;20;4;3;9;1;0;0;1;0;0;0;0;0;517143.982;5976753.346;9.261160243;53.938882735
4398;1;0;55;12;2018;8;12;5;3;2;6;0;0;1;0;0;0;0;0;604929.6252;6001388.6985;10.606610103;54.149866823
4399;1;0;56;50;2018;9;18;3;3;8;1;0;0;0;0;1;0;0;0;546931.3867;5938738.1361;9.709114856;53.595374733
4400;1;0;54;113;2018;7;7;7;3;4;6;0;0;1;0;0;0;0;0;475202.3564;6018648.3893;8.618810719;54.315105615
4401;1;0;54;17;2018;9;16;2;2;5;3;0;0;1;0;0;0;1;0;495739.0917;6078308.8366;8.933634838;54.851860602
4402;1;0;61;62;2018;8;19;6;3;2;2;0;0;1;0;0;1;0;0;525452.1794;5975156.0817;9.387586188;53.924184998
4403;1;0;56;44;2018;7;16;5;3;6;7;0;0;1;1;0;0;0;0;556401.2369;5939189.8642;9.852266356;53.598501265
4404;1;0;58;92;2018;8;3;7;3;0;7;2;1;0;0;0;0;0;0;571323.4882;6022485.2692;10.097204111;54.345204072
4405;1;0;54;168;2018;9;15;1;3;5;3;0;1;1;0;0;0;0;0;455797.6313;6084486.8625;8.310612875;54.905442855
4406;1;0;53;75;2018;8;8;4;3;8;1;0;0;1;0;0;0;0;1;607292.5244;5959908.7398;10.628181337;53.776710019
4407;1;0;60;96;2018;9;15;6;3;2;6;0;0;1;0;0;1;0;0;591887.0648;5975319.4089;10.399094386;53.918128398
4408;1;0;53;95;2018;10;22;5;3;8;1;2;0;1;0;0;0;0;1;605165.1917;5939157.1142;10.58887721;53.590692272
4409;1;0;62;22;2018;7;16;5;2;8;1;0;0;0;0;1;0;0;0;588208.6416;5940318.4869;10.33310303;53.604255638
4410;1;0;54;36;2018;9;14;2;3;5;3;0;1;1;0;0;0;0;1;485817.264;6020047.547;8.78191474;54.328085552
4411;1;0;2;0;2018;8;21;3;3;5;3;2;0;1;0;0;0;0;0;571489.25;6020637.261;10.099310465;54.328575116
4412;1;0;3;0;2018;8;18;2;2;0;7;0;1;0;0;0;0;0;0;608008.3662;5967622.2522;10.641745953;53.845864215
4413;1;0;51;72;2018;7;19;4;3;5;3;0;1;1;0;0;0;0;0;500577.2739;5978030.7911;9.00879628;53.950647981
4414;1;0;55;40;2018;9;15;6;3;5;2;0;1;1;0;0;0;0;0;608576.6667;5972116.1959;10.651970637;53.886121058
4415;1;0;59;45;2018;7;13;1;3;4;6;0;0;1;0;0;0;0;0;561170.3182;6054881.5777;9.947748607;54.637634679
4416;1;0;3;0;2018;9;10;5;3;0;3;0;0;1;0;1;0;0;0;610104.2451;5969928.4984;10.674415973;53.866144209
4417;1;0;54;20;2018;8;7;4;3;2;6;0;0;1;0;0;0;0;0;499050.8588;6050388.6514;8.985307822;54.600963915
4418;1;0;62;1;2018;9;13;2;3;2;2;0;0;1;0;0;0;0;0;584328.6547;5949608.8375;10.277000905;53.688379523
4419;1;0;51;44;2018;9;18;1;3;8;1;0;0;1;0;0;0;0;0;508145.0964;6002188.4493;9.124760663;54.167708569
4420;1;0;55;4;2018;7;17;4;3;0;6;0;0;1;0;0;0;1;0;611208.6024;5974891.1937;10.693003748;53.910494451
4421;1;0;60;63;2018;8;12;6;3;2;6;0;0;1;0;0;0;0;0;562319.1217;5948026.5573;9.943448003;53.677248578
4422;1;0;56;15;2018;9;16;6;3;0;1;0;1;0;0;0;0;0;1;543767.2556;5956891.0981;9.663870176;53.758803714
4423;1;0;59;115;2018;7;23;3;3;0;7;2;0;0;0;1;0;0;0;516540.232;6062345.106;9.256708566;54.7081449
4424;1;0;61;116;2018;9;10;4;3;9;1;0;0;1;0;0;0;0;1;549132.2994;5974134.8161;9.747997625;53.913301671
4425;1;0;59;121;2018;10;15;4;3;8;1;0;0;1;0;0;0;0;0;561466.4379;6062920.1896;9.954027736;54.709830953
4426;1;0;2;0;2018;7;11;4;2;2;6;0;0;1;0;0;0;0;0;573592.3306;6018730.5514;10.131173095;54.311143106
4427;1;0;54;17;2018;9;13;3;2;2;2;0;0;1;0;0;0;0;1;493247.3864;6077575.9717;8.894842831;54.845247206
4428;1;0;1;0;2018;9;12;7;3;5;3;0;1;1;0;0;0;0;0;528199.4781;6070215.3573;9.438421551;54.778353014
4429;1;0;53;92;2018;8;15;3;2;3;2;0;0;0;0;1;1;0;0;600639.5088;5927941.1507;10.516920627;53.490800048
4430;1;0;60;44;2018;8;17;7;3;5;3;0;0;1;0;0;0;0;0;563868.4154;5963617.9356;9.970121764;53.817181465
4431;1;0;55;37;2018;8;16;1;3;9;1;0;0;1;0;0;0;0;0;621230.2779;6002451.9164;10.856486893;54.155829967
4432;1;0;61;56;2018;7;22;4;2;9;7;2;0;1;0;0;0;0;1;531405.2298;5970826.4617;9.477791928;53.884944714
4433;1;0;58;135;2018;9;7;5;3;5;3;0;1;0;0;0;0;1;1;544326.257;6017603.64;9.681209658;54.304394799
4434;1;0;57;12;2018;9;13;4;3;5;3;0;1;1;0;0;0;0;0;580832.059;6027103.407;10.24469738;54.385280967
4435;1;0;58;86;2018;8;14;2;3;0;7;0;1;0;0;0;0;0;0;543647.3372;6009425.2808;9.669584472;54.230955169
4436;1;0;56;27;2018;9;8;7;3;0;1;0;1;0;0;0;0;1;0;542044.1247;5940063.0649;9.635454231;53.607697939
4437;1;0;61;46;2018;9;5;4;3;4;6;2;0;1;0;0;0;1;0;531434.072;5976288.234;9.478791818;53.934031956
4438;1;0;56;9;2018;8;14;5;3;2;6;0;0;1;0;0;0;0;0;554305.5651;5950019.4535;9.822494657;53.696053789
4439;1;0;51;82;2018;7;11;2;3;6;4;0;0;1;1;0;0;0;0;512488.413;6002787.487;9.191312929;54.1730052
4440;1;0;62;27;2018;8;8;4;3;2;2;0;0;1;0;0;0;0;0;588553.1435;5952878.7708;10.341888677;53.71706385
4441;1;0;56;1;2018;7;15;4;1;4;6;0;0;1;0;0;0;0;1;549711.4253;5945431.3051;9.75218522;53.655274708
4442;1;0;2;0;2018;9;13;5;3;5;3;0;1;1;0;0;0;0;0;573663.6485;6016297.5781;10.131669287;54.289270828
4443;1;0;60;4;2018;7;21;1;3;5;2;0;0;1;0;0;0;0;0;558694.0845;5976480.8888;9.894000164;53.933390811
4444;1;0;4;0;2018;9;13;3;2;6;4;0;0;1;1;0;0;0;0;563198.4453;5992348.4872;9.965894308;54.075456971
4445;1;0;62;6;2018;10;8;2;3;5;3;0;1;1;0;0;0;0;0;583281.4134;5954356.126;10.262423223;53.731207473
4446;1;0;57;68;2018;7;11;3;3;2;2;0;0;1;0;0;1;0;0;573444.4763;5990818.2946;10.122087981;54.060347564
4447;1;0;62;4;2018;9;18;1;3;0;1;0;1;0;0;0;0;0;0;589803.18;5961861.188;10.363437276;53.797563926
4448;1;0;59;183;2018;8;11;6;3;5;3;0;0;1;0;0;0;0;0;526838.6056;6066521.8862;9.416923221;54.745236101
4449;1;0;62;71;2018;8;14;6;3;2;6;0;0;1;0;0;0;0;0;581549.5022;5941262.8148;10.232736815;53.613820394
4450;1;0;2;0;2018;8;10;6;3;2;6;0;0;1;0;1;0;0;0;572234.8483;6018285.0685;10.11020413;54.307333917
4451;1;0;56;15;2018;7;17;4;3;5;3;0;0;1;0;0;0;0;0;544524.2811;5957403.0932;9.675425852;53.763341213
4452;1;0;56;48;2018;9;16;4;3;5;3;0;1;1;0;0;0;0;0;547102.6275;5949969.2305;9.713403659;53.696301705
4453;1;0;54;168;2018;7;11;1;3;4;6;0;1;0;0;0;0;0;0;454480.4918;6076180.5457;8.291382563;54.830684623
4454;1;0;3;0;2018;9;8;3;3;3;6;0;1;0;0;0;0;0;0;610117.8964;5969877.626;10.674605219;53.865684261
4455;1;0;60;39;2018;8;6;7;3;2;6;0;0;1;0;0;0;0;0;564650.4211;5960862.0149;9.981419424;53.792317664
4456;1;0;4;0;2018;7;19;6;3;5;3;0;1;1;0;0;0;0;0;565205.5615;5991277.1219;9.996334504;54.065579035
4457;1;0;4;0;2018;7;10;6;3;5;2;0;1;1;0;0;0;0;0;563855.8437;5991921.0213;9.975849965;54.071534472
4458;1;0;57;31;2018;8;17;1;3;4;6;0;0;1;0;0;0;0;0;574744.1391;6010730.1573;10.146875264;54.239086693
4459;1;0;62;1;2018;9;23;6;3;0;7;2;1;0;0;0;0;0;0;582581.4181;5946827.1482;10.249809027;53.66366164
4460;1;0;61;102;2018;10;15;6;3;2;6;0;0;1;0;0;1;0;0;527647.609;5976181.8716;9.421110065;53.933292035
4461;1;0;2;0;2018;9;12;3;3;3;6;0;0;0;0;1;0;1;0;573770.1416;6020593.6739;10.13436611;54.327858865
4462;1;0;3;0;2018;8;6;4;3;5;3;0;1;1;0;0;0;0;0;614441.227;5968298.604;10.739730301;53.850563238
4463;1;0;60;69;2018;7;0;1;2;9;7;2;0;1;0;0;0;0;0;588845.051;5980740.0975;10.354367526;53.967366561
4464;1;0;2;0;2018;8;8;3;3;5;3;0;1;0;0;0;1;0;0;573924.8487;6023221.766;10.137396279;54.35145156
4465;1;0;60;44;2018;7;10;4;3;5;3;0;0;1;0;0;0;1;1;563100.5233;5966121.1479;9.958973463;53.839771377
4466;1;0;3;0;2018;9;17;7;3;2;6;0;0;1;0;0;0;0;0;610262.4693;5971496.4304;10.677384773;53.880197324
4467;1;0;55;44;2018;7;10;2;3;5;7;0;0;1;0;0;0;0;0;615627.4942;5986855.0252;10.76477658;54.017007075
4468;1;0;53;100;2018;9;23;6;2;8;1;2;0;0;0;1;0;0;0;618219.6177;5951034.6763;10.790524126;53.694620402
4469;1;0;2;0;2018;8;18;4;3;5;3;0;1;1;0;0;0;0;0;573702.9895;6023939.4955;10.13416115;54.357932921
4470;1;0;1;0;2018;8;7;5;3;5;2;0;1;0;0;0;0;1;1;526406.8524;6072478.3496;9.410758229;54.798786908
4471;1;0;3;0;2018;9;9;3;3;6;4;0;0;1;1;0;0;0;0;609358.6982;5968503.7316;10.662575657;53.853501224
4472;1;0;62;60;2018;7;13;6;3;2;6;0;0;1;0;0;0;0;0;581111.6297;5930022.7618;10.223201425;53.512879404
4473;1;0;51;105;2018;9;13;1;1;9;1;0;0;0;0;1;0;0;0;496270.1092;6011010.4309;8.942758682;54.247048087
4474;1;0;3;0;2018;8;23;6;2;0;7;2;1;0;0;0;0;0;0;611041.326;5968500.739;10.688143352;53.853117287
4475;1;0;2;0;2018;7;17;5;3;2;6;0;0;1;0;0;0;0;0;573068.8238;6021033.4946;10.123691974;54.331911846
4476;1;0;61;46;2018;8;13;6;3;3;6;0;0;1;0;0;1;0;0;533488.0466;5975792.6698;9.510021541;53.929449216
4477;1;0;55;46;2018;9;15;7;3;5;3;0;0;1;0;0;0;0;0;636043.2329;6037892.4953;11.099316732;54.470428601
4478;1;0;59;157;2018;8;12;4;3;8;1;0;0;1;0;0;0;0;0;539232.8066;6073088.1441;9.610337804;54.803427469
4479;1;0;56;15;2018;9;13;5;3;0;7;0;1;0;0;0;0;0;0;544445.132;5956395.67;9.674080257;53.754293596
4480;1;0;58;104;2018;10;14;5;3;5;3;0;1;0;0;0;0;0;0;567522.0112;6020061.3173;10.03818617;54.323940015
4481;1;0;58;135;2018;7;12;5;2;0;7;0;1;0;0;0;0;0;0;542745.0074;6017939.9033;9.656958803;54.307551523
4482;1;0;57;65;2018;9;10;1;3;4;1;0;0;1;0;0;0;0;0;598858.8096;6011945.225;10.517165748;54.245915771
4483;1;0;55;16;2018;8;14;4;3;5;3;0;1;1;0;0;0;0;0;631789.1198;6007369.5874;11.020227938;54.197400319
4484;1;0;2;0;2018;8;15;2;3;5;2;0;1;1;0;0;0;0;0;573464.6313;6024191.2156;10.130556133;54.360229187
4485;1;0;54;109;2018;8;5;2;3;8;1;0;0;0;0;0;0;1;0;492155.601;6068149.456;8.878095932;54.760518077
4486;1;0;56;39;2018;7;8;4;2;6;2;0;0;1;1;0;0;0;1;552360.2173;5946368.1992;9.792417994;53.663436655
4487;1;0;55;4;2018;9;14;6;3;2;6;0;0;1;0;0;0;0;0;611591.9422;5974994.3686;10.698874394;53.911338983
4488;1;0;62;25;2018;7;15;7;2;5;2;0;0;1;0;1;0;0;0;603946.605;5966693.8587;10.579718752;53.838351511
4489;1;0;59;107;2018;9;14;5;3;2;2;0;0;1;0;0;0;0;0;522801.1399;6051504.6386;9.353032034;54.610479537
4490;1;0;58;12;2018;8;23;3;3;0;7;2;0;0;0;1;0;0;0;554237.3194;6038621.0842;9.83734532;54.492309008
4491;1;0;3;0;2018;9;14;2;3;2;2;0;0;1;0;0;0;0;0;610492.6973;5968892.2813;10.679947512;53.856752025
4492;1;0;54;121;2018;7;11;4;3;8;1;0;0;1;0;0;0;0;0;500992.8638;6054000.4011;9.015381217;54.633422595
4493;1;0;3;0;2018;8;12;5;3;2;6;0;0;1;0;1;0;0;0;609082.1318;5968146.7779;10.65824617;53.850352384
4494;1;0;3;0;2018;9;16;6;3;0;1;0;0;0;0;1;0;0;1;611755.7098;5968350.9891;10.698944268;53.851618669
4495;1;0;55;35;2018;7;16;2;3;2;2;0;0;1;0;0;0;0;0;613968.8289;5975664.0266;10.735291461;53.916837873
4496;1;0;3;0;2018;9;7;4;3;5;3;0;1;1;0;0;0;0;0;611784.4471;5971029.7037;10.700356762;53.875678496
4497;1;0;3;0;2018;10;9;3;3;2;6;0;0;1;0;0;0;0;1;611927.3066;5968413.739;10.70157454;53.852145473
4498;1;0;61;46;2018;7;13;4;3;2;6;0;0;1;0;0;0;1;0;532152.7013;5978758.7207;9.489997434;53.956191749
4499;1;0;62;6;2018;9;13;2;3;0;7;0;1;0;0;0;0;0;0;583690.9107;5954027.808;10.268540099;53.728191627
4500;1;0;56;39;2018;8;13;6;3;5;3;0;1;1;0;0;0;0;0;552429.3605;5947702.1535;9.793689578;53.675418711
4501;1;0;2;0;2018;8;7;3;2;6;4;0;1;0;1;0;0;0;0;576386.0271;6027741.9206;10.176415445;54.391704523
4502;1;0;60;9;2018;8;19;7;3;8;1;0;0;1;0;0;0;0;0;562133.6975;5977140.5285;9.9465172;53.938917524
4503;1;0;58;24;2018;8;14;7;3;5;3;0;1;1;0;0;0;0;0;545293.1562;6021130.9351;9.696603174;54.336008976
4504;1;0;60;5;2018;7;5;4;3;5;2;0;0;1;0;0;0;0;1;584714.8975;5977016.2921;10.290391346;53.934598596
4505;1;0;54;88;2018;9;17;4;2;8;1;0;0;0;0;1;0;0;0;487204.3941;6071428.1754;8.801008705;54.789881228
4506;1;0;59;75;2018;8;17;2;3;3;6;0;1;1;0;0;0;0;0;536646.2927;6041102.1627;9.566091789;54.516181557
4507;1;0;3;0;2018;8;11;2;3;5;3;0;0;1;0;0;0;0;0;613054.4903;5969797.5515;10.719211761;53.864333613
4508;1;0;58;172;2018;9;12;7;3;2;6;0;0;1;0;0;0;0;1;543157.5469;6014424.5052;9.662791273;54.275924381
4509;1;0;62;1;2018;9;16;4;3;5;3;0;1;1;0;0;0;0;0;581562.813;5948583.181;10.234858555;53.679601796
4510;1;0;57;83;2018;8;9;5;3;5;3;0;1;1;0;0;0;0;0;567331.6553;5994622.2922;10.029559077;54.095366467
4511;1;0;55;28;2018;7;16;2;3;0;3;0;1;1;0;0;0;0;0;602291.1644;6002854.0961;10.566725974;54.163564558
4512;1;0;54;68;2018;8;12;4;3;8;1;0;1;0;0;0;0;0;0;493848.4637;6071860.4156;8.904324759;54.793891092
4513;1;0;56;39;2018;7;14;4;3;5;2;0;0;1;0;0;0;0;1;552397.774;5946540.164;9.793015331;53.664978437
4514;1;0;59;131;2018;10;11;2;3;2;2;0;0;1;0;0;0;1;0;523618.7409;6058976.2877;9.366293909;54.677587946
4515;1;0;59;115;2018;7;16;3;3;0;7;0;1;0;0;0;0;0;0;516019.3442;6062042.2282;9.248607694;54.705439856
4516;1;0;62;92;2018;9;6;1;2;8;7;1;0;1;0;0;0;0;0;587257.9036;5964013.8957;10.325415252;53.817340767
4517;1;0;56;48;2018;8;14;5;3;5;3;0;0;1;0;1;0;0;1;547161.875;5949850.7254;9.714282897;53.695231273
4518;1;0;55;1;2018;9;8;7;3;5;3;0;0;1;0;0;0;0;0;602826.697;5986323.4;10.569309208;54.014939252
4519;1;0;59;184;2018;7;17;4;3;8;1;0;0;0;0;1;0;0;0;528005.7593;6061329.6482;9.434554356;54.698511974
4520;1;0;62;6;2018;8;8;5;3;6;6;0;1;0;1;0;0;0;0;582858.2393;5953650.0445;10.255821114;53.724929899
4521;1;0;56;50;2018;9;7;6;3;5;3;0;0;1;0;0;0;0;0;547250.6213;5937296.1002;9.713719534;53.582385267
4522;1;0;51;109;2018;7;15;2;1;5;3;0;1;1;0;0;0;0;0;493667.2158;6005191.4465;8.902935781;54.194723958
4523;1;0;56;28;2018;9;11;4;1;4;1;0;0;1;0;1;0;0;1;543714.4857;5940975.5435;9.660826274;53.615762508
4524;1;0;56;39;2018;10;7;3;3;5;3;0;0;1;0;0;1;0;1;550846.6522;5944176.1639;9.769155363;53.64388483
4525;1;0;59;53;2018;7;18;4;2;5;2;0;0;1;0;0;0;0;0;534640.2819;6028839.0005;9.53366983;54.406115625
4526;1;0;59;183;2018;9;8;3;3;8;1;0;0;1;0;0;0;0;1;526858.5692;6066374.9169;9.41721976;54.743914285
4527;1;0;61;39;2018;8;18;6;3;4;6;0;0;1;0;0;0;0;0;530118.9462;5971545.4514;9.458294094;53.891483136
4528;1;0;4;0;2018;8;7;3;3;5;3;0;0;1;0;1;0;0;1;566294.21;5995074.6607;10.01379754;54.099566277
4529;1;0;58;99;2018;8;15;7;3;2;6;0;0;1;0;0;0;0;1;557470.977;6042223.423;9.887963564;54.524323871
4530;1;0;3;0;2018;8;13;7;3;5;3;0;1;1;0;0;0;0;0;622122.68;5980449.061;10.861285202;53.957965519
4531;1;0;56;50;2018;7;16;4;3;5;2;0;0;1;0;0;0;0;1;544848.5179;5939826.8885;9.677802636;53.605342669
4532;1;0;54;144;2018;9;15;4;3;0;7;0;0;0;0;1;0;0;0;509781.0302;6047121.7427;9.151295793;54.571510404
4533;1;0;2;0;2018;8;6;2;3;0;1;0;0;0;0;1;0;0;1;577356.5689;6020560.2395;10.189493208;54.327027462
4534;1;0;62;62;2018;9;13;7;3;4;1;0;0;1;0;1;0;0;1;594473.1589;5957793.2849;10.433069375;53.760185174
4535;1;0;60;57;2018;9;7;4;3;5;3;0;0;1;0;0;0;0;0;583092.552;5972514.754;10.264463442;53.894411336
4536;1;0;3;0;2018;8;7;5;3;1;5;0;0;1;0;0;0;0;0;612697.9684;5969730.9116;10.713768359;53.863812435
4537;1;0;60;68;2018;7;15;2;3;5;3;0;0;1;0;0;0;0;0;576312.743;5985991.028;10.164686323;54.016553038
4538;1;0;54;168;2018;8;19;4;3;2;6;0;0;1;0;0;0;0;0;455782.3142;6084382.8984;8.310389974;54.904507287
4539;1;0;60;63;2018;7;8;4;3;8;1;0;0;1;0;0;0;0;1;564002.089;5946531.3184;9.968614184;53.663607285
4540;1;0;55;42;2018;7;14;1;3;2;6;0;0;1;0;0;0;0;0;620208.6661;5983654.4632;10.833394087;53.987209055
4541;1;0;58;9;2018;9;17;3;3;2;2;0;0;1;0;0;0;1;1;551533.5672;5993166.5066;9.787773898;54.084107601
4542;1;0;58;135;2018;10;16;2;3;5;2;0;0;1;0;0;0;0;0;542238.7165;6017959.3954;9.649180803;54.307768818
4543;1;0;57;9;2018;7;14;3;2;4;6;0;0;1;0;0;0;0;0;595243.3394;6000734.6135;10.458149598;54.145877192
4544;1;0;1;0;2018;9;20;1;2;5;2;2;0;1;0;0;0;0;0;526395.819;6072474.234;9.410586234;54.798750504
4545;1;0;59;78;2018;8;15;6;2;2;7;0;0;1;0;0;0;0;0;535612.2279;6036355.9559;9.549546505;54.473602244
4546;1;0;56;18;2018;8;16;5;3;5;3;0;1;1;0;0;0;0;0;554111.798;5941155.22;9.818016411;53.616406452
4547;1;0;54;109;2018;8;14;6;2;5;3;0;0;1;0;1;0;0;0;493243.211;6067415.419;8.89501472;54.753937264
4548;1;0;53;100;2018;7;12;4;3;0;3;0;0;1;0;1;0;0;1;616513.8085;5951502.1605;10.764877684;53.699203618
4549;1;0;3;0;2018;9;18;4;3;5;3;0;1;1;0;0;0;0;0;622069.099;5980353.432;10.860430785;53.957119106
4550;1;0;51;74;2018;7;17;7;3;0;1;0;0;0;0;1;0;0;1;504245.192;5994192.704;9.064912384;54.095892166
4551;1;0;58;78;2018;9;8;3;3;4;6;0;0;1;0;0;1;0;0;532614.2144;6016121.5014;9.50106523;54.291956728
4552;1;0;3;0;2018;8;13;7;3;2;6;0;0;1;0;0;0;0;0;611019.023;5968306.4268;10.687734192;53.851376309
4553;1;0;57;58;2018;7;6;6;1;4;6;0;0;0;0;0;1;1;0;580906.5363;6010730.0388;10.241407538;54.238149017
4554;1;0;55;44;2018;8;14;1;3;0;7;0;0;0;0;1;0;0;0;613250.1915;5988791.0701;10.729232764;54.034927082
4555;1;0;3;0;2018;9;11;6;3;0;6;0;1;0;0;0;0;0;0;609378.3498;5970156.5085;10.663463319;53.86834619
4556;1;0;62;18;2018;10;22;6;3;5;3;2;0;1;0;0;0;0;0;580282.363;5933180.426;10.211508385;53.541383415
4557;1;0;62;86;2018;9;20;3;2;9;6;2;0;1;0;0;0;0;0;587056.7199;5936222.2245;10.314556135;53.567638553
4558;1;0;1;0;2018;8;20;4;3;0;6;0;0;1;0;0;0;0;0;530538.2716;6070595.8566;9.474821841;54.781635517
4559;1;0;53;9;2018;7;11;1;3;0;2;0;0;1;0;1;0;0;0;609092.2998;5954700.2207;10.653641373;53.72953997
4560;1;0;1;0;2018;8;8;3;3;2;2;0;0;1;0;0;0;0;0;528076.119;6067868.855;9.436276831;54.757273071
4561;1;0;62;18;2018;7;18;4;3;2;2;0;0;1;0;0;0;0;1;581424.2596;5932136.6331;10.228464377;53.531827536
4562;1;0;2;0;2018;9;19;7;3;0;1;1;0;1;0;0;0;0;0;573640.8729;6024045.6674;10.13323175;54.358895917
4563;1;0;59;184;2018;7;18;2;2;8;1;0;0;0;0;1;0;0;0;527974.379;6062162.749;9.434147398;54.706000468
4564;1;0;55;32;2018;9;7;6;3;0;7;0;0;0;0;0;0;1;0;619360.2312;5996754.8602;10.825613581;54.105090433
4565;1;0;56;15;2018;8;10;4;3;0;7;0;0;0;0;0;0;1;0;542491.4578;5956410.7664;9.644453906;53.754592228
4566;1;0;61;84;2018;8;17;4;3;3;2;0;0;1;0;0;0;0;0;538773.3875;5985921.466;9.591801256;54.020112772
4567;1;0;2;0;2018;9;14;3;3;3;2;0;0;1;0;1;0;0;0;569071.0899;6017541.028;10.061416573;54.301085676
4568;1;0;55;42;2018;7;13;6;3;5;3;0;0;1;0;1;0;0;0;616268.1012;5983254.8033;10.773173264;53.984520222
4569;1;0;56;13;2018;9;8;1;3;5;3;0;0;1;0;0;0;0;0;558861.081;5946224.6435;9.890762313;53.661455094
4570;1;0;3;0;2018;8;14;6;3;0;6;0;0;1;0;1;0;0;1;612543.635;5969681.0207;10.711404308;53.863397691
4571;1;0;3;0;2018;7;10;5;2;2;6;0;0;1;0;0;1;1;0;607769.5693;5970238.9413;10.63903651;53.869423332
4572;1;0;3;0;2018;8;13;6;3;2;6;0;0;1;0;1;0;0;0;610659.5102;5967575.3268;10.682007997;53.844884634
4573;1;0;4;0;2018;9;16;7;3;2;6;0;0;1;0;0;0;0;1;566972.8203;5989552.3287;10.022952431;54.049852698
4574;1;0;56;43;2018;8;0;4;3;8;6;2;0;1;0;0;0;0;0;556129.3128;5943342.7327;9.848906359;53.635854396
4575;1;0;53;100;2018;9;19;5;3;5;2;0;1;1;0;0;0;0;0;617674.476;5951370.0499;10.782399271;53.697756502
4576;1;0;2;0;2018;10;13;5;3;3;6;0;0;1;0;0;1;0;0;573632.1473;6017842.1068;10.131565957;54.303154068
4577;1;0;1;0;2018;7;4;5;3;8;6;1;0;1;0;0;0;0;0;529417.7672;6073281.9421;9.457672982;54.805840791
4578;1;0;4;0;2018;8;12;4;3;5;3;0;0;1;0;0;0;1;0;563721.6305;5990722.344;9.973547229;54.060779154
4579;1;0;2;0;2018;8;17;2;3;5;2;0;1;1;0;0;0;0;0;576908.0698;6019374.1099;10.18229269;54.316437251
4580;1;0;56;28;2018;8;16;1;3;5;3;0;1;1;0;0;0;0;0;545864.9807;5942007.8693;9.693484541;53.624856988
4581;1;0;62;1;2018;7;7;4;3;2;2;0;0;1;0;0;0;0;1;582993.5137;5947993.724;10.256355993;53.674079543
4582;1;0;62;78;2018;9;23;6;3;8;6;2;0;1;0;0;0;0;0;587864.7028;5952853.4437;10.331452325;53.716952623
4583;1;0;58;135;2018;7;19;7;3;5;2;0;0;1;0;0;0;0;0;543445.0776;6017620.8753;9.667671153;54.304625397
4584;1;0;51;82;2018;9;6;4;3;7;7;1;0;1;0;0;0;0;1;510776.436;6001597.1328;9.165044295;54.16234554