OBJECTID_1;ULAND;UREGBEZ;UKREIS;UGEMEINDE;UJAHR;UMONAT;USTUNDE;UWOCHENTAG;UKATEGORIE;UART;UTYP1;ULICHTVERH;IstRad;IstPKW;IstFuss;IstKrad;IstGkfz;IstSonstig;STRZUSTAND;LINREFX;LINREFY;XGCSWGS84;YGCSWGS84
4585;1;0;54;38;2018;8;17;3;3;1;2;0;0;1;0;1;0;0;0;507030.083;6059039.525;9.109029487;54.678660798
4586;1;0;60;16;2018;9;6;2;3;9;1;0;0;1;0;0;0;0;0;581452.317;5986004.9729;10.243110588;54.015892988
4587;1;0;62;53;2018;7;11;3;3;0;2;0;0;1;0;0;0;1;0;577516.603;5933224.81;10.169792152;53.542197759
4588;1;0;2;0;2018;8;13;5;3;2;6;0;0;1;0;1;0;0;0;573710.8852;6021904.8034;10.133779214;54.339648785
4589;1;0;62;16;2018;7;9;4;3;5;3;0;0;1;0;0;0;0;1;583282.1749;5958144.3502;10.263455818;53.765248756
4590;1;0;4;0;2018;9;14;6;3;5;3;0;0;1;0;0;0;0;1;562597.928;5991777.516;9.956599741;54.070399236
4591;1;0;2;0;2018;7;16;2;3;5;2;0;1;1;0;0;0;0;0;572999.0941;6018182.5112;10.121922563;54.306303708
4592;1;0;2;0;2018;9;11;4;3;8;1;0;0;0;0;0;0;1;1;571467.9205;6020515.5861;10.098953391;54.327484761
4593;1;0;57;74;2018;10;12;3;2;8;1;0;0;1;0;0;0;0;1;578345.106;6021735.3602;10.204998712;54.337435645
4594;1;0;56;44;2018;7;13;3;3;5;2;0;0;1;0;0;0;0;0;556191.329;5939231.373;9.849102349;53.598896874
4595;1;0;55;33;2018;9;13;2;3;5;3;0;1;1;0;0;0;0;0;622918.3188;6017504.0719;10.888484096;54.290637968
4596;1;0;56;39;2018;8;14;6;3;5;3;0;1;1;0;0;0;0;0;552756.6711;5946296.6816;9.798405127;53.662754037
4597;1;0;61;42;2018;8;12;2;2;5;3;0;0;1;0;0;0;0;0;537732.0419;5980702.0684;9.575260968;53.97328078
4598;1;0;56;15;2018;8;14;6;3;5;2;0;0;1;0;0;0;0;0;542969.9322;5955757.5667;9.651619394;53.748682228
4599;1;0;54;78;2018;8;14;7;3;5;3;0;1;1;0;0;0;0;0;463791.723;6096730.7606;8.433737298;55.016110307
4600;1;0;53;131;2018;7;11;4;1;8;1;0;0;1;0;0;0;0;1;596234.2174;5922394.387;10.448845855;53.441781812
4601;1;0;61;44;2018;9;14;4;3;2;6;0;0;1;0;0;0;0;0;543304.9752;5963287.7499;9.657757399;53.816333176
4602;1;0;56;41;2018;8;16;2;3;9;6;0;0;1;0;0;1;0;0;562100.5943;5953913.9959;9.941320342;53.730185892
4603;1;0;59;112;2018;7;16;7;3;4;6;0;1;0;0;0;0;0;0;557677.4892;6066936.9732;9.896023227;54.746373182
4604;1;0;58;135;2018;8;16;2;2;5;3;0;0;0;0;1;1;0;0;544760.4313;6017911.1743;9.68792764;54.30712069
4605;1;0;57;55;2018;9;16;7;3;5;3;0;1;1;0;0;0;0;0;600606.926;6023293.349;10.54780288;54.347529004
4606;1;0;59;93;2018;7;7;1;3;9;7;0;0;1;0;0;0;0;0;538495.8738;6053695.6474;9.596311191;54.629216721
4607;1;0;2;0;2018;9;16;4;2;1;5;0;1;1;0;0;0;0;0;576140.143;6020186.8559;10.170697591;54.32385532
4608;1;0;54;168;2018;7;1;1;3;6;6;2;1;0;1;0;0;0;0;456559.2387;6084281.8703;8.322521021;54.903667606
4609;1;0;58;43;2018;8;14;5;3;2;6;0;0;1;0;0;0;1;0;553187.9395;6038126.9076;9.821057291;54.487979318
4610;1;0;4;0;2018;7;18;2;3;1;6;0;0;1;0;0;0;0;0;565672.1069;5989605.7791;10.003100114;54.050500346
4611;1;0;60;67;2018;8;1;3;3;8;1;2;0;1;0;0;0;0;0;597249.5629;5977143.283;10.481296032;53.933537136
4612;1;0;62;9;2018;7;11;4;2;5;3;0;0;1;0;0;0;0;1;576271.451;5935902.051;10.151659143;53.566439816
4613;1;0;61;29;2018;9;14;1;2;5;3;0;1;0;0;1;0;0;0;527676.137;5960228.907;9.420105761;53.78990713
4614;1;0;59;183;2018;7;16;3;3;5;3;0;1;1;0;0;0;0;0;522099.0872;6065471.3705;9.34321917;54.736026232
4615;1;0;55;27;2018;9;10;7;3;7;7;0;0;0;0;1;0;0;0;623241.6992;6009471.4137;10.890145908;54.21840568
4616;1;0;62;53;2018;8;10;5;3;4;6;0;0;1;0;0;0;0;1;578588.1649;5933202.9527;10.185953672;53.541842088
4617;1;0;58;113;2018;8;20;5;3;8;1;1;0;1;0;0;0;0;1;541646.617;5999580.5285;9.6375313;54.142646202
4618;1;0;60;47;2018;8;18;5;2;0;7;0;1;0;0;0;0;0;0;566523.1447;5962977.2866;10.010300213;53.811091227
4619;1;0;2;0;2018;9;15;4;3;2;1;0;0;1;0;0;0;0;0;572239.4332;6023216.5834;10.111468946;54.351646539
4620;1;0;2;0;2018;7;13;7;3;1;5;0;1;1;0;0;0;0;0;573012.8051;6023562.0193;10.123450131;54.354640362
4621;1;0;3;0;2018;9;11;2;3;6;4;0;0;0;1;0;0;1;0;609952.249;5970353.3103;10.67225783;53.869993058
4622;1;0;54;76;2018;8;20;7;2;5;2;1;0;1;0;0;0;0;0;498722.7563;6068587.5229;8.980149339;54.764514513
4623;1;0;54;168;2018;7;15;6;2;6;7;0;0;0;1;0;0;1;0;457121.3509;6084095.0472;8.331314575;54.902037375
4624;1;0;53;129;2018;8;13;7;3;8;1;0;0;1;0;0;0;0;1;584207.4716;5928494.9727;10.26946548;53.498663285
4625;1;0;59;98;2018;8;19;5;3;5;3;0;0;1;0;0;0;0;0;538611.439;6046067.751;9.597097587;54.560659528
4626;1;0;2;0;2018;9;14;6;3;5;3;0;1;1;0;0;0;0;0;571112.8425;6017513.2865;10.092779391;54.300556269
4627;1;0;2;0;2018;10;18;6;3;6;7;0;1;0;1;0;0;0;0;574461.5021;6017687.0283;10.144269889;54.301640368
4628;1;0;3;0;2018;9;17;2;3;2;2;0;0;1;0;0;0;0;0;612410.0224;5967105.8178;10.708430813;53.840290657
4629;1;0;55;46;2018;8;11;3;3;0;1;0;1;0;0;0;0;0;0;643219.0231;6037696.964;11.209864427;54.466699454
4630;1;0;60;68;2018;8;12;2;3;5;2;0;1;0;0;0;1;0;0;576669.4355;5984106.6901;10.169653949;53.999567468
4631;1;0;62;60;2018;7;6;4;3;0;1;0;1;0;0;0;0;0;1;582942.6879;5934475.5625;10.251987381;53.552608726
4632;1;0;60;4;2018;9;18;6;3;2;2;0;0;1;0;0;0;1;0;558916.5501;5974485.3279;9.897003606;53.915431583
4633;1;0;62;89;2018;7;11;1;3;8;1;0;0;0;0;1;0;0;0;588448.5214;5956071.7818;10.341216847;53.745773539
4634;1;0;56;49;2018;9;12;5;3;2;6;0;0;1;0;0;0;0;0;544741.8695;5948131.2571;9.677385887;53.679990027
4635;1;0;4;0;2018;8;17;4;3;8;6;0;1;0;0;0;1;0;0;563309.9912;5990028.981;9.967114388;54.054598944
4636;1;0;62;76;2018;9;11;2;3;4;6;0;0;0;0;0;1;1;0;570596.5694;5955295.9941;10.070394554;53.74152493
4637;1;0;57;66;2018;7;20;6;2;8;1;0;0;1;0;0;0;0;0;587014.3151;6015603.9046;10.336512154;54.280939663
4638;1;0;58;157;2018;9;17;1;3;5;3;0;0;1;0;1;0;0;0;575499.4392;6032553.9393;10.16398858;54.435074872
4639;1;0;59;45;2018;8;21;6;2;0;1;2;0;0;0;1;0;0;0;558380.7569;6058645.826;9.905285989;54.671789971
4640;1;0;62;18;2018;7;12;4;3;2;6;0;0;1;0;0;0;0;0;581401.7907;5930984.9153;10.227826068;53.521481031
4641;1;0;2;0;2018;8;15;6;3;6;2;0;0;1;1;0;0;0;0;577392.993;6021614.5671;10.190326759;54.336495578
4642;1;0;55;27;2018;8;19;5;3;5;2;0;1;1;0;0;0;0;0;622986.1764;6009710.637;10.886327301;54.22061594
4643;1;0;56;48;2018;8;16;6;3;7;1;0;0;0;0;1;0;0;0;550368.3773;5951820.7242;9.763162184;53.712637379
4644;1;0;58;54;2018;9;12;4;3;5;2;0;1;1;0;0;0;0;0;539507.4705;6017987.1037;9.607209745;54.308236407
4645;1;0;55;46;2018;7;14;7;3;2;6;0;0;1;0;1;0;0;0;636964.1121;6029812.9199;11.109782996;54.397617097
4646;1;0;53;136;2018;9;12;2;3;2;2;0;0;0;0;0;0;1;0;621043.2416;5950718.0692;10.833142605;53.691129393
4647;1;0;59;90;2018;8;16;7;3;5;3;0;0;1;0;0;0;0;0;541978.8899;6047739.0087;9.649407859;54.575410113
4648;1;0;54;73;2018;7;18;6;3;7;7;0;0;1;0;0;0;0;0;503855.5067;6079983.0729;9.060073249;54.866909623
4649;1;0;60;44;2018;8;22;7;3;5;3;2;0;1;0;0;0;0;1;564130.639;5963803.312;9.974142784;53.818815147
4650;1;0;58;171;2018;8;17;5;2;2;6;0;0;1;0;1;0;0;0;561146.6958;6012746.1467;9.938681545;54.259007449
4651;1;0;3;0;2018;9;12;6;3;4;6;0;1;0;0;0;0;0;0;618529.5134;5975214.2465;10.804521014;53.911774009
4652;1;0;58;5;2018;10;10;6;2;3;6;0;1;1;0;0;0;0;0;570589.2962;6026786.3978;10.086932018;54.383955089
4653;1;0;56;43;2018;9;12;2;3;2;1;0;0;1;0;0;0;0;1;557701.8438;5942854.6555;9.87259599;53.631296842
4654;1;0;56;48;2018;8;10;3;3;0;5;0;0;1;0;0;1;0;1;546970.7782;5950163.2407;9.711436278;53.698057282
4655;1;0;61;49;2018;8;13;2;3;2;6;0;0;1;0;0;0;0;0;545554.1122;5978501.3522;9.694178354;53.952872234
4656;1;0;3;0;2018;7;8;4;3;5;3;0;0;1;0;0;0;0;1;609458.391;5967589.513;10.663764746;53.84526656
4657;1;0;51;129;2018;9;15;6;2;8;6;0;0;0;0;0;1;0;0;489941.5346;6013050.6416;8.845568053;54.265299243
4658;1;0;61;29;2018;7;16;1;2;0;1;0;1;0;0;0;0;0;0;527672.4266;5962215.7592;9.420227934;53.807765112
4659;1;0;2;0;2018;9;6;6;3;2;6;1;0;1;0;0;0;0;1;572271.7492;6019230.9131;10.111000082;54.315827828
4660;1;0;62;9;2018;8;18;4;3;5;3;0;0;1;0;0;0;0;0;580877.519;5936084.674;10.221238788;53.567391268
4661;1;0;54;76;2018;9;18;3;3;2;6;1;0;1;0;0;0;0;0;497767.3692;6066884.2302;8.965313999;54.749204055
4662;1;0;58;22;2018;7;20;6;2;5;3;0;0;1;0;0;0;0;0;566985.365;6003546.531;10.026245569;54.175607299
4663;1;0;62;6;2018;9;11;1;3;0;1;0;1;0;0;0;0;0;0;583249.8672;5954536.466;10.261993698;53.732833069
4664;1;0;2;0;2018;8;11;6;3;5;2;0;0;1;0;1;0;0;1;574048.0531;6020683.1677;10.138660848;54.32862278
4665;1;0;56;27;2018;7;15;4;3;5;3;0;1;1;0;0;0;0;0;542054.8966;5940057.4832;9.635616273;53.607646907
4666;1;0;58;43;2018;8;12;6;3;5;3;0;0;1;0;0;0;0;1;554090.4289;6035646.0697;9.834533348;54.465590485
4667;1;0;59;79;2018;9;11;7;3;5;3;0;0;1;0;0;0;0;1;522195.2492;6045429.1003;9.343191979;54.555906384
4668;1;0;62;27;2018;7;11;3;2;5;3;0;0;1;0;0;0;0;0;586568.4043;5952476.8074;10.311709341;53.713784807
4669;1;0;3;0;2018;9;13;5;3;5;2;0;1;1;0;0;0;0;0;613029.7827;5969817.6872;10.718843638;53.864519894
4670;1;0;54;168;2018;10;16;5;3;8;7;0;1;0;0;0;0;0;1;455339.3984;6082643.1213;8.303752653;54.888834413
4671;1;0;61;41;2018;7;14;4;3;4;6;0;1;1;0;0;0;0;0;539264.9569;5964453.7175;9.59654642;53.827133308
4672;1;0;2;0;2018;8;15;4;3;2;6;0;0;1;0;0;0;0;0;572244.1803;6019264.3067;10.110584448;54.316131796
4673;1;0;56;36;2018;8;15;1;3;5;3;0;1;1;0;0;0;0;0;545485.127;5946458.4529;9.688392682;53.664891096
4674;1;0;62;87;2018;8;12;1;3;4;6;0;0;1;0;1;0;0;0;600315.1714;5969593.8569;10.525499703;53.86512165
4675;1;0;55;4;2018;7;7;4;3;5;2;0;1;1;0;0;0;0;1;611307.273;5975796.775;10.694834654;53.918609111
4676;1;0;60;5;2018;9;9;5;3;3;6;0;0;1;0;0;1;0;0;583875.5238;5976954.3014;10.277592371;53.934178216
4677;1;0;2;0;2018;7;10;7;3;5;3;0;1;1;0;0;0;0;0;573793.8016;6018104.2753;10.134114455;54.305486509
4678;1;0;62;60;2018;9;15;4;3;2;2;0;0;1;0;0;0;0;0;581096.1042;5929965.5925;10.222952558;53.512368041
4679;1;0;61;46;2018;8;16;2;3;5;3;0;0;1;0;0;0;1;0;532282.0134;5976101.7849;9.491687121;53.932304035
4680;1;0;56;1;2018;9;13;1;3;3;6;0;0;1;0;0;0;0;0;550320.114;5945933.994;9.761475843;53.659734488
4681;1;0;58;53;2018;7;12;3;3;2;6;0;0;1;0;0;0;0;0;569363.7907;6013335.3773;10.064938449;54.2632543
4682;1;0;55;40;2018;7;16;4;3;5;2;0;1;1;0;0;0;0;1;608413.1582;5972172.2585;10.649503862;53.886658945
4683;1;0;59;97;2018;9;18;6;2;8;1;1;0;1;0;0;0;0;1;542313.2814;6048195.5409;9.654646234;54.579484857
4684;1;0;54;88;2018;7;14;2;3;8;1;0;0;1;0;0;0;0;0;490703.5105;6071641.0642;8.855418276;54.791871427
4685;1;0;51;97;2018;9;15;3;3;5;2;0;0;1;0;1;0;0;1;507570.0719;5981984.2961;9.115447906;53.98612682
4686;1;0;1;0;2018;10;12;3;3;5;3;0;1;1;0;0;0;0;1;525407.5361;6069641.0183;9.394965733;54.77334077
4687;1;0;62;53;2018;7;23;3;3;0;1;2;1;0;0;0;0;0;0;577466.6141;5933216.7239;10.169035947;53.542132467
4688;1;0;58;103;2018;9;11;2;3;5;2;0;0;1;0;0;0;1;0;545217.6982;5990233.8596;9.690796266;54.0583448
4689;1;0;53;2;2018;8;7;6;3;7;7;0;0;1;0;0;1;0;0;610172.0769;5942861.7531;10.665798558;53.622949222
4690;1;0;56;15;2018;8;16;2;3;2;6;0;0;1;0;0;0;0;1;544777.0708;5957420.9578;9.679262925;53.763480108
4691;1;0;60;43;2018;8;10;6;3;5;3;0;1;1;0;0;0;0;0;576217.74;5962702.3204;10.157434896;53.807289965
4692;1;0;51;47;2018;8;17;6;3;8;6;0;0;1;0;0;0;0;0;501273.8045;6013543.1003;9.019559402;54.26982253
4693;1;0;55;32;2018;7;15;4;3;0;1;0;0;0;0;1;0;0;1;619748.6133;5997785.4015;10.831958732;54.114257714
4694;1;0;60;92;2018;9;21;3;3;4;6;2;0;1;0;1;0;0;0;578660.6535;5979383.9048;10.198805187;53.956829226
4695;1;0;56;43;2018;8;17;1;3;5;3;0;0;0;0;1;0;0;0;554885.4698;5945336.8036;9.830448549;53.653908033
4696;1;0;61;113;2018;7;11;6;2;1;5;0;1;1;0;0;0;0;0;524822.44;5974618.6428;9.377953107;53.919385147
4697;1;0;59;68;2018;8;11;2;3;8;7;0;0;1;0;0;0;0;1;556355.8474;6055416.8316;9.873268217;54.643005097
4698;1;0;58;139;2018;9;5;7;3;9;1;2;0;1;0;0;0;0;1;567771.4877;6013213.7418;10.040468896;54.262374697
4699;1;0;53;28;2018;7;11;1;3;3;6;0;0;1;0;0;0;0;0;587382.3256;5923892.84;10.316033715;53.456789203
4700;1;0;56;15;2018;9;16;4;3;2;6;0;0;1;0;0;0;0;0;546990.7352;5955343.5479;9.712525106;53.744614235
4701;1;0;59;75;2018;8;21;5;3;0;7;1;1;0;0;0;0;0;0;535409.3269;6040704.2465;9.546937027;54.512693516
4702;1;0;54;56;2018;7;13;2;3;5;3;0;1;1;0;0;0;0;0;503671.2872;6036780.8814;9.056659805;54.478657036
4703;1;0;53;118;2018;8;21;3;2;7;7;1;0;0;0;1;0;0;0;599631.9001;5957463.0063;10.511186901;53.756256755
4704;1;0;3;0;2018;7;12;4;3;2;6;0;0;1;0;0;0;0;1;611165.9846;5971202.745;10.691016575;53.877365994
4705;1;0;2;0;2018;9;13;1;3;1;5;0;1;1;0;0;0;0;0;574038.0968;6022840.3061;10.139043513;54.348007478
4706;1;0;53;10;2018;7;5;3;3;3;6;0;0;1;0;0;1;0;0;614108.9852;5933715.2915;10.721951521;53.539930026
4707;1;0;59;8;2018;9;23;7;3;5;3;2;0;1;0;0;0;0;1;537571.2524;6050508.8698;9.58158089;54.600648315
4708;1;0;3;0;2018;8;6;5;3;2;6;1;1;1;0;0;0;0;1;610106.498;5969924.959;10.674448947;53.866111932
4709;1;0;60;27;2018;8;6;5;2;2;6;0;0;1;0;0;1;0;0;561504.601;5983128.6465;9.93814301;53.992806455
4710;1;0;62;32;2018;8;16;5;3;5;3;0;0;1;0;0;0;0;0;600609.2911;5971960.1962;10.530747085;53.88632604
4711;1;0;61;61;2018;9;16;3;3;1;6;0;0;1;0;1;0;0;0;538020.6806;5970911.1254;9.578443215;53.885262903
4712;1;0;59;161;2018;7;16;7;3;8;1;0;0;1;0;0;0;0;0;541162.2562;6061936.0084;9.638772308;54.703057181
4713;1;0;58;43;2018;9;7;2;3;5;3;0;0;1;0;0;0;0;0;552706.248;6037710.368;9.813547986;54.484286442
4714;1;0;51;2;2018;8;8;7;2;3;7;0;0;1;0;0;0;1;0;515526.7876;6000385.718;9.237734341;54.151336148
4715;1;0;60;44;2018;7;17;5;3;0;3;0;0;1;0;0;0;0;0;563577.4341;5965913.9156;9.966177333;53.837850864
4716;1;0;3;0;2018;8;13;7;3;7;1;0;1;0;0;0;0;0;0;610019.1263;5970109.6741;10.673187104;53.86778999
4717;1;0;57;71;2018;9;3;1;3;8;7;2;0;1;0;0;0;0;0;575784.3391;5996165.8154;10.159167085;54.108061387
4718;1;0;62;53;2018;8;9;4;3;6;4;0;0;1;1;0;0;0;0;577307.9193;5933219.2478;10.166642279;53.542178532
4719;1;0;59;187;2018;9;14;6;2;9;1;0;0;1;0;0;0;0;0;553910.0095;6050608.9289;9.834488362;54.600068426
4720;1;0;60;63;2018;10;12;6;3;2;6;0;0;1;0;0;1;0;0;562351.639;5948189.232;9.943972898;53.678706687
4721;1;0;56;24;2018;7;21;5;3;5;3;1;0;1;0;0;0;1;0;544334.2187;5943477.267;9.670550356;53.638195571
4722;1;0;4;0;2018;9;8;2;3;3;2;0;1;0;0;0;0;0;0;564539.1487;5992039.8002;9.986315887;54.072516727
4723;1;0;2;0;2018;7;14;6;3;2;6;0;0;1;0;0;0;1;0;573729.0034;6017849.9604;10.13305604;54.303210668
4724;1;0;58;53;2018;8;12;3;2;6;4;0;0;1;1;0;0;0;1;569251.9129;6010758.2758;10.062625617;54.240111645
4725;1;0;55;12;2018;8;10;2;3;2;6;0;0;1;0;0;0;1;0;604759.3198;6001470.7638;10.604032142;54.150638868
4726;1;0;4;0;2018;7;9;4;3;5;2;0;1;1;0;0;0;0;0;563358.462;5992216.761;9.968311989;54.074253554
4727;1;0;55;40;2018;9;18;6;3;5;2;0;1;1;0;0;0;0;0;608149.734;5972291.082;10.645539632;53.887781492
4728;1;0;58;12;2018;7;10;1;3;2;6;0;0;1;0;0;0;0;0;554527.1377;6038974.481;9.841884416;54.495453636
4729;1;0;62;1;2018;9;7;5;3;0;2;0;1;1;0;0;0;0;0;581623.4791;5947656.3067;10.235533026;53.67126314
4730;1;0;2;0;2018;8;10;4;3;5;2;0;1;1;0;0;0;0;0;576392.3152;6020376.8897;10.174622636;54.3255252
4731;1;0;56;5;2018;9;15;2;3;5;3;0;1;1;0;0;0;0;0;559953.9467;5945724.2672;9.907202143;53.656833905
4732;1;0;55;4;2018;7;19;6;3;2;6;0;0;1;0;0;0;0;0;611579.2167;5974981.9877;10.69867624;53.911230492
4733;1;0;54;168;2018;9;18;1;3;0;7;0;1;0;0;0;0;0;0;454697.4296;6080021.3017;8.294157198;54.865217188
4734;1;0;59;187;2018;8;14;6;3;0;7;0;1;0;0;0;0;0;0;552966.0574;6048809.8964;9.81955369;54.584001953
4735;1;0;3;0;2018;7;18;4;3;3;6;0;0;1;0;1;0;0;0;609378.6813;5971005.963;10.663771304;53.87597789
4736;1;0;59;97;2018;8;15;6;2;9;1;0;0;0;0;1;0;0;0;542375.5074;6048374.2831;9.655634675;54.581085906
4737;1;0;61;101;2018;9;19;6;3;0;1;0;1;0;0;0;0;0;1;538183.499;5963609.2688;9.580012105;53.819624208
4738;1;0;4;0;2018;7;5;3;3;5;3;0;0;1;0;0;0;0;0;563355.3202;5992213.0186;9.968263198;54.074220309
4739;1;0;59;44;2018;9;8;5;3;1;5;0;0;1;0;0;1;0;0;525566.8766;6045538.5325;9.39533368;54.556730744
4740;1;0;57;58;2018;10;15;4;2;8;1;0;0;0;0;1;0;0;0;579201.3346;6009006.3019;10.214795023;54.222926884
4741;1;0;57;22;2018;7;23;4;3;5;3;2;0;1;0;0;0;0;0;596153.068;6006942.488;10.47405444;54.20148354
4742;1;0;2;0;2018;9;18;3;3;5;2;1;0;1;0;0;0;0;1;573089.3311;6021581.1098;10.124141506;54.336829607
4743;1;0;59;83;2018;9;16;7;3;5;3;0;0;1;0;1;0;0;0;547767.967;6054950.3673;9.740131068;54.639699598
4744;1;0;56;48;2018;8;10;3;3;6;4;0;0;1;1;0;0;0;0;547484.6656;5950215.6633;9.719227162;53.698481965
4745;1;0;54;91;2018;8;17;1;3;9;1;0;0;1;0;0;0;0;1;490257.4421;6038379.0999;8.849588442;54.492940248
4746;1;0;54;144;2018;8;13;1;2;8;1;0;0;0;0;1;0;0;0;506598.834;6045101.5287;9.102027436;54.553406146
4747;1;0;58;117;2018;7;11;4;3;0;7;0;1;0;0;0;0;0;0;555997.0241;6002060.2946;9.857645881;54.1635676
4748;1;0;3;0;2018;9;9;5;3;2;6;0;0;1;0;0;0;0;0;607003.59;5969249.098;10.627046944;53.860688576
4749;1;0;58;124;2018;9;7;4;3;5;2;0;1;0;0;0;0;0;0;543856.2164;6015801.3889;9.67372213;54.288238812
4750;1;0;3;0;2018;8;8;2;3;1;1;0;1;1;0;0;0;0;1;611158.6834;5968321.2404;10.689861684;53.851479525
4751;1;0;53;32;2018;9;2;1;3;7;1;2;0;1;0;0;0;0;1;588323.2167;5923922.6763;10.330208348;53.456900426
4752;1;0;61;119;2018;7;17;7;2;9;1;0;0;0;0;1;0;0;0;522885.3124;5976728.8675;9.348616531;53.938440746
4753;1;0;1;0;2018;9;19;5;3;4;6;1;0;1;0;0;0;0;0;523120.5003;6069752.0709;9.359422922;54.77444928
4754;1;0;61;29;2018;8;17;5;3;1;5;0;1;1;0;0;0;0;0;528333.4638;5959833.6556;9.430046916;53.786319249
4755;1;0;60;64;2018;7;4;3;3;2;6;1;0;1;0;0;0;0;0;561722.4248;5967446.4744;9.938299183;53.851847558
4756;1;0;60;21;2018;8;17;4;3;3;6;0;0;1;0;0;0;0;0;554061.4693;5975730.161;9.823313961;53.927148376
4757;1;0;58;52;2018;7;18;4;2;5;3;0;1;1;0;0;0;0;0;543792.135;6036476.0629;9.675782882;54.47404186
4758;1;0;3;0;2018;9;18;5;3;2;6;1;0;1;0;0;0;0;0;608032.3203;5967522.9591;10.642074976;53.844967139
4759;1;0;58;76;2018;7;9;2;3;2;6;0;0;1;0;1;0;0;0;563071.26;6005666.0896;9.966733738;54.195150358
4760;1;0;3;0;2018;9;9;3;3;1;7;0;0;1;0;0;0;0;0;613663.0296;5969897.6063;10.728498212;53.865099624
4761;1;0;60;47;2018;10;16;2;3;2;6;0;0;1;0;0;0;0;0;569336.4146;5963656.3961;10.053171114;53.816826725
4762;1;0;57;91;2018;7;7;3;3;5;2;0;0;1;0;0;0;0;0;578708.8873;6017073.0882;10.209363238;54.295487105
4763;1;0;51;81;2018;9;7;1;3;8;1;0;0;1;0;0;0;0;1;501987.3709;6005958.2479;9.030466038;54.201650925
4764;1;0;57;46;2018;8;14;6;2;7;7;0;0;0;0;1;0;0;0;584665.4657;6013080.7802;10.29973142;54.258663265
4765;1;0;54;109;2018;8;17;6;2;4;6;0;0;1;0;0;0;0;0;493698.5721;6068906.8918;8.902057639;54.767346696
4766;1;0;55;43;2018;8;18;6;2;9;1;0;0;0;0;1;0;0;0;614625.6739;6014986.6551;10.760182615;54.26995051
4767;1;0;58;121;2018;7;11;4;3;5;2;0;1;1;0;0;0;0;0;565873.75;6031543.237;10.015390692;54.427331279
4768;1;0;62;69;2018;9;15;5;2;2;6;0;0;1;0;0;1;0;0;583400.4841;5943914.8722;10.26142024;53.637361167
4769;1;0;57;7;2018;7;16;1;3;9;7;0;0;0;0;0;0;1;0;607735.5078;6016462.19;10.654959401;54.284704079
4770;1;0;59;94;2018;9;13;7;3;0;1;0;1;0;0;0;0;0;1;549419.6092;6048734.388;9.764671747;54.583682508
4771;1;0;3;0;2018;7;12;3;3;5;2;0;1;1;0;0;0;0;0;609264.7691;5970221.5748;10.661759922;53.86895469
4772;1;0;59;18;2018;9;10;5;3;5;3;0;0;1;0;0;1;0;0;534471.473;6037268.034;9.532050288;54.481877664
4773;1;0;3;0;2018;10;17;4;3;0;3;0;1;1;0;0;0;0;0;609042.8063;5971487.418;10.658835875;53.880374132
4774;1;0;3;0;2018;7;8;4;3;4;6;0;0;1;0;0;0;0;0;610543.4937;5968843.841;10.680702019;53.856306013
4775;1;0;54;109;2018;8;18;4;3;7;7;0;1;0;0;0;0;0;0;490535.9211;6067243.3627;8.852955269;54.752347333
4776;1;0;58;23;2018;8;15;1;3;9;1;0;0;1;0;0;0;0;0;557415.5083;6003824.5319;9.879704825;54.179265434
4777;1;0;58;169;2018;8;14;1;3;2;6;0;0;1;0;0;0;0;0;560209.9157;5991714.6915;9.920099785;54.070119272
4778;1;0;2;0;2018;7;7;4;3;0;2;0;1;1;0;0;0;0;0;572153.371;6018752.142;10.109064983;54.311542447
4779;1;0;3;0;2018;9;13;5;3;7;7;0;0;0;0;1;0;1;0;614210.1787;5975299.5168;10.738828301;53.913510009
4780;1;0;55;32;2018;9;17;4;3;5;2;0;1;1;0;0;0;0;0;618526.188;5996703.356;10.81284379;54.104820541
4781;1;0;56;41;2018;8;19;2;3;5;3;0;1;1;0;0;0;0;0;562264.3041;5955653.1891;9.944151744;53.745796664
4782;1;0;4;0;2018;9;11;1;3;2;2;0;0;1;0;0;0;0;0;562754.681;5987436.403;9.958096831;54.031368398
4783;1;0;2;0;2018;9;16;5;3;5;2;0;1;1;0;0;0;0;0;568511.6381;6020115.889;10.053411904;54.324298525
4784;1;0;57;62;2018;7;6;3;3;5;3;0;0;1;0;0;0;0;0;584134.0042;6011974.7485;10.291264521;54.248812956
4785;1;0;57;22;2018;7;7;4;3;4;6;0;0;1;0;0;0;0;0;597482.1261;6006618.3275;10.494316572;54.198320153
4786;1;0;51;11;2018;9;6;5;3;5;2;0;0;1;0;1;0;0;0;510614.6562;5974199.1319;9.161608616;53.916100546
4787;1;0;62;11;2018;7;6;2;3;2;6;0;0;1;0;0;0;0;0;581615.6964;5941687.2602;10.233848402;53.617624326
4788;1;0;60;39;2018;9;10;3;2;0;7;0;1;0;0;0;0;0;1;565033.0453;5960608.8998;9.987173454;53.789995274
4789;1;0;60;70;2018;10;13;3;3;9;7;0;0;1;0;0;0;0;1;583745.143;5978370.946;10.275995397;53.946928972
4790;1;0;3;0;2018;7;21;3;3;0;5;0;1;0;0;0;0;1;0;608922.749;5971673.7129;10.65707652;53.882073087
4791;1;0;1;0;2018;9;18;2;3;8;7;0;1;0;0;0;0;0;0;528472.4859;6071846.8601;9.442826069;54.792999058
4792;1;0;4;0;2018;8;7;6;3;6;4;0;0;1;1;0;0;0;0;566870.0356;5989895.8742;10.021458485;54.05295328
4793;1;0;3;0;2018;8;19;6;3;0;7;0;1;0;0;0;0;0;0;623125.0129;5980047.7606;10.876390948;53.954123004
4794;1;0;60;5;2018;8;13;6;3;2;6;0;0;1;0;0;1;0;0;586026.3003;5976886.7234;10.310324653;53.933218111