OBJECTID_1;ULAND;UREGBEZ;UKREIS;UGEMEINDE;UJAHR;UMONAT;USTUNDE;UWOCHENTAG;UKATEGORIE;UART;UTYP1;ULICHTVERH;IstRad;IstPKW;IstFuss;IstKrad;IstGkfz;IstSonstig;STRZUSTAND;LINREFX;LINREFY;XGCSWGS84;YGCSWGS84
4795;1;0;54;167;2018;7;6;4;3;5;3;0;0;1;0;0;0;0;0;501634.8584;6061725.4563;9.025370079;54.702845338
4796;1;0;54;113;2018;9;13;5;3;4;6;0;0;0;0;0;0;1;0;479913.4753;6016781.1689;8.691354294;54.298531365
4797;1;0;53;20;2018;9;14;3;3;5;3;0;1;1;0;0;0;0;0;607703.4482;5926215.1742;10.622756657;53.473893609
4798;1;0;53;32;2018;8;14;1;3;2;2;0;0;1;0;0;0;0;0;590814.4312;5924993.2213;10.368025441;53.466096993
4799;1;0;60;36;2018;7;13;6;3;5;3;0;1;1;0;0;0;0;0;565590.1912;5972998.4546;9.998274851;53.901267667
4800;1;0;61;74;2018;8;15;1;2;5;3;0;0;1;0;0;0;0;0;537885.5271;5954373.6635;9.57435163;53.736638245
4801;1;0;56;40;2018;9;12;6;3;2;6;0;0;0;0;0;1;1;0;550458.2889;5947952.4121;9.763894641;53.677861944
4802;1;0;56;1;2018;7;15;7;3;8;1;0;0;1;0;0;0;0;0;547481.56;5945724.2033;9.718492804;53.658114378
4803;1;0;62;35;2018;9;15;3;2;5;3;0;0;1;0;1;0;0;0;589812.123;5947031.2881;10.359266959;53.664304114
4804;1;0;56;15;2018;8;7;4;3;5;3;0;1;1;0;0;0;0;0;545733.2045;5955711.6625;9.693513085;53.748034547
4805;1;0;59;45;2018;7;18;2;2;8;1;0;1;0;0;0;0;0;0;561692.0994;6054563.0637;9.955764506;54.634709082
4806;1;0;3;0;2018;8;8;3;3;5;3;0;0;1;0;0;0;1;0;613425.719;5969554.447;10.724764338;53.862068572
4807;1;0;59;98;2018;7;16;4;1;5;2;0;0;1;0;0;0;0;0;538765.8962;6047164.017;9.599630565;54.570499397
4808;1;0;60;95;2018;9;21;7;3;3;6;2;0;1;0;0;0;0;0;554385.755;5971456.5385;9.827492482;53.888706878
4809;1;0;55;33;2018;7;18;2;2;4;6;0;1;0;0;0;0;0;0;623702.7316;6017595.8261;10.90056625;54.291272908
4810;1;0;56;48;2018;9;17;6;3;5;3;0;0;1;0;1;0;0;1;547620.8166;5950322.5318;9.721305618;53.699430065
4811;1;0;58;43;2018;8;11;5;3;5;3;0;0;1;0;0;0;1;1;554088.8151;6035647.4962;9.834508714;54.465603476
4812;1;0;55;12;2018;8;11;5;3;2;2;0;0;1;0;0;0;0;0;606145.2436;5999201.0323;10.624445061;54.129962907
4813;1;0;56;43;2018;9;10;3;3;5;3;0;1;1;0;0;0;0;0;558140.135;5942071.892;9.879076965;53.624213325
4814;1;0;62;25;2018;7;10;7;3;2;6;0;0;1;0;0;0;0;0;603835.4435;5967201.3736;10.578201592;53.842933629
4815;1;0;59;45;2018;9;17;2;3;5;2;0;0;1;0;0;0;0;0;559937.0091;6057256.1754;9.929129606;54.659120254
4816;1;0;60;63;2018;8;12;6;3;2;6;0;0;1;0;0;0;0;1;565075.4746;5948549.6866;9.985279458;53.68161404
4817;1;0;53;116;2018;7;14;5;3;5;3;0;1;0;0;0;0;1;0;598651.8675;5930069.6206;10.487641983;53.510302108
4818;1;0;2;0;2018;8;17;7;3;8;1;0;0;1;0;0;0;0;1;572985.6896;6017944.8772;10.121658532;54.304170308
4819;1;0;55;4;2018;9;13;1;3;2;6;0;0;1;0;0;0;0;0;612195.6304;5975339.5883;10.708187044;53.91431011
4820;1;0;58;34;2018;8;14;4;3;2;6;0;0;1;0;0;0;1;0;544104.5541;6018846.8198;9.677986383;54.315586226
4821;1;0;51;26;2018;9;9;5;3;5;3;0;0;1;0;0;0;0;0;517957.3677;5990919.1575;9.274386755;54.06617479
4822;1;0;53;75;2018;10;14;5;3;8;1;0;0;1;0;0;0;0;1;607329.997;5959930.487;10.628757304;53.776897688
4823;1;0;62;14;2018;7;11;5;3;4;6;0;0;1;0;0;1;0;0;582548.1352;5951998.4111;10.250681898;53.710137149
4824;1;0;54;161;2018;9;20;2;3;2;6;2;0;1;0;0;0;0;1;503565.6124;6031253.3688;9.05496232;54.42898075
4825;1;0;56;41;2018;8;17;4;3;2;6;0;0;1;0;0;0;1;0;558949.733;5954286.514;9.893637178;53.733899401
4826;1;0;59;77;2018;8;7;3;3;0;1;0;0;0;0;1;0;0;1;530133.0595;6041336.8579;9.465507008;54.518719804
4827;1;0;3;0;2018;8;15;2;3;5;2;0;1;1;0;0;0;0;0;612545.5978;5969696.4452;10.711439798;53.863535841
4828;1;0;54;113;2018;7;15;4;2;5;2;0;1;1;0;0;0;0;0;477250.7763;6017211.811;8.650407776;54.30229005
4829;1;0;4;0;2018;9;14;6;3;5;3;0;1;1;0;0;0;0;0;564888.3526;5993588.5591;9.991983532;54.086390705
4830;1;0;54;10;2018;7;4;1;2;5;3;0;0;1;0;0;0;0;0;497219.1436;6061672.0724;8.956846596;54.702360558
4831;1;0;3;0;2018;9;12;5;3;5;2;0;1;0;0;0;1;0;0;609792.1234;5971385.2086;10.670193088;53.879297824
4832;1;0;60;44;2018;8;12;3;3;5;3;0;0;1;0;0;0;0;0;562307.5851;5966298.4242;9.946960517;53.841460246
4833;1;0;62;18;2018;9;8;2;3;5;2;0;0;1;0;0;0;0;0;580272.5464;5933036.1805;10.211323273;53.540088639
4834;1;0;60;36;2018;9;16;7;3;5;7;0;0;1;0;1;0;0;0;568191.673;5973920.1202;10.038067415;53.909214609
4835;1;0;57;44;2018;7;13;4;3;8;1;0;0;1;0;0;0;0;0;595448.0895;6015843.2825;10.466083761;54.28158547
4836;1;0;62;4;2018;8;15;6;2;2;6;0;0;1;0;0;0;0;0;592914.2807;5959824.4016;10.410042144;53.778716159
4837;1;0;60;68;2018;9;3;6;3;4;6;2;0;0;0;0;1;1;0;577393.1795;5984322.2419;10.180747491;54.001396486
4838;1;0;59;183;2018;7;10;3;3;0;1;0;1;0;0;0;0;0;0;526013.2031;6067386.1737;9.404178744;54.753046481
4839;1;0;60;44;2018;9;13;4;3;5;2;0;1;1;0;0;0;0;1;563458.7198;5965554.9161;9.964299405;53.834639088
4840;1;0;60;68;2018;10;15;3;3;8;7;0;0;0;0;0;1;0;1;574295.8463;5986322.6733;10.133992215;54.019827466
4841;1;0;54;132;2018;7;17;4;2;5;2;0;0;1;0;1;0;0;0;503029.3675;6033761.919;9.046722;54.451529205
4842;1;0;59;18;2018;9;18;3;3;5;3;0;0;1;0;1;0;0;1;535794.404;6039252.711;9.552708583;54.4996219
4843;1;0;54;73;2018;9;8;7;3;7;7;0;0;0;0;1;0;0;0;503010.3953;6080103.0331;9.046906694;54.867993458
4844;1;0;3;0;2018;8;17;3;3;0;3;0;1;1;0;0;0;0;0;610677.2239;5968316.5744;10.682544221;53.851540428
4845;1;0;55;44;2018;8;15;7;3;2;2;0;0;1;0;0;0;0;0;614444.8714;5987571.3248;10.747005682;54.02370563
4846;1;0;51;121;2018;8;14;7;2;5;2;0;1;1;0;0;0;0;0;494620.07;6000391.973;8.917626155;54.151598862
4847;1;0;54;134;2018;7;8;4;3;0;1;0;1;0;0;0;0;0;0;480902.3508;6019695.7739;8.706362523;54.324763806
4848;1;0;4;0;2018;9;14;5;2;5;2;0;1;1;0;0;0;0;0;563682.3642;5991847.7757;9.973183867;54.070897723
4849;1;0;2;0;2018;9;18;4;3;2;6;0;0;1;0;0;0;0;0;573440.8536;6017827.416;10.128623209;54.303049598
4850;1;0;4;0;2018;8;15;2;2;6;4;0;0;0;1;0;0;1;0;564778.0239;5992850.8925;9.990139337;54.079775594
4851;1;0;60;48;2018;9;18;7;3;5;3;0;0;1;0;0;0;0;0;586549.7915;5974826.0574;10.317712615;53.914614446
4852;1;0;53;108;2018;7;13;7;3;5;3;0;1;1;0;0;0;0;0;599589.3715;5950950.0197;10.508445617;53.697744352
4853;1;0;61;36;2018;9;16;4;3;5;3;0;0;1;0;0;0;1;0;547363.9508;5986228.3337;9.722957045;54.022153818
4854;1;0;56;39;2018;8;18;5;3;2;6;0;0;1;0;0;0;0;0;552631.4077;5942682.5151;9.795897742;53.630284043
4855;1;0;51;46;2018;7;8;2;3;4;6;0;0;1;0;0;0;1;0;499353.5395;5979383.0621;8.990146616;53.962802087
4856;1;0;55;12;2018;8;14;4;3;2;2;0;0;1;0;0;0;1;0;601923.0179;5999328.1889;10.559898122;54.131959749
4857;1;0;54;109;2018;7;22;4;3;8;7;2;0;0;0;1;0;0;0;490370.2656;6066880.0793;8.850393502;54.749079444
4858;1;0;54;56;2018;9;19;5;3;1;5;1;0;1;0;0;0;0;0;505708.7733;6035930.0449;9.088088325;54.470991575
4859;1;0;62;4;2018;7;11;1;3;3;6;0;0;1;0;0;0;0;0;589978.8917;5963316.8281;10.366529505;53.810613452
4860;1;0;58;30;2018;9;15;3;2;4;6;0;0;1;0;0;0;0;1;540301.8009;6030771.0953;9.621148608;54.423062047
4861;1;0;3;0;2018;10;14;2;3;0;1;0;1;0;0;0;0;0;1;622794.927;5980102.5217;10.871385528;53.954693373
4862;1;0;57;22;2018;7;5;3;2;7;7;0;0;0;0;1;0;0;0;597282.6483;6008344.5484;10.491818664;54.213867368
4863;1;0;62;92;2018;9;15;1;3;0;7;0;0;0;0;1;0;0;0;587235.1596;5968535.3018;10.326353298;53.857972825
4864;1;0;1;0;2018;8;18;6;1;4;1;0;0;1;0;1;0;0;0;526645.6416;6068468.5869;9.414104214;54.762740497
4865;1;0;51;47;2018;8;3;5;3;9;1;2;0;0;0;0;1;0;0;501658.4205;6013180.5502;9.025463213;54.266563003
4866;1;0;2;0;2018;8;12;6;3;0;3;0;1;1;0;0;0;0;0;568054.5565;6019166.8407;10.046168861;54.315831582
4867;1;0;59;77;2018;7;12;4;3;2;6;0;0;1;0;0;0;0;0;527756.8021;6040976.162;9.428764911;54.515613986
4868;1;0;56;39;2018;9;14;4;3;5;3;0;0;1;0;0;0;1;0;551299.4532;5947244.8257;9.776510899;53.671420562
4869;1;0;58;146;2018;7;13;1;3;2;6;0;0;1;0;0;0;0;0;549519.3337;6016768.0572;9.760871438;54.296408652
4870;1;0;55;35;2018;9;15;3;3;5;2;0;1;1;0;0;0;0;0;612283.7066;5983045.8201;10.712361786;53.983523694
4871;1;0;53;28;2018;8;13;7;3;5;2;0;0;1;0;1;0;0;0;586247.6852;5924857.7646;10.299214891;53.465647389
4872;1;0;58;135;2018;7;22;6;3;5;3;2;0;1;0;1;0;0;0;540957.808;6019877.405;9.629758603;54.325110103
4873;1;0;59;113;2018;8;15;1;3;2;2;0;0;1;0;0;0;0;1;533297.351;6075924.4764;9.518331795;54.829344873
4874;1;0;62;6;2018;9;15;6;3;6;4;0;0;1;1;0;0;0;0;583736.6315;5954174.961;10.269272755;53.729506624
4875;1;0;56;1;2018;10;14;6;3;4;6;0;0;1;0;0;0;0;0;549549.4724;5945930.4236;9.749814543;53.659775984
4876;1;0;3;0;2018;7;21;7;3;5;2;1;1;1;0;0;0;0;0;610297.1348;5971513.5539;10.677918039;53.880343797
4877;1;0;1;0;2018;9;16;3;3;0;7;0;0;1;0;0;0;1;0;527671.3001;6072165.4486;9.430396218;54.795906873
4878;1;0;4;0;2018;8;5;4;3;5;3;1;1;1;0;0;0;0;0;564264.702;5996654.782;9.983102479;54.11402336
4879;1;0;60;63;2018;7;12;1;3;0;7;0;1;0;0;0;0;0;0;567938.8744;5949142.3779;10.028755243;53.686576088
4880;1;0;57;7;2018;8;9;3;3;5;3;0;0;1;0;0;0;0;0;609435.2882;6015576.4033;10.68073393;54.276385457
4881;1;0;60;63;2018;7;12;4;3;2;6;0;0;1;0;0;1;0;1;562374.7001;5950172.0562;9.944720801;53.696523905
4882;1;0;3;0;2018;9;9;7;3;2;6;0;0;1;0;0;0;0;0;612232.1854;5968078.046;10.706084515;53.84906376
4883;1;0;58;12;2018;7;10;2;3;9;1;0;0;0;0;1;0;0;0;556129.396;6038231.9539;9.866478637;54.488606407
4884;1;0;62;82;2018;9;0;6;3;0;2;2;1;0;0;0;0;0;1;592847.0786;5941336.3705;10.403484794;53.612600861
4885;1;0;51;48;2018;8;15;4;3;2;6;0;0;1;0;0;0;0;0;505806.9932;6001980.2417;9.088943342;54.165869043
4886;1;0;59;161;2018;8;17;5;3;8;1;0;0;1;0;0;0;0;0;541556.3859;6065994.0387;9.645467275;54.739491339
4887;1;0;58;40;2018;9;15;3;2;8;6;0;1;1;0;0;0;0;0;565464.521;6048516.377;10.012848986;54.579900717
4888;1;0;55;46;2018;7;17;6;3;2;6;0;0;1;0;0;0;0;0;642656.444;6034528.754;11.199664446;54.438405351
4889;1;0;60;63;2018;9;16;1;3;2;2;0;0;1;0;0;0;0;0;567537.0615;5949001.6412;10.022641268;53.685363389
4890;1;0;55;32;2018;8;17;6;3;2;2;0;0;1;0;0;0;0;0;617864.6418;5996595.5162;10.802689038;54.104003732
4891;1;0;2;0;2018;7;16;5;3;5;3;0;0;1;0;0;0;0;0;576789.63;6019463.6356;10.180495396;54.317259513
4892;1;0;53;100;2018;8;8;6;2;5;2;0;1;1;0;0;0;0;0;617675.293;5951369.8929;10.78241158;53.697754908
4893;1;0;55;32;2018;9;18;7;3;5;3;0;1;1;0;0;0;0;1;617321.3823;5996130.0292;10.794204069;54.099946239
4894;1;0;54;131;2018;8;19;4;3;3;2;0;0;1;0;1;0;0;0;494131.248;6082167.45;8.90851365;54.886520168
4895;1;0;62;76;2018;9;14;5;2;0;3;0;0;1;0;1;0;0;0;572565.8308;5953817.9658;10.099899942;53.727972048
4896;1;0;58;5;2018;10;8;5;3;9;1;0;0;1;0;0;0;0;1;574093.3315;6026957.2383;10.140918068;54.384992502
4897;1;0;59;75;2018;7;21;5;3;6;6;0;1;0;1;0;0;0;0;536391.0991;6040934.3515;9.562129201;54.514691874
4898;1;0;55;35;2018;9;14;3;3;5;3;0;0;1;0;0;0;0;0;612865.0892;5977378.4247;10.719127187;53.932481603
4899;1;0;60;5;2018;8;9;7;2;2;2;0;0;1;0;0;0;0;0;585560.6306;5978437.7257;10.303668247;53.947232077
4900;1;0;3;0;2018;7;16;6;3;4;6;0;1;0;0;0;0;0;0;610651.6989;5968384.8837;10.682180982;53.852159576
4901;1;0;3;0;2018;8;11;1;3;0;2;0;1;1;0;0;0;0;0;622058.1809;5980352.832;10.860264241;53.957116292
4902;1;0;62;4;2018;9;12;6;3;0;1;0;1;0;0;0;0;0;0;591926.138;5962947.676;10.395982976;53.806955912
4903;1;0;53;10;2018;10;15;7;3;2;6;0;0;1;0;0;0;0;0;615551.1837;5933168.6501;10.743502051;53.534703481
4904;1;0;3;0;2018;9;8;3;3;8;1;0;1;0;0;0;0;0;0;611891.0175;5968463.7173;10.701041335;53.852602306
4905;1;0;62;53;2018;8;21;4;3;5;3;2;0;1;0;1;0;0;0;577307.5581;5933219.2541;10.166636831;53.542178642
4906;1;0;59;10;2018;7;20;2;3;0;7;0;0;1;0;0;0;0;0;528698.3269;6051861.6753;9.44437091;54.613387491
4907;1;0;58;82;2018;8;20;3;3;9;7;0;0;1;0;0;0;0;0;557882.959;6044629.4313;9.894800918;54.545897411
4908;1;0;62;69;2018;7;3;4;3;2;6;2;0;0;0;0;1;1;1;582827.0519;5943278.5133;10.252580029;53.631733702
4909;1;0;3;0;2018;9;23;7;3;5;3;2;0;1;0;0;0;0;0;613060.8255;5969796.2591;10.719307576;53.864320622
4910;1;0;3;0;2018;7;14;2;3;5;3;0;0;1;0;1;0;0;0;608761.522;5966597.851;10.652826224;53.836503428
4911;1;0;56;41;2018;9;17;6;3;5;3;0;0;1;0;0;0;0;1;564602.684;5957593.207;9.980010203;53.762947026
4912;1;0;1;0;2018;8;21;5;3;2;6;2;0;1;0;0;0;0;1;529741.1997;6071726.3715;9.462545024;54.79184269
4913;1;0;58;43;2018;8;15;5;2;0;1;0;0;0;0;1;0;0;1;552729.24;6037625.0599;9.813887615;54.483517451
4914;1;0;62;82;2018;9;17;3;2;5;2;0;1;1;0;0;0;0;0;592670.9991;5940259.4418;10.400503767;53.60295495
4915;1;0;60;39;2018;7;15;6;3;2;6;0;0;1;0;0;0;0;0;564495.3403;5958692.0491;9.978611722;53.77283557
4916;1;0;60;27;2018;9;14;2;3;9;7;0;0;1;0;0;0;0;0;561605.8493;5982769.011;9.939614376;53.989562448
4917;1;0;53;32;2018;8;18;6;3;0;7;0;0;0;0;1;0;0;0;588847.9539;5921465.1091;10.337414962;53.434727754
4918;1;0;58;70;2018;7;13;5;2;2;6;0;0;1;0;0;0;1;0;532716.6237;6009017.8081;9.501862612;54.228108005
4919;1;0;58;146;2018;8;9;7;3;8;7;0;0;0;0;0;0;1;0;549726.3372;6016224.6355;9.763961363;54.291504994
4920;1;0;60;63;2018;9;3;7;2;9;1;2;0;1;0;0;0;0;0;563132.3293;5945686.9733;9.955281572;53.656124741
4921;1;0;2;0;2018;8;18;4;3;5;3;0;0;1;0;0;0;0;0;572970.9963;6018169.7573;10.121487704;54.30619312
4922;1;0;60;5;2018;9;14;5;3;2;2;0;0;1;0;0;0;0;0;585259.8647;5977730.8485;10.298889472;53.940929935
4923;1;0;3;0;2018;10;14;5;3;2;6;0;0;1;0;0;1;0;1;612294.4434;5970948.6754;10.708080868;53.874840413
4924;1;0;55;35;2018;7;20;5;2;2;6;0;0;1;0;1;0;0;0;613736.3456;5978787.601;10.732915926;53.94495087
4925;1;0;55;42;2018;9;15;1;2;5;2;0;0;1;0;0;0;0;0;616612.481;5984104.524;10.778747877;53.99207619
4926;1;0;62;60;2018;8;10;4;3;5;3;0;1;1;0;0;0;0;0;584626.183;5933745.2868;10.277194583;53.545777545
4927;1;0;3;0;2018;8;12;2;3;5;2;0;1;1;0;0;0;0;0;613036.719;5966077.171;10.717572493;53.830913205
4928;1;0;57;66;2018;8;11;2;3;5;3;0;1;0;0;0;0;1;0;584806.4058;6014991.2447;10.302435546;54.275805817
4929;1;0;56;39;2018;7;15;4;3;2;6;0;0;1;0;0;0;0;1;553156.4619;5947419.523;9.804647039;53.67280512
4930;1;0;58;117;2018;9;13;6;3;2;6;0;0;1;0;0;0;1;0;554291.3124;6002144.7818;9.831539652;54.164510059
4931;1;0;60;75;2018;7;5;7;3;9;1;0;0;0;0;1;0;0;0;596442.1435;5986486.0262;10.471958379;54.01763262
4932;1;0;2;0;2018;9;8;5;3;0;2;0;1;1;0;0;0;0;0;573590.2573;6023204.732;10.132245215;54.351346894
4933;1;0;3;0;2018;8;20;3;3;5;3;1;1;1;0;0;0;0;0;610968.168;5966904.223;10.68645494;53.838789423
4934;1;0;3;0;2018;9;7;2;3;5;2;0;1;1;0;0;0;0;0;611932.3721;5972210.5687;10.703036958;53.886255646
4935;1;0;55;28;2018;9;12;7;3;5;2;0;0;1;0;0;0;0;0;603249.268;6005114.5425;10.582169488;54.183681165
4936;1;0;59;18;2018;7;18;4;2;5;3;0;1;1;0;0;0;0;0;535973.9409;6039336.9324;9.555490969;54.500366073
4937;1;0;62;6;2018;8;14;5;3;5;3;0;1;1;0;0;0;0;0;583042.5143;5953993.2516;10.258705412;53.727984715
4938;1;0;62;45;2018;9;13;6;3;0;1;0;0;0;0;1;0;0;1;590030.9723;5945065.6192;10.362008568;53.646603186
4939;1;0;60;80;2018;7;18;2;2;5;2;0;0;1;0;0;0;0;0;588051.6731;5996224.659;10.346767206;54.106636998
4940;1;0;62;1;2018;9;1;4;3;9;1;2;0;1;0;0;0;0;1;582702.7114;5946834.0924;10.251646079;53.663704873
4941;1;0;53;32;2018;10;2;3;3;9;1;2;0;1;0;0;0;0;1;592273.3246;5920019.6036;10.388536805;53.421149925
4942;1;0;54;168;2018;7;11;4;3;0;7;0;1;0;0;0;0;0;0;456568.02;6085748.3981;8.322436655;54.91684648
4943;1;0;56;30;2018;9;20;3;1;8;7;2;0;1;0;0;0;0;1;546215.1316;5960076.9395;9.701474289;53.78722538
4944;1;0;61;36;2018;8;14;6;3;2;6;0;0;1;0;0;0;0;0;547454.7226;5987276.892;9.724506234;54.031569038
4945;1;0;58;64;2018;8;13;3;3;4;6;0;1;0;0;0;1;0;0;570852.7339;6002157.0113;10.085157093;54.162601676
4946;1;0;54;86;2018;8;5;7;3;8;1;2;0;0;0;0;0;1;1;487708.3592;6079555.4083;8.808500784;54.862930259
4947;1;0;55;1;2018;8;16;7;3;8;1;0;0;0;0;1;0;0;0;602329.2955;5982571.8638;10.560459835;53.981332099
4948;1;0;59;57;2018;7;18;4;3;2;6;0;0;1;0;0;0;0;0;530251.9893;6045755.3955;9.46779814;54.558421276
4949;1;0;59;187;2018;9;16;4;3;0;7;0;1;0;0;0;0;0;0;552977.4365;6048785.3034;9.819725304;54.583779765
4950;1;0;2;0;2018;8;17;2;3;2;6;0;0;1;0;0;0;0;0;577410.7434;6020814.1437;10.190391927;54.3293007
4951;1;0;55;28;2018;9;18;7;2;0;1;0;1;0;0;0;0;0;0;601999.585;6004684.441;10.562881784;54.180066956
4952;1;0;55;35;2018;7;16;7;3;8;1;0;0;0;0;1;0;0;0;616060.3574;5978906.9097;10.768352097;53.945506819
4953;1;0;56;15;2018;9;15;4;2;4;6;0;0;1;0;0;0;1;0;545319.5469;5956149.97;9.687305043;53.752010027
4954;1;0;55;21;2018;8;12;5;3;5;2;0;0;1;0;1;0;0;0;629643.9001;6026184.8249;10.995519158;54.366946688
4955;1;0;60;44;2018;7;9;2;3;0;7;0;1;0;0;0;0;0;0;563469.9669;5965548.7493;9.964469013;53.834582294
4956;1;0;1;0;2018;8;17;4;3;5;2;0;1;1;0;0;0;0;1;526308.5493;6069993.2055;9.409003717;54.776459306
4957;1;0;3;0;2018;7;16;4;3;2;6;0;0;1;0;0;0;1;1;606600.0897;5969339.0468;10.62094546;53.861579728
4958;1;0;58;100;2018;7;14;1;3;3;6;0;0;1;0;1;0;0;0;533961.928;6001150.949;9.520076009;54.157325471
4959;1;0;2;0;2018;9;15;3;3;1;6;0;0;1;0;1;0;0;1;573211.4738;6018727.9058;10.125319626;54.311174074
4960;1;0;2;0;2018;10;15;2;3;0;6;0;1;0;1;0;0;0;0;573342.9085;6020405.0342;10.127751567;54.326225382
4961;1;0;1;0;2018;7;13;3;3;5;3;0;0;1;0;0;0;0;0;526673.237;6070258.6548;9.414697541;54.778825526
4962;1;0;54;78;2018;9;13;1;3;0;7;0;1;0;0;0;0;0;0;462734.4503;6096178.0424;8.417275532;55.011065561
4963;1;0;56;39;2018;8;18;5;3;5;2;0;1;1;0;0;0;0;0;552759.0651;5946296.7962;9.798441372;53.662754825
4964;1;0;62;45;2018;8;10;5;3;0;1;0;1;0;0;0;0;0;0;589989.7537;5944876.5685;10.361330477;53.644911484
4965;1;0;58;127;2018;8;4;6;2;8;1;2;0;0;0;0;0;1;0;542172.1473;6027445.2389;9.649500673;54.393021834
4966;1;0;61;44;2018;7;19;4;3;9;7;0;0;0;0;0;0;1;1;541693.4954;5964635.7068;9.633465094;53.82857983
4967;1;0;3;0;2018;9;16;4;2;5;2;0;1;1;0;0;0;0;0;611415.8473;5970896.2428;10.694704194;53.874558735
4968;1;0;60;5;2018;7;11;7;3;2;7;0;0;1;0;0;0;0;0;584186.0497;5976502.7607;10.282196599;53.930070381
4969;1;0;61;22;2018;9;6;2;3;2;6;0;0;1;0;0;0;0;0;534199.6038;5971381.2207;9.52036496;53.88975401
4970;1;0;57;62;2018;8;11;7;3;2;6;0;0;1;0;0;0;0;0;583491.6457;6010517.2843;10.281002729;54.235822377
4971;1;0;2;0;2018;7;15;6;3;4;6;0;1;0;0;0;0;0;0;574904.1975;6022671.6551;10.152322726;54.346365582
4972;1;0;51;86;2018;8;22;7;2;9;1;2;0;1;0;0;0;0;1;524561.2509;6006081.712;9.37652517;54.202176115
4973;1;0;3;0;2018;8;11;5;3;5;3;0;1;1;0;0;0;0;0;610691.361;5968304.754;10.682754774;53.851431218
4974;1;0;3;0;2018;9;7;6;3;6;4;0;0;1;1;0;0;0;0;609588.6197;5971084.7225;10.666991362;53.876641193
4975;1;0;55;43;2018;10;12;6;2;3;6;0;1;0;0;0;0;0;0;612631.2915;6017989.9333;10.730703456;54.297373189
4976;1;0;61;85;2018;9;18;2;3;5;3;0;0;1;0;1;0;0;1;531308.63;5987215.297;9.478004302;54.03224796
4977;1;0;58;146;2018;8;16;4;3;2;6;0;0;1;0;0;0;0;0;549317.1458;6017268.7892;9.757847732;54.300928127
4978;1;0;3;0;2018;7;6;1;3;0;1;0;1;0;0;0;0;0;0;612304.4859;5972037.7696;10.708632527;53.884622771
4979;1;0;58;73;2018;8;14;3;3;9;7;0;0;1;0;0;0;0;0;551025.4503;6013880.9031;9.783518247;54.270314623
4980;1;0;56;39;2018;7;15;4;3;2;6;0;0;1;0;0;0;0;1;553308.6045;5947235.3371;9.806918189;53.671134252
4981;1;0;62;69;2018;9;11;7;3;2;6;0;0;1;0;0;0;0;0;583211.029;5943731.7442;10.258506534;53.635745679
4982;1;0;54;168;2018;7;17;2;3;9;7;0;1;0;0;0;0;0;0;459077.2703;6083447.9634;8.3619066;54.896386677
4983;1;0;3;0;2018;9;11;6;3;5;3;0;1;1;0;0;0;0;0;608664.809;5972030.45;10.653280683;53.88533223
4984;1;0;62;60;2018;8;14;4;3;2;2;0;0;1;0;0;0;0;0;581109.395;5929996.0446;10.223160818;53.512639652
4985;1;0;60;4;2018;8;7;4;3;6;4;0;0;1;1;0;0;0;0;558382.748;5975226.242;9.88901901;53.922150571
4986;1;0;2;0;2018;9;12;3;3;5;2;0;1;1;0;0;0;0;0;573573.3494;6021570.9333;10.131581777;54.336668597
4987;1;0;55;1;2018;7;17;6;3;2;6;0;0;1;0;0;0;0;0;604192.223;5987476.406;10.59053587;54.025024565
4988;1;0;53;26;2018;9;12;1;3;5;3;0;0;1;0;0;0;0;0;614446.2525;5952956.2336;10.734112752;53.712724542
4989;1;0;55;46;2018;8;15;6;3;2;6;0;0;1;0;0;0;0;1;637255.328;6030655.0488;11.114654657;54.405101992
4990;1;0;62;61;2018;7;17;5;3;8;1;0;0;0;0;1;0;0;0;599200.4282;5964425.3782;10.5068855;53.818896887
4991;1;0;3;0;2018;8;13;6;3;4;6;0;1;0;0;0;0;0;0;610483.0905;5967290.3785;10.679225242;53.842362127
4992;1;0;59;145;2018;9;18;7;3;2;2;0;0;1;0;0;0;0;0;536592.9593;6073522.2701;9.569327345;54.807528202
4993;1;0;56;43;2018;7;18;3;2;5;3;0;1;1;0;0;0;0;0;554447.1613;5945410.3984;9.823830343;53.654615275
4994;1;0;3;0;2018;9;18;5;3;0;7;0;0;0;0;1;0;1;1;619548.2961;5976772.7731;10.82063181;53.925541018
4995;1;0;2;0;2018;10;11;5;3;5;3;0;0;1;0;0;0;0;0;573243.5881;6017849.3164;10.125597693;54.303274711
4996;1;0;61;46;2018;7;14;4;3;2;6;0;0;1;0;0;0;0;0;535600.8686;5976124.7966;9.542236883;53.932293302
4997;1;0;58;99;2018;8;15;4;2;6;7;0;1;0;1;0;0;0;0;557036.9534;6041842.6232;9.881184819;54.520951019
4998;1;0;1;0;2018;8;6;2;3;0;1;0;1;0;0;0;0;0;1;528449.9265;6070126.4739;9.442306467;54.777540133
4999;1;0;53;32;2018;8;16;1;3;2;6;0;0;0;0;1;0;0;0;591217.2744;5922886.315;10.373480772;53.447094397
5000;1;0;62;78;2018;7;13;4;3;8;1;0;0;1;0;0;0;0;1;588075.3606;5952532.4373;10.334552243;53.714032581
5001;1;0;51;64;2018;9;16;5;3;5;2;0;0;1;0;0;0;0;0;513921.6985;5981705.7318;9.212300529;53.98349104
5002;1;0;58;61;2018;7;20;7;2;2;6;1;1;0;0;0;0;0;0;530693.1277;5995971.3444;9.469494487;54.110979993
5003;1;0;61;65;2018;9;16;4;3;8;1;0;0;1;0;0;0;0;0;541105.2328;5979179.2184;9.626479942;53.959337092