OBJECTID_1;ULAND;UREGBEZ;UKREIS;UGEMEINDE;UJAHR;UMONAT;USTUNDE;UWOCHENTAG;UKATEGORIE;UART;UTYP1;ULICHTVERH;IstRad;IstPKW;IstFuss;IstKrad;IstGkfz;IstSonstig;STRZUSTAND;LINREFX;LINREFY;XGCSWGS84;YGCSWGS84
5004;1;0;58;169;2018;8;18;3;3;3;6;0;0;1;0;0;0;0;0;560589.9998;5993088.2902;9.926181977;54.082418732
5005;1;0;60;4;2018;9;16;2;3;2;6;0;0;1;0;0;1;0;0;561625.398;5972858.7584;9.937912253;53.900498735
5006;1;0;55;46;2018;7;18;3;3;3;6;0;1;1;0;0;0;0;0;633970.9217;6038716.5931;11.067735048;54.478381108
5007;1;0;56;39;2018;7;15;4;3;2;6;0;0;1;0;0;0;0;1;553021.2391;5947589.4964;9.802629385;53.674346494
5008;1;0;2;0;2018;9;17;6;3;5;2;0;1;1;0;0;0;0;1;575823.2196;6019662.8825;10.165692703;54.319194294
5009;1;0;59;179;2018;7;21;2;2;5;3;1;0;1;0;0;0;0;0;513025.469;6060177.873;9.202062177;54.688771619
5010;1;0;1;0;2018;9;16;4;3;2;2;0;0;1;0;0;0;0;0;527271.1871;6069500.3031;9.423922526;54.771978462
5011;1;0;59;83;2018;10;9;3;3;2;6;0;0;1;0;0;0;0;1;550291.7619;6054568.2319;9.77916592;54.636020434
5012;1;0;56;15;2018;7;14;3;3;3;6;0;0;1;0;0;0;1;0;544810.653;5955888.3368;9.679549934;53.749702558
5013;1;0;3;0;2018;9;14;2;3;5;2;0;1;1;0;0;0;0;0;609620.1785;5970376.4825;10.667218029;53.870271487
5014;1;0;53;98;2018;8;16;6;3;2;6;0;0;1;0;0;0;0;0;614414.7909;5954035.4756;10.734035156;53.722427591
5015;1;0;56;15;2018;8;10;2;3;4;1;0;0;1;0;0;0;0;1;545889.0602;5955719.6244;9.695877522;53.748092409
5016;1;0;56;43;2018;8;16;6;3;5;2;0;1;1;0;0;0;0;0;555471.4372;5943954.1221;9.839066793;53.641419392
5017;1;0;59;183;2018;8;17;7;3;9;7;0;0;1;0;0;0;0;0;518644.1308;6067820.0004;9.289711964;54.757272618
5018;1;0;51;46;2018;7;16;3;3;5;3;0;1;1;0;0;0;0;0;499394.4675;5979153.0328;8.990770899;53.960734639
5019;1;0;51;122;2018;9;7;3;3;5;3;0;0;1;0;0;0;0;0;505491.7103;6010175.9389;9.084264028;54.239532185
5020;1;0;51;35;2018;8;2;1;3;8;1;2;0;1;0;0;0;0;0;514685.9531;6005202.8481;9.225095172;54.194655256
5021;1;0;54;78;2018;7;13;7;2;5;3;0;0;1;0;0;0;0;0;460282.9918;6094931.47;8.379117343;54.999674412
5022;1;0;2;0;2018;8;7;2;3;5;2;0;1;1;0;0;0;0;1;573161.7175;6021787.1755;10.125305168;54.338670871
5023;1;0;58;171;2018;8;15;4;3;4;6;0;0;1;0;0;0;0;0;558257.5935;6014162.0982;9.894611668;54.272068901
5024;1;0;57;8;2018;8;14;2;3;5;3;0;0;1;0;0;0;0;0;569497.608;5991696.621;10.062000688;54.068787778
5025;1;0;55;4;2018;8;8;2;3;2;6;0;0;1;0;0;0;0;0;610760.481;5974296.4966;10.685969723;53.905247563
5026;1;0;61;46;2018;7;10;3;3;3;6;0;0;1;0;0;0;0;0;533487.224;5975791.853;9.510008924;53.929441928
5027;1;0;62;4;2018;9;21;6;3;9;1;2;0;0;0;0;0;1;0;586683.3832;5961230.1518;10.315907419;53.792422588
5028;1;0;55;44;2018;7;14;7;3;2;6;0;0;1;0;0;0;0;0;607329.1094;5989172.1103;10.63899959;54.039616261
5029;1;0;1;0;2018;9;17;5;3;2;2;0;0;1;0;1;0;0;0;527557.2242;6070280.8283;9.428442864;54.778977038
5030;1;0;2;0;2018;8;15;3;3;5;3;0;0;1;0;1;0;0;0;572180.0097;6019767.9951;10.109719986;54.320666891
5031;1;0;2;0;2018;9;7;2;3;0;2;0;0;0;0;1;0;0;0;574178.5161;6020619.7016;10.140650798;54.328033551
5032;1;0;61;83;2018;7;18;3;3;5;3;0;0;1;0;0;0;0;0;532533.4621;5980502.6886;9.495985918;53.971842091
5033;1;0;55;44;2018;8;11;5;3;5;2;0;1;1;0;0;0;0;0;614484.4399;5987566.7462;10.747607662;54.023655722
5034;1;0;56;18;2018;7;9;3;3;5;3;0;0;1;0;0;0;1;0;557502.783;5942456.678;9.869512536;53.627741947
5035;1;0;3;0;2018;9;16;6;3;5;3;0;1;1;0;0;0;0;1;609914.3105;5971463.9923;10.672079213;53.879979768
5036;1;0;3;0;2018;7;17;2;3;5;3;0;1;1;0;0;0;0;0;610332.393;5971168.052;10.678329816;53.877232228
5037;1;0;3;0;2018;9;18;4;3;3;6;1;1;0;0;0;0;0;0;607985.8882;5967788.8283;10.641462999;53.847365484
5038;1;0;4;0;2018;10;16;3;3;5;3;0;1;1;0;0;0;0;1;565365.2306;5991868.8699;9.998901456;54.070876518
5039;1;0;51;44;2018;7;12;3;3;5;3;0;1;1;0;0;0;0;0;507453.3116;6005469.0638;9.114245679;54.197204012
5040;1;0;53;27;2018;9;12;2;3;5;2;0;0;1;0;0;0;0;0;603197.9605;5935830.945;10.558068288;53.561196783
5041;1;0;60;36;2018;8;2;6;2;8;7;2;1;0;0;0;0;0;0;567455.8281;5974024.8308;10.026890882;53.910251905
5042;1;0;2;0;2018;8;21;3;3;8;1;2;1;0;0;0;0;0;0;571625.7714;6017772.9979;10.10072214;54.30281833
5043;1;0;61;34;2018;8;15;6;3;5;2;0;0;1;0;0;0;0;1;530727.461;5975875.978;9.467987931;53.930369132
5044;1;0;2;0;2018;8;10;7;3;1;5;0;1;1;0;0;0;0;0;573684.5991;6021358.118;10.13323987;54.334740258
5045;1;0;60;68;2018;7;18;3;2;2;6;0;0;1;0;0;0;0;0;576797.0618;5986338.6267;10.172164119;54.019604739
5046;1;0;1;0;2018;9;13;4;3;5;2;0;1;1;0;0;0;0;0;527837.448;6071990.16;9.432963547;54.794322455
5047;1;0;56;15;2018;8;7;2;3;8;1;0;0;1;0;0;0;0;1;547215.533;5954700.7545;9.715835256;53.738816752
5048;1;0;58;117;2018;8;6;2;2;5;3;0;0;1;0;1;0;0;0;555934.4584;6002241.8134;9.856721448;54.165205669
5049;1;0;2;0;2018;9;0;7;3;6;4;2;0;1;1;0;0;0;0;574125.396;6018763.9001;10.139373229;54.311365671
5050;1;0;55;46;2018;7;19;7;3;0;6;0;1;1;0;0;0;0;0;641769.3169;6034913.4508;11.186180688;54.442108368
5051;1;0;62;1;2018;9;18;4;3;7;7;0;1;0;0;0;0;0;0;582158.8539;5947889.7923;10.243696691;53.673277442
5052;1;0;58;5;2018;8;11;5;3;5;3;0;0;1;0;1;0;0;0;570991.7438;6030183.0237;10.093939519;54.414420147
5053;1;0;3;0;2018;7;9;2;3;5;2;0;1;1;0;0;0;0;0;612387.5278;5967293.6724;10.708157812;53.841983239
5054;1;0;62;1;2018;8;16;4;3;2;6;0;0;1;0;0;0;0;0;584488.608;5944500.9652;10.278032702;53.642453413
5055;1;0;60;85;2018;7;9;3;3;2;6;0;0;1;0;0;0;0;0;578095.1573;5964488.718;10.186391852;53.823064539
5056;1;0;56;43;2018;10;14;2;3;3;6;0;0;1;0;0;1;0;0;554274.3849;5945465.7151;9.821226052;53.655130391
5057;1;0;1;0;2018;7;19;3;2;5;2;0;1;1;0;0;0;0;0;528208.287;6071867.438;9.43871918;54.793198904
5058;1;0;62;76;2018;9;10;7;3;5;3;0;0;1;0;0;0;0;0;570448.3467;5955551.7614;10.068205908;53.743843492
5059;1;0;60;12;2018;8;13;5;3;5;2;0;0;1;0;0;0;1;1;579492.572;5992268.429;10.214849326;54.072480843
5060;1;0;55;35;2018;8;15;5;3;9;1;0;0;1;0;0;0;0;0;612757.1792;5980225.7281;10.718535801;53.958085161
5061;1;0;51;24;2018;8;8;5;3;2;6;0;0;1;0;0;0;0;0;508337.969;5976830.686;9.12701785;53.939794606
5062;1;0;58;40;2018;9;15;4;3;0;2;0;1;0;0;0;0;0;0;562259.354;6047545.4574;9.963061763;54.571581029
5063;1;0;3;0;2018;7;19;7;3;0;7;0;1;0;0;0;0;0;1;611265.013;5969077.993;10.691751609;53.858255585
5064;1;0;3;0;2018;9;19;2;2;0;7;0;0;0;0;1;0;0;1;609633.3297;5971158.1249;10.667697391;53.877291217
5065;1;0;59;19;2018;8;5;7;2;0;1;1;0;1;0;0;0;0;1;532570.207;6036887.895;9.502664573;54.478586996
5066;1;0;1;0;2018;7;18;6;3;0;2;0;0;1;0;1;0;0;0;530086.2429;6074286.2541;9.468176888;54.814826284
5067;1;0;56;15;2018;8;14;7;3;2;6;0;0;1;0;0;0;1;1;547075.4176;5955257.132;9.713795881;53.743829924
5068;1;0;59;8;2018;8;11;5;3;2;6;0;0;1;0;0;0;0;0;537339.4973;6050494.321;9.577991809;54.600534751
5069;1;0;58;3;2018;9;16;6;3;7;7;0;0;1;0;0;0;0;0;537216.2204;6022597.8964;9.572571696;54.349845585
5070;1;0;2;0;2018;10;15;6;3;5;2;0;1;1;0;0;0;0;0;573019.3099;6021271.7558;10.122989024;54.334059875
5071;1;0;53;72;2018;9;15;2;3;2;6;0;0;1;0;0;0;0;1;587318.8544;5927440.7774;10.316064242;53.488682704
5072;1;0;60;39;2018;8;15;3;3;2;6;0;0;1;0;1;0;0;0;564425.9298;5960158.5066;9.97786505;53.786023126
5073;1;0;56;15;2018;8;17;2;3;5;3;0;1;1;0;0;0;0;0;542323.7961;5957820.0277;9.642104404;53.767271907
5074;1;0;56;50;2018;7;19;3;3;5;2;0;1;1;0;0;0;0;0;547251.5392;5937296.3203;9.713733431;53.582387163
5075;1;0;60;63;2018;9;13;6;3;5;3;0;1;0;0;0;0;0;0;563975.7114;5948124.2506;9.968543335;53.6779264
5076;1;0;51;81;2018;7;10;1;3;2;6;0;0;1;0;0;0;0;0;499164.1016;6002745.0851;8.987194755;54.172775359
5077;1;0;2;0;2018;9;18;6;3;2;6;0;0;1;0;0;0;1;1;577127.6993;6017120.3742;10.185086273;54.296153107
5078;1;0;55;4;2018;8;15;4;3;5;3;0;1;1;0;0;0;0;0;611049.7886;5974287.908;10.690368268;53.905108502
5079;1;0;60;5;2018;9;18;3;3;8;1;0;0;1;0;0;0;0;0;583747.2104;5976685.246;10.275564693;53.931781311
5080;1;0;2;0;2018;7;13;6;3;2;6;0;0;1;0;0;0;0;0;574796.6679;6018363.013;10.149588581;54.307665568
5081;1;0;55;32;2018;9;11;1;3;0;1;0;1;0;0;0;0;0;0;618556.8227;5996963.998;10.813414275;54.107154897
5082;1;0;57;91;2018;8;8;6;3;2;6;0;0;1;0;0;0;0;0;581277.9556;6015370.9493;10.248364171;54.279790614
5083;1;0;56;49;2018;7;19;4;3;5;3;0;0;1;0;0;0;0;0;543777.7683;5948576.3479;9.662853424;53.684072068
5084;1;0;2;0;2018;8;7;6;3;0;1;1;0;0;0;1;0;0;1;573680.9877;6022219.5175;10.133397243;54.342481013
5085;1;0;1;0;2018;9;11;7;3;8;1;0;1;0;0;0;0;0;1;528166.1554;6070531.9079;9.437934225;54.781199563
5086;1;0;53;32;2018;7;19;3;3;4;6;0;0;1;0;0;0;0;0;594070.9636;5920413.8374;10.415696555;53.424375031
5087;1;0;58;9;2018;9;6;5;3;2;6;0;0;1;0;0;0;0;0;550416.9096;5991224.5659;9.770382493;54.066765941
5088;1;0;61;97;2018;10;13;4;2;0;7;0;0;0;0;1;0;0;0;531484.3523;5988263.4482;9.480795726;54.041657572
5089;1;0;56;10;2018;7;15;4;3;2;6;0;0;1;0;0;0;0;1;547743.0432;5965571.5359;9.72551591;53.836470062
5090;1;0;2;0;2018;8;6;4;3;3;7;0;0;1;0;0;0;0;0;572777.9599;6022519.1978;10.119582564;54.345303483
5091;1;0;3;0;2018;8;16;1;3;3;6;0;0;1;1;0;0;0;0;609410.1098;5971505.3113;10.664427346;53.880457562
5092;1;0;53;116;2018;8;1;1;3;3;6;2;0;1;0;0;0;0;0;594082.9623;5933863.8669;10.419908055;53.545234051
5093;1;0;62;90;2018;7;21;3;3;7;7;0;0;1;0;0;0;0;0;578547.1114;5950801.6445;10.189773932;53.69999987
5094;1;0;53;106;2018;9;6;5;3;2;6;0;0;1;0;0;0;0;0;602537.0666;5929966.9725;10.546173117;53.508636528
5095;1;0;62;18;2018;9;13;4;2;3;6;0;1;0;0;0;0;0;0;581593.7998;5933781.4613;10.231450539;53.546582541
5096;1;0;60;44;2018;8;8;2;3;5;3;0;0;1;0;0;0;0;1;562341.1917;5965099.1282;9.947227936;53.83067822
5097;1;0;3;0;2018;9;12;1;3;2;2;0;0;1;0;0;0;0;0;610367.0981;5971730.5453;10.679059996;53.88227842
5098;1;0;57;8;2018;7;7;3;2;3;6;0;1;1;0;0;0;0;0;570659.4313;5993794.1944;10.080240539;54.087478972
5099;1;0;53;116;2018;7;17;3;3;5;3;0;0;1;0;1;0;0;0;598169.1672;5929148.6452;10.480077301;53.502116874
5100;1;0;55;4;2018;9;14;6;3;3;6;0;0;1;0;0;0;0;1;613226.7327;5976017.1464;10.72412868;53.920172992
5101;1;0;54;91;2018;7;19;2;2;9;1;0;1;0;0;0;0;0;0;494039.903;6035732.6154;8.908037649;54.469214348
5102;1;0;60;47;2018;9;16;3;3;5;3;0;0;1;0;0;0;0;1;566736.6138;5962946.0558;10.013534882;53.810783215
5103;1;0;55;4;2018;10;15;3;3;8;6;0;0;1;0;0;0;0;0;611514.63;5974916.6071;10.697669624;53.910657008
5104;1;0;62;89;2018;7;9;3;3;6;4;0;0;1;1;0;0;0;0;590880.1695;5956122.624;10.378093273;53.745812185
5105;1;0;57;15;2018;9;10;2;3;5;3;0;0;1;0;0;0;0;0;586749.314;5998721.638;10.327570225;54.129294395
5106;1;0;3;0;2018;8;13;6;3;1;5;0;0;1;0;1;0;0;0;616582.4544;5974336.2148;10.774559857;53.904327678
5107;1;0;53;115;2018;8;15;6;2;5;2;0;0;1;0;1;0;0;0;601702.04;5926375.442;10.532422502;53.476527121
5108;1;0;51;44;2018;8;10;6;3;2;6;0;0;1;0;0;0;0;0;507063.3303;6005396.1562;9.108266276;54.196554267
5109;1;0;62;25;2018;7;22;3;3;7;7;2;0;0;0;1;0;0;1;602607.7151;5966516.4979;10.55932024;53.837024076
5110;1;0;60;39;2018;9;17;3;3;2;6;0;0;1;0;0;0;0;0;564769.483;5961467.141;9.983353746;53.797741069
5111;1;0;53;2;2018;8;17;1;3;5;3;0;1;1;0;0;0;0;0;610074.6166;5942758.8779;10.664289274;53.622045415
5112;1;0;61;62;2018;7;8;6;2;2;6;0;0;1;0;0;0;0;0;526230.9862;5974771.3245;9.399412546;53.920688014
5113;1;0;1;0;2018;8;13;2;2;2;6;0;0;1;0;0;0;0;1;528092.7789;6070483.4156;9.43678869;54.7807679
5114;1;0;51;108;2018;9;6;6;3;2;2;1;0;1;0;0;0;0;1;499308.6755;6013356.2491;8.989385071;54.268144321
5115;1;0;55;35;2018;7;15;7;3;5;3;0;0;1;0;1;0;0;0;612274.224;5983084.84;10.712231625;53.983876306
5116;1;0;61;102;2018;9;16;3;1;1;6;0;0;0;0;0;1;0;0;527495.3239;5976128.1924;9.418785798;53.932817687
5117;1;0;1;0;2018;8;10;5;3;5;3;0;0;1;0;0;0;0;0;529737.0667;6071718.0801;9.462479898;54.791768425
5118;1;0;1;0;2018;7;18;2;3;0;1;0;0;0;0;0;0;1;0;528020.7308;6070431.8944;9.435663541;54.780308932
5119;1;0;55;17;2018;8;16;3;3;0;7;0;1;0;0;0;0;0;0;633686.5375;6025961.5655;11.057600648;54.363897189
5120;1;0;3;0;2018;7;16;3;3;3;6;0;1;0;0;0;0;1;0;609313.6689;5970312.0815;10.662535526;53.869757535
5121;1;0;62;94;2018;9;6;1;3;8;7;2;0;1;0;0;0;0;0;601720.0272;5965432.1728;10.545476787;53.827456055
5122;1;0;60;41;2018;7;13;2;3;0;7;0;0;0;0;0;0;1;0;583657.1804;5975449.6265;10.273855651;53.920692828
5123;1;0;1;0;2018;9;7;7;3;8;1;1;0;1;0;0;0;0;1;527959.3995;6067862.3817;9.434462554;54.757221408
5124;1;0;3;0;2018;8;12;5;3;4;1;0;0;1;0;0;0;0;1;611126.7018;5971991.1801;10.690705134;53.884457853
5125;1;0;51;49;2018;8;17;4;3;5;3;0;0;1;0;1;0;0;0;510584.938;6015045.768;9.162585638;54.283219756
5126;1;0;3;0;2018;8;20;5;3;5;2;1;1;1;0;0;0;0;0;609950.0038;5969159.2259;10.671795816;53.859265532
5127;1;0;51;81;2018;9;11;3;3;8;1;0;0;1;0;0;0;0;0;498859.2464;6002893.2326;8.982524074;54.174106271
5128;1;0;54;149;2018;7;0;7;3;4;6;2;0;0;0;0;0;1;0;458289.8698;6088194.0285;8.3489417;54.938969557
5129;1;0;57;62;2018;9;14;2;3;0;7;0;0;0;0;1;0;0;0;582959.5734;6008746.9492;10.272352102;54.220001756
5130;1;0;58;30;2018;8;9;7;3;2;6;0;0;1;0;0;0;0;0;539478.2782;6030176.3371;9.608377764;54.417781678
5131;1;0;60;82;2018;7;20;5;3;0;1;0;0;1;0;1;0;0;1;569205.785;5969186.525;10.052432962;53.866541405
5132;1;0;4;0;2018;8;11;7;3;5;3;0;0;1;0;0;0;0;0;564540.1115;5993882.3665;9.9867233;54.089074759
5133;1;0;1;0;2018;9;17;1;3;1;6;0;0;1;0;0;0;0;0;530663.7615;6072417.8478;9.476965615;54.798001049
5134;1;0;62;1;2018;8;7;4;3;2;6;0;0;1;0;0;0;1;1;581259.8714;5947338.5188;10.22994732;53.668464037
5135;1;0;54;91;2018;9;16;6;3;9;7;0;0;0;0;0;0;1;0;492989.621;6039140.2737;8.891751314;54.499826151
5136;1;0;60;49;2018;10;16;5;2;5;7;0;1;1;0;0;0;0;0;586553.7545;5979906.8288;10.319212525;53.960267715
5137;1;0;60;58;2018;7;19;5;3;2;6;0;0;1;0;0;0;0;0;575504.4011;5961855.6275;10.14639701;53.799785266
5138;1;0;54;75;2018;9;19;2;3;0;1;1;0;0;0;1;0;0;1;497255.0169;6059979.8112;8.957419205;54.687152617
5139;1;0;2;0;2018;8;14;3;3;2;2;0;0;1;0;0;0;0;0;571901.0026;6017147.7432;10.104800488;54.297161255
5140;1;0;3;0;2018;8;18;2;2;0;7;0;1;0;0;0;0;0;0;612803.9199;5969751.7335;10.715386395;53.863976489
5141;1;0;3;0;2018;7;12;3;3;5;2;0;1;1;0;0;0;0;0;610649.967;5968277.247;10.682115881;53.851192908
5142;1;0;2;0;2018;9;11;7;3;8;1;0;0;1;0;0;0;0;1;575563.7013;6018067.7541;10.161300154;54.304899584
5143;1;0;60;12;2018;7;9;7;3;2;2;0;0;1;0;0;0;0;0;580887.1116;5989549.8743;10.235430795;54.047835562
5144;1;0;59;75;2018;9;20;4;3;5;3;2;0;1;0;0;0;0;1;535080.7699;6040329.1644;9.541817738;54.509345592
5145;1;0;2;0;2018;8;17;5;3;5;3;0;1;1;0;0;0;0;0;570944.0081;6023080.7983;10.091509363;54.350608279
5146;1;0;2;0;2018;7;13;2;3;5;3;0;1;1;0;0;0;0;0;568584.4934;6020206.0383;10.054552615;54.325098814
5147;1;0;60;44;2018;8;15;3;3;5;2;0;0;1;0;0;0;0;0;564132.1551;5963804.7632;9.974166113;53.818828002
5148;1;0;55;17;2018;7;11;3;2;0;1;0;1;0;0;0;0;0;0;635432.202;6027242.2624;11.085031863;54.374938856
5149;1;0;60;4;2018;9;20;1;3;2;6;2;0;1;0;0;0;0;0;561446.2431;5973287.427;9.93527204;53.904372389
5150;1;0;62;8;2018;7;17;3;3;2;6;0;0;1;0;0;0;0;0;596625.3532;5963799.3436;10.467587055;53.81375672
5151;1;0;58;127;2018;9;16;7;3;8;1;0;0;1;0;0;0;0;1;540055.1693;6028513.7097;9.61704296;54.402794913
5152;1;0;62;4;2018;8;19;5;2;4;1;0;0;1;0;0;0;0;1;594055.8355;5964133.7328;10.428675871;53.817232402
5153;1;0;2;0;2018;8;12;5;3;2;6;0;0;1;0;0;0;0;0;578217.7293;6021081.796;10.202868617;54.331582631
5154;1;0;53;30;2018;8;17;5;2;4;6;0;0;1;0;0;0;0;0;613530.2553;5947804.6069;10.718354179;53.666640629
5155;1;0;59;149;2018;9;15;4;3;2;6;0;0;1;0;0;0;1;0;511323.0351;6065975.2289;9.175878067;54.740912471
5156;1;0;57;3;2018;7;11;7;3;2;6;0;0;1;0;0;0;1;0;584533.8246;6028782.5641;10.302161011;54.399767255
5157;1;0;3;0;2018;9;16;2;3;2;6;0;0;1;0;0;0;0;0;609306.334;5970328.1181;10.662429737;53.869903158
5158;1;0;59;51;2018;8;19;7;3;9;1;0;0;1;0;0;0;0;0;531931.847;6036088.568;9.492726663;54.47144411
5159;1;0;61;44;2018;7;18;6;2;8;7;0;0;0;0;0;1;1;0;541843.0207;5964515.0581;9.635720317;53.827483469
5160;1;0;3;0;2018;8;2;7;3;8;1;2;0;1;0;0;0;1;0;610342.9386;5971260.1199;10.67852329;53.878057146
5161;1;0;62;92;2018;8;16;5;3;0;1;0;0;0;0;1;0;0;0;586151.5948;5966600.368;10.309340378;53.84076683
5162;1;0;2;0;2018;9;12;6;3;6;4;0;1;0;1;0;0;0;0;573287.9196;6019956.528;10.126796051;54.322203143
5163;1;0;56;8;2018;10;8;6;2;2;6;0;0;1;0;0;1;1;0;546331.6811;5959783.7226;9.703199115;53.784579714
5164;1;0;62;76;2018;7;10;5;3;5;3;0;0;1;0;0;0;0;0;570018.9125;5955653.0079;10.061718584;53.744811219
5165;1;0;3;0;2018;9;8;2;3;5;3;0;1;1;0;0;0;0;0;621869.1111;5980366.934;10.85738997;53.957287544
5166;1;0;55;1;2018;8;19;3;3;4;6;0;0;1;0;0;0;0;0;603418.8646;5984530.643;10.577733436;53.998713951
5167;1;0;62;4;2018;8;17;2;2;5;3;0;1;1;0;0;0;0;0;590043.5812;5962455.3961;10.36725973;53.802861733
5168;1;0;55;16;2018;7;23;3;3;0;7;2;0;0;0;1;0;0;1;628964.325;6005191.273;10.976021099;54.178552187
5169;1;0;62;1;2018;9;0;6;2;8;1;2;0;1;0;0;0;0;1;579786.1262;5945386.9426;10.207144987;53.651153317
5170;1;0;55;28;2018;7;20;1;3;0;3;0;0;1;0;1;0;0;0;601378.3085;6008254.1015;10.55456959;54.21226102
5171;1;0;56;22;2018;9;7;5;3;5;3;0;1;1;0;0;0;0;0;552160.0234;5959684.3662;9.791633196;53.783135423
5172;1;0;58;151;2018;8;17;4;3;4;6;0;0;1;0;1;0;1;0;532600.7589;5994451.2102;9.498509313;54.097200552
5173;1;0;60;27;2018;9;15;2;3;2;6;0;0;1;0;0;0;0;0;563521.9767;5980887.5252;9.968442385;53.972422172
5174;1;0;54;163;2018;7;10;6;3;5;3;0;1;1;0;0;0;0;0;470877.98;6061439.289;8.548114703;54.69943394
5175;1;0;57;25;2018;9;1;1;2;0;1;2;1;0;0;0;0;0;0;579905.706;6026133.0404;10.230175771;54.376708138
5176;1;0;54;113;2018;8;12;6;3;5;3;0;0;1;0;0;0;0;0;475664.9313;6017670.0932;8.626000976;54.30633567
5177;1;0;62;6;2018;7;10;4;2;4;6;0;0;1;0;1;0;0;0;582503.5687;5952733.8;10.250202799;53.716752552
5178;1;0;57;24;2018;8;7;6;3;9;3;0;0;1;0;0;0;0;0;571433.203;5998905.756;10.093275515;54.133305287
5179;1;0;56;39;2018;9;2;7;3;9;1;2;0;1;0;0;0;0;1;554528.677;5944738.643;9.824945738;53.648569375
5180;1;0;3;0;2018;7;10;3;3;5;3;0;1;1;0;0;0;0;0;609654.7328;5970525.7416;10.667796683;53.871605176
5181;1;0;54;78;2018;9;16;5;3;5;2;0;1;1;0;0;0;0;0;463881.8919;6096785.2552;8.435140492;55.016606547
5182;1;0;57;8;2018;10;13;4;3;5;2;0;0;1;0;0;0;0;0;570601.9637;5991644.2601;10.078860994;54.068167106
5183;1;0;55;27;2018;7;10;4;3;4;6;0;1;1;0;0;0;0;0;622523.3616;6012478.5381;10.880363235;54.24559011
5184;1;0;58;144;2018;8;11;4;3;2;6;0;0;1;0;0;1;0;0;562931.3324;6001663.4188;9.96375261;54.159198036
5185;1;0;57;12;2018;8;15;1;3;2;6;0;0;1;0;0;0;0;0;581483.9534;6026496.2527;10.25456656;54.379721693
5186;1;0;1;0;2018;8;14;1;3;2;6;0;0;1;0;0;0;0;1;529738.913;6071696.181;9.462506365;54.791571521
5187;1;0;55;28;2018;7;16;3;3;2;6;0;1;1;0;0;0;0;0;603054.137;6005032.599;10.57915254;54.182984195
5188;1;0;55;7;2018;9;20;5;2;4;6;2;0;1;0;0;0;0;0;603612.991;5996135.796;10.584657085;54.102940496
5189;1;0;55;33;2018;9;11;4;3;0;7;0;1;0;0;0;0;0;0;623556.8724;6017529.9897;10.898299429;54.290716811
5190;1;0;55;16;2018;8;16;2;3;2;2;0;0;1;0;0;0;0;0;630489.3418;6007068.8899;11.000186339;54.195031764
5191;1;0;62;8;2018;9;11;1;3;8;1;0;0;1;0;0;0;0;0;596335.5128;5963507.7135;10.463095143;53.811190116
5192;1;0;2;0;2018;7;12;7;3;5;3;0;1;1;0;0;0;0;0;573710.145;6021853.8816;10.13375524;54.339191327
5193;1;0;2;0;2018;9;12;5;3;0;7;0;1;0;0;0;0;0;0;575277.7302;6018940.6549;10.157126224;54.312785362
5194;1;0;57;30;2018;7;12;3;2;4;6;0;1;0;0;0;0;0;0;607000.8574;6020065.2722;10.644969589;54.317227607
5195;1;0;55;46;2018;7;17;3;3;5;3;0;1;1;0;0;0;0;0;635627.9085;6038067.0119;11.092992542;54.472107076
5196;1;0;53;72;2018;9;21;5;3;5;2;2;0;1;0;1;0;0;0;587350.8713;5927445.7362;10.316548039;53.488721952
5197;1;0;62;11;2018;7;2;2;2;3;6;2;0;0;0;0;1;1;0;581593.7214;5941500.1915;10.233467264;53.615946673
5198;1;0;53;53;2018;9;15;3;2;5;3;0;0;1;0;0;0;0;0;590814.2707;5924994.5398;10.368023405;53.466108869
5199;1;0;56;43;2018;10;11;2;3;5;2;0;0;1;0;1;0;0;1;557989.7115;5942161.844;9.876819617;53.625038442
5200;1;0;58;172;2018;7;15;3;3;2;6;0;0;1;0;0;0;0;0;542737.531;6015736.6554;9.656528823;54.287751826
5201;1;0;59;188;2018;9;15;2;2;9;1;0;0;1;0;0;0;0;0;516786.3753;6023738.0817;9.258328411;54.361174529
5202;1;0;57;1;2018;8;15;6;3;0;1;0;1;0;0;0;0;0;0;587204.0545;5999903.6082;10.334868751;54.139837789
5203;1;0;2;0;2018;8;19;6;3;2;6;0;0;1;0;0;0;0;0;572563.1318;6018285.1488;10.115248605;54.307288105
5204;1;0;62;60;2018;8;18;6;3;5;2;0;0;1;0;1;0;0;0;583689.277;5931311.2533;10.262407555;53.524054409
5205;1;0;4;0;2018;7;22;3;3;1;5;2;1;1;0;0;0;0;1;564057.3485;5993033.9317;9.979164238;54.081510613
5206;1;0;59;18;2018;9;14;5;3;8;1;0;0;0;0;1;0;0;0;535459.6933;6037167.1467;9.547290117;54.480902924
5207;1;0;53;90;2018;9;10;3;3;5;3;0;0;1;0;0;0;0;0;612146.2999;5944808.6697;10.69633615;53.640022315
5208;1;0;59;45;2018;8;9;1;2;5;3;0;1;0;0;0;0;0;0;561183.78;6054784.184;9.947936789;54.636757894
5209;1;0;53;100;2018;7;16;6;3;2;6;0;0;1;0;0;0;0;0;616873.6513;5951545.0082;10.770341657;53.69950816
5210;1;0;60;39;2018;8;19;1;1;7;7;0;0;0;0;1;0;0;0;567362.395;5960884.463;10.022586112;53.792175454
5211;1;0;60;88;2018;9;18;6;3;9;1;0;0;0;0;1;0;0;0;574733.0617;5969976.2818;10.136662773;53.872872048
5212;1;0;54;78;2018;10;13;7;2;0;7;0;1;0;0;0;0;0;0;461210.7547;6099048.8063;8.393061205;55.036745486
5213;1;0;54;19;2018;7;1;7;3;5;2;2;1;1;0;0;0;0;0;497875.852;6052003.393;8.967107674;54.61547203
5214;1;0;3;0;2018;9;16;3;3;5;2;0;1;0;0;0;1;0;0;610741.8196;5971491.6886;10.684671784;53.880052627