OBJECTID_1;ULAND;UREGBEZ;UKREIS;UGEMEINDE;UJAHR;UMONAT;USTUNDE;UWOCHENTAG;UKATEGORIE;UART;UTYP1;ULICHTVERH;IstRad;IstPKW;IstFuss;IstKrad;IstGkfz;IstSonstig;STRZUSTAND;LINREFX;LINREFY;XGCSWGS84;YGCSWGS84
5215;1;0;60;63;2018;8;21;4;3;5;3;2;0;1;0;0;0;0;0;567681.658;5953589.1056;10.025832674;53.726571854
5216;1;0;59;132;2018;7;16;2;3;4;6;0;0;1;0;0;0;0;0;516984.0716;6054338.4184;9.263131388;54.636175499
5217;1;0;58;50;2018;8;6;3;2;5;3;0;0;1;0;0;0;1;0;561968.2699;6019366.5838;9.95266389;54.318401457
5218;1;0;58;91;2018;7;20;3;3;9;1;0;0;0;0;1;0;0;0;560742.0446;5999723.1928;9.929839217;54.142025809
5219;1;0;60;87;2018;9;17;7;3;8;1;0;0;1;0;0;0;0;0;585781.0008;5987576.2609;10.309599136;54.029310728
5220;1;0;3;0;2018;7;14;2;3;0;1;0;1;0;0;0;0;0;0;611669.093;5968717.982;10.697761601;53.854934434
5221;1;0;1;0;2018;7;23;1;3;5;3;2;0;1;0;0;0;0;0;527297.7197;6072489.6906;9.424616309;54.798841133
5222;1;0;56;33;2018;9;13;6;3;8;1;0;0;0;0;0;0;1;0;540339.9806;5951308.788;9.611159799;53.708907598
5223;1;0;57;48;2018;8;11;5;3;5;3;0;0;1;0;1;0;0;0;603022.539;6016844.008;10.582724782;54.28910589
5224;1;0;4;0;2018;8;14;5;3;2;6;0;0;1;0;0;0;0;1;562768.0365;5991798.7762;9.959203282;54.070569595
5225;1;0;60;67;2018;9;14;3;2;9;7;0;0;0;0;1;0;0;0;596126.4968;5981773.8593;10.465654423;53.975352785
5226;1;0;51;74;2018;7;15;6;2;5;2;0;0;1;0;1;0;0;0;504166.7169;5994285.6071;9.063713717;54.096727799
5227;1;0;1;0;2018;9;16;2;3;2;6;0;0;1;0;1;0;0;0;530610.7408;6072362.4814;9.476135078;54.797506742
5228;1;0;60;5;2018;8;14;6;3;5;2;0;0;1;0;0;0;0;1;585604.1646;5978526.4972;10.304356267;53.948022549
5229;1;0;55;27;2018;7;18;5;3;8;7;0;0;1;0;0;0;0;0;622888.3975;6010747.6118;10.885252983;54.229954244
5230;1;0;54;132;2018;8;10;7;3;0;1;0;1;0;0;0;0;0;1;502236.3195;6035461.0102;9.034503647;54.466803432
5231;1;0;51;75;2018;9;18;7;2;8;1;0;0;1;0;0;0;0;0;498465.6186;6009662.693;8.976459281;54.234946509
5232;1;0;58;26;2018;8;19;4;2;8;1;0;0;1;0;1;0;0;0;552942.4053;6020030.0017;9.814040058;54.325379045
5233;1;0;51;34;2018;9;10;5;2;5;3;0;0;1;0;0;0;1;0;496649.839;5982237.122;8.94890531;53.98844379
5234;1;0;55;33;2018;10;14;5;3;5;2;0;0;1;0;0;0;0;0;621062.9959;6017145.5512;10.859851013;54.287860295
5235;1;0;3;0;2018;7;15;5;3;2;6;0;0;1;0;0;0;0;0;609452.5247;5968566.2766;10.664023731;53.854043383
5236;1;0;55;4;2018;9;20;1;3;0;1;2;0;0;0;1;0;0;1;611044.2893;5974266.1569;10.690276709;53.904914265
5237;1;0;60;63;2018;8;14;4;3;5;3;0;0;0;0;1;0;1;0;564338.964;5946734.8936;9.973753855;53.665395499
5238;1;0;55;2;2018;8;13;3;3;2;6;0;0;1;0;0;0;0;0;616494.5995;5996816.566;10.781831244;54.106301484
5239;1;0;2;0;2018;8;11;2;3;5;3;0;1;1;0;0;0;0;0;573509.513;6024391.988;10.13129625;54.362026782
5240;1;0;58;139;2018;7;17;3;2;5;3;0;0;1;0;0;0;0;0;567960.2235;6012926.3505;10.043300744;54.259767152
5241;1;0;4;0;2018;9;22;6;3;0;7;2;1;0;0;0;0;0;0;564404.8968;5992183.5082;9.984295074;54.073824958
5242;1;0;61;10;2018;7;13;7;3;8;1;0;0;1;0;0;0;0;0;529362.6936;5975774.7633;9.447193126;53.929538627
5243;1;0;2;0;2018;9;17;5;3;5;3;0;0;1;0;1;0;0;0;575131.812;6021715.269;10.155582464;54.337738425
5244;1;0;56;49;2018;8;10;3;3;5;2;0;1;1;0;0;0;0;0;544475.768;5948147.392;9.673359766;53.680157759
5245;1;0;53;82;2018;9;7;2;3;5;3;0;0;1;0;0;0;0;0;605561.8125;5915225.4468;10.586820459;53.375581035
5246;1;0;53;9;2018;9;5;7;3;9;1;1;0;1;0;0;0;0;0;606836.4009;5954783.4994;10.619489991;53.73075509
5247;1;0;2;0;2018;7;12;4;3;5;2;0;0;1;0;0;0;0;0;575191.8457;6022024.0224;10.156583497;54.340503908
5248;1;0;62;6;2018;8;12;5;3;0;7;0;1;0;0;0;0;0;0;584960.643;5954721.408;10.287971201;53.734219107
5249;1;0;60;63;2018;9;8;6;3;3;2;0;0;1;0;0;1;0;0;567757.9228;5951415.0228;10.026512531;53.70702369
5250;1;0;61;47;2018;7;6;3;2;6;7;0;0;0;1;0;1;1;0;531352.1222;5984413.4573;9.478379279;54.007063577
5251;1;0;60;63;2018;9;14;4;3;5;2;0;1;1;0;0;0;0;1;564761.3032;5947170.496;9.980235683;53.669258161
5252;1;0;60;92;2018;10;5;3;3;0;3;2;0;1;0;1;0;0;1;580307.3159;5978547.8339;10.22367442;53.949063357
5253;1;0;54;13;2018;7;18;4;2;7;7;0;0;0;0;1;0;0;0;519377.7755;6045671.0987;9.299643705;54.558196932
5254;1;0;1;0;2018;9;19;3;3;0;1;1;0;0;0;1;0;0;1;527279.7901;6070150.9951;9.424117415;54.777825445
5255;1;0;55;35;2018;9;20;7;2;8;6;2;0;1;0;0;0;0;0;613635.6606;5982837.3307;10.732891401;53.981355199
5256;1;0;58;107;2018;8;16;3;3;5;3;0;0;1;0;0;0;0;0;570226.9094;6015003.5304;10.07857863;54.278126431
5257;1;0;3;0;2018;8;11;7;3;2;6;0;1;0;0;0;0;0;1;621338.4519;5978882.752;10.84871695;53.944079407
5258;1;0;62;60;2018;8;17;7;3;0;7;0;1;0;0;0;0;0;0;583119.8917;5930098.9529;10.253499303;53.513250443
5259;1;0;58;110;2018;7;16;3;3;9;1;0;0;0;0;1;0;0;0;559439.9356;6032988.1365;9.916523245;54.44110807
5260;1;0;2;0;2018;9;12;4;3;3;6;0;1;1;0;0;0;0;0;574050.6975;6017898.9977;10.138010864;54.303604771
5261;1;0;57;68;2018;8;10;2;3;2;6;0;0;1;0;0;0;1;0;574685.4598;5991290.7086;10.141160045;54.064414359
5262;1;0;53;129;2018;9;20;7;3;2;6;2;0;1;0;1;0;0;1;582618.694;5927404.8595;10.245233157;53.489118851
5263;1;0;54;88;2018;7;12;7;2;5;3;0;0;1;0;0;0;0;0;490715.6424;6070469.9217;8.855644447;54.781346933
5264;1;0;61;22;2018;9;10;4;3;2;6;0;0;1;0;0;0;0;0;534210.97;5971359.9373;9.520535518;53.889561971
5265;1;0;3;0;2018;9;13;6;3;2;6;0;0;1;0;0;0;0;0;609551.0783;5969561.3547;10.665876506;53.862962712
5266;1;0;57;90;2018;7;12;1;3;2;6;0;0;1;0;0;0;0;0;592104.2605;6020771.5574;10.416259571;54.32647796
5267;1;0;62;6;2018;9;17;5;3;2;2;0;0;1;0;0;0;0;0;582845.2037;5953631.7424;10.255618695;53.724767504
5268;1;0;1;0;2018;8;16;4;3;2;6;0;0;1;0;1;0;0;0;529013.0711;6070616.7495;9.451110313;54.78191375
5269;1;0;60;63;2018;9;19;2;1;5;2;1;0;0;0;1;0;1;0;567545.7631;5954936.0798;10.024067498;53.738694567
5270;1;0;55;39;2018;9;8;1;2;3;6;0;0;1;0;0;0;0;0;616203.1225;5995619.5571;10.776915501;54.095614134
5271;1;0;59;187;2018;8;11;6;3;5;3;0;0;1;0;0;0;0;1;553267.455;6052432.632;9.824874529;54.616524502
5272;1;0;3;0;2018;7;17;4;3;0;1;0;1;0;0;0;0;0;0;612384.614;5967321.441;10.708123704;53.842233347
5273;1;0;59;161;2018;8;20;6;3;8;1;1;0;1;0;0;0;0;0;542890.9497;6063792.1902;9.665870132;54.719592958
5274;1;0;56;15;2018;9;12;6;2;5;3;0;0;1;0;0;0;0;1;543500.4676;5955822.5825;9.659673291;53.749222566
5275;1;0;2;0;2018;7;21;3;3;5;3;0;0;1;0;0;0;0;0;577413.6494;6017142.996;10.189484781;54.296313134
5276;1;0;61;64;2018;9;5;4;3;7;7;2;0;1;0;0;0;0;1;545427.9689;5985130.2452;9.693244815;54.012459082
5277;1;0;59;103;2018;10;19;4;3;2;2;2;0;1;0;0;0;0;1;536192.2551;6064495.6442;9.561968268;54.726441
5278;1;0;2;0;2018;7;19;4;3;6;4;0;1;0;1;0;0;0;1;573708.3025;6021811.8714;10.133716518;54.338814104
5279;1;0;59;182;2018;9;23;3;3;9;1;2;0;1;0;0;0;0;1;533673.9;6065010.196;9.522926404;54.731239912
5280;1;0;54;19;2018;9;12;7;3;0;3;0;0;1;0;1;0;0;0;498579.4204;6051460.3078;8.978005026;54.610593794
5281;1;0;62;60;2018;8;10;3;3;0;7;0;1;0;1;0;0;0;0;583087.1595;5929395.3734;10.252819307;53.506932896
5282;1;0;4;0;2018;8;12;1;3;2;6;0;0;1;0;0;0;0;0;562258.2228;5997479.9853;9.952582751;54.121685817
5283;1;0;58;28;2018;8;12;1;2;8;7;0;0;1;0;0;0;0;0;556977.6168;6018892.035;9.875860291;54.314718339
5284;1;0;54;78;2018;7;19;3;3;8;6;0;0;1;0;1;0;0;0;461296.7574;6099068.7957;8.394404104;55.03693181
5285;1;0;58;29;2018;9;9;5;3;8;1;0;0;1;0;0;0;0;1;535486.2531;6007604.1661;9.544178724;54.215218964
5286;1;0;58;43;2018;9;15;4;3;0;7;0;1;0;0;0;0;0;0;553612.4896;6033426.7535;9.826758326;54.445697737
5287;1;0;3;0;2018;8;15;2;3;5;2;0;1;1;0;0;0;0;0;610677.0043;5968316.7905;10.682540962;53.851542416
5288;1;0;60;47;2018;9;10;7;3;2;6;0;0;1;0;0;0;0;0;566175.1648;5962376.7299;10.00488718;53.805738524
5289;1;0;59;183;2018;7;12;7;3;2;6;0;0;1;0;1;0;0;0;522489.807;6069182.2225;9.349574448;54.769356932
5290;1;0;54;76;2018;9;18;5;3;6;4;0;0;1;1;0;0;0;0;498469.4356;6069314.7384;8.976208447;54.77104912
5291;1;0;56;15;2018;8;11;5;3;2;6;0;0;1;0;0;0;0;0;543414.5563;5955818.4344;9.658369981;53.749192447
5292;1;0;61;41;2018;7;8;3;3;9;1;0;0;0;0;0;0;1;0;539473.2896;5966215.7187;9.599937686;53.842953818
5293;1;0;53;19;2018;8;17;4;1;4;6;0;0;1;0;0;0;0;0;603537.1383;5917677.7328;10.557201765;53.398016702
5294;1;0;54;161;2018;7;10;3;3;0;1;0;1;0;0;0;0;0;0;498157.3941;6030529.1878;8.971601549;54.422481498
5295;1;0;58;135;2018;9;17;5;2;5;2;0;0;1;0;1;0;0;0;543266.6859;6016723.7939;9.664799904;54.296578594
5296;1;0;61;97;2018;7;3;1;2;8;1;2;0;0;0;1;0;0;0;531293.8144;5988885.3834;9.477950275;54.047258834
5297;1;0;3;0;2018;9;11;3;3;5;3;0;1;1;0;0;0;0;0;611348.672;5971004.862;10.69372235;53.875549007
5298;1;0;53;116;2018;10;13;2;3;5;3;0;1;1;0;0;0;0;1;599025.4641;5928942.9425;10.49291778;53.500107995
5299;1;0;2;0;2018;7;14;3;3;2;6;0;0;1;0;0;1;0;0;571739.2638;6019155.8386;10.102798074;54.315228317
5300;1;0;60;49;2018;9;22;1;3;8;7;2;0;1;0;0;0;0;0;587740.4714;5980517.389;10.337470158;53.965553993
5301;1;0;1;0;2018;8;10;6;3;5;2;0;1;1;0;0;0;0;0;526315.7613;6069996.7048;9.409116152;54.776490374
5302;1;0;59;177;2018;8;20;6;3;5;3;1;0;1;0;0;0;0;0;508082.375;6079499.077;9.125919057;54.86250972
5303;1;0;58;135;2018;8;14;6;3;5;2;0;1;1;0;0;0;0;0;541599.533;6019051.8789;9.639509876;54.317639306
5304;1;0;54;68;2018;7;11;3;3;0;1;0;0;0;0;1;0;0;0;494855.0801;6071620.3582;8.91998497;54.791745096
5305;1;0;56;22;2018;9;14;4;2;5;3;0;1;1;0;0;0;0;0;554413.8735;5960077.5928;9.825905474;53.786438782
5306;1;0;59;83;2018;7;2;1;3;8;1;2;1;0;0;0;0;0;0;547006.1785;6054500.3684;9.728256488;54.635727348
5307;1;0;3;0;2018;9;9;3;3;5;3;0;0;1;0;0;0;0;0;608148.0329;5969037.3783;10.644366355;53.858549267
5308;1;0;60;49;2018;8;22;7;3;2;6;2;0;1;0;0;0;0;0;586325.3278;5979602.3885;10.315645819;53.957570305
5309;1;0;58;150;2018;7;19;6;3;5;3;0;0;1;0;0;0;0;0;567555.0856;6034963.8106;10.042082521;54.457847174
5310;1;0;58;54;2018;8;17;1;3;5;3;0;0;1;0;0;0;0;0;537772.5728;6017748.6509;9.580516642;54.306224691
5311;1;0;62;45;2018;9;14;6;2;0;1;0;1;0;0;0;0;0;0;590167.3023;5945265.2866;10.36412827;53.648373902
5312;1;0;62;11;2018;10;13;7;3;2;6;0;0;1;0;0;0;0;0;581568.412;5941387.7823;10.233055316;53.614940459
5313;1;0;58;25;2018;7;12;7;3;2;6;0;0;1;0;0;0;0;0;520736.7658;5991322.6444;9.316882616;54.06969684
5314;1;0;2;0;2018;9;14;3;3;0;3;0;0;1;0;0;0;1;0;573920.9629;6020705.4173;10.136712481;54.328841131
5315;1;0;55;12;2018;8;11;4;3;2;2;0;0;1;0;0;0;1;0;602670.1213;5999023.4494;10.571223933;54.129073197
5316;1;0;56;50;2018;7;17;1;3;5;3;0;1;0;0;0;0;0;0;545464.6374;5938288.9731;9.686889147;53.59146698
5317;1;0;57;70;2018;8;10;3;2;4;6;0;0;1;0;0;0;0;0;586907.7964;6009987.2081;10.333247409;54.230491229
5318;1;0;1;0;2018;7;6;3;3;0;1;0;1;0;0;0;0;0;0;527144.6409;6073593.9816;9.422338707;54.808773118
5319;1;0;3;0;2018;9;12;7;3;5;3;0;1;1;0;0;0;0;0;608985.8896;5971577.4401;10.658002424;53.88119488
5320;1;0;55;12;2018;7;11;2;3;5;2;0;0;1;0;0;0;0;0;606404.4201;5998754.2774;10.628252307;54.125895643
5321;1;0;53;90;2018;9;13;6;3;5;3;0;1;1;0;0;0;0;0;610913.7127;5941406.7561;10.676488677;53.609720047
5322;1;0;54;110;2018;8;16;5;3;5;3;0;0;1;0;0;0;0;0;481129.4388;6082718.1576;8.705797935;54.891147421
5323;1;0;57;62;2018;8;19;5;3;4;6;0;0;1;0;0;0;0;1;583224.1904;6010223.2449;10.276818754;54.23322387
5324;1;0;53;27;2018;9;16;3;3;2;2;0;0;1;0;1;0;0;0;601753.9169;5933799.802;10.53561396;53.543228172
5325;1;0;62;82;2018;7;17;6;3;5;3;0;0;1;0;1;0;0;0;592143.882;5941601.986;10.392937248;53.615111796
5326;1;0;61;12;2018;9;13;1;2;5;2;0;0;1;0;1;0;0;0;527860.3333;5962410.7295;9.423099008;53.809507467
5327;1;0;3;0;2018;8;9;6;2;6;2;0;0;1;1;0;0;0;0;607599.1773;5967110.4505;10.635349759;53.841350857
5328;1;0;57;17;2018;7;8;5;3;2;2;0;0;1;0;0;1;0;0;589731.8407;6001871.0074;10.374135862;54.157079937
5329;1;0;61;100;2018;8;14;6;2;0;1;0;1;0;0;0;0;0;1;541670.7513;5987409.5133;9.636225141;54.033260544
5330;1;0;62;4;2018;9;15;7;3;5;2;0;0;1;0;0;0;0;1;589966.0723;5963298.8814;10.36632963;53.810454407
5331;1;0;54;109;2018;8;13;4;2;5;2;0;0;1;0;0;0;0;0;490715.6581;6070474.263;8.855644552;54.781385948
5332;1;0;56;44;2018;9;19;5;3;2;6;0;0;1;0;0;0;0;0;556446.492;5939182.995;9.852948868;53.598434656
5333;1;0;4;0;2018;10;16;5;3;2;6;0;0;1;0;0;0;0;0;564417.033;5992198.3544;9.984483678;54.073956855
5334;1;0;58;68;2018;7;15;5;3;9;1;0;0;1;0;0;0;0;0;534874.1057;6002694.5767;9.534222658;54.171137351
5335;1;0;58;27;2018;9;19;1;3;9;1;2;0;1;0;0;0;0;0;548280.2819;6007317.3215;9.74031227;54.211595521
5336;1;0;3;0;2018;8;10;4;3;2;2;0;0;1;0;0;0;0;0;610425.377;5969413.8005;10.679112072;53.861451814
5337;1;0;3;0;2018;8;10;2;3;0;6;0;0;0;0;0;0;1;0;610350.2363;5967992.4352;10.67745915;53.848697847
5338;1;0;54;57;2018;8;11;2;3;5;3;0;1;1;0;0;0;0;0;510275.8236;6044339.7098;9.158852165;54.546498342
5339;1;0;54;168;2018;7;19;3;3;8;1;0;1;0;0;0;0;0;0;455037.5248;6082305.0953;8.299099643;54.885769882
5340;1;0;59;137;2018;9;17;6;2;2;6;0;0;1;0;0;0;0;0;540579.859;6072461.641;9.631204531;54.797690419
5341;1;0;56;49;2018;7;10;7;3;5;3;0;1;1;0;0;0;0;0;544463.7385;5949161.6227;9.673323053;53.689274457
5342;1;0;2;0;2018;7;13;1;3;6;4;0;0;1;1;0;0;0;0;574752.493;6021096.3044;10.149594389;54.332232373
5343;1;0;54;168;2018;9;14;5;3;8;1;0;0;0;0;1;0;0;0;460897.6443;6081556.166;8.390545874;54.879532568
5344;1;0;3;0;2018;8;13;3;3;5;2;0;0;1;0;0;0;0;0;611237.61;5971694.753;10.69228412;53.88177093
5345;1;0;3;0;2018;9;13;2;3;2;2;0;0;1;0;0;0;0;0;610956.2189;5968284.0276;10.686771794;53.85118849
5346;1;0;2;0;2018;9;21;7;3;8;1;2;0;1;0;0;0;0;0;576873.0278;6017115.7624;10.181172918;54.296150045
5347;1;0;59;183;2018;7;6;4;3;5;2;0;0;1;0;0;0;0;0;521185.4015;6070070.2752;9.329364384;54.777394242
5348;1;0;55;35;2018;8;7;5;3;2;2;0;0;1;0;1;0;0;0;612268.008;5983199.3696;10.712179085;53.984906582
5349;1;0;55;43;2018;9;14;6;3;5;3;0;0;1;0;0;0;0;1;613601.1166;6013766.262;10.743994765;54.259215868
5350;1;0;53;14;2018;7;10;2;3;8;6;0;0;0;0;0;1;0;0;607023.7161;5940216.8956;10.617308044;53.599838276
5351;1;0;3;0;2018;9;17;4;3;5;3;0;0;1;0;1;0;0;0;609033.9584;5971939.0716;10.658862005;53.884433794
5352;1;0;55;7;2018;10;15;3;3;9;1;0;0;1;0;0;0;0;1;597793.5873;5994207.1899;10.495066272;54.086751339
5353;1;0;54;144;2018;7;15;4;3;2;2;0;0;1;0;0;0;0;0;511034.6537;6046896.7828;9.170678666;54.56946289
5354;1;0;51;3;2018;9;13;2;3;5;3;0;0;1;0;1;0;0;0;511383.0403;5977657.2631;9.173436065;53.947165844
5355;1;0;51;44;2018;8;15;6;3;2;6;0;0;1;0;0;0;0;0;507508.8846;6005477.6495;9.115097724;54.197280366
5356;1;0;57;3;2018;8;10;3;3;0;7;0;1;0;0;0;0;0;0;584033.9751;6028284.419;10.294322574;54.395374171
5357;1;0;1;0;2018;8;12;7;3;6;4;0;0;1;1;0;0;0;1;528381.8954;6070601.9337;9.441295343;54.781816696
5358;1;0;58;43;2018;8;10;7;3;2;6;0;0;0;0;1;0;1;0;554377.2424;6035407.4595;9.83891406;54.46341564
5359;1;0;54;12;2018;7;17;3;3;8;1;0;0;1;0;0;0;0;0;504674.5284;6047426.2281;9.072311904;54.574319799
5360;1;0;1;0;2018;9;12;4;3;5;3;0;1;1;0;0;0;0;0;528596.9829;6068899.7813;9.444471804;54.766508117
5361;1;0;1;0;2018;8;18;2;3;0;7;0;1;0;0;0;0;0;0;527509.151;6071433.562;9.4278048;54.789338707
5362;1;0;3;0;2018;8;23;2;3;5;2;2;0;1;0;0;0;0;0;609922.2166;5970248.009;10.671763548;53.869053362
5363;1;0;58;70;2018;9;18;7;3;8;7;0;0;0;0;0;0;1;1;530809.7973;6008362.7754;9.472546402;54.22233929
5364;1;0;61;97;2018;7;11;6;2;6;7;0;0;1;1;0;0;0;0;531482.9688;5988043.6593;9.480751804;54.039682295
5365;1;0;53;90;2018;9;20;4;3;3;6;2;1;0;0;0;0;1;0;612700.4289;5941244.5036;10.703423644;53.607881014
5366;1;0;3;0;2018;8;15;5;3;2;6;0;0;1;0;0;0;0;0;618529.159;5975210.2227;10.804514062;53.911737942
5367;1;0;3;0;2018;7;21;2;3;5;2;0;1;1;0;0;0;0;0;610528.0088;5968865.2507;10.680474407;53.85650166
5368;1;0;54;88;2018;8;7;4;3;9;7;0;0;1;0;0;0;0;0;487469.4831;6069995.9439;8.805193089;54.777016895
5369;1;0;58;50;2018;7;17;3;2;2;6;0;0;1;0;0;0;0;0;559527.9121;6018940.5674;9.915067708;54.314863519
5370;1;0;57;1;2018;10;14;2;3;0;1;0;1;0;0;0;0;0;0;587288.3185;6000676.1323;10.336381747;54.14676481
5371;1;0;54;91;2018;7;19;3;3;4;6;0;1;0;0;0;0;0;0;495860.7919;6039018.9817;8.936087307;54.498767642
5372;1;0;58;107;2018;9;13;1;2;2;6;0;0;1;0;0;0;0;0;568065.2342;6014039.8907;10.045165638;54.269759492
5373;1;0;60;73;2018;8;15;5;3;8;6;0;0;1;0;0;0;1;1;566388.6477;5968106.3917;10.00936572;53.857202515
5374;1;0;3;0;2018;8;21;5;2;5;3;2;1;1;0;0;0;0;1;609187.8975;5970161.2457;10.660569883;53.86842885
5375;1;0;62;23;2018;8;22;6;3;2;6;2;0;1;0;0;0;1;0;586679.2686;5948648.2308;10.312318023;53.679362768
5376;1;0;4;0;2018;9;16;4;3;2;6;0;0;1;0;0;0;0;0;563692.5813;5990678.1709;9.973094202;54.060385782
5377;1;0;62;9;2018;7;17;7;3;2;6;0;0;1;0;0;0;0;1;580877.519;5936084.674;10.221238788;53.567391268
5378;1;0;60;89;2018;9;15;2;3;2;2;0;0;1;0;0;0;0;0;578652.0596;5988601.2925;10.20105627;54.039657495
5379;1;0;2;0;2018;8;12;7;3;2;6;0;0;1;0;0;0;0;0;573880.2927;6019577.0739;10.135807832;54.318708106
5380;1;0;54;70;2018;7;14;6;3;5;3;0;0;1;0;0;0;1;0;504305.937;6026348.244;9.066302935;54.38489119
5381;1;0;56;49;2018;8;23;7;3;5;3;2;0;1;0;0;0;0;0;545239.803;5949196.989;9.685079392;53.689525689
5382;1;0;58;1;2018;8;1;5;3;7;7;2;0;0;0;1;0;0;0;565590.4954;6017852.6457;10.008008037;54.304344625
5383;1;0;55;16;2018;9;14;6;3;9;7;0;1;0;0;0;0;0;0;631672.6645;6007354.6743;11.018437461;54.19729628
5384;1;0;4;0;2018;10;18;6;3;2;6;0;0;1;0;0;0;1;0;563312.2273;5992254.6811;9.967613417;54.074600008
5385;1;0;61;29;2018;7;17;6;3;2;6;0;0;1;0;1;0;0;0;527375.251;5961734.912;9.415672465;53.803458996
5386;1;0;60;63;2018;9;10;2;2;2;6;0;0;1;0;0;0;0;0;568076.1128;5949189.6598;10.030843367;53.686983143
5387;1;0;60;44;2018;8;11;3;3;5;2;0;0;1;0;0;0;0;1;562220.629;5966381.133;9.945655893;53.842213966
5388;1;0;2;0;2018;7;15;1;3;2;6;0;0;1;0;0;0;0;0;577385.4066;6020588.8988;10.189943967;54.327280608
5389;1;0;51;107;2018;8;21;2;3;3;6;1;0;1;0;1;0;0;0;504581.1098;6011119.9038;9.070306339;54.248025068
5390;1;0;61;119;2018;7;16;2;3;5;2;0;0;1;0;0;0;1;0;521987.6174;5978844.8234;9.335094436;53.95749753
5391;1;0;51;11;2018;9;6;6;3;5;3;0;0;1;0;0;0;1;0;510905.3874;5971940.0814;9.165954493;53.895790114
5392;1;0;59;75;2018;7;15;2;2;6;2;0;0;1;1;0;0;0;0;536687.106;6040966.6684;9.566705359;54.514960958
5393;1;0;58;43;2018;9;15;6;3;5;3;0;1;1;0;0;0;0;0;553631.923;6034978.558;9.827339112;54.459640668
5394;1;0;53;30;2018;8;18;4;2;3;6;1;0;1;0;1;1;0;0;613333.0919;5946869.7474;10.71503034;53.658284255
5395;1;0;62;35;2018;8;17;5;3;1;5;0;1;0;0;0;0;1;0;588373.4209;5948541.8307;10.337929446;53.678122925
5396;1;0;51;35;2018;7;14;2;3;2;2;0;1;0;0;0;0;0;0;513159.9442;6005257.7218;9.201708234;54.195189866
5397;1;0;57;32;2018;8;11;4;3;8;1;0;0;1;0;0;0;0;0;585114.9634;5998094.2279;10.302389276;54.123930044
5398;1;0;60;5;2018;7;12;2;3;4;7;0;0;1;0;0;0;0;0;585312.0713;5977835.3379;10.299713775;53.941860243
5399;1;0;1;0;2018;9;12;5;3;2;6;0;0;1;0;0;0;1;0;527348.3628;6072531.3029;9.425407966;54.799212323
5400;1;0;62;91;2018;7;19;1;3;4;6;0;0;1;0;0;0;0;0;591196.1171;5948770.7909;10.380717514;53.679695395
5401;1;0;58;72;2018;9;7;3;3;0;1;0;0;0;0;1;0;0;1;527618.7074;5997352.3577;9.422594639;54.123566094
5402;1;0;4;0;2018;10;14;2;3;2;6;0;0;1;0;0;0;0;1;565253.6311;5991236.3032;9.997060093;54.065206135
5403;1;0;57;25;2018;7;14;3;3;0;1;0;1;0;0;0;0;0;0;577922.2448;6024000.6079;10.199088843;54.35785462
5404;1;0;2;0;2018;9;2;1;3;5;3;2;0;1;0;0;0;0;0;574756.5699;6021104.6554;10.149659166;54.332306815
5405;1;0;62;62;2018;8;6;6;3;3;6;0;0;1;0;0;1;0;0;595358.1634;5962425.88;10.447921862;53.801649587
5406;1;0;60;47;2018;8;8;5;3;1;5;0;0;1;0;0;1;0;0;567470.9927;5962999.5728;10.024697736;53.811169409
5407;1;0;54;168;2018;8;15;6;3;4;6;0;1;0;0;0;0;0;0;455788.0768;6084393.866;8.310478155;54.904606351
5408;1;0;53;116;2018;7;13;2;2;4;6;0;0;1;0;0;1;0;0;600986.1309;5932806.2954;10.52371084;53.534449277
5409;1;0;62;6;2018;9;17;4;3;2;2;0;0;1;0;0;0;0;0;583623.584;5953795.401;10.267457055;53.726113985
5410;1;0;51;13;2018;7;11;7;3;3;6;0;1;1;0;0;0;0;0;491069.6284;5998403.2292;8.863323205;54.133675218
5411;1;0;58;46;2018;9;11;3;3;0;1;0;0;0;0;1;0;0;0;554868.4718;6004827.4085;9.840867431;54.188556622
5412;1;0;3;0;2018;8;15;7;3;2;6;0;1;1;0;0;0;0;0;610213.1123;5969945.497;10.676076902;53.866273825
5413;1;0;57;85;2018;7;16;6;3;5;3;0;1;0;0;0;0;1;0;578962.3645;5996730.5601;10.207912725;54.112658117
5414;1;0;54;68;2018;8;2;1;3;8;1;2;0;1;0;0;0;0;1;492521.5041;6073242.5652;8.883650843;54.806294031
5415;1;0;3;0;2018;9;15;6;3;2;2;0;0;1;0;0;0;0;0;610726.4087;5968043.3414;10.683193071;53.849075148
5416;1;0;62;71;2018;10;15;6;3;2;6;0;0;1;0;0;0;0;0;580176.7187;5941267.3567;10.211991554;53.614073119
5417;1;0;61;89;2018;7;7;6;2;8;1;0;0;1;0;0;0;0;0;548342.125;5984157.863;9.737557245;54.003455485
5418;1;0;54;89;2018;9;17;3;3;0;1;0;1;0;0;0;0;0;0;456977.998;6059335.865;8.332752996;54.679536078
5419;1;0;1;0;2018;8;12;4;3;5;3;0;0;1;0;0;0;0;0;530688.5026;6072449.4189;9.477353784;54.798283247
5420;1;0;62;27;2018;7;7;1;3;2;2;0;0;1;0;0;0;0;0;588555.4747;5952873.9411;10.341922611;53.717020056
5421;1;0;1;0;2018;8;15;3;3;3;6;0;0;1;0;0;0;0;0;529532.9893;6073450.657;9.459482711;54.807350161
5422;1;0;53;136;2018;7;15;2;3;0;1;0;1;0;0;0;0;0;0;619596.5842;5951189.5633;10.811427665;53.695698433
5423;1;0;58;53;2018;9;15;7;3;0;1;0;1;0;0;0;0;0;0;568271.9033;6011093.2609;10.047667072;54.243253451
5424;1;0;57;27;2018;7;16;2;3;5;3;0;0;1;0;0;0;0;0;605267.448;6012748.822;10.61575806;54.251857607