OBJECTID_1;ULAND;UREGBEZ;UKREIS;UGEMEINDE;UJAHR;UMONAT;USTUNDE;UWOCHENTAG;UKATEGORIE;UART;UTYP1;ULICHTVERH;IstRad;IstPKW;IstFuss;IstKrad;IstGkfz;IstSonstig;STRZUSTAND;LINREFX;LINREFY;XGCSWGS84;YGCSWGS84
5425;1;0;3;0;2018;9;18;6;3;2;6;0;0;1;0;0;0;0;1;609269.5632;5970856.3209;10.662058942;53.874656447
5426;1;0;60;2;2018;8;15;4;3;2;2;0;0;1;0;1;0;0;0;559865.686;5959911.574;9.908611081;53.78434833
5427;1;0;61;101;2018;8;6;4;3;8;6;0;0;1;0;1;0;0;0;533753.6678;5960754.4404;9.512412594;53.794271907
5428;1;0;2;0;2018;9;12;3;3;6;4;0;1;0;1;0;0;0;0;571675.7754;6020594.2782;10.102167804;54.328162721
5429;1;0;55;21;2018;7;16;6;3;5;3;0;0;1;0;1;0;0;0;628194.1039;6026708.5718;10.973443814;54.372017704
5430;1;0;56;15;2018;9;13;1;3;5;2;0;1;1;0;0;0;0;0;545157.323;5956555.67;9.684904304;53.755670395
5431;1;0;3;0;2018;8;15;6;3;5;3;0;0;1;0;1;0;0;1;609611.409;5971130.585;10.667354252;53.877048422
5432;1;0;1;0;2018;7;13;5;3;3;6;0;0;1;0;0;1;0;0;531262.4406;6072895.4843;9.486329049;54.802256325
5433;1;0;55;21;2018;8;20;6;3;3;6;1;0;1;0;0;0;0;0;630475.5149;6026016.0149;11.00823695;54.365218259
5434;1;0;58;43;2018;9;11;7;3;0;2;0;0;1;0;1;0;0;1;554788.692;6034332.408;9.845061967;54.453710735
5435;1;0;61;46;2018;8;16;4;3;2;6;0;0;1;0;0;0;0;0;531509.9304;5975476.7159;9.479863542;53.926733658
5436;1;0;62;60;2018;9;11;5;3;2;6;0;0;1;0;0;0;1;0;582989.884;5929944.4228;10.2514983;53.511882295
5437;1;0;4;0;2018;10;10;5;3;0;7;0;1;0;0;0;0;0;0;564068.2816;5992759.3869;9.979273248;54.079042061
5438;1;0;54;168;2018;7;17;5;3;3;6;0;1;0;0;0;0;0;0;454246.5575;6072834.0626;8.288270028;54.800591813
5439;1;0;58;165;2018;8;21;4;3;9;6;1;0;1;0;0;0;0;0;568311.7443;6025871.5033;10.051658812;54.376044565
5440;1;0;2;0;2018;8;7;2;3;5;2;0;0;1;0;0;0;0;1;573467.442;6024217.584;10.130605885;54.360465718
5441;1;0;61;31;2018;8;11;1;3;2;6;0;0;1;0;1;0;0;0;522746.6047;5986937.9423;9.347266015;54.030203737
5442;1;0;62;53;2018;7;17;2;3;1;6;0;0;1;0;0;0;0;0;577538.4339;5933229.9078;10.170122787;53.542240349
5443;1;0;62;23;2018;9;13;6;3;2;6;0;0;1;0;0;0;0;0;585672.95;5946110.3682;10.296386462;53.656723186
5444;1;0;58;112;2018;7;14;7;2;2;6;0;1;0;0;1;0;0;0;568914.3966;6025282.8534;10.060798518;54.370673904
5445;1;0;55;4;2018;9;15;5;3;7;7;0;0;0;0;0;1;0;0;612998.5398;5975670.576;10.720527616;53.917109232
5446;1;0;54;52;2018;8;12;3;3;5;3;0;0;1;0;1;0;0;0;503258.638;6039996.405;9.050326784;54.507558323
5447;1;0;2;0;2018;9;7;2;3;1;6;0;0;1;0;1;0;0;0;573558.9532;6019697.23;10.130898361;54.31983419
5448;1;0;60;5;2018;7;22;3;3;0;7;2;0;0;0;1;0;0;0;583635.5622;5976880.7454;10.273918138;53.933556073
5449;1;0;3;0;2018;8;14;5;3;5;2;0;1;1;0;0;0;0;0;612412.2566;5967100.1765;10.708462688;53.840239492
5450;1;0;3;0;2018;7;9;2;3;2;6;0;0;1;0;0;0;0;0;610988.9681;5971828.1902;10.688551603;53.883023009
5451;1;0;58;150;2018;9;8;6;2;5;3;0;0;1;0;1;0;0;0;572278.6143;6036707.4863;10.115357373;54.472864835
5452;1;0;58;43;2018;7;20;2;3;7;7;0;0;0;0;1;0;0;0;553734.9626;6033668.8579;9.828690694;54.447860425
5453;1;0;58;38;2018;9;8;4;3;8;1;0;0;1;0;0;0;0;1;560267.6648;6003949.925;9.923423772;54.18006523
5454;1;0;2;0;2018;10;6;3;3;5;3;1;0;1;0;0;0;1;1;575896.504;6028561.905;10.169087567;54.399145654
5455;1;0;51;44;2018;7;10;3;2;1;6;0;0;1;0;1;0;0;0;505899.4569;6005523.1069;9.090429016;54.197709961
5456;1;0;55;40;2018;9;7;2;3;5;3;0;0;1;0;0;0;0;0;607697.1056;5975257.7703;10.639699425;53.914529543
5457;1;0;60;5;2018;8;20;6;2;8;1;1;0;0;0;1;0;0;0;588163.0627;5976460.5964;10.34273845;53.929029719
5458;1;0;54;56;2018;8;11;3;3;0;7;0;1;0;0;0;0;0;0;499898.2046;6040587.7693;8.998427656;54.512883465
5459;1;0;51;118;2018;8;11;6;2;5;3;0;0;1;0;0;0;0;0;501687.287;5983562.916;9.025740864;54.000368032
5460;1;0;54;87;2018;8;17;7;3;0;3;0;0;0;0;1;0;1;0;468114.503;6060682.8178;8.505318338;54.692468444
5461;1;0;3;0;2018;7;6;2;3;0;7;0;1;0;0;0;0;0;0;615962.8769;5972848.4608;10.764570513;53.891100963
5462;1;0;53;60;2018;9;16;4;3;3;6;0;0;1;0;0;0;0;0;592837.1049;5935604.8084;10.401628659;53.561099697
5463;1;0;55;11;2018;8;3;2;3;2;6;2;0;1;0;0;1;0;1;623050.241;6012696.8615;10.888533997;54.247424869
5464;1;0;59;19;2018;7;16;7;2;5;3;0;0;1;0;1;0;0;0;532930.5687;6037657.6449;9.50831167;54.485481362
5465;1;0;58;22;2018;8;17;2;2;5;3;0;0;1;0;0;0;0;0;568607.1325;6004528.5967;10.051311037;54.18421804
5466;1;0;57;34;2018;9;18;7;2;5;3;0;0;1;0;0;0;0;1;609089.5391;6007845.6744;10.672614202;54.207008666
5467;1;0;60;5;2018;7;16;6;3;0;7;0;1;0;0;0;0;0;0;586653.0131;5976082.4696;10.319639726;53.925886877
5468;1;0;4;0;2018;9;17;4;3;5;3;0;1;1;0;0;0;0;0;564417.323;5993088.5162;9.984677433;54.081956233
5469;1;0;58;150;2018;8;17;5;3;5;3;0;1;1;0;0;0;0;0;571546.5282;6034477.4863;10.10352334;54.452930753
5470;1;0;58;135;2018;7;16;2;3;5;3;0;1;0;0;0;0;1;0;545852.9255;6017980.6908;9.704727578;54.307648509
5471;1;0;51;11;2018;8;11;3;3;5;3;0;0;1;0;1;0;0;0;505892.577;5973134.2588;9.089694375;53.906604651
5472;1;0;3;0;2018;7;16;2;3;4;6;0;1;0;0;0;0;0;0;609135.903;5971340.039;10.660199004;53.879030456
5473;1;0;61;46;2018;9;2;1;2;8;1;2;0;1;0;0;0;0;0;532371.6671;5973765.9982;9.492805275;53.911305083
5474;1;0;54;24;2018;7;22;3;3;0;1;1;1;0;0;0;0;0;0;502320.5523;6050830.768;9.035924355;54.604932785
5475;1;0;3;0;2018;9;10;7;2;2;3;0;1;1;0;1;0;0;0;610526.064;5968867.5337;10.680445674;53.856522585
5476;1;0;53;46;2018;8;7;5;2;4;6;0;0;1;0;0;0;0;1;616372.149;5935287.21;10.756670998;53.553556225
5477;1;0;58;49;2018;8;11;5;3;2;2;0;0;1;0;0;0;0;0;551568.924;6011933.071;9.791527274;54.252755597
5478;1;0;61;46;2018;8;13;5;3;5;3;0;0;1;0;0;0;0;0;534833.7814;5975904.5154;9.530528824;53.930365669
5479;1;0;57;76;2018;9;12;4;2;5;3;0;1;1;0;0;0;0;0;593506.283;6027330.444;10.439869965;54.385151668
5480;1;0;57;91;2018;7;4;7;1;6;4;2;0;1;1;0;0;0;0;578194.4247;6019450.8574;10.202082897;54.316931486
5481;1;0;55;4;2018;9;17;2;3;5;2;0;1;1;0;0;0;0;0;611481.251;5976208.7388;10.697632654;53.922272824
5482;1;0;59;45;2018;8;15;7;3;0;7;0;1;0;0;0;0;0;0;562080.0854;6054095.974;9.961675401;54.630464374
5483;1;0;54;46;2018;7;19;6;3;3;6;0;1;0;0;0;0;0;0;454114.4251;6068667.6978;8.286873776;54.763140584
5484;1;0;53;68;2018;8;11;7;3;5;3;0;0;1;0;0;0;0;1;601236.6033;5953099.9832;10.534088569;53.716745364
5485;1;0;1;0;2018;8;16;5;3;5;2;0;1;1;0;0;0;0;0;526399.2652;6072475.5195;9.410639955;54.798761875
5486;1;0;58;112;2018;9;11;6;2;5;2;0;0;1;0;0;0;1;0;564964.0102;6024034.1663;9.999728271;54.359972144
5487;1;0;57;7;2018;10;17;6;3;3;6;0;0;1;0;0;0;0;0;606765.1639;6016971.14;10.640242123;54.289479961
5488;1;0;3;0;2018;9;8;2;2;7;7;0;0;0;1;1;0;0;0;610213.0696;5969120.1681;10.675779838;53.858858851
5489;1;0;53;20;2018;8;11;3;3;4;6;0;1;0;0;0;0;1;0;607220.0041;5927419.7469;10.615887118;53.484815515
5490;1;0;56;39;2018;8;7;2;3;2;6;0;0;1;0;0;0;1;0;552397.0009;5946559.7395;9.793006935;53.66515445
5491;1;0;58;53;2018;7;20;2;3;5;2;0;0;1;0;0;0;0;0;568680.418;6011981.166;10.054138193;54.251177547
5492;1;0;60;44;2018;9;8;6;3;5;3;0;1;1;0;0;0;0;0;563508.0005;5965528.5854;9.965042703;53.834396436
5493;1;0;62;92;2018;7;11;1;3;0;7;0;0;0;0;1;0;0;0;588238.5495;5965664.0361;10.340779847;53.832002981
5494;1;0;55;44;2018;9;19;6;2;9;1;0;0;0;0;1;0;0;1;613200.3999;5988907.9074;10.728516424;54.035987649
5495;1;0;3;0;2018;8;7;4;3;4;6;0;0;1;0;0;0;0;0;612717.6729;5964288.2314;10.712071514;53.814910362
5496;1;0;51;44;2018;9;15;2;3;2;6;0;0;1;0;0;0;0;0;505750.3622;6005267.3083;9.08813875;54.195412636
5497;1;0;57;57;2018;7;6;6;3;2;6;0;0;1;0;1;0;0;0;591897.7643;6002295.1564;10.407422787;54.160507915
5498;1;0;55;44;2018;9;12;1;3;3;6;0;1;1;0;0;0;0;0;615759.9544;5986597.2909;10.766699079;54.014662004
5499;1;0;57;52;2018;8;15;6;3;9;7;0;0;1;0;0;0;0;0;594332.8224;6010573.8165;10.447300109;54.234448124
5500;1;0;60;63;2018;7;7;4;3;5;3;0;1;1;0;0;0;0;0;567845.8183;5950690.7034;10.027685266;53.700502877
5501;1;0;2;0;2018;8;7;6;3;5;3;0;0;1;0;1;0;0;1;573070.9207;6019534.9174;10.123357193;54.318445781
5502;1;0;1;0;2018;9;19;7;3;0;3;1;1;1;0;0;0;0;0;530420.2292;6074474.229;9.473393659;54.816495344
5503;1;0;55;17;2018;7;7;3;1;4;1;0;0;1;0;0;1;0;0;633575.6416;6026719.4276;11.056235181;54.370733055
5504;1;0;57;29;2018;9;22;5;3;9;1;2;0;1;0;0;0;0;0;597212.68;6025826.177;10.496430595;54.370942976
5505;1;0;60;53;2018;10;0;4;3;2;6;2;0;1;0;0;0;0;1;582778.3182;5970043.3389;10.259015331;53.872253657
5506;1;0;3;0;2018;7;15;4;3;2;6;0;0;1;0;0;0;0;0;609963.9519;5970199.0052;10.672380419;53.868604258
5507;1;0;59;188;2018;8;19;4;2;8;7;0;0;1;0;0;0;0;0;513975.317;6023507.344;9.215058092;54.359185639
5508;1;0;58;110;2018;8;14;1;3;0;1;0;0;0;0;1;0;0;1;560024.4609;6032813.7311;9.925499594;54.439472153
5509;1;0;4;0;2018;8;14;1;3;2;6;0;0;1;0;0;0;0;0;564548.285;5992019.1725;9.986451094;54.072330212
5510;1;0;57;58;2018;7;21;2;3;4;6;1;0;1;0;0;0;1;0;579619.1909;6009510.8238;10.22133634;54.227395518
5511;1;0;3;0;2018;9;5;5;3;5;3;2;1;1;0;0;0;0;0;609036.775;5967271.4291;10.657246261;53.842497438
5512;1;0;3;0;2018;9;15;4;3;5;3;0;1;1;0;0;0;0;0;612336.537;5971737.2934;10.709009791;53.881916325
5513;1;0;56;36;2018;8;14;2;3;3;6;0;0;1;0;0;0;1;0;544294.5844;5946292.076;9.670352109;53.663497947
5514;1;0;58;174;2018;9;14;1;2;5;3;0;0;1;0;0;0;0;0;560551.6259;6053021.5135;9.937779661;54.620995195
5515;1;0;57;46;2018;9;7;5;2;2;6;0;0;1;0;0;0;1;1;587973.5531;6006622.6664;10.348606707;54.200078545
5516;1;0;2;0;2018;7;7;3;3;5;2;0;1;1;0;0;0;0;0;573337.835;6020361.98;10.127662988;54.32583924
5517;1;0;2;0;2018;7;16;2;3;2;6;0;0;1;0;1;0;0;0;574364.8019;6020098.4444;10.143384776;54.323322614
5518;1;0;59;77;2018;9;9;3;3;5;2;0;0;1;0;0;0;1;0;528021.61;6041042.9937;9.432861674;54.516200024
5519;1;0;4;0;2018;7;5;6;2;5;3;0;0;1;0;0;1;0;0;563247.6117;5988478.7616;9.96583851;54.04067545
5520;1;0;53;15;2018;9;16;1;3;8;1;0;0;0;0;1;0;0;0;610166.4386;5926869.0686;10.660078727;53.479259243
5521;1;0;4;0;2018;8;13;6;3;2;6;0;0;1;0;0;0;0;1;565401.006;5991764.793;9.999425615;54.069936697
5522;1;0;51;75;2018;7;7;4;2;4;1;0;0;1;0;0;0;0;0;502944.666;6007581.4181;9.045157102;54.216234726
5523;1;0;58;135;2018;8;21;6;3;8;1;2;0;1;0;0;0;0;1;540382.167;6020529.85;9.620996574;54.331019426
5524;1;0;1;0;2018;9;15;7;2;6;4;0;0;1;1;0;0;0;1;526600.6888;6071966.9387;9.413726328;54.794180877
5525;1;0;60;5;2018;7;13;3;3;2;6;0;0;1;0;0;0;0;0;587481.8071;5975776.3143;10.332170087;53.922996565
5526;1;0;55;38;2018;9;6;5;3;7;7;0;0;1;0;0;0;0;0;618284.3616;6002611.5968;10.811461831;54.157951272
5527;1;0;1;0;2018;10;15;5;3;3;6;0;0;1;0;0;0;0;0;527974.1718;6070282.4881;9.434925265;54.778968891
5528;1;0;51;44;2018;7;12;4;3;2;6;0;0;1;0;0;0;0;0;505912.885;6005288.4201;9.090630232;54.195600533
5529;1;0;2;0;2018;8;17;4;3;5;2;0;1;1;0;0;0;0;0;574017.3413;6019705.5647;10.137946171;54.319842831
5530;1;0;53;37;2018;8;21;2;3;2;6;2;0;1;0;0;1;0;1;612808.7053;5934385.684;10.702581074;53.546234116
5531;1;0;62;60;2018;8;0;1;3;1;5;2;0;1;0;0;0;1;0;585398.769;5935425.446;10.289310324;53.560750915
5532;1;0;55;33;2018;7;21;2;3;1;6;1;0;1;0;0;0;0;0;622654.5;6015681.4068;10.883685988;54.274329019
5533;1;0;56;47;2018;9;9;5;3;5;3;0;1;1;0;0;0;0;0;556974.3031;5949568.0636;9.862826619;53.691712673
5534;1;0;57;70;2018;7;19;7;2;0;1;0;0;0;0;1;0;0;0;585858.6384;6008551.264;10.316746386;54.217765918
5535;1;0;53;20;2018;9;9;4;3;4;6;0;1;0;0;0;0;0;0;607408.9235;5926635.1254;10.618464636;53.477727084
5536;1;0;61;46;2018;8;9;2;3;3;6;0;0;1;0;1;0;0;1;531666.9857;5976211.4593;9.482331375;53.933327735
5537;1;0;56;36;2018;9;14;1;3;5;2;0;0;1;0;1;0;0;0;544728.753;5947711.965;9.677126877;53.676222647
5538;1;0;4;0;2018;7;19;3;3;5;3;0;0;1;0;0;0;0;0;564608.6178;5992603.9442;9.987497691;54.077577682
5539;1;0;60;64;2018;7;19;2;3;2;6;0;0;1;0;0;0;0;0;561675.0732;5967326.1281;9.937555282;53.850771639
5540;1;0;1;0;2018;9;16;6;3;0;7;0;1;0;0;0;0;0;1;528774.5978;6071567.7115;9.447496882;54.790473265
5541;1;0;1;0;2018;7;6;2;3;0;1;0;0;0;0;1;0;0;0;525627.1226;6068096.5622;9.398242857;54.759450275
5542;1;0;3;0;2018;9;7;4;2;3;6;0;0;1;0;0;0;0;0;607255.7003;5969850.4171;10.631088886;53.866039094
5543;1;0;54;42;2018;10;6;3;3;4;6;2;0;1;0;0;0;0;1;501667.3962;6042138.8984;9.02576358;54.526820942
5544;1;0;62;60;2018;7;13;3;3;4;6;0;0;1;0;0;1;0;0;586308.9711;5935742.7458;10.303135886;53.563453365
5545;1;0;55;16;2018;9;20;2;3;5;3;1;0;1;0;0;0;0;0;629545.9791;6006658.4204;10.985558997;54.191583968
5546;1;0;62;90;2018;8;6;6;3;5;3;0;1;1;0;0;0;0;0;576658.682;5949281.706;10.160800079;53.686621526
5547;1;0;56;48;2018;8;8;2;3;2;2;0;0;1;0;0;0;0;1;547580.44;5950279.228;9.720687444;53.699044545
5548;1;0;56;17;2018;8;20;6;2;5;2;0;0;1;0;0;0;0;0;548063.8803;5964468.1579;9.730218495;53.826523939
5549;1;0;51;13;2018;8;9;6;3;5;3;0;0;1;0;0;0;0;0;490786.519;5998580.039;8.858984914;54.135259332
5550;1;0;62;25;2018;7;17;2;3;3;6;0;0;1;0;1;0;0;0;603537.767;5966981.012;10.573604813;53.841013144
5551;1;0;60;11;2018;9;16;3;3;5;3;0;1;1;0;0;0;0;0;566655.528;5985750.743;10.017272566;54.01573106
5552;1;0;56;44;2018;8;21;1;3;3;2;2;0;1;0;0;0;1;0;555732.4847;5939320.0382;9.84218547;53.599742749
5553;1;0;51;81;2018;7;12;6;3;7;7;0;0;1;0;0;0;1;0;501357.1922;6004054.9581;9.020796924;54.184546923
5554;1;0;59;183;2018;8;20;2;3;6;4;1;0;1;1;0;0;0;1;520615.3581;6069956.4635;9.320494126;54.776395194
5555;1;0;54;168;2018;9;13;7;3;4;6;0;0;1;0;0;0;0;0;454883.2608;6082049.9919;8.296735017;54.883463649
5556;1;0;56;41;2018;7;15;6;2;5;3;0;1;1;0;0;0;0;0;560504.6499;5956027.6957;9.917546185;53.749369603
5557;1;0;57;80;2018;9;17;4;2;2;6;0;0;1;0;0;0;0;0;579524.3777;5997150.3399;10.21661835;54.116343564
5558;1;0;59;103;2018;8;12;5;3;2;2;0;0;1;0;0;0;0;0;536193.8724;6064492.9986;9.56199305;54.726417109
5559;1;0;54;132;2018;7;17;2;3;5;2;0;0;1;0;0;0;0;0;503030.1316;6033756.8744;9.046733733;54.451483863
5560;1;0;56;15;2018;8;5;3;2;5;3;0;1;1;0;0;0;0;0;544666.4133;5955811.6328;9.67735163;53.749025548
5561;1;0;51;118;2018;7;21;1;2;8;1;1;0;1;0;0;0;0;0;501578.117;5983040.054;9.024072681;53.995668935
5562;1;0;2;0;2018;9;17;1;3;2;6;0;0;1;0;1;0;0;0;574448.6464;6017705.6918;10.144077026;54.301809946
5563;1;0;58;38;2018;7;17;3;1;2;6;0;0;1;0;0;1;0;0;560449.4085;6005044.208;9.926427884;54.189877586
5564;1;0;54;95;2018;9;14;7;2;8;7;0;0;1;0;0;0;0;1;497261.2323;6020760.3182;8.957879777;54.334681246
5565;1;0;55;4;2018;8;11;5;3;5;3;0;1;1;0;0;0;0;1;611048.1803;5974281.547;10.690341491;53.905051698
5566;1;0;59;186;2018;8;12;5;2;4;6;0;0;1;0;0;0;0;0;546832.7806;6069654.4714;9.728004981;54.771920347
5567;1;0;62;69;2018;8;18;5;1;1;5;0;1;1;0;0;0;0;0;585170.2675;5942868.1874;10.28789409;53.627670455
5568;1;0;55;44;2018;9;7;4;3;0;6;0;0;1;0;0;1;0;0;613301.1254;5986476.4706;10.729147099;54.01412204
5569;1;0;54;17;2018;7;18;7;3;5;3;0;0;1;0;0;0;0;1;493246.0184;6077570.9029;8.894821646;54.845201636
5570;1;0;58;116;2018;9;6;2;2;8;1;1;0;1;0;0;0;0;1;564675.3144;6035230.4712;9.997726032;54.460618189
5571;1;0;54;140;2018;8;13;7;3;8;7;0;1;0;0;0;0;0;0;479771.792;6022289.041;8.68880385;54.348026669
5572;1;0;51;48;2018;7;17;5;3;2;6;0;0;1;0;0;0;0;0;505668.9444;6001718.6849;9.086823986;54.163519803
5573;1;0;55;21;2018;8;22;7;3;5;3;2;0;1;0;0;0;0;0;628103.0481;6026504.394;10.971955099;54.37020667
5574;1;0;2;0;2018;9;17;1;3;5;3;1;0;1;0;0;0;0;1;574046.1942;6020683.8109;10.138632429;54.328628829
5575;1;0;60;12;2018;8;15;4;3;8;1;0;0;1;0;0;0;0;0;580590.6985;5990340.9667;10.231114835;54.054990544
5576;1;0;54;160;2018;9;13;6;3;0;2;0;1;0;0;0;0;0;0;460711.083;6053443.1445;8.391438998;54.626886505
5577;1;0;3;0;2018;10;14;6;3;2;6;0;0;1;0;0;0;0;0;609574.2827;5972191.6354;10.667169075;53.886589046
5578;1;0;56;48;2018;7;13;5;3;2;6;0;0;1;0;0;0;0;0;548379.5565;5950929.5067;9.732891892;53.704815588
5579;1;0;58;86;2018;9;15;2;3;5;3;0;0;1;0;0;1;0;0;543582.097;6009848.658;9.668645211;54.234765596
5580;1;0;2;0;2018;7;15;6;3;2;6;0;0;1;0;1;0;0;0;574096.4425;6018607.126;10.138889385;54.309961152
5581;1;0;4;0;2018;8;5;3;2;5;3;2;1;1;0;0;0;0;1;565317.8867;5991433.3307;9.998084199;54.066968572
5582;1;0;55;38;2018;8;10;2;3;3;2;0;0;1;0;0;0;1;0;615156.322;6005504.5989;10.764689141;54.184651151
5583;1;0;61;26;2018;7;10;1;3;0;1;0;1;0;0;0;0;0;0;533751.3321;5963529.4269;9.512681342;53.819213217
5584;1;0;55;33;2018;9;0;6;2;6;4;2;0;1;1;0;0;0;1;623891.6766;6017678.3148;10.903501607;54.291968098
5585;1;0;58;81;2018;7;13;1;2;2;6;0;0;1;0;0;0;0;0;545952.4546;6025967.3999;9.707488664;54.379413857
5586;1;0;62;4;2018;9;10;5;3;5;3;0;1;1;0;0;0;0;0;590837.863;5963412.719;10.379599045;53.81132578
5587;1;0;2;0;2018;8;18;4;3;5;2;1;0;1;0;0;0;0;0;577405.4009;6020762.0867;10.190296283;54.328833753
5588;1;0;62;76;2018;9;16;2;3;5;3;0;0;1;0;0;0;0;0;573066.9597;5953306.1809;10.107373272;53.723302868
5589;1;0;54;73;2018;7;16;6;2;5;3;0;0;1;0;0;0;0;0;502267.4517;6080480.6504;9.035333435;54.871390877
5590;1;0;59;26;2018;9;11;1;3;2;2;0;0;1;0;0;0;0;0;539255.9253;6038991.8674;9.606120771;54.497021664
5591;1;0;59;75;2018;8;19;6;3;2;6;0;0;1;0;1;0;0;0;534997.2448;6040090.3862;9.540499442;54.507205523
5592;1;0;3;0;2018;7;17;4;3;0;2;0;1;1;0;0;0;0;0;610343.5363;5971232.1367;10.678522307;53.877805611
5593;1;0;54;38;2018;8;16;6;3;2;6;0;0;1;0;0;0;0;0;507735.874;6058857.3057;9.119970738;54.677012872
5594;1;0;56;48;2018;9;16;7;3;9;1;0;0;1;0;0;0;0;1;550040.2622;5952213.5659;9.758254684;53.716199628
5595;1;0;58;27;2018;7;15;3;3;4;6;0;0;1;0;0;1;0;0;551901.1389;6005505.2529;9.795514564;54.194957058
5596;1;0;54;168;2018;9;14;5;3;5;2;0;1;1;0;0;0;0;0;455715.686;6084296.6302;8.309364207;54.903726188
5597;1;0;57;85;2018;10;1;4;3;0;5;2;0;1;0;0;0;0;1;579066.1282;5996442.2879;10.209424236;54.110051838
5598;1;0;2;0;2018;7;17;4;3;0;1;0;1;0;0;0;0;0;1;573383.439;6020636.61;10.128431613;54.328300423
5599;1;0;2;0;2018;9;15;3;3;5;3;0;1;1;0;0;0;0;1;574142.3269;6021091.4602;10.140211704;54.332277863
5600;1;0;62;56;2018;8;22;4;3;3;6;2;0;1;0;0;0;0;0;590840.7558;5957559.2392;10.377918258;53.758728033
5601;1;0;59;51;2018;8;11;1;3;3;6;0;1;0;0;0;0;0;0;531443.8057;6032220.6049;9.484785322;54.436713522
5602;1;0;54;138;2018;8;19;1;2;2;6;0;0;1;0;1;0;0;0;491667.1284;6021116.4722;8.871836797;54.337821447
5603;1;0;60;9;2018;7;9;1;3;0;7;0;1;0;0;0;0;0;0;563949.3566;5976626.4081;9.974064175;53.934076165
5604;1;0;3;0;2018;9;18;5;3;0;7;0;1;0;0;0;0;0;0;614326.3064;5968428.8599;10.738032663;53.851758766
5605;1;0;2;0;2018;9;14;4;3;0;7;0;0;0;0;0;0;1;0;572257.433;6019223.5688;10.110778274;54.31576386
5606;1;0;55;42;2018;8;15;2;3;5;3;0;0;1;0;0;0;0;0;616429.9108;5984126.8862;10.775973071;53.992318254
5607;1;0;62;92;2018;9;12;1;3;2;6;0;0;1;0;0;0;0;0;587033.6368;5964595.7588;10.322174329;53.822606854
5608;1;0;60;45;2018;7;19;6;2;8;6;0;0;1;0;1;0;0;0;567471.4726;5967697.4856;10.025736116;53.85338822
5609;1;0;1;0;2018;9;20;5;3;6;2;2;0;1;1;0;0;0;1;527422.5419;6072556.9784;9.426564228;54.799439005
5610;1;0;62;4;2018;8;12;6;3;3;6;0;0;1;0;0;0;1;0;592506.0873;5959364.5817;10.403711664;53.774657098
5611;1;0;59;183;2018;7;10;3;3;2;6;0;0;1;0;0;0;0;0;521049.6539;6070088.5373;9.327255312;54.777564067
5612;1;0;60;67;2018;7;13;1;3;0;7;0;0;0;0;1;0;0;0;597380.2485;5977139.6518;10.48328473;53.933479948
5613;1;0;62;20;2018;9;16;5;3;0;1;0;1;0;0;0;0;0;0;591091.9527;5937344.153;10.375796533;53.577035187
5614;1;0;56;15;2018;7;13;2;3;7;7;0;0;0;0;0;0;1;0;547068.8707;5955092.6726;9.713671574;53.742352418
5615;1;0;53;32;2018;9;14;3;3;5;3;0;1;1;0;0;0;0;0;590329.4022;5923050.2378;10.360163081;53.448720365
5616;1;0;56;15;2018;10;17;2;3;5;3;0;0;1;0;0;0;0;0;543515.0564;5957027.2159;9.660064234;53.76004822
5617;1;0;4;0;2018;7;16;3;3;5;2;0;0;1;0;1;0;0;0;564975.648;5993012.207;9.993194155;54.081200343
5618;1;0;51;6;2018;9;16;1;3;8;1;0;0;1;0;0;0;0;0;505030.5037;5985111.8192;9.076769796;54.014267675
5619;1;0;57;66;2018;8;17;6;3;2;6;0;0;1;0;0;0;0;0;588088.8331;6015605.5545;10.353011832;54.280770482
5620;1;0;57;70;2018;8;11;6;3;2;6;0;0;1;0;0;0;0;0;587990.241;6008162.0492;10.349313173;54.21390721
5621;1;0;55;7;2018;8;18;6;3;0;7;0;0;0;0;1;0;0;0;598145.5087;5992822.7905;10.499995749;54.07424595
5622;1;0;60;44;2018;7;16;1;3;0;3;0;0;1;0;1;0;0;0;563191.641;5965939.598;9.960320681;53.838128732
5623;1;0;56;39;2018;9;8;5;2;2;6;0;0;1;0;1;0;0;0;553615.5394;5946846.3865;9.811496496;53.667607162
5624;1;0;2;0;2018;7;9;1;3;2;6;0;0;1;0;0;0;0;0;573763.718;6018195.741;10.133674796;54.306312737
5625;1;0;3;0;2018;9;18;3;3;2;6;0;0;1;0;0;0;0;0;610966.6402;5966910.7328;10.686434083;53.838848235
5626;1;0;61;22;2018;8;6;1;3;8;1;0;0;1;0;0;0;0;0;535251.0274;5971171.1579;9.536337991;53.887795626
5627;1;0;53;136;2018;7;13;6;3;5;3;0;0;1;0;0;0;0;0;619598.7323;5951192.4594;10.8114613;53.695723959
5628;1;0;62;58;2018;8;14;1;2;0;1;0;1;0;0;0;0;0;0;587051.808;5938514.383;10.315121178;53.588237129
5629;1;0;60;88;2018;9;7;6;3;1;5;0;0;0;0;0;0;1;0;577303.8253;5972231.8259;10.17632314;53.892764225
5630;1;0;61;11;2018;10;11;7;3;2;6;0;0;1;0;0;0;0;0;524013.9033;5990062.963;9.366860352;54.058232953
5631;1;0;53;2;2018;7;16;6;3;0;3;0;0;1;0;1;0;0;0;610096.695;5942755.0559;10.664621586;53.622006434
5632;1;0;3;0;2018;9;16;3;3;2;6;0;0;1;0;0;0;0;0;608930.8554;5966997.9409;10.655540178;53.840062529
5633;1;0;56;48;2018;8;16;4;3;2;6;0;0;1;0;0;0;0;0;549862.8968;5952278.3244;9.755577774;53.716798625
5634;1;0;3;0;2018;7;14;2;3;2;6;0;0;1;0;0;0;0;0;609761.3846;5972732.3805;10.670208214;53.891407683