OBJECTID_1;ULAND;UREGBEZ;UKREIS;UGEMEINDE;UJAHR;UMONAT;USTUNDE;UWOCHENTAG;UKATEGORIE;UART;UTYP1;ULICHTVERH;IstRad;IstPKW;IstFuss;IstKrad;IstGkfz;IstSonstig;STRZUSTAND;LINREFX;LINREFY;XGCSWGS84;YGCSWGS84
5635;1;0;4;0;2018;8;18;3;3;0;1;0;0;0;0;1;0;0;0;562778.1465;5989706.5731;9.95892454;54.051766644
5636;1;0;62;6;2018;7;15;1;3;1;5;0;0;1;0;1;0;0;0;585009.8629;5954705.0595;10.288712655;53.734064179
5637;1;0;62;69;2018;9;7;7;3;5;3;0;0;1;0;0;0;1;0;585007.8889;5944397.9259;10.285857366;53.641443385
5638;1;0;55;40;2018;7;12;2;3;1;5;0;0;1;0;0;0;0;0;608326.0695;5972218.0255;10.648195593;53.887088328
5639;1;0;56;49;2018;9;12;6;3;5;3;0;1;1;0;0;0;0;0;544471.854;5948148.8155;9.673300717;53.680170887
5640;1;0;59;126;2018;8;18;5;3;4;6;0;1;0;0;0;0;0;0;533745.0653;6069468.8;9.524549143;54.771302008
5641;1;0;4;0;2018;8;9;5;3;0;1;0;1;0;0;0;0;0;1;564826.321;5995736.931;9.991495712;54.105704705
5642;1;0;60;39;2018;9;18;3;3;0;1;0;0;0;0;1;0;0;0;566328.548;5960498.905;10.006811641;53.788843289
5643;1;0;60;5;2018;7;12;6;3;5;3;0;0;1;0;1;0;0;0;584774.23;5977421.75;10.291407369;53.93823222
5644;1;0;51;97;2018;9;16;5;2;5;3;0;1;1;0;0;0;0;0;508061.4588;5983059.5762;9.122970288;53.995783909
5645;1;0;54;92;2018;7;15;2;1;8;1;0;0;1;0;0;0;0;0;508556.488;6047977.4584;9.132379203;54.579222944
5646;1;0;60;54;2018;9;19;3;2;8;1;1;0;1;0;0;0;0;1;556620.5025;5970806.1961;9.861370386;53.882623039
5647;1;0;56;5;2018;10;17;3;3;2;6;0;0;1;0;0;0;0;1;561631.7762;5945932.8656;9.932628206;53.658513607
5648;1;0;55;32;2018;7;10;3;3;5;3;0;1;1;0;0;0;0;0;617527.635;5996305.3031;10.797424694;54.101473728
5649;1;0;59;185;2018;9;4;2;3;5;3;2;1;0;0;0;0;1;1;538482.9868;6060830.7571;9.597051072;54.693336929
5650;1;0;58;108;2018;8;11;6;3;2;1;0;0;1;0;0;0;0;0;566198.8036;6000583.4941;10.013546244;54.149082723
5651;1;0;3;0;2018;8;11;6;3;5;2;0;1;1;0;0;0;0;1;610034.8668;5970105.8094;10.673424989;53.867751932
5652;1;0;60;9;2018;8;10;6;3;2;2;0;0;1;0;0;0;0;0;560980.2779;5976384.4741;9.928798173;53.932260144
5653;1;0;62;50;2018;7;9;1;3;2;6;0;0;1;0;0;0;0;0;585565.3025;5960646.4626;10.298777052;53.787362621
5654;1;0;60;94;2018;9;19;3;3;2;6;0;1;0;0;1;0;0;0;571400.3852;5960093.763;10.083689405;53.78453143
5655;1;0;62;4;2018;8;0;1;3;8;1;2;1;0;0;0;0;0;0;589429.4513;5962910.81;10.358069678;53.807059866
5656;1;0;60;5;2018;7;15;6;3;2;6;0;0;1;0;0;0;0;0;584797.4675;5977094.9549;10.291670546;53.935291923
5657;1;0;57;69;2018;8;14;2;3;2;6;0;0;1;0;0;0;0;1;579308.598;5995337.187;10.212842381;54.100084363
5658;1;0;56;44;2018;9;21;6;3;6;2;2;0;1;1;0;0;0;0;556181.7636;5939233.7212;9.848958248;53.598919003
5659;1;0;62;4;2018;9;9;3;2;5;2;0;1;1;0;0;0;0;0;590841.5172;5963402.4089;10.379651483;53.8112325
5660;1;0;55;4;2018;8;12;5;3;2;6;0;0;1;0;0;1;0;0;613102.2863;5975789.8094;10.722150576;53.918157786
5661;1;0;54;168;2018;7;13;2;3;5;2;0;1;1;0;0;0;0;0;455754.3344;6084343.3497;8.309959719;54.904149429
5662;1;0;3;0;2018;8;15;3;3;5;3;0;0;1;0;0;0;0;0;612667.4103;5969724.8;10.713301655;53.863764161
5663;1;0;62;1;2018;7;17;1;2;8;1;0;1;0;1;0;0;0;0;581972.3823;5949881.1039;10.241400857;53.691201213
5664;1;0;51;44;2018;9;20;7;3;7;7;2;0;1;0;0;0;0;0;510027.0479;6005543.7538;9.153698718;54.197831428
5665;1;0;53;115;2018;7;17;2;3;2;6;0;0;1;0;0;0;0;0;601698.2571;5926382.4015;10.532367778;53.476590386
5666;1;0;51;108;2018;9;11;6;1;5;2;0;1;1;0;0;0;0;1;497917.7302;6012044.2782;8.968036951;54.256349183
5667;1;0;58;78;2018;8;6;5;3;8;1;2;0;1;0;0;0;0;1;535529.6105;6017974.1939;9.546073768;54.308412606
5668;1;0;51;11;2018;8;12;4;3;5;3;0;0;1;0;1;0;0;0;510377.7928;5972022.7288;9.157928572;53.896543781
5669;1;0;3;0;2018;8;9;5;3;5;3;0;0;1;0;0;0;0;0;610607.2249;5968213.7183;10.681443536;53.850631254
5670;1;0;56;36;2018;9;18;3;3;4;6;1;1;1;0;0;0;0;0;540178.299;5947480.494;9.608214306;53.674511841
5671;1;0;58;153;2018;7;16;7;3;8;7;0;0;1;0;0;0;0;1;563664.3853;6006475.8973;9.975994975;54.202354258
5672;1;0;54;138;2018;9;14;2;3;7;1;0;1;0;0;0;0;0;0;489941.7959;6013378.4448;8.845561053;54.268245374
5673;1;0;60;63;2018;8;13;6;3;2;6;0;0;1;0;0;0;0;1;570312.5239;5951411.073;10.065205862;53.70665039
5674;1;0;62;5;2018;7;3;5;3;6;4;2;0;1;1;0;0;0;0;576191.7012;5957362.5074;10.155720036;53.759308022
5675;1;0;58;30;2018;8;12;7;1;4;1;0;0;1;0;1;0;0;1;541932.7162;6031069.8645;9.646325482;54.425615145
5676;1;0;60;27;2018;9;15;1;2;8;7;0;0;1;0;0;0;0;0;561711.8744;5982501.7425;9.941177072;53.987147929
5677;1;0;3;0;2018;8;14;4;3;2;6;0;0;1;0;0;0;0;0;612985.2317;5969785.5168;10.718154641;53.864240571
5678;1;0;51;74;2018;9;15;5;3;5;3;0;1;0;0;0;0;0;0;504494.4952;5993482.6284;9.06871388;54.089508053
5679;1;0;62;92;2018;10;8;5;2;9;7;0;0;0;0;1;0;0;1;583358.0352;5965462.351;10.266586566;53.830996375
5680;1;0;62;18;2018;7;13;5;3;1;6;0;0;1;0;1;0;0;0;580261.7245;5933031.479;10.211158803;53.540048042
5681;1;0;59;75;2018;9;13;2;3;0;7;0;0;1;0;1;0;0;0;534842.97;6039318.753;9.538025824;54.500281663
5682;1;0;56;14;2018;8;17;4;3;0;3;0;0;1;0;1;0;0;0;551859.4842;5954932.5971;9.786274178;53.740459263
5683;1;0;59;83;2018;8;9;3;3;6;4;0;0;1;1;0;0;0;0;549906.729;6054483.372;9.773186776;54.635296097
5684;1;0;3;0;2018;8;16;2;3;5;2;0;0;1;0;1;0;0;0;612430.083;5969678.1985;10.709677384;53.86339694
5685;1;0;53;32;2018;7;10;1;3;3;6;0;0;1;0;0;0;1;0;592182.1088;5921870.4126;10.387706307;53.437797503
5686;1;0;53;41;2018;9;17;6;3;6;7;1;0;1;1;0;0;0;0;615255.41;5963088.909;10.750148686;53.803579423
5687;1;0;1;0;2018;7;0;1;3;5;3;2;0;1;0;0;0;0;0;527938.318;6071419.951;9.434477408;54.78919268
5688;1;0;3;0;2018;9;5;5;3;2;2;2;0;1;0;0;0;0;0;610648.3084;5968282.9733;10.682092742;53.851244708
5689;1;0;56;15;2018;8;14;3;3;5;3;0;1;1;0;0;0;0;0;545580.4534;5955749.6013;9.6912025;53.748388906
5690;1;0;62;60;2018;9;11;2;3;6;4;0;0;1;1;0;0;0;0;583005.0035;5929752.1318;10.25167532;53.510151883
5691;1;0;60;36;2018;9;1;7;3;6;4;2;1;0;1;0;0;0;0;568073.8307;5973984.9567;10.036288274;53.90981276
5692;1;0;4;0;2018;7;17;4;3;8;1;0;0;1;0;0;0;0;0;563588.5737;5995051.2246;9.972423665;54.099697083
5693;1;0;53;7;2018;8;14;6;3;2;6;0;0;1;0;0;0;0;0;600794.4703;5936580.774;10.522036875;53.568401367
5694;1;0;60;39;2018;9;9;6;3;0;7;0;0;0;0;0;0;1;0;565736.3869;5960590.4113;9.997844158;53.789740766
5695;1;0;1;0;2018;7;15;3;3;5;3;0;1;1;0;0;0;0;0;528685.2208;6069807.8082;9.445932929;54.77466306
5696;1;0;51;74;2018;9;21;4;3;5;3;2;0;1;0;1;0;0;0;504278.0601;5994147.1352;9.065414319;54.095482333
5697;1;0;56;15;2018;10;15;3;3;6;4;0;0;1;1;0;0;0;1;543046.6828;5956413.7565;9.652874639;53.754573537
5698;1;0;2;0;2018;7;12;4;3;2;6;0;0;1;0;0;0;0;0;575638.7211;6028862.4933;10.165194222;54.401884946
5699;1;0;54;42;2018;9;13;3;3;5;3;0;0;1;0;0;0;0;1;501912.5642;6041705.9381;9.029548955;54.522929006
5700;1;0;54;56;2018;9;10;7;3;5;3;0;0;1;0;0;0;0;0;503702.1392;6036606.7717;9.05713377;54.477092053
5701;1;0;62;6;2018;8;14;3;3;2;2;0;0;1;0;0;0;0;0;581810.0387;5954883.8731;10.240264767;53.736182765
5702;1;0;60;75;2018;8;12;7;3;0;7;0;0;1;0;0;0;0;1;592445.72;5988954.8004;10.411734692;54.040546091
5703;1;0;61;3;2018;8;11;7;3;2;2;0;0;1;0;1;0;0;0;528599.554;5986485.6804;9.436576198;54.025847742
5704;1;0;55;35;2018;7;17;1;3;5;2;0;1;1;0;0;0;0;0;614346.584;5979156.388;10.742347061;53.948129541
5705;1;0;58;135;2018;9;2;5;3;5;2;2;0;1;0;0;1;0;1;541482.8794;6018102.7433;9.637584807;54.30911902
5706;1;0;2;0;2018;9;14;4;2;5;3;0;1;1;0;0;0;0;0;573439.455;6017827.3086;10.128601694;54.303048834
5707;1;0;58;27;2018;8;10;2;2;9;1;0;0;1;0;0;0;0;1;552155.059;6004910.2096;9.799302925;54.189583791
5708;1;0;60;44;2018;9;14;7;3;2;6;0;0;1;0;0;0;0;1;562852.2845;5965919.3347;9.955160142;53.83798779
5709;1;0;61;22;2018;9;17;4;3;2;5;0;0;1;0;0;0;0;1;534709.707;5970118.6581;9.527983084;53.878372573
5710;1;0;56;13;2018;8;12;5;3;0;7;0;1;0;1;0;0;0;0;557970.7765;5946031.7861;9.877254825;53.659821268
5711;1;0;51;84;2018;7;15;2;3;8;1;0;0;1;0;0;0;0;0;493253.1233;6001242.1003;8.896677399;54.159223389
5712;1;0;55;37;2018;8;10;4;3;2;6;0;0;1;0;0;0;0;0;623361.5544;5999256.3287;10.887798796;54.126617131
5713;1;0;55;4;2018;7;11;1;3;0;7;0;0;0;0;0;0;1;0;611376.8996;5975663.767;10.695845884;53.917399191
5714;1;0;59;129;2018;9;6;5;3;7;7;1;0;1;0;0;0;0;0;512660.902;6077986.857;9.197183362;54.848825137
5715;1;0;56;29;2018;7;21;1;3;5;3;1;1;1;0;0;0;0;1;542719.74;5952682.969;9.647400848;53.721069101
5716;1;0;58;151;2018;9;19;3;3;9;1;1;0;1;0;0;0;0;1;531820.8686;5995442.7091;9.486688548;54.106160397
5717;1;0;3;0;2018;10;13;2;3;5;2;0;1;1;0;0;0;0;0;612553.1087;5969701.3589;10.71155576;53.863578358
5718;1;0;2;0;2018;7;11;3;3;2;6;0;0;1;0;0;0;0;0;574877.408;6018497.084;10.150862853;54.308858451
5719;1;0;62;59;2018;9;13;1;1;9;1;0;0;0;0;1;0;0;0;596961.4177;5968209.2526;10.474080457;53.85331806
5720;1;0;54;24;2018;8;16;6;2;3;6;0;0;0;0;1;0;1;0;504092.1379;6050820.2994;9.063350023;54.604827459
5721;1;0;62;23;2018;8;17;6;2;2;6;0;0;1;0;1;0;0;0;586305.1531;5947656.1144;10.30637967;53.670509459
5722;1;0;57;74;2018;8;8;6;3;0;1;0;0;0;0;1;0;0;0;579462.6114;6021931.849;10.222234746;54.339028343
5723;1;0;55;40;2018;7;19;1;3;2;2;0;0;1;0;0;0;0;0;607696.868;5975258.927;10.639696216;53.914539985
5724;1;0;56;2;2018;9;15;4;3;0;1;0;0;0;0;1;0;0;0;549917.8034;5959487.2804;9.757574444;53.781583941
5725;1;0;59;68;2018;7;16;1;1;5;2;0;0;1;0;1;0;0;0;557879.282;6056961.057;9.897177188;54.656708785
5726;1;0;3;0;2018;9;7;3;3;2;2;0;0;1;0;0;0;0;0;615249.3511;5970831.3852;10.752960216;53.873138845
5727;1;0;60;42;2018;8;9;7;3;5;2;0;0;1;0;0;0;0;0;571465.5199;5965213.5464;10.08586622;53.830531905
5728;1;0;58;12;2018;7;19;6;3;8;1;0;0;1;0;0;0;0;0;557572.1824;6038988.5412;9.888895725;54.495243509
5729;1;0;59;138;2018;8;2;1;2;9;1;2;0;1;0;0;0;0;1;525831.8791;6050844.5962;9.399897892;54.604401969
5730;1;0;62;61;2018;9;21;6;3;5;2;2;0;1;0;0;0;0;0;599009.569;5965287.697;10.504264946;53.826681272
5731;1;0;56;24;2018;10;13;6;3;5;3;0;0;1;0;0;0;0;0;544260.728;5944338.4938;9.669561486;53.645942362
5732;1;0;54;75;2018;9;15;3;3;5;3;0;0;1;0;0;0;0;0;497251.7843;6060095.8418;8.957367968;54.688195353
5733;1;0;58;135;2018;8;14;4;3;2;6;2;0;1;0;0;0;0;0;542138.6992;6017164.1521;9.647531536;54.300630319
5734;1;0;56;27;2018;7;10;1;3;5;3;0;1;1;0;0;0;0;0;542310.5252;5940140.4101;9.639490832;53.608371669
5735;1;0;57;85;2018;8;17;3;3;5;2;0;1;0;0;0;0;0;0;578973.0174;5997198.959;10.208198049;54.116865394
5736;1;0;55;16;2018;7;18;1;3;5;3;0;0;1;0;1;0;0;0;629552.4046;6006666.761;10.985661008;54.191657262
5737;1;0;3;0;2018;9;11;7;3;5;3;0;0;1;0;0;0;0;0;610577.4096;5972054.7192;10.682374993;53.885146083
5738;1;0;55;42;2018;7;18;2;2;2;2;0;0;1;0;0;0;0;0;615776.88;5985024.8019;10.766358767;54.000531549
5739;1;0;53;32;2018;9;15;6;3;5;2;0;1;1;0;0;0;0;0;590600.7259;5922353.9319;10.364046865;53.442416643
5740;1;0;51;81;2018;8;11;4;2;5;3;0;0;1;0;0;0;0;0;502528.5806;6004447.2241;9.038749978;54.188068031
5741;1;0;54;168;2018;8;12;5;3;9;1;0;1;0;0;0;0;0;0;454250.1779;6073305.8127;8.28825185;54.8048313
5742;1;0;3;0;2018;9;7;3;3;5;2;1;1;1;0;0;0;0;0;612546.4263;5969703.2161;10.711454874;53.863596492
5743;1;0;53;32;2018;7;7;6;3;2;6;0;0;1;0;0;0;0;0;590195.6714;5921233.1433;10.357629305;53.432414432
5744;1;0;51;76;2018;9;2;1;2;1;5;2;1;1;0;0;0;0;0;501034.2501;5973241.9949;9.015743303;53.907605456
5745;1;0;3;0;2018;8;15;6;3;0;1;0;0;0;0;1;0;0;0;609986.539;5970156.234;10.672708438;53.868215204
5746;1;0;57;4;2018;7;17;5;3;0;6;0;1;0;0;0;0;0;0;606487.2405;6022578.0338;10.637974101;54.339909006
5747;1;0;56;44;2018;8;13;6;3;5;2;0;1;1;0;0;0;0;0;556185.6626;5939232.7641;9.849016986;53.598909984
5748;1;0;3;0;2018;9;17;7;3;5;7;0;0;1;0;1;0;0;1;612676.6949;5966703.0975;10.712334112;53.836614797
5749;1;0;59;185;2018;8;15;4;2;8;1;0;0;0;0;1;0;0;0;535850.5712;6061263.2038;9.556265372;54.697417384
5750;1;0;56;18;2018;9;17;5;3;2;1;0;0;1;0;0;0;0;0;555414.1717;5943489.1833;9.83811785;53.637246822
5751;1;0;58;43;2018;10;18;5;2;2;6;1;0;1;0;0;0;0;1;554293.7296;6035354.3017;9.83761605;54.462946886
5752;1;0;2;0;2018;7;17;5;3;5;2;0;1;1;0;0;0;0;0;572626.6493;6020498.9341;10.11676325;54.327171561
5753;1;0;3;0;2018;8;15;4;3;0;6;0;0;0;0;0;0;1;0;613236.4817;5969687.8786;10.721937444;53.863308639
5754;1;0;2;0;2018;8;14;2;3;5;2;0;1;1;0;0;0;0;0;573710.1343;6021853.1446;10.133754893;54.339184706
5755;1;0;1;0;2018;8;7;2;3;5;2;0;1;0;0;1;0;0;0;526154.6013;6070720.7557;9.406676029;54.783005496
5756;1;0;3;0;2018;7;11;1;3;3;6;0;0;1;0;0;0;0;0;610459.334;5968906.994;10.679445785;53.856891306
5757;1;0;58;128;2018;9;13;6;3;2;6;0;0;1;0;0;0;0;0;560800.1803;5989086.3701;9.928591642;54.046430153
5758;1;0;3;0;2018;7;12;7;3;0;1;0;1;0;0;0;0;0;0;622124.2032;5980535.0313;10.861342814;53.958737451
5759;1;0;1;0;2018;9;11;5;3;5;3;0;1;1;0;0;0;0;0;527877.7327;6071755.4107;9.433567512;54.79221065
5760;1;0;57;29;2018;8;15;3;3;5;2;0;0;1;0;0;0;0;0;596395.9935;6026246.1071;10.483999796;54.374870914
5761;1;0;4;0;2018;9;7;2;3;4;6;0;1;0;0;0;0;0;0;565477.9409;5991071.4456;10.000451307;54.063696196
5762;1;0;59;75;2018;7;17;4;3;2;6;0;0;1;0;0;0;0;0;534698.2906;6040119.523;9.535886028;54.507487916
5763;1;0;55;28;2018;8;20;5;3;1;7;1;1;1;0;0;0;0;0;601476.4507;6003596.9688;10.554502873;54.170400447
5764;1;0;55;39;2018;9;11;6;3;2;2;0;0;1;0;0;0;0;0;614163.022;5995069.814;10.745528124;54.091131956
5765;1;0;55;32;2018;7;20;2;3;5;3;0;1;1;0;0;0;0;0;617942.8342;5996661.8946;10.80391019;54.104582115
5766;1;0;55;28;2018;9;7;4;3;5;2;0;0;1;0;0;0;0;1;601738.674;6003685.143;10.558547977;54.171140731
5767;1;0;55;28;2018;10;13;3;3;2;2;0;0;1;0;1;0;0;1;604030.234;6005316.5679;10.594201578;54.185338448
5768;1;0;51;105;2018;7;18;3;3;8;1;0;0;0;0;1;0;0;0;496340.8522;6011069.4659;8.943843629;54.247579177
5769;1;0;53;61;2018;9;20;2;3;8;7;2;1;0;0;0;0;0;0;603173.8035;5956303.1427;10.564500426;53.745146302
5770;1;0;60;88;2018;8;14;6;2;4;6;0;0;0;0;1;0;1;0;574702.595;5971323.799;10.136527856;53.884985669
5771;1;0;53;46;2018;9;3;2;2;8;1;2;0;1;0;0;0;1;0;617362.2407;5932604.9435;10.770602755;53.529237519
5772;1;0;60;34;2018;8;15;6;3;8;1;0;0;1;0;0;0;0;1;571446.4301;5973515.7563;10.087509873;53.905142329
5773;1;0;58;53;2018;7;16;5;3;5;2;0;1;1;0;0;0;0;0;568491.463;6010843.4497;10.050978643;54.240979311
5774;1;0;60;59;2018;8;14;7;2;8;1;0;0;1;0;0;0;0;1;581619.8807;5983338.5551;10.244951931;53.991906661
5775;1;0;60;34;2018;9;13;7;3;5;3;0;0;1;0;0;0;0;1;568908.6763;5974349.4331;10.049076889;53.912977806
5776;1;0;2;0;2018;8;7;4;3;5;2;0;1;0;0;0;0;0;0;574029.4995;6019719.1221;10.138136414;54.31996289
5777;1;0;60;19;2018;9;7;5;3;5;3;0;1;1;0;0;0;0;0;560602.3537;5956143.6128;9.919050381;53.750400015
5778;1;0;55;40;2018;10;15;5;2;0;1;0;0;0;0;1;0;0;1;608492.9197;5972763.9922;10.650926419;53.891958611
5779;1;0;55;16;2018;7;12;5;3;2;6;0;0;1;0;0;0;0;0;626025.7172;6000865.5205;10.929214932;54.140425824
5780;1;0;55;43;2018;9;4;1;3;9;7;2;0;1;0;0;0;0;0;618609.3435;6017161.4977;10.822183996;54.288578779
5781;1;0;62;1;2018;8;16;4;3;2;6;0;0;1;0;0;0;0;0;582404.3158;5948388.1561;10.247543783;53.677717237
5782;1;0;62;26;2018;8;15;2;3;8;1;0;1;0;0;0;0;0;0;596192.1533;5939689.0675;10.453523251;53.597195306
5783;1;0;2;0;2018;8;16;2;3;4;6;0;1;0;0;0;0;0;0;573356.7996;6018714.9987;10.127549752;54.31103724
5784;1;0;55;33;2018;7;16;1;3;2;2;0;0;1;0;1;0;0;0;619603.1772;6014477.6102;10.836370892;54.26423816
5785;1;0;4;0;2018;9;11;6;2;6;4;0;0;1;1;0;0;0;0;564571.304;5991967.201;9.986791746;54.071860287
5786;1;0;56;50;2018;7;9;7;3;2;6;0;1;0;0;0;0;0;0;546373.8581;5937520.5563;9.7005105;53.584480914
5787;1;0;2;0;2018;9;10;5;3;6;7;0;1;0;1;0;0;0;0;573703.4435;6021704.6256;10.133615283;54.337851133
5788;1;0;3;0;2018;8;7;3;3;3;6;0;1;1;0;0;0;0;0;609558.6902;5970694.0649;10.666396731;53.873137728
5789;1;0;62;61;2018;9;18;2;3;9;1;0;0;1;0;0;0;0;0;597114.0703;5966566.316;10.475880932;53.838527481
5790;1;0;55;12;2018;9;19;7;3;2;2;0;0;0;0;1;0;0;0;606408.5097;5999597.8832;10.628612157;54.133473827
5791;1;0;54;103;2018;7;18;4;3;0;2;0;1;0;0;0;0;0;0;479593.8395;6041650.6738;8.684732994;54.522025067
5792;1;0;62;6;2018;8;21;5;3;5;3;2;1;1;0;0;0;0;0;583726.6422;5954216.0467;10.269132499;53.729877429
5793;1;0;56;28;2018;9;20;6;3;6;6;2;0;1;1;0;0;0;0;542892.0477;5940515.6454;9.648331139;53.611696973
5794;1;0;56;18;2018;7;17;2;3;5;3;0;1;0;0;0;0;0;0;555365.729;5943067.604;9.837310228;53.633463002
5795;1;0;53;100;2018;9;16;4;3;2;6;0;0;1;0;1;0;0;0;616308.5936;5951528.5166;10.761780728;53.699486147
5796;1;0;62;25;2018;10;19;3;3;8;1;2;0;1;0;0;0;0;1;605858.3888;5967523.4356;10.609046213;53.84541897
5797;1;0;54;88;2018;7;10;4;2;2;2;0;0;1;0;0;0;1;0;490032.4419;6071989.9714;8.844969666;54.794994067
5798;1;0;61;44;2018;9;17;3;2;2;6;0;0;1;0;0;0;0;0;541752.7814;5964587.8702;9.634359293;53.828145134
5799;1;0;61;12;2018;8;16;6;2;5;2;0;0;1;0;1;0;0;0;527971.4079;5962530.9827;9.424796711;53.810582335
5800;1;0;58;135;2018;8;20;3;3;0;7;1;1;0;0;0;0;0;0;542946.1756;6017622.5084;9.660004746;54.304682264
5801;1;0;2;0;2018;8;14;7;3;5;2;0;1;1;0;0;0;0;1;574497.3793;6020509.7248;10.145525443;54.326998897
5802;1;0;3;0;2018;8;23;7;3;8;1;2;1;0;0;0;0;0;0;609292.9236;5970243.9109;10.662195871;53.869149437
5803;1;0;3;0;2018;7;8;1;3;5;3;0;1;1;0;0;0;0;0;611401.6308;5969357.8334;10.693929411;53.860740433
5804;1;0;54;76;2018;9;16;4;2;3;6;0;1;0;0;0;0;0;0;499206.2461;6070282.5343;8.987659004;54.779748171
5805;1;0;2;0;2018;8;14;2;3;2;6;0;0;1;0;0;0;0;0;574241.6406;6019127.4672;10.141250022;54.314615677
5806;1;0;55;44;2018;9;16;7;3;4;1;0;0;1;0;0;0;0;1;613979.7418;5988730.1348;10.740343844;54.034218991
5807;1;0;56;15;2018;9;7;4;3;5;2;0;0;1;0;1;0;0;0;542403.6419;5957179.7138;9.643227717;53.761510461
5808;1;0;55;42;2018;8;14;5;3;9;1;0;1;0;0;0;0;0;0;615447.894;5980946.6434;10.759796817;53.963968238
5809;1;0;60;2;2018;7;16;2;3;5;3;0;0;1;0;0;0;0;0;560440.218;5961662.312;9.917673189;53.800015962
5810;1;0;54;113;2018;8;19;4;3;5;3;0;1;1;0;0;0;0;0;474960.334;6018014.177;8.615143631;54.309393982
5811;1;0;3;0;2018;7;15;1;3;5;2;0;1;1;0;0;0;0;0;609783.0604;5970380.6427;10.669695637;53.870274435
5812;1;0;3;0;2018;7;19;1;3;5;3;0;1;1;0;0;0;0;0;614441.227;5968298.604;10.739730301;53.850563238
5813;1;0;58;54;2018;9;16;3;3;8;1;0;0;1;0;0;0;0;1;538302.2581;6019142.5161;9.588835571;54.318711874
5814;1;0;57;62;2018;10;15;2;2;5;2;0;1;1;0;0;0;0;0;583567.6688;6010520.1081;10.282169606;54.235835349
5815;1;0;59;157;2018;7;10;3;3;4;5;0;0;1;0;0;0;0;0;538431.2667;6073608.7707;9.597938225;54.808167996
5816;1;0;1;0;2018;9;16;1;2;6;4;0;0;1;1;0;0;0;0;527528.3566;6071121.8604;9.428073874;54.786536552
5817;1;0;51;10;2018;8;13;5;3;9;1;0;0;1;0;0;0;0;0;515092.9492;5984276.8292;9.230288982;54.006566806
5818;1;0;62;4;2018;8;8;5;3;6;7;0;1;0;1;0;0;0;0;590065.9476;5962792.8108;10.36769793;53.805889752
5819;1;0;54;56;2018;8;12;6;3;5;3;0;1;1;0;0;0;0;0;503393.4577;6036126.6392;9.052364492;54.472779164
5820;1;0;58;58;2018;7;16;1;3;5;2;0;0;1;0;1;0;0;0;563216.929;6029235.7199;9.973952948;54.406933182
5821;1;0;3;0;2018;9;13;4;3;2;2;0;0;1;0;0;0;0;0;614382.447;5970643.263;10.739711035;53.87164056
5822;1;0;60;21;2018;7;11;7;3;2;2;0;0;1;0;0;0;0;0;554067.509;5975728.974;9.82340572;53.927137077
5823;1;0;54;78;2018;9;13;3;3;0;1;0;1;0;0;0;0;0;0;461194.2749;6099038.686;8.392804735;55.03665326
5824;1;0;58;64;2018;8;17;7;2;9;1;0;0;1;0;0;0;0;0;571507.5423;6002266.3926;10.095209865;54.163493807
5825;1;0;2;0;2018;7;15;6;3;2;6;0;0;1;0;0;0;0;0;571421.8649;6015379.914;10.097017491;54.281343036
5826;1;0;55;44;2018;8;12;1;3;0;1;0;0;0;0;1;0;0;0;613226.9541;5988914.3364;10.728924087;54.036039578
5827;1;0;55;28;2018;8;17;5;2;0;2;0;0;1;0;1;0;0;0;607645.0501;6007039.5366;10.650188129;54.200071759
5828;1;0;55;44;2018;9;14;6;3;5;3;0;0;1;0;0;0;0;0;613973.56;5986859.892;10.739547997;54.017418598
5829;1;0;53;12;2018;10;17;6;3;2;6;0;0;1;0;0;0;0;0;584679.7415;5927499.6615;10.276314591;53.489643161
5830;1;0;51;88;2018;9;18;2;3;2;2;0;0;1;0;0;0;0;1;518977.933;6013420.614;9.291398323;54.26837118
5831;1;0;56;43;2018;8;6;4;3;2;6;0;0;1;0;0;0;1;0;557319.229;5942707.301;9.866783486;53.630014535
5832;1;0;55;33;2018;7;19;1;3;5;3;0;0;1;0;0;0;0;0;621849.4419;6017067.5987;10.871894051;54.286973208
5833;1;0;59;41;2018;8;9;3;3;8;7;0;0;1;0;0;0;0;0;531915.1256;6038942.0171;9.492776882;54.497088704
5834;1;0;58;110;2018;7;20;1;3;8;7;0;0;1;0;0;0;0;0;561665.4034;6031700.0868;9.95056528;54.429268485
5835;1;0;62;69;2018;9;6;7;3;3;7;0;0;1;0;0;0;1;0;583311.8147;5943860.7771;10.260064997;53.636889174
5836;1;0;59;6;2018;7;21;2;2;6;6;1;1;0;1;0;0;0;0;546660.246;6055677.3485;9.723085178;54.646336079
5837;1;0;55;16;2018;9;10;6;2;5;3;0;0;1;0;0;0;0;0;626186.6946;6001442.1885;10.931918828;54.145566297
5838;1;0;56;15;2018;8;9;4;3;0;1;0;0;1;0;1;0;0;0;543234.6416;5956541.0122;9.655742956;53.755701714
5839;1;0;61;119;2018;8;0;4;2;8;1;2;0;1;0;0;0;0;0;524090.2533;5979109.8275;9.36715914;53.95978569
5840;1;0;2;0;2018;9;14;3;3;2;6;0;0;1;0;0;1;0;0;573366.678;6017832.692;10.127484835;54.303107665
5841;1;0;3;0;2018;7;11;6;3;2;6;0;0;1;0;0;1;0;0;609081.4464;5967237.1584;10.65791274;53.842180159
5842;1;0;60;76;2018;9;3;1;3;1;5;2;0;1;0;0;0;0;0;577707.7562;5966373.6338;10.180984419;53.840060935
5843;1;0;3;0;2018;8;7;6;3;5;2;0;1;1;0;0;0;0;0;609750.9771;5970400.0901;10.669214867;53.870455942
5844;1;0;60;24;2018;7;15;5;3;0;7;0;0;1;0;0;0;0;0;596181.5391;5975940.0446;10.464655257;53.922925424