OBJECTID_1;ULAND;UREGBEZ;UKREIS;UGEMEINDE;UJAHR;UMONAT;USTUNDE;UWOCHENTAG;UKATEGORIE;UART;UTYP1;ULICHTVERH;IstRad;IstPKW;IstFuss;IstKrad;IstGkfz;IstSonstig;STRZUSTAND;LINREFX;LINREFY;XGCSWGS84;YGCSWGS84
6316;1;0;3;0;2018;12;17;7;3;0;2;2;1;1;0;0;0;0;1;610648.5939;5968281.9877;10.682096725;53.851235792
6317;1;0;55;35;2018;11;14;4;3;0;7;0;0;1;0;0;0;1;0;613287.9142;5986137.0229;10.728819122;54.011075408
6318;1;0;60;44;2018;12;11;7;3;0;1;0;0;0;0;1;0;0;1;563804.5551;5965848.0133;9.969614633;53.837230768
6320;1;0;2;0;2018;10;11;6;3;1;5;0;1;1;0;0;0;0;0;573216.0551;6018274.2003;10.125278799;54.307096548
6321;1;0;4;0;2018;12;12;3;3;5;3;0;1;1;0;0;0;0;0;564619.2318;5991375.1889;9.987397828;54.066534174
6322;1;0;51;44;2018;11;17;2;3;2;6;1;0;1;0;0;0;1;1;506597.2195;6005284.0343;9.101119312;54.195552768
6323;1;0;55;35;2018;12;18;5;3;4;6;2;0;1;0;0;0;0;1;612962.7668;5977694.2493;10.720731003;53.935297661
6325;1;0;62;90;2018;11;11;6;3;0;7;0;0;0;0;1;0;0;1;579817.8083;5951560.4166;10.209212315;53.706625795
6326;1;0;2;0;2018;10;16;3;3;2;6;1;0;1;0;0;0;0;0;574139.7659;6021194.5443;10.140197955;54.333204511
6327;1;0;55;41;2018;12;7;5;3;7;7;2;0;1;0;0;0;0;1;609485.5499;5995755.5757;10.674293151;54.098308763
6328;1;0;58;117;2018;11;19;2;3;1;5;2;0;1;0;0;1;0;1;555660.1926;6001611.8042;9.852404789;54.159573786
6329;1;0;58;110;2018;10;9;4;3;2;6;0;0;1;0;0;0;0;0;560286.1479;6032632.0122;9.929496907;54.437808243
6331;1;0;3;0;2018;10;13;2;3;2;6;0;0;1;0;0;0;0;0;610313.6138;5971492.4808;10.678161028;53.880150968
6333;1;0;57;48;2018;10;11;6;2;2;2;0;0;1;0;1;0;1;0;602782.3342;6016212.3773;10.578819023;54.283479634
6334;1;0;62;18;2018;12;9;2;3;2;2;0;0;1;0;0;0;0;1;581829.886;5933925.038;10.235050318;53.547836059
6335;1;0;59;174;2018;12;13;5;2;9;7;0;0;1;0;0;0;0;1;519402.3677;6057674.9959;9.300818475;54.666073524
6336;1;0;53;100;2018;11;7;2;3;2;6;2;0;1;0;0;1;0;1;617759.4419;5951093.6327;10.783580539;53.695254015
6337;1;0;2;0;2018;10;18;6;3;5;3;0;1;1;0;0;0;0;0;574696.6822;6018093.8269;10.147984874;54.305261388
6338;1;0;2;0;2018;11;19;1;3;3;6;2;0;1;0;0;1;0;1;577333.8337;6020472.1307;10.189120858;54.326239206
6339;1;0;1;0;2018;12;14;2;3;4;2;0;0;1;0;0;0;1;1;526221.6812;6072355.8869;9.407866894;54.797696112
6340;1;0;58;163;2018;11;15;5;3;8;1;0;0;0;0;0;0;1;0;557862.8461;6000423.316;9.885904717;54.148649838
6341;1;0;56;30;2018;11;14;6;3;2;6;0;0;1;0;0;0;0;0;545933.1039;5960594.2246;9.697270988;53.791899478
6342;1;0;1;0;2018;12;9;4;3;5;3;0;1;1;0;0;0;0;0;527355.821;6070186.005;9.425302727;54.778135924
6343;1;0;60;27;2018;10;12;6;3;2;6;0;0;1;0;0;0;0;0;561140.004;5984039.743;9.932765565;54.001037507
6345;1;0;57;12;2018;11;22;5;3;0;5;2;0;1;0;0;0;0;0;581254.5236;6027161.2945;10.251216836;54.385733873
6346;1;0;54;14;2018;10;7;2;3;2;6;0;0;1;0;1;0;0;1;495901.479;6053842.285;8.936508894;54.631985946
6347;1;0;62;60;2018;12;7;4;3;4;6;2;0;1;0;0;0;0;2;585303.9342;5932011.0284;10.286947742;53.530083246
6348;1;0;62;71;2018;11;13;7;3;8;7;0;1;0;1;0;0;0;0;580768.8923;5940664.4451;10.220784614;53.608564107
6349;1;0;2;0;2018;10;11;3;3;5;2;0;1;0;0;0;0;0;1;575510.6661;6019399.7515;10.160822088;54.316876229
6353;1;0;2;0;2018;10;14;6;2;5;3;0;0;1;0;1;0;0;0;569802.0818;6020128.9072;10.07325256;54.324240669
6354;1;0;61;97;2018;12;9;5;2;5;2;0;1;1;0;0;0;0;0;531989.6006;5988846.4131;9.488572484;54.04686589
6355;1;0;55;35;2018;12;12;1;3;5;3;0;0;1;0;0;0;0;1;612328.2148;5982876.7676;10.712977884;53.981995269
6356;1;0;2;0;2018;11;14;7;3;5;2;0;1;1;0;0;0;0;0;573605.054;6019623.5622;10.131588796;54.31916559
6357;1;0;3;0;2018;11;14;6;3;5;3;0;0;1;0;0;0;0;0;611778.7077;5969625.9983;10.699757994;53.863068626
6358;1;0;1;0;2018;12;17;7;3;6;4;2;0;1;1;0;0;0;1;527239.6053;6073121.894;9.423771801;54.80452557
6359;1;0;54;138;2018;11;7;4;3;2;6;2;0;1;0;0;0;0;1;494525.4728;6020079.2623;8.915818357;54.328538299
6360;1;0;60;2;2018;11;16;4;3;5;3;2;0;1;0;0;0;0;0;558540.422;5959893.9765;9.888496247;53.78434089
6361;1;0;3;0;2018;10;14;6;3;2;2;0;0;1;0;0;0;0;1;617375.7502;5973985.9184;10.786494252;53.901001703
6362;1;0;1;0;2018;10;14;5;3;0;7;0;1;0;0;0;0;0;0;529389.9756;6070526.6399;9.456961286;54.781082055
6364;1;0;59;75;2018;11;12;4;3;2;6;0;0;1;0;0;0;0;0;535070.3052;6040170.7082;9.541637283;54.507922309
6365;1;0;57;30;2018;12;7;4;3;4;6;1;0;1;0;0;0;1;2;604676.401;6016998.25;10.608175903;54.290155563
6366;1;0;55;24;2018;10;20;1;3;7;7;2;0;0;0;1;0;0;0;610594.7512;6001333.5914;10.693289609;54.148183454
6367;1;0;62;11;2018;12;10;2;3;8;6;0;0;1;0;0;0;0;1;581755.8422;5942007.3304;10.236050587;53.620478747
6369;1;0;53;90;2018;11;7;5;3;5;2;2;1;1;0;0;0;0;0;611869.3241;5941918.2629;10.691109769;53.614112561
6370;1;0;2;0;2018;12;18;2;3;5;7;2;0;1;0;0;0;0;1;570905.3276;6023146.039;10.090929893;54.351199896
6372;1;0;54;56;2018;10;17;6;3;0;7;0;1;0;0;0;0;0;0;503246.9345;6037512.7037;9.050118718;54.485236954
6373;1;0;2;0;2018;12;8;4;3;5;3;0;0;1;1;0;0;0;0;573421.7789;6021268.8024;10.129176678;54.333975584
6374;1;0;56;26;2018;11;6;3;3;2;6;2;0;1;0;0;0;0;1;555093.9371;5957401.3327;9.835748463;53.762314898
6375;1;0;3;0;2018;12;17;6;2;0;1;2;0;0;0;1;0;0;1;610196.558;5969947.5932;10.675826023;53.866296172
6376;1;0;60;63;2018;10;15;4;3;2;6;0;0;1;0;1;0;0;0;564127.4489;5946565.4996;9.970518153;53.663899117
6377;1;0;2;0;2018;12;10;6;3;0;1;0;1;0;0;0;0;0;1;572764.2788;6020665.778;10.118919798;54.328651169
6378;1;0;59;45;2018;11;16;3;3;5;3;1;0;1;0;0;0;0;0;559936.651;6057267.264;9.92912633;54.659219935
6379;1;0;62;9;2018;11;10;2;3;2;6;0;0;1;0;0;0;1;0;581429.886;5935181.782;10.229342032;53.559191997
6380;1;0;2;0;2018;10;8;5;3;5;2;1;1;1;0;0;0;0;1;572972.2802;6019962.0166;10.121945494;54.32229768
6382;1;0;62;22;2018;10;6;3;3;0;6;2;0;1;0;0;0;0;0;588425.3268;5942165.1516;10.336901002;53.620813347
6384;1;0;54;76;2018;12;2;1;2;6;4;2;0;1;1;0;0;0;1;498769.8304;6068493.3965;8.980881354;54.763668738
6385;1;0;58;135;2018;12;18;3;3;5;2;2;1;1;0;0;0;0;1;542240.344;6017959.34;9.649205807;54.307768185
6386;1;0;60;63;2018;12;12;6;3;6;4;0;0;1;1;0;0;0;0;566112.4635;5948533.6983;10.000974034;53.681340183
6387;1;0;55;21;2018;11;18;3;3;8;7;2;0;1;0;0;0;0;1;625693.9061;6025039.6365;10.934275092;54.357649747
6388;1;0;54;56;2018;12;9;7;3;2;6;0;0;1;0;0;0;0;0;505318.2876;6036270.9272;9.082069136;54.474059393
6390;1;0;59;23;2018;10;15;6;3;5;3;0;0;1;0;0;0;0;0;524883.7569;6037310.28;9.384076544;54.482818022
6391;1;0;51;17;2018;12;16;2;3;8;7;2;0;1;0;0;0;0;1;502716.3852;5988293.1812;9.041482828;54.042878712
6392;1;0;3;0;2018;11;20;2;3;5;3;2;1;1;0;0;0;0;1;613657.404;5969896.325;10.728412231;53.865089344
6393;1;0;54;167;2018;12;19;5;3;4;6;2;0;1;0;0;0;0;1;501195.1138;6064895.0424;9.018559035;54.731331145
6394;1;0;56;26;2018;10;9;7;2;4;6;0;0;1;0;0;0;0;0;554620.768;5958205.6599;9.828713887;53.769593472
6396;1;0;2;0;2018;11;11;6;3;5;3;0;1;1;0;0;0;0;1;574112.3018;6022012.1514;10.139978918;54.340555217
6397;1;0;1;0;2018;10;18;3;2;3;6;2;0;1;0;1;0;0;1;529442.482;6073284.122;9.458057695;54.80585893
6398;1;0;2;0;2018;12;17;5;2;3;6;2;0;1;0;0;0;0;1;573246.6761;6017827.0306;10.125639675;54.303074014
6399;1;0;62;86;2018;11;7;2;3;2;6;1;0;1;0;0;0;1;1;587992.1322;5935959.3662;10.328602666;53.565120443
6400;1;0;51;72;2018;10;7;3;3;5;2;2;1;1;0;0;0;0;1;500568.272;5978414.981;9.008659828;53.954101085
6403;1;0;60;5;2018;10;17;2;3;3;6;0;0;1;0;0;1;0;0;588972.6545;5975415.062;10.354760609;53.919496596
6405;1;0;59;92;2018;10;12;6;3;2;6;0;0;1;0;0;0;0;0;521241.6781;6040968.7331;9.328126055;54.515862137
6406;1;0;2;0;2018;11;11;5;3;5;2;0;1;1;0;0;0;0;0;573200.669;6019333.605;10.125302087;54.316618261
6407;1;0;4;0;2018;12;14;6;3;5;3;0;1;0;0;0;0;1;0;564015.494;5993333.556;9.978587911;54.084208385
6408;1;0;2;0;2018;11;8;3;3;3;6;0;0;1;0;0;0;0;1;574871.535;6019336.679;10.150983139;54.316403605
6409;1;0;51;11;2018;11;7;2;3;5;3;2;0;1;0;0;0;0;1;512977.8728;5973322.7752;9.197551304;53.908170048
6410;1;0;55;4;2018;10;13;5;3;2;6;0;0;1;0;0;0;0;0;611389.69;5975975.7528;10.69615417;53.920199352
6412;1;0;60;7;2018;10;14;3;3;2;2;0;0;1;0;0;0;0;0;578663.802;5975431.244;10.197835188;53.921309972
6414;1;0;2;0;2018;12;19;1;3;8;1;2;0;1;0;0;0;0;1;575043.8436;6019257.2303;10.153611434;54.315664413
6415;1;0;53;108;2018;12;18;3;3;2;6;2;0;1;0;0;0;1;0;599060.3186;5950086.5768;10.50015936;53.690086679
6416;1;0;2;0;2018;12;20;7;3;5;3;2;0;1;0;0;0;0;1;572538.551;6019380.291;10.115136943;54.317132265
6417;1;0;60;39;2018;11;17;3;3;4;1;2;0;1;0;1;0;0;0;566351.3329;5960282.4271;10.00711084;53.786894932
6418;1;0;3;0;2018;12;15;7;3;5;2;0;1;1;0;0;0;0;0;610048.3737;5970581.3532;10.673800918;53.872021485
6420;1;0;59;161;2018;10;14;6;3;4;6;0;0;1;0;0;0;1;0;542245.9387;6064018.5854;9.655890094;54.72168198
6421;1;0;54;19;2018;12;6;3;3;9;1;2;0;1;0;0;0;0;2;499516.4648;6055743.202;8.992506304;54.649085815
6422;1;0;62;76;2018;11;15;2;3;4;6;0;0;1;0;0;0;0;1;573962.8313;5955531.9367;10.121480206;53.743178612
6423;1;0;2;0;2018;12;19;5;3;2;6;2;0;1;0;0;0;0;0;572244.5709;6018496.3935;10.110404648;54.309231458
6424;1;0;54;41;2018;10;4;1;3;9;7;2;0;0;0;0;0;1;1;511646.7812;6049052.2475;9.180232171;54.588820337
6426;1;0;58;58;2018;11;16;6;3;5;2;1;1;1;0;0;0;0;1;563875.1392;6029969.1504;9.984249869;54.413441579
6427;1;0;1;0;2018;10;7;3;3;2;6;2;0;1;0;0;0;0;1;526638.9011;6070080.3048;9.414147351;54.777224604
6428;1;0;58;110;2018;12;15;5;3;2;6;0;0;1;0;0;0;1;1;560918.9956;6032189.4067;9.939161774;54.433755516
6429;1;0;2;0;2018;11;11;2;3;5;2;0;1;1;0;0;0;0;1;573381.245;6020629.0219;10.128396016;54.328232554
6430;1;0;54;132;2018;10;0;4;2;9;6;2;0;1;0;0;0;0;1;503109.5853;6034130.6433;9.047963073;54.454842532
6432;1;0;59;57;2018;10;10;2;3;5;7;0;0;1;0;0;0;0;0;531822.352;6044610.9334;9.491956506;54.548039963
6434;1;0;54;88;2018;10;8;6;3;2;2;0;0;1;0;0;0;1;0;489355.1512;6070272.1873;8.834498531;54.779542942
6435;1;0;56;24;2018;12;16;4;3;4;1;1;0;1;0;0;0;0;1;542556.4844;5945730.5928;9.643972721;53.658595765
6436;1;0;53;32;2018;11;7;2;3;2;7;1;1;1;0;0;0;0;0;592335.7947;5922012.6;10.390060849;53.439048321
6437;1;0;61;41;2018;10;21;6;3;3;6;2;0;1;0;0;0;0;0;539056.2375;5966587.5038;9.593646736;53.846326822
6438;1;0;56;36;2018;11;9;7;3;1;5;0;0;1;0;0;0;0;0;544611.0373;5947465.7448;9.675309578;53.674019735
6439;1;0;59;184;2018;12;12;2;2;8;7;0;0;1;0;0;0;0;1;525516.2915;6062590.228;9.396037686;54.709972686
6440;1;0;2;0;2018;11;18;5;3;5;2;2;1;1;0;0;0;0;0;576554.6153;6019718.8306;10.176948787;54.31958787
6441;1;0;51;34;2018;11;17;5;3;2;6;2;0;1;0;0;0;1;1;493347.6839;5982810.6677;8.898530312;53.99356681
6442;1;0;55;42;2018;11;8;1;3;5;3;0;0;1;0;1;0;0;0;616057.76;5981472.066;10.769288218;53.968551986
6443;1;0;56;43;2018;12;18;4;3;2;1;2;0;1;0;0;0;0;1;556273.7275;5943277.8175;9.851078496;53.635255466
6444;1;0;3;0;2018;10;12;6;2;5;2;0;1;1;0;0;0;0;0;609212.6521;5967392.2826;10.659961135;53.843546289
6446;1;0;60;44;2018;11;21;4;3;8;7;2;0;1;0;0;0;0;0;557956.5587;5963022.5517;9.880224453;53.812523224
6447;1;0;56;48;2018;10;11;1;3;2;6;0;0;1;0;0;0;0;0;549756.218;5952173.991;9.753944644;53.715871104
6448;1;0;55;35;2018;12;19;4;3;5;2;2;0;1;0;0;0;0;1;613978.4418;5975678.3626;10.735443095;53.916964552
6449;1;0;3;0;2018;11;13;7;3;2;2;0;0;1;0;0;0;0;0;609612.197;5971096.288;10.667353972;53.876740121
6450;1;0;2;0;2018;10;17;3;3;2;6;1;0;1;0;0;0;0;1;573369.9977;6017821.169;10.12753301;54.303003646
6452;1;0;3;0;2018;11;15;7;3;6;7;0;0;1;1;0;0;0;0;613110.6213;5969765.0338;10.720052931;53.864029244
6453;1;0;59;164;2018;10;14;1;2;4;6;0;1;0;0;0;0;0;0;550479.416;6070431.291;9.784820518;54.778547411
6456;1;0;58;146;2018;10;11;6;3;2;6;0;0;1;0;0;1;0;0;549117.6676;6017726.2441;9.754857892;54.305058346
6457;1;0;62;45;2018;12;8;5;3;2;6;0;0;1;0;0;0;1;0;591031.5486;5943722.4643;10.376747581;53.634360659
6458;1;0;2;0;2018;12;20;1;3;5;2;2;1;1;0;0;0;0;1;574030.5509;6019720.2928;10.138152865;54.319973257
6459;1;0;56;23;2018;11;15;6;3;5;3;0;0;1;0;1;0;0;0;545119.9843;5950931.8184;9.68351765;53.705128236
6460;1;0;54;144;2018;11;18;6;2;6;6;2;0;0;1;1;0;0;1;511394.1592;6048259.4175;9.176292139;54.581700934
6461;1;0;60;39;2018;12;7;6;3;0;1;2;0;0;0;1;0;0;1;565475.1257;5958551.1144;9.993446019;53.77144675
6462;1;0;59;183;2018;11;14;4;3;3;6;0;0;1;0;0;1;0;1;521272.1232;6072680.0829;9.330904055;54.800843835
6463;1;0;57;24;2018;11;15;4;3;5;3;0;0;1;0;0;0;0;0;568479.2484;5997251.7011;10.047699103;54.118843607
6464;1;0;54;42;2018;10;20;6;3;2;2;2;0;1;0;0;0;0;1;501610.7356;6042244.9979;9.024888676;54.527774655
6465;1;0;53;46;2018;10;13;5;2;2;6;0;0;1;0;0;0;1;0;617858.0971;5932409.3174;10.778005984;53.527368978
6467;1;0;58;117;2018;12;15;2;3;5;2;0;0;1;0;1;0;0;1;556093.853;6002719.86;9.859251535;54.169484318
6468;1;0;54;84;2018;12;8;4;3;5;3;0;0;1;0;0;0;0;1;506084.5319;6035089.4681;9.093869107;54.463432775
6469;1;0;2;0;2018;10;15;1;3;6;7;0;0;0;1;0;0;1;0;572859.1534;6020044.652;10.12022672;54.323056376
6470;1;0;51;48;2018;12;20;1;3;2;6;2;0;1;0;0;0;0;1;505937.5841;6002460.525;9.090953014;54.17018417
6472;1;0;58;72;2018;11;13;5;3;1;5;0;0;1;0;0;0;0;0;528595.46;5997053.79;9.437511221;54.120829333
6473;1;0;59;44;2018;12;5;2;2;4;6;2;0;1;0;0;0;0;2;525778.968;6044025.7911;9.398480582;54.543125168
6475;1;0;51;81;2018;10;19;5;2;5;3;2;0;1;0;0;0;0;0;502364.6142;6003419.5686;9.036229152;54.178832615
6476;1;0;59;75;2018;12;11;4;2;5;2;0;0;1;0;1;0;0;1;537510.7395;6044028.1758;9.579817047;54.542413413
6477;1;0;62;5;2018;11;5;3;3;2;6;2;0;1;0;0;1;0;1;579233.2935;5958062.7881;10.202025441;53.765147341
6478;1;0;4;0;2018;12;18;6;2;5;2;2;1;1;0;0;0;0;1;565193.8873;5991269.4854;9.996154511;54.065511887
6479;1;0;2;0;2018;11;15;7;3;2;6;0;0;1;0;0;0;0;1;574846.0375;6017435.9343;10.150114938;54.299327932
6480;1;0;2;0;2018;10;21;4;2;5;3;2;0;1;0;0;0;0;0;574116.647;6021551.649;10.13993125;54.336416682
6481;1;0;59;82;2018;12;13;6;2;9;1;0;0;1;0;0;0;0;1;539937.7503;6052545.1896;9.618487968;54.618766153
6482;1;0;60;54;2018;11;16;2;3;2;2;2;0;1;0;0;0;0;1;558431.656;5969125.722;9.888599713;53.867319728
6483;1;0;3;0;2018;11;14;2;3;5;2;0;1;1;0;0;0;0;0;612525.8304;5969545.5945;10.711084035;53.862184866
6484;1;0;56;48;2018;10;4;5;3;8;1;2;0;1;0;0;0;0;1;550556.0099;5951573.8021;9.765964528;53.710400015
6486;1;0;2;0;2018;10;17;3;3;3;6;0;0;1;0;0;0;0;0;577043.5988;6020058.6718;10.184552369;54.32256796
6488;1;0;62;53;2018;12;4;7;3;5;2;2;0;1;0;0;0;0;1;577182.899;5933199.4975;10.164751172;53.542019428
6489;1;0;57;73;2018;12;20;3;3;0;1;2;1;0;0;0;0;0;1;590014.4158;6027530.6384;10.386178338;54.387579468
6490;1;0;3;0;2018;12;18;6;3;2;6;2;0;1;0;1;0;0;1;610314.1105;5971422.1434;10.678143269;53.879518934
6491;1;0;59;183;2018;11;7;3;3;5;3;1;0;1;0;0;0;0;1;524273.0185;6065736.6516;9.377003684;54.738309957
6492;1;0;56;15;2018;12;19;6;3;3;6;2;0;1;0;0;0;0;0;543589.405;5955808.346;9.661019897;53.749087183
6493;1;0;51;100;2018;10;14;5;2;0;1;0;1;0;0;0;0;0;0;516657.1861;6011332.0231;9.255648491;54.249680944
6494;1;0;56;41;2018;12;9;2;3;5;3;0;0;1;0;0;0;0;1;559090.3655;5954004.7146;9.895714941;53.731350893
6495;1;0;4;0;2018;11;7;2;3;5;2;1;1;1;0;0;0;0;1;563918.6126;5990911.306;9.976596103;54.062452871
6496;1;0;58;71;2018;11;14;6;3;8;7;0;0;0;0;0;1;0;0;541945.8495;6005161.6952;9.642888857;54.192780363
6497;1;0;60;4;2018;12;19;4;2;6;2;2;0;1;1;0;0;0;1;558119.2607;5974545.5428;9.884877936;53.916062781
6498;1;0;60;44;2018;10;14;6;3;5;2;0;0;1;0;0;0;1;0;563866.5304;5963608.4816;9.970091174;53.817096734
6499;1;0;53;76;2018;10;10;7;3;2;6;0;0;1;0;0;0;0;0;592342.1191;5938316.2635;10.394959779;53.585551871
6501;1;0;1;0;2018;11;15;6;3;2;6;0;0;1;0;0;0;0;1;527192.9796;6069027.1732;9.422662533;54.767730913
6502;1;0;62;11;2018;10;17;3;3;2;6;2;0;1;0;0;0;1;1;581530.4909;5941137.1769;10.232416622;53.612694318
6503;1;0;3;0;2018;12;7;5;3;5;3;1;0;1;0;0;0;0;1;609095.6493;5971331.7773;10.659584;53.878964696
6504;1;0;60;5;2018;11;14;1;3;2;6;0;0;1;0;0;0;0;0;586093.7484;5976806.8016;10.311329185;53.93248875
6505;1;0;53;32;2018;10;11;3;3;0;7;0;0;0;0;1;0;0;1;591099.5475;5922360.9433;10.37155659;53.442393676
6507;1;0;59;75;2018;10;14;1;3;9;1;0;1;0;0;0;0;0;0;535112.0931;6040075.8867;9.542271353;54.507067279
6509;1;0;60;82;2018;10;13;1;2;0;1;0;0;0;0;1;0;0;0;567511.1679;5969037.7451;10.026634292;53.865427551
6511;1;0;51;119;2018;10;14;5;3;5;2;0;0;1;0;0;1;0;0;503426.489;5979474.38;9.052227735;53.963611903
6512;1;0;2;0;2018;12;13;3;3;2;6;0;0;1;0;0;0;0;0;572319.7166;6018459.7297;10.111550524;54.308891371
6513;1;0;59;75;2018;11;18;2;3;5;3;2;0;0;0;0;1;1;1;536297.4666;6042081.8832;9.560824232;54.525011118
6514;1;0;3;0;2018;11;15;7;2;5;2;0;1;1;0;0;0;0;0;605200.589;5965172.878;10.598247498;53.82443363
6515;1;0;4;0;2018;12;8;1;3;9;1;0;0;1;0;0;0;0;1;563131.2923;5988575.6684;9.964082658;54.041560563
6516;1;0;61;92;2018;11;8;4;3;8;7;0;0;1;0;0;0;0;1;538963.6354;5968569.5169;9.592490852;53.864147426
6517;1;0;55;4;2018;11;17;5;2;5;3;2;0;1;0;0;0;0;1;611059.6661;5976950.4309;10.691485313;53.929026823
6518;1;0;59;37;2018;10;11;7;3;8;7;0;0;1;0;0;0;0;0;533638.5235;6056618.1064;9.521409245;54.655826726
6519;1;0;60;27;2018;11;15;7;3;5;3;1;0;1;0;0;0;0;0;563544.539;5981018.4376;9.968813603;53.973595866
6520;1;0;53;118;2018;12;19;3;3;2;6;2;0;1;0;0;0;0;1;600874.771;5956714.752;10.529786701;53.749294541
6521;1;0;61;72;2018;10;11;5;3;2;6;0;0;1;0;0;0;0;1;534127.5228;5973262.6776;9.519477967;53.90666873
6523;1;0;62;4;2018;11;18;4;2;5;3;2;1;0;0;1;0;0;0;589852.982;5962945.877;10.364509616;53.807301981
6524;1;0;58;18;2018;10;0;1;2;8;1;2;0;0;0;0;0;1;1;564733.1586;6007548.8401;9.992608034;54.211862174
6525;1;0;55;38;2018;12;17;4;3;8;1;2;0;1;0;0;0;0;0;615494.9326;6005605.2176;10.769913993;54.185478935
6526;1;0;60;63;2018;10;11;2;3;2;2;0;0;1;0;0;1;0;0;570187.0663;5951276.4118;10.06327508;53.705457097
6529;1;0;56;49;2018;11;17;6;3;5;3;1;0;1;0;0;0;1;0;544416.978;5948846.2472;9.67256983;53.686443913
6530;1;0;57;57;2018;12;16;3;3;5;2;2;0;1;0;0;0;0;1;594703.6297;6001506.3314;10.450132064;54.152910695
6533;1;0;56;33;2018;10;7;5;3;8;1;0;0;1;0;0;0;0;1;538722.9238;5950432.6183;9.586552943;53.701155138
6534;1;0;56;39;2018;12;13;5;2;9;1;0;0;1;0;0;1;0;1;552747.544;5947935.4038;9.79854546;53.677483041
6535;1;0;2;0;2018;12;17;7;3;5;3;2;0;1;0;0;0;0;0;571941.8882;6021644.3126;10.106512325;54.337560616
6536;1;0;4;0;2018;11;9;6;3;6;4;0;0;1;1;0;0;0;0;564300.447;5992103.1587;9.982681982;54.073115947
6537;1;0;60;85;2018;11;13;5;3;2;2;0;0;1;0;0;0;0;0;578100.7903;5964490.433;10.186477842;53.823079104
6538;1;0;3;0;2018;12;12;6;3;2;6;0;0;1;0;0;0;0;1;610076.2933;5970024.0925;10.674025392;53.867008981
6539;1;0;53;12;2018;11;17;3;3;2;6;2;0;1;0;0;0;0;1;585169.7516;5927340.3698;10.28365489;53.488132616
6540;1;0;56;33;2018;11;19;3;3;8;1;2;0;1;0;0;0;0;0;538579.5384;5951073.7589;9.584460989;53.706928256
6541;1;0;60;44;2018;10;16;5;3;5;3;0;0;1;0;0;0;0;1;557448.6099;5963397.8782;9.872580953;53.815952699
6542;1;0;51;44;2018;10;14;7;3;0;7;0;1;0;0;0;0;0;0;510717.154;6006080.0708;9.164296021;54.202637661
6543;1;0;57;66;2018;12;9;4;3;8;7;0;0;1;0;0;0;0;0;589267.7722;6016540.9534;10.371393377;54.288970476
6544;1;0;57;2;2018;11;16;2;2;4;6;2;0;1;0;0;0;0;1;575191.7702;6006643.681;10.152718852;54.202301044
6545;1;0;56;15;2018;10;17;5;3;6;4;0;0;1;1;0;0;0;0;542164.247;5956345.7079;9.639482668;53.754034076
6546;1;0;53;26;2018;11;14;7;3;4;6;0;0;1;0;0;0;0;0;614449.2073;5952916.6945;10.734142888;53.712368666
6547;1;0;53;3;2018;12;23;1;2;8;7;2;0;1;0;0;0;0;1;596287.8782;5930860.1905;10.452249339;53.517844181
6548;1;0;55;39;2018;11;9;5;3;3;6;0;0;1;0;0;0;0;0;614640.304;5992163.002;10.751721735;54.064912284
6549;1;0;56;15;2018;11;17;5;3;2;6;2;0;1;0;0;0;0;1;545147.0726;5956582.2051;9.684752726;53.755909771
6550;1;0;54;73;2018;11;2;1;3;0;7;2;0;1;1;0;0;0;1;501511.8722;6077083.8638;9.023541545;54.84086805
6551;1;0;61;46;2018;12;15;3;3;2;6;0;0;1;0;1;0;0;1;533831.234;5975964.625;9.515267075;53.930972384
6552;1;0;57;91;2018;10;13;6;3;3;6;0;0;1;0;1;0;0;0;579886.2123;6016228.9604;10.22722274;54.287719562
6554;1;0;62;4;2018;11;7;4;3;5;2;1;1;1;0;0;0;0;0;589806.2067;5962948.8066;10.363800362;53.807336383
6555;1;0;3;0;2018;10;9;1;3;0;7;0;1;0;0;0;0;0;1;608702.783;5968110.1497;10.652469063;53.850102836
6556;1;0;3;0;2018;12;5;4;3;0;3;2;1;1;0;0;0;0;2;607969.0452;5968270.7058;10.641376497;53.851698391
6557;1;0;58;3;2018;10;18;3;3;9;1;2;0;0;0;0;0;1;1;543988.414;6023831.6102;9.676936722;54.360393472
6560;1;0;59;53;2018;11;7;7;3;8;1;2;0;1;0;0;0;0;1;534466.0901;6029555.5312;9.531069555;54.412566854
6561;1;0;58;117;2018;12;16;3;3;8;1;1;1;0;0;0;0;0;0;556128.853;6002689.9203;9.859782022;54.169211435
6564;1;0;60;92;2018;10;18;5;3;0;7;0;1;0;0;0;0;0;0;578998.232;5979146.8699;10.203887338;53.954647793
6565;1;0;2;0;2018;12;9;5;3;2;6;0;0;1;0;0;0;0;1;573739.1392;6017850.8131;10.133211983;54.303216868
6566;1;0;51;114;2018;12;12;7;3;2;2;0;0;1;0;0;0;0;1;519499.156;6007908.008;9.299042861;54.218807421
6567;1;0;62;6;2018;11;11;6;2;0;7;0;1;0;0;0;0;0;0;582797.1813;5953467.1773;10.254847017;53.723296316
6568;1;0;58;146;2018;11;13;6;3;2;6;0;0;1;0;0;0;0;0;548946.0648;6018117.695;9.752285039;54.308592663
6569;1;0;56;15;2018;12;20;6;3;5;3;2;0;1;0;0;0;0;1;542427.0427;5957124.7188;9.643575105;53.761014277
6570;1;0;56;50;2018;11;7;3;3;5;3;2;1;1;0;0;0;0;1;545758.5604;5937815.8648;9.691260043;53.587189166