OBJECTID_1;ULAND;UREGBEZ;UKREIS;UGEMEINDE;UJAHR;UMONAT;USTUNDE;UWOCHENTAG;UKATEGORIE;UART;UTYP1;ULICHTVERH;IstRad;IstPKW;IstFuss;IstKrad;IstGkfz;IstSonstig;STRZUSTAND;LINREFX;LINREFY;XGCSWGS84;YGCSWGS84
6571;1;0;61;12;2018;11;14;3;3;2;6;0;0;1;0;0;0;0;0;528091.226;5962692.1201;9.426631017;53.812024173
6572;1;0;1;0;2018;10;20;6;3;5;3;2;0;1;0;0;0;0;1;529734.8951;6071712.7544;9.46244558;54.791720695
6573;1;0;56;15;2018;10;11;4;3;5;3;0;0;1;0;0;0;0;0;545409.7325;5955791.9105;9.688620036;53.748784066
6575;1;0;4;0;2018;12;14;2;3;0;3;0;1;1;0;0;0;0;1;563976.9586;5990019.7277;9.977299307;54.054433445
6576;1;0;59;161;2018;12;7;4;3;8;1;1;0;1;0;0;0;0;2;542953.939;6062258.1149;9.666621775;54.705802014
6577;1;0;57;15;2018;12;17;1;2;3;1;2;0;1;0;1;0;0;1;586772.9007;5998684.5129;10.327920408;54.128956834
6579;1;0;56;36;2018;11;15;4;3;5;3;1;1;0;0;0;1;0;0;544736.4443;5947707.2176;9.677242618;53.67617932
6580;1;0;60;54;2018;12;15;1;3;8;1;0;0;0;0;0;0;1;0;559455.8633;5971180.4333;9.904571688;53.885669068
6582;1;0;62;48;2018;10;13;5;2;9;1;0;0;0;0;1;0;0;0;603380.6614;5973416.3243;10.573386999;53.898863948
6583;1;0;60;26;2018;12;9;3;3;9;1;0;0;1;0;0;0;0;2;579173.2059;5990561.284;10.209523908;54.057189935
6584;1;0;58;53;2018;11;19;3;3;5;3;2;0;1;0;0;0;0;1;570250.242;6011761.81;10.078176483;54.248993361
6585;1;0;54;168;2018;12;16;6;3;6;2;2;0;1;1;0;0;0;1;455734.3672;6084634.6323;8.309603557;54.9067651
6586;1;0;59;75;2018;11;15;7;3;5;2;0;0;0;0;0;1;1;1;536201.9555;6043156.7339;9.559480657;54.534677305
6587;1;0;51;20;2018;10;14;3;3;6;4;0;0;1;1;0;0;0;1;516300.4007;6016937.6207;9.250478068;54.300072282
6588;1;0;60;63;2018;12;18;5;1;6;4;2;0;1;1;0;0;0;1;565341.84;5948526.673;9.989306874;53.681373976
6589;1;0;60;28;2018;11;7;2;3;4;6;0;0;1;0;0;0;0;1;574745.8437;5986193.9185;10.140827455;54.018605492
6590;1;0;3;0;2018;11;21;2;2;8;1;2;0;1;0;0;0;0;0;611087.0055;5966453.0016;10.688097042;53.834710141
6591;1;0;51;44;2018;10;12;4;3;2;6;0;0;1;0;1;0;0;0;506360.8086;6005619.5882;9.097502813;54.198571582
6593;1;0;54;88;2018;10;20;3;2;0;1;2;1;0;0;0;0;0;0;488798.739;6070607.1983;8.825834785;54.782541479
6595;1;0;62;60;2018;10;7;5;3;4;6;1;1;0;0;0;0;0;0;581109.1374;5929992.9641;10.223156137;53.512612009
6596;1;0;2;0;2018;12;13;7;3;2;6;0;0;1;0;0;0;0;1;568815.1301;6020310.2625;10.058122248;54.326004319
6597;1;0;61;46;2018;12;16;2;3;5;2;2;0;1;0;0;0;0;1;534906.7836;5975883.6271;9.53163823;53.930173016
6598;1;0;59;183;2018;12;14;6;3;2;6;0;0;1;0;0;0;0;0;521184.9428;6072974.4103;9.329569443;54.803492517
6599;1;0;59;83;2018;11;12;3;3;2;6;0;0;1;0;0;0;0;0;549959.9049;6054487.3871;9.774011213;54.635326915
6600;1;0;3;0;2018;12;18;6;3;2;2;2;0;1;0;0;0;0;0;610141.5279;5969929.1019;10.674982903;53.866141721
6601;1;0;62;71;2018;10;14;5;3;2;6;0;0;1;0;0;0;0;0;581365.9968;5941440.2658;10.230009927;53.615443579
6602;1;0;62;1;2018;12;16;2;3;2;6;1;0;1;0;0;0;0;1;580550.8526;5946717.9423;10.219057334;53.66299702
6603;1;0;59;19;2018;11;14;2;2;4;6;0;0;1;0;0;0;1;0;532293.5067;6036796.8532;9.498384417;54.477786497
6604;1;0;59;75;2018;11;7;6;3;2;6;0;0;1;0;0;0;0;0;534985.8204;6040283.5392;9.540345917;54.508942131
6605;1;0;60;63;2018;11;10;6;3;1;5;0;0;1;0;0;0;1;0;570154.8558;5951241.5979;10.062779326;53.70514856
6607;1;0;53;32;2018;12;6;4;3;5;3;2;0;1;0;0;0;0;1;592042.256;5921632.658;10.385532135;53.435685442
6608;1;0;56;41;2018;10;18;6;3;5;2;1;0;1;0;1;0;0;0;559027.6513;5954119.4914;9.894786327;53.732389519
6609;1;0;55;27;2018;10;15;7;2;0;7;0;0;0;0;1;0;0;0;622797.0572;6009354.0063;10.883282555;54.217457779
6611;1;0;60;44;2018;11;8;5;3;2;6;0;0;1;0;0;0;0;1;563499.9788;5965532.8383;9.964921706;53.834435637
6612;1;0;51;44;2018;10;20;2;3;5;3;2;0;1;0;1;0;0;0;505878.7467;6004319.5356;9.090088039;54.186892961
6613;1;0;51;82;2018;12;6;4;3;9;1;2;0;1;0;0;0;0;1;514931.2689;6002013.6113;9.228696944;54.165984669
6614;1;0;55;46;2018;11;15;1;3;9;6;0;0;1;0;1;0;0;0;642656.267;6035363.1765;11.200063505;54.445899036
6615;1;0;3;0;2018;10;16;3;3;0;3;0;1;0;0;0;1;0;1;611265.922;5969106.002;10.691775576;53.858507029
6618;1;0;3;0;2018;10;10;1;3;5;2;0;0;1;0;1;0;0;0;623082.5636;5980053.9889;10.875746927;53.954189053
6620;1;0;62;18;2018;10;15;5;3;4;6;0;0;1;0;0;0;1;0;581301.7338;5933645.3059;10.227008267;53.545404275
6621;1;0;56;15;2018;12;1;2;3;6;7;2;1;0;1;0;0;0;1;542631.1683;5956638.4871;9.646604135;53.756627507
6622;1;0;60;9;2018;11;5;1;3;9;1;2;0;1;0;0;0;0;1;562708.2352;5975730.0423;9.954978649;53.926172533
6623;1;0;59;183;2018;11;16;7;3;5;3;0;1;1;0;0;0;0;0;523195.3678;6069880.8416;9.360597051;54.775603034
6624;1;0;60;4;2018;12;9;7;3;5;3;0;1;1;0;0;0;0;1;558021.8113;5972886.5538;9.883079874;53.901164393
6625;1;0;60;16;2018;11;15;4;3;8;1;0;0;0;0;1;0;0;1;583166.4211;5984312.3973;10.26880114;54.000410716
6626;1;0;3;0;2018;11;15;5;3;8;1;1;0;1;0;0;0;0;1;614987.6798;5973372.9232;10.749935794;53.896029809
6627;1;0;58;30;2018;10;2;7;2;2;6;2;0;1;0;0;1;0;1;540875.1751;6028904.8297;9.629728017;54.406244623
6628;1;0;58;23;2018;12;20;3;2;8;7;2;0;0;0;1;0;0;1;558345.8259;6004721.8814;9.894130971;54.187224573
6629;1;0;62;60;2018;10;5;5;3;6;2;2;0;1;1;0;0;0;0;582995.11;5929755.9886;10.251527191;53.510188104
6631;1;0;3;0;2018;11;21;4;3;4;6;2;1;0;0;0;0;0;0;610413.6525;5969466.0747;10.678952683;53.861923952
6632;1;0;58;124;2018;10;2;7;3;9;1;2;0;1;0;0;0;0;1;545729.0544;6016017.4833;9.702523497;54.290016677
6633;1;0;58;43;2018;12;15;4;3;5;2;0;0;1;0;0;0;0;1;554792.5134;6034332.8269;9.845120979;54.453714087
6634;1;0;58;43;2018;10;16;2;3;2;6;0;0;1;0;1;0;0;0;553982.254;6034189.637;9.832598882;54.452514087
6635;1;0;56;15;2018;12;10;2;3;5;2;0;0;1;0;0;0;0;1;543501.9713;5955813.8208;9.659694859;53.749143693
6637;1;0;3;0;2018;11;0;6;3;5;2;2;0;1;0;0;0;0;1;608067.613;5968092.112;10.642811426;53.850073324
6638;1;0;58;124;2018;12;12;3;3;9;1;0;0;1;0;0;0;0;1;546681.8007;6016412.3634;9.717220694;54.293479239
6640;1;0;3;0;2018;10;12;5;2;8;1;0;1;0;0;0;0;0;0;622828.8971;5980096.7136;10.871900587;53.954633135
6641;1;0;53;83;2018;12;6;4;3;8;1;2;0;1;0;0;0;0;2;603987.091;5918926.6291;10.564377989;53.409150189
6642;1;0;62;65;2018;12;14;7;3;9;1;0;0;1;0;0;0;0;1;587435.648;5959953.3612;10.326961769;53.780823736
6643;1;0;53;20;2018;11;7;5;2;5;3;0;1;1;0;0;0;0;0;605165.4155;5928312.2996;10.585235118;53.493249862
6644;1;0;3;0;2018;12;7;6;3;5;2;0;1;1;0;0;0;0;1;608685.6681;5972002.5102;10.653587989;53.885076839
6645;1;0;53;41;2018;11;16;3;3;0;5;1;0;1;0;1;0;0;1;613235.6076;5965065.267;10.720220498;53.821778841
6646;1;0;55;42;2018;11;7;3;3;5;2;1;0;1;0;0;1;0;0;615986.6251;5984228.4602;10.769253635;53.993330454
6647;1;0;56;16;2018;10;13;5;3;6;4;0;0;1;1;0;0;0;1;542817.9028;5950856.4279;9.648635776;53.704644517
6648;1;0;59;182;2018;10;18;4;3;5;3;1;1;0;0;1;0;0;0;533031.342;6064591.39;9.512900954;54.727518945
6650;1;0;56;43;2018;12;18;1;3;5;3;2;0;1;0;0;0;1;1;557581.4761;5943972.8058;9.870982942;53.641359389
6651;1;0;56;15;2018;12;7;3;3;5;3;1;1;1;0;0;0;0;1;543421.1948;5956219.8656;9.658527069;53.752799836
6652;1;0;62;1;2018;12;18;7;2;9;1;2;0;1;0;0;0;0;1;582702.9726;5946833.9954;10.251650006;53.66370396
6653;1;0;2;0;2018;11;19;4;3;5;2;2;1;1;0;0;0;0;0;573154.2475;6021806.4774;10.125195033;54.338845383
6654;1;0;62;11;2018;12;6;1;3;3;6;2;0;1;0;0;1;0;1;581537.8241;5941135.711;10.232527059;53.612680003
6656;1;0;55;35;2018;10;19;5;3;5;2;2;0;1;0;0;0;0;0;613978.495;5975687.631;10.735447358;53.917047807
6657;1;0;58;78;2018;12;6;3;3;8;1;2;0;1;0;0;0;0;2;531874.1636;6016035.0165;9.489686778;54.29122617
6658;1;0;59;53;2018;11;14;3;3;2;6;0;0;1;0;0;0;0;0;534468.5857;6029499.671;9.531101518;54.412064674
6659;1;0;3;0;2018;12;11;5;2;6;4;0;0;1;1;0;0;0;0;613691.5829;5969904.7081;10.728934842;53.865157174
6660;1;0;56;23;2018;11;14;6;3;2;6;0;0;1;0;0;0;0;1;542815.758;5951421.6671;9.648681422;53.70972494
6661;1;0;3;0;2018;10;6;3;1;5;2;2;0;1;0;1;0;0;0;610413.197;5971802.8506;10.679787033;53.882918218
6662;1;0;3;0;2018;12;19;5;2;5;2;2;1;1;0;0;0;0;1;612004.4473;5968314.0555;10.702710342;53.851233269
6663;1;0;58;172;2018;11;19;2;3;9;1;2;0;1;0;0;0;0;1;542963.4918;6014535.1539;9.659827181;54.276935112
6664;1;0;55;24;2018;10;22;4;1;8;1;2;0;1;0;0;0;0;0;611727.441;6001536.2686;10.710698535;54.149759171
6666;1;0;3;0;2018;10;10;2;3;2;6;0;0;1;0;0;0;0;0;612630.3355;5966766.4967;10.711653173;53.837194436
6668;1;0;58;135;2018;10;19;5;3;5;2;2;1;1;0;0;0;0;0;543345.9452;6017264.4307;9.666096068;54.301430504
6669;1;0;62;1;2018;12;8;2;3;5;3;0;0;1;0;0;0;0;1;580204.0692;5946359.7212;10.213717909;53.659831204
6670;1;0;55;44;2018;12;11;5;3;8;1;0;0;1;0;0;0;0;1;613626.322;5990624.0209;10.735659193;54.051311107
6671;1;0;53;60;2018;11;16;2;3;2;2;0;0;1;0;0;0;0;0;593354.1976;5935530.8233;10.40941089;53.56034316
6672;1;0;3;0;2018;10;8;4;3;5;3;0;1;1;0;0;0;0;0;613283.5175;5965429.0334;10.721081928;53.825036528
6674;1;0;54;56;2018;12;17;2;3;5;3;2;1;1;0;0;0;0;1;503445.79;6037515.998;9.05318823;54.485265249
6675;1;0;61;73;2018;12;4;4;3;8;1;2;0;0;0;0;0;1;2;537142.1355;5968913.8486;9.564835873;53.867375702
6676;1;0;62;4;2018;12;12;1;3;2;6;0;0;1;0;0;0;0;1;594164.0381;5961336.5719;10.429463535;53.792079181
6678;1;0;53;32;2018;11;8;4;3;0;7;0;1;0;0;0;0;0;0;591136.6933;5922466.933;10.372146359;53.443339698
6679;1;0;59;20;2018;12;6;1;2;9;1;2;0;0;0;0;0;1;2;523463.3271;6032229.7745;9.361750086;54.437226942
6681;1;0;4;0;2018;10;6;5;3;5;3;1;1;1;0;0;0;0;0;564001.878;5990983.294;9.977883287;54.063089458
6682;1;0;53;83;2018;12;18;3;3;6;2;2;0;1;1;0;0;0;1;603621.8083;5915045.401;10.557610922;53.374347227
6683;1;0;2;0;2018;11;15;3;3;2;6;0;0;1;0;0;0;0;1;575247.5958;6018926.4544;10.156659541;54.312662203
6684;1;0;56;39;2018;12;5;5;3;5;2;2;0;1;0;0;0;0;1;551156.7221;5945773.036;9.774108159;53.658206691
6685;1;0;51;110;2018;11;22;6;2;8;1;2;0;1;0;0;0;0;1;514377.091;5988937.149;9.219587021;54.048473301
6686;1;0;3;0;2018;10;9;3;3;2;2;0;0;1;0;1;0;0;0;610289.9769;5969960.3895;10.67725063;53.866391297
6687;1;0;53;100;2018;12;8;5;3;2;6;0;0;1;0;0;0;0;1;616769.1629;5951518.0448;10.768749591;53.699289292
6688;1;0;3;0;2018;11;15;2;3;5;3;0;1;1;0;0;0;0;1;612960.285;5969781.182;10.717773872;53.864207056
6689;1;0;2;0;2018;11;10;2;3;0;1;0;1;0;0;0;0;0;0;573296.6257;6020019.6468;10.126945381;54.322769059
6690;1;0;53;49;2018;10;16;4;3;5;3;0;0;1;0;0;0;0;0;595783.768;5939964.509;10.447439081;53.599745112
6692;1;0;60;85;2018;10;9;2;3;2;2;0;0;1;0;0;1;1;0;579764.8433;5965548.35;10.21202576;53.832333068
6694;1;0;58;135;2018;10;19;5;3;0;7;2;1;0;0;0;0;0;0;542731.7975;6017936.6845;9.656755331;54.307523702
6695;1;0;60;96;2018;12;21;7;3;2;6;2;0;1;0;0;0;0;0;590579.9775;5975320.1958;10.379198999;53.918365645
6696;1;0;60;5;2018;12;17;2;3;2;6;2;0;1;0;0;0;0;1;585594.9249;5978507.6225;10.30421023;53.947854476
6697;1;0;53;32;2018;12;13;5;3;0;7;0;0;0;0;0;0;1;1;588375.2041;5923841.678;10.330968318;53.456163832
6698;1;0;60;44;2018;11;6;2;2;6;2;2;0;1;1;0;0;0;1;563673.2547;5965439.0491;9.9675349;53.833571561
6699;1;0;59;87;2018;12;5;6;3;9;1;2;0;1;0;0;0;0;1;526807.3979;6023310.553;9.412501555;54.356903757
6700;1;0;58;58;2018;10;5;5;3;1;5;2;0;1;0;0;0;1;0;562797.627;6029036.8107;9.967451913;54.405197693
6701;1;0;55;37;2018;12;5;2;3;2;2;2;0;1;0;0;0;0;1;620452.3625;5998353.3559;10.8429452;54.119195396
6702;1;0;62;4;2018;11;16;1;2;1;5;1;0;1;0;1;0;0;0;589811.489;5962752.2444;10.36382322;53.80556923
6703;1;0;61;46;2018;11;18;5;2;6;4;2;0;1;1;0;0;0;0;531805.0775;5973348.6396;9.484136842;53.907589061
6704;1;0;58;169;2018;11;18;6;3;2;6;2;0;1;0;0;0;0;0;558437.928;5991502.113;9.89298379;54.068412928
6705;1;0;55;32;2018;12;14;4;3;5;3;0;1;1;0;0;0;0;1;617838.9134;5996573.6999;10.802287247;54.103813642
6706;1;0;59;178;2018;10;11;7;2;8;1;0;0;0;0;1;0;0;0;545504.35;6073256.895;9.707921884;54.804414057
6708;1;0;55;4;2018;11;15;5;3;5;3;0;0;1;0;0;0;0;0;610950.146;5974458.8332;10.688914224;53.906665457
6709;1;0;53;121;2018;10;7;2;3;2;6;1;0;1;0;0;0;0;0;598505.8026;5948159.2016;10.49115299;53.672873393
6710;1;0;51;44;2018;12;16;4;3;5;3;2;1;1;0;0;0;0;1;506002.2108;6003280.6695;9.091959325;54.177554585
6711;1;0;58;39;2018;11;16;1;3;8;1;1;0;1;0;0;0;0;1;548600.9638;6031226.0467;9.749122342;54.426425119
6712;1;0;3;0;2018;10;10;3;3;3;6;0;0;1;0;0;0;1;1;611414.4425;5969007.5313;10.693996972;53.857590501
6715;1;0;58;92;2018;10;10;1;3;5;3;0;0;1;0;0;0;0;0;570568.985;6020945.766;10.08523511;54.33147536
6717;1;0;2;0;2018;10;16;5;3;5;3;0;1;1;0;0;0;0;0;572693.2189;6020581.356;10.117806744;54.327902704
6718;1;0;53;7;2018;12;8;2;3;2;6;0;0;1;0;0;0;0;0;598921.1943;5936533.0477;10.493745205;53.568329018
6719;1;0;58;124;2018;11;10;1;3;8;1;0;1;0;0;0;0;0;0;543510.8978;6015892.4683;9.668430977;54.289086845
6720;1;0;60;5;2018;11;15;6;3;2;6;0;0;1;0;0;0;1;0;583924.4585;5976974.572;10.278343108;53.934352434
6721;1;0;3;0;2018;12;17;7;2;6;4;2;0;1;1;0;0;0;1;618539.132;5975312.9736;10.80470562;53.912658733
6722;1;0;55;40;2018;11;18;4;3;5;3;2;0;1;0;0;0;0;1;607695.4302;5975265.9212;10.639676798;53.914603122
6723;1;0;57;57;2018;11;20;5;3;8;1;2;0;1;0;0;0;0;1;590433.8261;6001582.6855;10.384795979;54.154366221
6724;1;0;60;63;2018;10;12;6;3;5;3;0;1;0;0;0;0;1;1;565958.6816;5948663.7187;9.998673738;53.682528114
6725;1;0;3;0;2018;10;14;5;3;5;2;0;0;1;0;0;0;0;0;620463.308;5977603.317;10.834886253;53.932790143
6727;1;0;58;70;2018;11;17;4;3;8;1;2;0;1;0;0;0;0;0;532001.8962;6008484.8659;9.490842549;54.223363473
6728;1;0;59;179;2018;10;16;7;3;8;1;0;0;1;0;0;0;0;0;512197.2869;6059706.1247;9.189195072;54.684552831
6729;1;0;57;20;2018;12;5;4;3;8;1;2;0;1;0;0;0;0;2;586718.9417;6026078.141;10.335021567;54.375100744
6730;1;0;1;0;2018;10;7;2;3;8;1;1;1;0;0;0;0;0;0;529645.2158;6073776.9451;9.461262099;54.810275699
6731;1;0;3;0;2018;12;12;2;3;4;6;0;0;1;0;0;0;0;0;610309.1843;5971448.0864;10.6780777;53.87975306
6733;1;0;2;0;2018;11;16;6;3;2;6;2;0;1;0;0;0;0;0;574812.0317;6012749.2286;10.148420683;54.257219625
6734;1;0;56;50;2018;12;16;2;3;0;1;1;1;0;0;0;0;0;1;546410.9306;5937555.015;9.701075586;53.584787344
6736;1;0;57;50;2018;10;13;5;2;5;2;0;0;0;0;1;0;1;0;590900.4964;6016610.5308;10.396489397;54.289307849
6737;1;0;55;4;2018;12;16;4;3;5;2;2;0;1;0;0;0;0;1;610953.217;5974458.13;10.688960694;53.906658482
6738;1;0;51;72;2018;11;8;3;3;5;3;0;1;1;0;0;0;0;0;500374.137;5978051.601;9.005700983;53.950835207
6739;1;0;60;44;2018;12;16;6;2;6;4;2;0;1;1;0;0;0;1;563071.7229;5965790.4013;9.958467952;53.836802487
6740;1;0;2;0;2018;11;7;5;3;0;3;1;1;0;0;0;0;0;1;572786.5509;6020490.3045;10.119219395;54.327071239
6741;1;0;4;0;2018;12;18;6;3;6;2;2;0;1;1;0;0;0;1;564573.986;5991279.665;9.986686223;54.065681422
6742;1;0;3;0;2018;11;12;3;3;5;2;0;1;1;0;0;0;0;1;611269.0101;5969101.8984;10.69182102;53.8584695
6743;1;0;1;0;2018;11;16;3;3;2;6;2;0;1;0;0;0;0;0;527223.7038;6068991.3766;9.423136711;54.767407561
6744;1;0;62;18;2018;10;7;5;3;5;3;0;1;1;0;0;0;0;1;580517.121;5933339.3723;10.215091057;53.542775863
6745;1;0;58;146;2018;10;15;4;3;2;6;0;0;1;0;0;0;1;0;549007.581;6018029.7884;9.753216007;54.307796776
6747;1;0;62;1;2018;12;16;1;3;6;4;1;0;0;1;0;0;1;1;581912.1135;5948145.9817;10.240030185;53.675618361
6748;1;0;56;49;2018;12;7;3;3;5;3;1;0;0;0;1;0;0;1;542537.0592;5947991.2344;9.643988537;53.67891565
6749;1;0;4;0;2018;12;18;7;3;5;2;2;1;1;0;0;0;0;1;565393.684;5991791.131;9.999319427;54.070174311
6750;1;0;51;44;2018;11;10;3;3;2;6;0;0;1;0;0;0;1;0;506844.9076;6005348.6583;9.104917232;54.196130337
6751;1;0;60;34;2018;12;13;7;3;5;3;0;0;1;0;0;0;0;1;571704.675;5975190.527;10.091832459;53.920156854
6753;1;0;2;0;2018;10;19;5;3;5;3;2;1;1;0;0;0;0;0;574141.856;6017732.496;10.139370161;54.302095417
6754;1;0;59;10;2018;12;6;3;3;8;1;2;0;1;0;0;0;0;2;529293.2264;6049166.3145;9.453312984;54.589130845
6755;1;0;56;15;2018;11;16;2;2;5;3;1;1;1;0;0;0;0;0;542400.045;5957187.9775;9.643174294;53.761585026
6756;1;0;55;12;2018;12;22;5;2;8;7;2;0;1;0;0;0;0;1;601656.0378;5999333.4602;10.555815522;54.132059973
6757;1;0;59;183;2018;10;17;1;3;9;1;0;0;1;0;0;0;0;0;521216.2628;6066888.32;9.329611728;54.7487979
6759;1;0;3;0;2018;11;16;6;3;5;3;2;0;1;0;0;0;1;0;609544.385;5971049.658;10.666306278;53.876335504
6760;1;0;2;0;2018;10;13;3;3;6;4;0;0;1;1;0;0;0;0;575142.9178;6026940.8952;10.157072251;54.384691879
6761;1;0;58;135;2018;12;7;5;3;0;1;2;0;0;0;1;0;0;1;542695.72;6016494.642;9.655994823;54.294567263
6762;1;0;2;0;2018;11;16;2;3;2;6;1;0;1;0;0;0;0;1;573561.4068;6018650.472;10.130678148;54.310427992
6763;1;0;2;0;2018;10;16;4;3;5;2;0;0;1;0;1;0;0;0;570994.9336;6022987.5626;10.0922705;54.349763398
6764;1;0;56;42;2018;10;10;7;3;5;2;0;0;1;0;0;0;0;0;540009.301;5955068.82;9.606636474;53.742727563
6766;1;0;61;54;2018;10;18;6;3;5;3;1;1;1;0;0;0;0;0;529529.9517;5963699.3197;9.448577376;53.820997097
6767;1;0;2;0;2018;10;15;2;3;2;6;0;0;0;0;0;1;1;0;572776.3676;6018093.2608;10.118478459;54.30553351
6769;1;0;2;0;2018;10;15;5;3;5;2;0;0;1;0;0;0;1;0;573431.8616;6018890.0086;10.128746303;54.31259904
6770;1;0;59;75;2018;12;15;5;3;0;1;0;1;0;0;0;0;0;0;533974.1145;6039944.9403;9.524682158;54.505968024
6771;1;0;53;3;2018;11;16;2;3;5;2;1;1;1;0;0;0;0;0;587397.8656;5931989.2786;10.318522933;53.529543685
6772;1;0;59;168;2018;10;15;5;3;9;1;0;0;0;0;1;0;0;1;556335.7887;6058887.8757;9.87362638;54.674197742
6773;1;0;59;121;2018;11;9;1;3;8;7;0;0;1;0;0;0;0;1;562022.8381;6062440.4651;9.962560247;54.705452083
6774;1;0;54;96;2018;12;16;2;3;5;3;2;0;1;0;0;0;0;1;510846.824;6034888.378;9.167331718;54.461546152
6775;1;0;58;157;2018;11;17;5;3;0;3;1;1;1;0;0;0;0;1;573649.8448;6031892.8868;10.135315076;54.429406305
6776;1;0;61;46;2018;11;19;5;3;2;2;2;0;1;0;1;0;0;1;532107.681;5976132.903;9.489035242;53.932594554
6777;1;0;56;39;2018;11;16;2;3;2;6;2;0;1;0;0;0;1;0;552995.2509;5947623.1598;9.802241769;53.674651681
6778;1;0;1;0;2018;12;16;4;3;2;6;2;0;1;0;0;0;0;1;527368.8262;6068770.3643;9.425371442;54.765413541
6779;1;0;56;49;2018;10;6;6;3;0;1;2;1;0;0;0;0;0;1;544730.5427;5948006.2851;9.677196396;53.678867777
6781;1;0;54;163;2018;11;17;5;2;2;6;2;0;1;0;0;0;1;0;470349.8244;6061865.6456;8.539876262;54.703234598
6782;1;0;2;0;2018;10;17;2;3;2;6;1;0;1;0;0;0;0;1;571334.8815;6019164.5842;10.096585139;54.315363558
6783;1;0;53;17;2018;12;6;4;3;8;1;2;0;1;0;0;0;0;2;593223.7656;5927680.395;10.405105416;53.489822989
6784;1;0;53;129;2018;11;9;7;3;5;3;0;1;0;0;1;0;0;1;583357.0037;5928328.2561;10.256603393;53.497300538
6785;1;0;2;0;2018;10;17;3;3;2;6;0;0;1;0;0;0;0;1;575499.5563;6019391.5967;10.160649274;54.316804596
6789;1;0;59;35;2018;10;6;5;2;8;1;2;0;0;0;1;0;0;1;525343.9782;6033308.2678;9.390836918;54.446829122
6790;1;0;56;11;2018;12;17;5;3;5;3;2;0;1;0;0;0;0;1;550683.6894;5958233.8952;9.768990774;53.770245217
6791;1;0;58;43;2018;12;13;1;3;5;2;0;0;1;0;0;0;0;1;554788.692;6034332.408;9.845061967;54.453710735
6792;1;0;60;58;2018;11;9;6;3;2;2;0;0;1;0;0;0;1;0;574930.4529;5960877.6202;10.137446699;53.791079422
6793;1;0;2;0;2018;11;12;6;3;5;3;0;0;1;0;0;0;1;1;573200.669;6019333.605;10.125302087;54.316618261
6794;1;0;51;133;2018;12;12;6;2;4;6;0;0;1;0;0;0;0;1;507584.0006;6013698.6754;9.116456942;54.271166116
6795;1;0;59;98;2018;11;18;4;3;2;6;1;0;1;0;0;0;0;1;538129.4264;6044675.6135;9.589463623;54.548185482
6796;1;0;62;92;2018;11;11;4;2;8;1;0;0;1;0;0;0;0;1;583345.7332;5965463.4131;10.266399981;53.831007892
6797;1;0;2;0;2018;10;17;6;3;2;2;0;0;1;0;0;0;0;1;575137.6108;6028498.2801;10.157384358;54.398686536
6798;1;0;56;31;2018;10;19;5;3;9;1;2;0;1;0;0;0;0;0;546742.7578;5956615.3551;9.708957746;53.756067028
6800;1;0;59;116;2018;10;19;5;3;4;6;2;0;1;0;0;0;1;0;535280.524;6063215.6362;9.547657185;54.715003084
6801;1;0;3;0;2018;11;16;1;3;5;2;1;1;1;0;0;0;0;0;621856.5548;5980365.4528;10.85719812;53.957277195
6802;1;0;2;0;2018;12;7;2;3;5;3;2;1;1;0;0;0;0;1;576197.0953;6017244.8198;10.170822363;54.297410946
6803;1;0;60;85;2018;11;13;5;3;5;3;0;0;1;0;0;0;0;0;581822.163;5962590.296;10.242492042;53.805431943
6804;1;0;57;20;2018;11;14;6;2;7;7;0;0;0;0;1;0;0;0;587978.6296;6027085.6861;10.354706347;54.383937411
6805;1;0;2;0;2018;12;12;4;2;8;1;0;0;1;0;0;0;0;1;572166.136;6018585.457;10.10922087;54.310042851
6806;1;0;51;134;2018;10;10;6;3;0;7;0;0;1;0;0;0;1;0;507836.2045;5988522.8798;9.119675107;54.044890822
6808;1;0;4;0;2018;11;13;5;3;2;6;0;0;1;0;0;0;0;0;564376.654;5992824.3663;9.983999717;54.079587544
6809;1;0;4;0;2018;10;7;2;3;5;2;0;1;1;0;0;0;0;0;563780.6095;5992738.186;9.974872467;54.078887244
6810;1;0;56;42;2018;12;5;4;3;8;1;2;0;1;0;0;0;0;2;537897.3947;5954375.2756;9.574531732;53.736651872
6811;1;0;60;7;2018;11;13;7;3;5;2;0;0;1;0;0;0;0;1;577414.6842;5975394.9539;10.178809817;53.921172045
6812;1;0;57;80;2018;10;7;3;3;5;3;1;0;1;0;0;0;0;1;582737.1625;6001894.8603;10.267057447;54.15846875
6816;1;0;60;27;2018;10;16;5;2;2;6;0;0;1;0;0;0;0;0;562341.3966;5979585.9432;9.950180168;53.9608689
6817;1;0;51;107;2018;12;18;1;3;8;1;2;0;1;0;0;0;0;1;502847.8304;6010290.899;9.043697819;54.240586927
6818;1;0;55;33;2018;11;16;7;3;8;1;0;0;1;0;0;0;0;0;622373.0374;6015113.5552;10.879133822;54.269295622
6819;1;0;53;90;2018;11;16;6;3;1;2;0;0;1;0;0;0;0;0;612229.172;5944994.07;10.69765598;53.641670282
6820;1;0;2;0;2018;12;17;7;3;6;4;2;0;1;1;0;0;0;1;572607.9361;6020456.8083;10.116465309;54.326795693
6821;1;0;2;0;2018;11;18;4;3;6;2;2;0;1;1;0;0;0;0;574119.0856;6018332.9555;10.139169299;54.307494259
6822;1;0;1;0;2018;11;17;5;3;2;6;2;0;1;0;0;0;0;1;527041.9309;6069004.8676;9.420312765;54.767538619