OBJECTID_1;ULAND;UREGBEZ;UKREIS;UGEMEINDE;UJAHR;UMONAT;USTUNDE;UWOCHENTAG;UKATEGORIE;UART;UTYP1;ULICHTVERH;IstRad;IstPKW;IstFuss;IstKrad;IstGkfz;IstSonstig;STRZUSTAND;LINREFX;LINREFY;XGCSWGS84;YGCSWGS84
6823;1;0;55;44;2018;10;18;6;3;5;3;2;0;1;0;0;0;0;1;610304.08;5987563.215;10.68382408;54.024534371
6824;1;0;2;0;2018;10;18;5;2;5;2;2;1;1;0;0;0;0;0;574147.0702;6017730.3418;10.139449738;54.302075303
6826;1;0;54;118;2018;11;17;4;3;5;3;2;0;1;0;0;0;0;0;506120.0812;6037592.3685;9.094469358;54.485926397
6827;1;0;2;0;2018;12;9;4;3;0;1;0;0;0;0;1;0;0;2;574376.72;6020097.479;10.14356774;54.323312203
6828;1;0;60;36;2018;10;16;1;3;5;2;0;0;1;0;0;0;0;0;564567.8975;5972857.0284;9.982688379;53.900125047
6829;1;0;2;0;2018;12;22;2;3;3;6;2;0;1;0;0;0;0;0;574251.1869;6017705.1519;10.141043133;54.301833832
6831;1;0;62;94;2018;11;15;5;3;5;3;1;0;1;0;0;0;1;0;599445.1611;5965335.9709;10.510896033;53.827031866
6832;1;0;3;0;2018;12;7;2;3;5;2;2;1;1;0;0;0;0;1;612294.3648;5970947.7858;10.708079347;53.874832438
6834;1;0;60;73;2018;10;14;5;2;2;6;0;0;1;0;0;0;1;0;561919.5803;5971692.272;9.942153067;53.889980632
6835;1;0;2;0;2018;12;22;4;3;5;7;2;0;1;0;0;0;0;1;573217.7622;6018595.3438;10.12538376;54.309982008
6836;1;0;60;47;2018;11;20;3;3;5;3;2;0;1;0;0;0;0;1;571162.3662;5964027.4331;10.080986478;53.819914401
6837;1;0;3;0;2018;12;16;6;3;2;6;2;0;1;0;0;0;0;1;610140.951;5969927.741;10.674973645;53.866129617
6838;1;0;1;0;2018;11;7;5;3;5;3;0;0;1;0;0;0;0;0;527195.3833;6073350.8478;9.423105347;54.806585456
6839;1;0;57;70;2018;12;13;6;3;2;6;0;0;1;0;0;0;0;1;587535.6532;6007335.7054;10.342103531;54.206560244
6840;1;0;57;28;2018;11;8;3;3;5;3;0;0;1;0;0;0;0;0;589014.4236;6026089.377;10.370352384;54.374805832
6841;1;0;51;44;2018;11;1;2;3;7;1;2;0;0;0;1;0;0;1;506464.3399;6005884.4626;9.099095504;54.200950873
6842;1;0;55;41;2018;10;19;5;3;2;6;1;0;1;0;0;0;0;0;612454.3812;5991680.7452;10.718158357;54.061061437
6844;1;0;56;50;2018;10;11;3;3;2;6;0;0;1;0;0;0;0;0;548087.0635;5937502.5746;9.726384685;53.584164993
6846;1;0;57;42;2018;12;12;1;2;9;7;0;0;1;0;0;0;0;1;582450.9861;6004931.6791;10.263507481;54.185802029
6847;1;0;3;0;2018;12;15;3;3;5;2;0;1;1;0;0;0;0;0;610247.7099;5967979.6566;10.67589677;53.848604812
6848;1;0;54;131;2018;12;9;7;3;9;1;0;0;1;0;0;0;0;1;494391.1421;6083438.5451;8.912540318;54.897945938
6849;1;0;56;15;2018;11;17;3;3;5;2;2;0;1;0;0;0;0;0;544946.7926;5955884.4033;9.681613747;53.749655483
6850;1;0;58;34;2018;12;11;7;3;2;6;0;0;1;0;0;0;0;0;543663.3829;6018630.2793;9.671173435;54.313678131
6852;1;0;56;48;2018;10;13;5;3;2;6;0;0;1;0;0;0;0;0;549679.8267;5952411.4045;9.752825316;53.718012151
6853;1;0;1;0;2018;12;11;3;3;5;2;0;1;1;0;0;0;0;1;528788.242;6071616.36;9.447713897;54.79090966
6854;1;0;62;18;2018;11;16;2;3;5;3;1;1;1;0;0;0;0;0;581295.8262;5933642.379;10.226918371;53.545378887
6855;1;0;57;55;2018;12;7;5;3;6;4;2;0;1;1;0;0;0;1;602118.0478;6019519.7745;10.569749431;54.313326731
6856;1;0;61;119;2018;10;11;1;3;8;1;0;0;0;0;1;0;0;0;521198.9127;5977870.6438;9.323007005;53.948774677
6858;1;0;58;34;2018;11;13;6;3;2;6;0;0;1;0;0;0;0;1;543905.816;6018734.7016;9.674915076;54.314595768
6859;1;0;54;118;2018;10;19;3;3;9;1;2;0;0;0;1;0;0;1;506648.3817;6039594.6322;9.102669257;54.503914414
6860;1;0;4;0;2018;12;17;5;3;6;7;2;1;0;1;0;0;0;1;564183.1687;5992472.5418;9.98096821;54.076450028
6861;1;0;59;173;2018;11;6;2;3;5;3;2;0;1;0;0;0;0;1;513955.5872;6069233.2745;9.216925069;54.770125425
6862;1;0;59;75;2018;10;11;4;3;2;6;0;0;1;0;0;0;0;0;534305.3055;6042574.5215;9.53010264;54.529577128
6863;1;0;60;39;2018;10;14;7;3;5;2;0;0;1;0;1;0;0;0;566351.2858;5960282.394;10.007110118;53.78689464
6865;1;0;56;18;2018;10;6;2;3;2;6;1;0;1;0;0;0;1;0;555197.285;5943999.0594;9.8349284;53.641852255
6867;1;0;51;140;2018;10;16;4;3;2;6;0;0;0;0;1;0;1;0;497536.0937;6006898.027;8.962221057;54.210095221
6868;1;0;56;35;2018;12;18;4;3;4;6;2;0;1;0;0;0;0;1;550595.8103;5966864.7391;9.769076103;53.847822573
6869;1;0;3;0;2018;11;7;2;3;6;4;0;0;1;1;0;0;0;1;612655.9955;5969722.3241;10.71312725;53.863744394
6870;1;0;61;44;2018;10;17;4;3;5;3;0;0;1;0;0;0;0;0;541186.9949;5962830.9885;9.625528523;53.812400035
6871;1;0;53;18;2018;11;18;7;3;7;7;2;0;1;0;0;0;0;0;614674.5023;5954793.4813;10.738250197;53.729180649
6872;1;0;55;35;2018;12;19;2;3;8;1;2;0;1;0;0;0;0;0;613359.0323;5976613.5419;10.726363339;53.925502048
6873;1;0;59;107;2018;11;7;5;3;0;7;0;1;0;0;0;0;0;1;524390.7577;6052579.5548;9.377733104;54.620065332
6874;1;0;56;41;2018;11;19;5;3;5;2;2;1;1;0;0;0;0;1;559601.1203;5954493.9562;9.903550397;53.735689693
6875;1;0;2;0;2018;11;10;1;3;6;4;0;0;1;1;0;0;0;1;573138.0472;6015532.753;10.123409341;54.282473779
6876;1;0;62;9;2018;12;18;4;3;3;1;2;0;1;0;0;1;0;1;578351.4806;5935672.1199;10.18300158;53.564067053
6877;1;0;4;0;2018;10;12;6;3;5;3;0;1;1;0;0;0;0;0;566293.5448;5995068.4276;10.013786003;54.09951035
6879;1;0;62;76;2018;11;12;4;3;1;5;0;0;1;0;0;0;0;0;569885.4945;5955547.484;10.059672045;53.743880802
6880;1;0;62;9;2018;10;20;1;3;8;7;2;0;1;0;0;0;0;0;579022.0276;5936090.9316;10.193229474;53.567730214
6881;1;0;55;12;2018;12;7;4;2;9;1;2;0;0;0;0;0;1;2;606088.3156;6005464.3728;10.625778666;54.186244907
6882;1;0;4;0;2018;11;18;7;3;2;6;2;0;1;0;0;0;0;1;564542.5828;5992032.0469;9.986366708;54.072446622
6883;1;0;54;56;2018;10;7;3;2;5;2;2;1;1;0;0;0;0;1;502877.7089;6039325.741;9.044437132;54.501533265
6886;1;0;58;117;2018;11;16;7;2;9;1;1;0;1;0;0;0;0;0;553928.3298;6002851.0836;9.826107207;54.170895657
6887;1;0;59;75;2018;10;0;1;3;0;1;2;0;0;0;1;0;0;0;536894.225;6042196.9594;9.570058519;54.52600217
6890;1;0;56;15;2018;10;19;4;3;4;6;2;0;1;0;0;0;0;0;542452.282;5955075.9175;9.643676371;53.742598162
6891;1;0;62;18;2018;12;17;5;3;2;6;2;0;1;0;0;0;0;0;579724.4328;5933043.0848;10.203055936;53.540234166
6892;1;0;2;0;2018;12;16;1;3;6;2;2;0;1;1;0;0;0;1;573404.1498;6019774.2437;10.128537861;54.320548493
6893;1;0;56;15;2018;11;15;6;3;5;3;1;1;1;0;0;0;0;0;542744.4742;5956261.5848;9.648270407;53.753230736
6894;1;0;59;87;2018;11;16;6;1;5;2;1;0;1;0;0;0;0;1;535832.3818;6024251.8733;9.551481487;54.364808931
6895;1;0;60;69;2018;12;21;6;3;9;1;2;0;1;0;0;0;0;1;590766.5645;5981566.8451;10.383896196;53.974461492
6896;1;0;61;44;2018;11;9;3;3;5;2;0;1;1;0;0;0;0;1;542144.0751;5959364.6904;9.639589024;53.781169439
6897;1;0;62;23;2018;11;14;4;3;4;6;0;0;1;0;0;1;0;0;584814.2115;5944462.6669;10.282946203;53.642056586
6898;1;0;54;56;2018;10;7;6;3;6;2;1;0;1;1;0;0;0;1;503438.592;6037517.8661;9.053077146;54.485282087
6899;1;0;51;49;2018;10;16;4;3;8;7;0;1;0;0;0;0;0;0;510737.6312;6015065.526;9.164931719;54.283394146
6901;1;0;58;109;2018;12;22;2;3;8;7;2;0;1;0;0;0;0;1;569551.6329;6001229.4223;10.065019647;54.154444135
6902;1;0;54;148;2018;12;20;4;2;8;1;2;0;1;0;0;0;0;1;487857.6133;6016763.0903;8.813422187;54.298619453
6903;1;0;2;0;2018;10;14;1;3;2;6;0;0;1;0;0;0;0;0;573019.3206;6017947.7418;10.12217597;54.304191242
6904;1;0;60;31;2018;12;4;1;1;8;1;2;0;0;0;0;0;1;1;555046.7326;5976722.1461;9.838495694;53.935959616
6906;1;0;59;75;2018;11;11;5;3;7;7;0;0;1;0;0;0;1;0;534187.2638;6042635.3827;9.528285749;54.530132052
6907;1;0;60;74;2018;12;15;2;2;8;1;0;0;0;0;0;1;0;1;584023.7247;5972763.5006;10.278697969;53.896496478
6909;1;0;56;15;2018;10;17;4;3;5;3;0;1;1;0;0;0;0;0;544428.4235;5955628.9662;9.673716601;53.747404139
6910;1;0;51;1;2018;12;21;3;3;0;6;2;0;1;0;1;0;0;0;518781.0131;5996984.0039;9.287348242;54.120654228
6911;1;0;3;0;2018;11;17;3;3;5;3;2;0;1;0;0;0;0;1;610943.3745;5968106.5593;10.686512512;53.849596815
6912;1;0;58;34;2018;12;21;6;3;2;6;2;0;1;0;0;0;0;1;543980.5498;6018774.0364;9.676069582;54.314942831
6913;1;0;2;0;2018;11;18;7;3;0;7;2;1;0;0;0;0;0;1;573690.6076;6021720.9078;10.133421925;54.337999293
6914;1;0;59;18;2018;10;14;4;3;2;6;0;0;1;0;0;0;0;1;534888.0819;6037361.3661;9.538491148;54.482687951
6915;1;0;51;74;2018;12;12;5;2;2;6;0;0;1;0;0;0;0;1;504495.1253;5993496.9834;9.068723726;54.089637067
6916;1;0;60;95;2018;11;9;2;3;5;3;0;0;1;0;0;0;0;1;554683.8201;5973257.6346;9.832348726;53.904862209
6917;1;0;55;27;2018;11;6;2;3;6;4;2;0;1;1;0;0;0;1;622787.8606;6009612.0423;10.883247094;54.21977785
6918;1;0;55;37;2018;10;22;5;3;8;1;2;0;1;0;0;0;0;0;620843.533;6001877.068;10.850337418;54.150757241
6919;1;0;56;15;2018;10;11;7;3;5;2;0;0;1;0;0;0;0;0;545173.1746;5955850.9932;9.685041654;53.749335635
6921;1;0;54;42;2018;10;16;3;3;1;6;0;0;1;0;0;0;0;0;501907.7022;6041693.1138;9.029473755;54.522813771
6923;1;0;53;32;2018;10;6;4;3;5;3;1;0;1;0;0;0;0;0;588709.4628;5921341.2061;10.33529599;53.433637639
6924;1;0;58;107;2018;12;13;7;2;8;7;0;0;1;0;0;0;0;0;569549.231;6013705.7928;10.067870988;54.266557661
6925;1;0;1;0;2018;12;16;3;3;5;3;1;0;1;0;1;0;0;1;527085.1318;6071847.0053;9.421249546;54.793077178
6926;1;0;58;43;2018;12;9;6;3;8;1;0;0;0;0;1;0;0;1;553613.5759;6033427.9054;9.826775284;54.445707973
6927;1;0;59;167;2018;11;9;3;3;8;1;0;0;1;0;0;0;0;1;549825.88;6062629.598;9.773324021;54.708506827
6928;1;0;62;18;2018;12;16;6;3;2;6;2;0;1;0;0;0;1;0;581478.3413;5932132.2245;10.229278965;53.531779534
6929;1;0;3;0;2018;10;16;4;3;3;6;0;0;1;0;1;0;0;0;610235.5267;5969078.3902;10.676106131;53.858478739
6930;1;0;60;44;2018;12;7;2;3;5;2;1;1;1;0;0;0;0;1;562481.774;5966149.9082;9.949577266;53.840104624
6931;1;0;58;150;2018;11;15;2;2;8;1;0;0;1;0;0;0;0;1;568432.5046;6035817.1386;10.055812132;54.465397471
6932;1;0;2;0;2018;11;16;6;3;5;3;1;1;1;0;0;0;0;1;570450.2067;6017434.2066;10.082580152;54.299937474
6933;1;0;56;41;2018;11;7;6;3;2;6;0;0;1;0;0;0;0;1;559801.4396;5954989.792;9.906682719;53.74012293
6934;1;0;56;41;2018;11;6;4;3;2;6;2;0;1;0;0;0;0;0;562526.8725;5955459.4347;9.948093429;53.744023954
6935;1;0;55;18;2018;12;9;2;2;4;5;0;0;1;0;0;0;0;1;633600.0105;6008959.273;11.048674591;54.21121013
6936;1;0;59;75;2018;12;17;4;3;5;3;2;0;1;0;0;1;0;1;537352.656;6043512.6708;9.577308236;54.537792436
6937;1;0;58;164;2018;10;4;1;3;8;1;2;0;1;0;0;0;0;0;538005.8554;5998419.3179;9.581655176;54.132492307
6938;1;0;56;48;2018;12;15;2;3;8;1;0;0;1;0;0;0;0;1;549672.455;5952358.606;9.752705146;53.717538323
6940;1;0;55;40;2018;11;16;5;3;5;3;2;0;1;0;0;0;0;0;608379.3998;5972190.8061;10.648997023;53.886832638
6941;1;0;2;0;2018;12;11;2;3;5;2;0;1;1;0;0;0;0;0;572012.9617;6017386.5982;10.106578006;54.299291789
6943;1;0;4;0;2018;10;15;4;2;5;2;0;1;1;0;0;0;0;0;562595.952;5991777.242;9.956569493;54.070397014
6944;1;0;2;0;2018;12;17;4;2;2;6;2;1;1;0;0;0;0;0;570957.595;6023054.654;10.091712135;54.350371462
6945;1;0;53;116;2018;11;6;3;2;6;4;2;0;0;1;0;0;1;1;599100.2288;5930575.8478;10.494560695;53.514766551
6946;1;0;58;77;2018;12;11;6;3;5;3;0;0;1;0;0;0;0;1;542439.4848;5993857.7493;9.648863961;54.091149772
6947;1;0;4;0;2018;11;22;7;3;5;3;2;0;1;0;0;0;0;1;564701.616;5994923.942;9.989414779;54.098414539
6948;1;0;55;17;2018;10;14;4;2;4;6;0;0;1;0;0;0;0;0;634429.984;6027091.5269;11.069545399;54.37385042
6949;1;0;2;0;2018;12;11;6;3;5;2;0;0;1;0;0;0;0;1;577420.8358;6020742.9856;10.190528618;54.328659779
6950;1;0;3;0;2018;11;5;3;3;7;7;2;0;1;0;0;1;1;0;605862.3438;5968868.8576;10.609570125;53.857506233
6951;1;0;62;71;2018;11;10;2;3;6;4;0;0;1;1;0;0;0;0;580888.5364;5939990.4379;10.22241759;53.602488708
6952;1;0;2;0;2018;10;17;5;3;5;2;1;1;1;0;0;0;0;0;572076.322;6022419.203;10.108766954;54.344504591
6954;1;0;62;9;2018;10;6;3;3;4;6;2;0;1;0;0;0;1;0;579049.9606;5936097.8166;10.193652904;53.56778788
6956;1;0;55;35;2018;12;19;1;3;8;1;2;0;1;0;0;0;0;1;613432.6145;5976902.7668;10.727590697;53.928084318
6957;1;0;2;0;2018;12;10;3;3;5;7;0;0;1;0;0;1;0;1;578206.9769;6019762.6979;10.202357522;54.319731593
6958;1;0;56;39;2018;12;11;6;3;2;6;0;0;1;0;0;0;0;0;551124.3048;5944554.1723;9.773417145;53.647255176
6959;1;0;58;135;2018;11;17;3;2;0;7;2;1;0;0;0;0;0;0;544561.7382;6017814.2664;9.684859689;54.306267171
6960;1;0;59;57;2018;12;0;7;2;2;6;2;0;1;0;0;0;0;0;530689.3267;6043292.7055;9.474303808;54.53626327
6962;1;0;58;137;2018;10;16;4;3;5;2;0;0;1;0;1;0;0;0;553239.4623;6044242.3492;9.822956612;54.542928602
6963;1;0;56;39;2018;12;18;2;3;5;3;2;1;1;0;0;0;0;1;552548.3868;5946282.967;9.795251023;53.662651749
6964;1;0;55;12;2018;11;17;2;3;5;2;2;0;1;0;0;0;0;1;604431.0871;5998402.2482;10.597946786;54.123137506
6965;1;0;1;0;2018;12;13;5;3;3;6;0;1;1;0;0;0;0;1;526308.1474;6072787.1868;9.409250956;54.801567457
6966;1;0;56;15;2018;10;16;7;3;2;6;0;0;1;0;0;0;0;0;544689.5048;5957571.4256;9.677956446;53.764839978
6968;1;0;59;8;2018;11;23;6;2;9;1;2;0;0;0;0;0;1;1;537285.1005;6050492.9661;9.577149656;54.600526592
6969;1;0;54;132;2018;10;13;3;3;2;6;0;0;1;0;0;0;1;0;503384.1622;6031548.2472;9.052168714;54.431632142
6970;1;0;2;0;2018;12;21;5;3;5;3;2;0;1;0;1;0;0;1;573121.8057;6019416.3298;10.124110257;54.317372902
6971;1;0;59;184;2018;11;13;2;2;2;6;0;0;1;0;0;1;0;1;526863.55;6059602.1668;9.416672604;54.683049955
6972;1;0;56;15;2018;10;11;3;1;6;2;0;0;0;1;0;1;0;1;542697.3714;5956330.5596;9.647565622;53.753854523
6973;1;0;56;51;2018;10;18;7;3;9;7;1;0;0;0;1;0;0;0;544886.2268;5967342.1675;9.6823652;53.85263828
6976;1;0;56;48;2018;10;8;2;3;2;6;0;0;1;0;0;0;1;0;549597.1417;5952468.7867;9.751581658;53.718535742
6978;1;0;58;135;2018;10;16;4;2;2;6;0;0;0;0;1;0;1;0;542906.1175;6014969.5277;9.659008391;54.280843605
6979;1;0;62;9;2018;12;17;4;3;2;6;2;0;1;0;0;0;0;1;577485.6426;5935401.9654;10.169864609;53.561767811
6980;1;0;2;0;2018;11;13;2;3;5;3;0;1;1;0;0;0;0;1;576249.0605;6028026.9281;10.174379664;54.394285969
6981;1;0;2;0;2018;10;11;4;3;0;6;0;1;0;0;0;0;0;0;573601.7696;6019629.2301;10.131539711;54.319216994
6982;1;0;3;0;2018;11;6;7;2;1;5;1;0;1;0;0;1;0;1;614534.8305;5975222.5664;10.743739735;53.91274704
6983;1;0;3;0;2018;12;0;1;3;0;1;2;1;0;0;0;0;0;1;611042.8421;5973517.8257;10.689983267;53.898191454
6984;1;0;58;139;2018;11;22;5;3;9;1;2;0;1;0;0;0;0;0;567933.1134;6013599.1583;10.043037248;54.265816625
6985;1;0;62;76;2018;11;22;5;3;5;3;2;0;1;0;0;0;0;1;572559.5543;5953811.0418;10.099803203;53.727910698
6986;1;0;54;45;2018;10;9;7;3;4;6;0;0;1;0;0;0;0;0;505758.1528;6057056.3904;9.089264071;54.660854703
6987;1;0;56;41;2018;11;4;1;3;2;6;2;0;1;0;0;0;0;1;561964.2417;5952976.5214;9.939066062;53.721776909
6988;1;0;60;63;2018;12;14;3;3;2;6;0;0;1;0;0;0;0;1;566503.538;5948693.0739;10.006928251;53.682722868
6989;1;0;59;42;2018;10;20;6;2;5;2;2;0;1;0;0;0;0;0;531961.802;6047850.102;9.494464332;54.57714074
6991;1;0;53;75;2018;11;18;4;3;8;1;2;0;0;0;1;0;0;0;606987.7677;5959804.2179;10.623522401;53.775833625
6992;1;0;57;73;2018;10;12;1;2;5;3;0;0;1;0;0;0;0;0;589160.1513;6031590.0486;10.374246372;54.424202421
6993;1;0;55;16;2018;12;9;4;3;9;1;0;0;1;0;0;0;0;2;630726.1665;6007022.7689;11.003793972;54.194557194
6994;1;0;61;29;2018;10;15;2;3;5;3;0;0;1;0;0;0;0;0;528172.0792;5959549.3055;9.427571501;53.783772272
6997;1;0;51;68;2018;11;15;6;3;5;3;0;0;1;0;0;0;0;0;511788.8693;6011890.9455;9.180953804;54.254839542
6998;1;0;2;0;2018;12;17;3;3;4;6;2;0;1;0;0;0;0;1;574004.0173;6023017.5699;10.138563361;54.349605249
7001;1;0;2;0;2018;10;12;4;3;0;7;0;1;0;0;0;0;0;0;572168.7307;6020392.4553;10.109697649;54.326279725
7002;1;0;59;53;2018;12;16;5;1;5;3;2;0;1;0;0;0;0;1;535173.5764;6026785.6496;9.541642243;54.387625746
7003;1;0;3;0;2018;12;15;7;3;5;7;0;0;1;0;0;0;0;1;612133.6768;5971935.7456;10.705997731;53.883743128
7004;1;0;55;38;2018;11;13;6;3;2;6;0;0;1;0;0;0;0;0;615268.1057;6005669.4151;10.76646438;54.186106654
7005;1;0;51;1;2018;11;5;5;2;8;1;2;0;1;0;0;0;0;1;518289.3426;5997650.1441;9.279866155;54.126658967
7006;1;0;60;63;2018;12;17;6;2;4;6;2;0;1;0;0;0;0;1;566313.6471;5949164.4266;10.004154381;53.686983054
7007;1;0;56;18;2018;11;16;3;3;5;3;2;1;1;0;0;0;0;1;555393.7685;5942893.6333;9.837703253;53.631896473
7008;1;0;56;15;2018;11;5;3;3;5;3;2;0;1;0;0;0;0;0;543692.7947;5957112.0893;9.662772095;53.760796161
7009;1;0;51;2;2018;10;22;6;3;9;1;2;0;1;0;0;0;0;1;515281.7067;6000635.9986;9.23399457;54.153592923
7010;1;0;53;52;2018;10;13;4;3;8;1;0;1;0;0;0;0;0;0;596874.8866;5931763.5651;10.461379059;53.525853798
7012;1;0;57;62;2018;12;18;2;3;5;3;2;1;1;0;0;0;0;1;583237.0183;6010497.4693;10.277091587;54.235685783
7013;1;0;56;18;2018;12;4;4;3;9;1;2;0;1;0;0;0;0;2;555158.5802;5944041.1279;9.834350471;53.642234427
7014;1;0;59;176;2018;12;9;1;3;9;1;0;0;1;0;0;0;0;0;534816.7192;6073008.779;9.541631611;54.803040287
7016;1;0;60;39;2018;11;17;4;3;2;6;2;0;1;0;0;0;0;0;564481.082;5958884.0692;9.978435545;53.77456301
7017;1;0;58;123;2018;12;3;1;3;8;1;2;0;1;0;0;0;0;0;549982.2283;6034750.8826;9.771005435;54.457966958
7019;1;0;57;70;2018;10;21;4;2;7;7;2;0;0;0;1;0;0;0;587232.9757;6007562.9789;10.337530231;54.208653924
7020;1;0;60;99;2018;12;15;3;3;5;3;0;1;1;0;0;0;0;0;559358.132;5979204.3014;9.90464271;53.957790089
7021;1;0;4;0;2018;11;12;3;3;2;6;0;0;1;0;0;0;0;1;563376.5788;5995043.1463;9.969180569;54.099650638
7022;1;0;55;35;2018;12;5;6;2;2;6;2;0;1;0;0;0;0;1;613404.5414;5985108.996;10.730214779;54.001814213
7023;1;0;55;4;2018;11;17;7;3;2;6;2;0;1;0;0;0;0;0;612013.2238;5975276.2509;10.705388056;53.913780545
7024;1;0;60;63;2018;10;9;3;3;2;6;0;0;1;0;0;0;0;1;568895.9004;5949823.3439;10.043395561;53.692570531
7025;1;0;60;41;2018;12;15;5;3;8;1;1;0;1;0;0;0;0;1;583833.3096;5975867.4944;10.276651428;53.924419233
7026;1;0;62;61;2018;11;7;2;3;5;3;0;0;1;0;0;0;0;1;596881.291;5965907.772;10.47213701;53.83265379
7027;1;0;2;0;2018;11;14;2;3;6;4;0;1;0;1;0;0;0;0;572652.6012;6021088.9866;10.117305947;54.332469909
7028;1;0;56;15;2018;10;9;4;3;6;7;0;0;1;0;0;0;1;1;542589.3155;5954528.0929;9.6456785;53.737663283
7029;1;0;56;15;2018;10;21;7;3;5;3;2;0;1;0;0;0;0;0;542819.8172;5956080.4518;9.649387883;53.75159658
7031;1;0;51;114;2018;10;8;2;3;8;1;0;0;1;0;0;0;0;0;519374.1448;6008755.531;9.297180388;54.226429244
7033;1;0;54;152;2018;10;17;4;3;4;6;0;0;1;0;0;0;0;0;513232.462;6039628.726;9.204346515;54.504091747
7034;1;0;54;109;2018;12;17;7;3;3;6;2;0;1;0;0;0;0;0;490969.5536;6071875.8814;8.859548528;54.793986519
7035;1;0;51;51;2018;12;6;2;3;5;3;2;1;1;0;0;0;0;1;519017.2153;5985862.358;9.29026404;54.020687582
7036;1;0;62;62;2018;12;16;6;2;2;6;2;0;1;0;0;0;0;1;594844.0109;5961968.7943;10.439976937;53.797636478
7037;1;0;56;41;2018;11;16;3;3;2;6;2;0;1;0;0;0;0;0;562515.2073;5955403.592;9.947905281;53.74352349
7038;1;0;4;0;2018;12;12;6;3;1;5;0;0;1;0;0;0;0;0;565742.678;5992482.552;10.004801744;54.076343298
7039;1;0;54;88;2018;10;21;4;3;1;6;2;0;1;0;0;0;0;0;488560.3092;6070530.2238;8.822130563;54.781844355
7040;1;0;53;93;2018;12;19;2;2;8;1;2;0;1;0;0;0;0;1;623768.8082;5950333.0103;10.874242312;53.68703157
7041;1;0;53;60;2018;11;14;2;3;2;6;0;0;1;0;0;0;0;1;593420.7132;5935512.6634;10.410409343;53.560168143
7042;1;0;54;56;2018;11;14;6;3;0;1;0;0;0;0;1;0;0;0;502949.1919;6038715.4386;9.045534864;54.496047965
7043;1;0;3;0;2018;11;15;6;3;0;5;0;0;1;0;1;0;0;0;612360.5908;5967811.3275;10.707937929;53.84663976
7044;1;0;53;129;2018;12;14;4;3;5;3;0;0;1;0;0;0;0;1;582574.4627;5927399.3751;10.24456523;53.489076508
7045;1;0;3;0;2018;10;12;7;3;0;7;0;1;0;0;0;0;0;0;609628.5175;5969693.4688;10.667100727;53.864133319
7047;1;0;62;39;2018;11;1;5;3;0;1;2;0;1;0;0;0;0;1;599741.1869;5962751.1537;10.51455415;53.803750435
7048;1;0;62;4;2018;10;19;2;3;6;6;2;1;0;1;0;0;0;0;591543.4574;5963024.5278;10.390196357;53.807713954
7049;1;0;51;110;2018;12;5;4;3;8;1;2;0;1;0;0;0;0;2;514571.9692;5988992.3543;9.2225661;54.048964003
7050;1;0;55;4;2018;11;14;1;3;0;7;0;1;0;0;0;0;0;0;611133.097;5977571.8166;10.692829135;53.934593659
7051;1;0;3;0;2018;10;8;3;3;5;2;0;0;1;0;0;0;0;1;610241.2819;5969067.6835;10.676189751;53.858381326
7052;1;0;56;8;2018;10;23;7;2;9;7;2;0;1;0;0;0;0;0;547720.4116;5959940.8002;9.72429906;53.785866005
7055;1;0;3;0;2018;10;13;1;3;5;3;0;1;1;0;0;0;0;0;609345.9262;5968494.5883;10.662378319;53.853421767
7057;1;0;54;78;2018;10;1;4;3;8;1;2;0;1;0;0;0;0;0;460496.0475;6095549.3616;8.38236246;55.005243671
7058;1;0;58;135;2018;12;16;2;3;2;2;2;0;1;0;0;0;0;1;542129.6142;6017960.9789;9.647504316;54.30779206
7059;1;0;62;92;2018;11;19;1;3;8;1;2;0;1;0;0;0;0;1;588128.9363;5966240.0251;10.339279923;53.83719725
7060;1;0;57;80;2018;11;15;7;3;2;6;1;0;1;0;0;0;0;0;579578.689;5998366.1945;10.217769338;54.127260472
7061;1;0;62;23;2018;12;14;7;3;8;1;0;0;1;0;0;0;0;1;585520.3732;5946353.6926;10.294145329;53.658934702
7062;1;0;56;36;2018;11;8;4;3;5;3;0;1;1;0;0;0;0;1;544479.535;5947000.954;9.67325248;53.669853499
7063;1;0;55;4;2018;11;7;5;3;5;2;0;0;1;0;0;0;0;1;611460.9986;5976095.508;10.697283126;53.921259907
7064;1;0;61;46;2018;10;8;6;3;0;7;0;1;0;0;0;0;0;1;532937.3227;5976064.9479;9.501663744;53.931931685
7065;1;0;3;0;2018;10;16;5;3;2;6;0;0;1;0;1;0;0;0;611127.8849;5971990.7123;10.690722956;53.884453396
7067;1;0;3;0;2018;11;7;4;3;5;3;0;1;1;0;0;0;0;0;609609.8455;5970376.384;10.667060912;53.870272784
7068;1;0;2;0;2018;10;17;7;2;5;3;1;0;1;0;1;0;0;1;569408.5312;6019166.3995;10.066978783;54.31564536
7069;1;0;58;112;2018;12;6;4;2;9;1;2;0;1;0;0;0;0;2;564187.0339;6023487.703;9.987655598;54.355160025
7070;1;0;2;0;2018;10;15;2;3;6;4;0;0;0;1;0;0;1;0;574368.4184;6020369.7984;10.143508004;54.325760376
7071;1;0;3;0;2018;12;14;2;3;2;6;0;0;1;0;0;0;0;0;609591.4069;5970376.2084;10.666780546;53.8702751
7073;1;0;58;170;2018;11;7;6;3;5;2;2;1;1;0;0;0;0;0;568874.9282;6003487.6311;10.055175691;54.174827916
7074;1;0;61;83;2018;12;7;3;3;3;6;2;0;1;0;0;0;0;1;532279.0431;5979677.5374;9.492019996;53.964441881