OBJECTID_1;ULAND;UREGBEZ;UKREIS;UGEMEINDE;UJAHR;UMONAT;USTUNDE;UWOCHENTAG;UKATEGORIE;UART;UTYP1;ULICHTVERH;IstRad;IstPKW;IstFuss;IstKrad;IstGkfz;IstSonstig;STRZUSTAND;LINREFX;LINREFY;XGCSWGS84;YGCSWGS84
7075;1;0;56;41;2018;12;5;4;3;5;3;2;1;1;0;0;0;0;0;559082.4778;5954018.95;9.895598111;53.731479723
7076;1;0;55;40;2018;10;23;7;3;0;7;2;1;0;0;0;0;0;0;608554.1426;5972194.1326;10.651655704;53.886825983
7078;1;0;61;46;2018;11;13;5;3;2;6;0;0;1;0;0;0;1;0;534691.6888;5975135.1008;9.528277485;53.923459982
7079;1;0;53;89;2018;10;18;3;3;2;6;2;0;1;0;0;0;0;1;595557.1418;5935623.0222;10.442686486;53.560775198
7080;1;0;3;0;2018;12;7;5;2;2;6;1;0;1;0;0;1;0;1;609042.1433;5971264.3894;10.658746464;53.878370509
7081;1;0;62;48;2018;11;0;1;3;8;1;2;0;1;0;0;0;0;1;603328.6546;5973432.6784;10.572601337;53.899021252
7082;1;0;55;12;2018;10;14;3;3;9;1;0;0;1;0;0;0;0;1;608876.9974;6000731.6098;10.666784614;54.143142213
7085;1;0;55;25;2018;10;13;1;3;7;7;0;0;1;0;0;0;0;0;632923.0845;6007268.4076;11.03755394;54.196198888
7087;1;0;1;0;2018;10;13;4;3;3;6;0;1;0;0;0;0;1;0;528187.3844;6070903.0841;9.438300355;54.784533939
7088;1;0;59;184;2018;12;16;3;3;7;7;2;0;1;0;0;0;1;0;528599.8126;6063441.3005;9.443978976;54.717455125
7089;1;0;61;119;2018;11;13;1;3;0;1;0;1;0;0;0;0;0;1;521450.0026;5979286.8869;9.326932342;53.961493294
7090;1;0;59;12;2018;11;14;7;3;2;6;0;0;1;0;0;0;0;0;541586.5439;6038109.5527;9.641979384;54.488906908
7091;1;0;62;27;2018;12;11;1;3;8;1;0;0;1;0;0;0;0;1;588321.8419;5952972.1777;10.338411356;53.71794239
7092;1;0;60;39;2018;11;6;4;3;5;3;1;1;1;0;0;0;0;1;564405.0446;5960123.0344;9.977540692;53.785706924
7093;1;0;3;0;2018;11;6;5;3;5;3;2;1;1;0;0;0;0;1;608362.2734;5968115.5581;10.647297001;53.850222581
7094;1;0;54;91;2018;10;13;7;3;5;3;0;0;1;0;0;0;0;0;490824.573;6038143.3176;8.85835145;54.490831812
7095;1;0;3;0;2018;12;15;3;3;5;7;1;0;1;0;1;0;0;1;610527.8938;5968117.0038;10.680203314;53.849779232
7096;1;0;60;39;2018;10;16;5;3;6;4;0;0;1;1;0;0;0;0;566367.2264;5960298.1695;10.007355427;53.78703438
7098;1;0;53;116;2018;11;14;4;3;5;3;0;1;1;0;0;0;0;0;598924.2234;5929407.2803;10.491538508;53.504299407
7099;1;0;3;0;2018;10;12;7;3;5;3;0;1;1;0;0;0;0;0;609307.6443;5970255.5894;10.66242381;53.869251261
7100;1;0;58;171;2018;12;7;4;3;8;1;2;0;1;0;0;0;0;2;556172.579;6016399.9511;9.863018225;54.292412572
7101;1;0;62;18;2018;10;5;2;3;0;3;2;0;1;0;1;0;0;1;581407.2989;5930862.1204;10.227877217;53.520376672
7104;1;0;53;125;2018;11;20;6;3;2;3;2;0;1;0;0;0;0;1;603835.5894;5937414.941;10.568217727;53.575303548
7105;1;0;2;0;2018;12;13;3;3;2;6;0;0;1;0;0;0;0;1;573282.6662;6019823.0876;10.126682529;54.321004843
7107;1;0;54;84;2018;10;13;4;2;4;6;0;0;1;0;0;0;0;0;506435.4175;6036492.5749;9.09931292;54.47603845
7108;1;0;56;41;2018;12;11;4;3;0;1;0;1;0;0;0;0;0;1;559155.6908;5953886.9811;9.896682517;53.730285391
7109;1;0;54;84;2018;12;15;7;3;2;2;1;0;1;0;0;0;0;1;506886.127;6035715.02;9.106250256;54.4690445
7110;1;0;60;4;2018;11;17;5;2;5;2;2;0;1;0;0;0;0;0;561672.8799;5973281.4501;9.93871996;53.904291759
7111;1;0;3;0;2018;12;11;6;3;5;2;0;0;1;0;0;0;0;1;612303.866;5971042.5728;10.708258511;53.875681958
7112;1;0;53;133;2018;11;11;3;3;5;3;0;0;1;0;0;0;0;1;585675.5166;5930679.5703;10.29218786;53.518057845
7113;1;0;56;15;2018;11;13;3;3;3;6;0;0;1;0;0;0;0;0;545413.3462;5955791.0033;9.688674699;53.748775598
7114;1;0;60;54;2018;10;18;5;3;5;3;2;1;1;0;0;0;0;0;558336.0634;5970501.4596;9.887407897;53.879694275
7115;1;0;4;0;2018;10;5;4;2;5;3;2;1;1;0;0;0;0;0;564467.5602;5990958.8277;9.984992076;54.062811547
7117;1;0;53;60;2018;12;9;2;3;2;6;0;0;1;0;0;0;0;1;592994.364;5935563.2396;10.40398976;53.560698326
7118;1;0;61;17;2018;12;6;4;3;9;1;2;0;1;0;0;0;0;1;531845.1697;5973744.2579;9.484788276;53.91114231
7119;1;0;51;11;2018;12;16;7;1;6;4;2;0;1;1;0;0;0;1;506900.977;5971947.725;9.105017049;53.895927579
7121;1;0;3;0;2018;11;17;4;3;5;2;2;1;0;0;0;0;1;0;610366.4328;5971459.912;10.678952438;53.879847129
7122;1;0;59;19;2018;12;6;1;3;0;1;2;0;1;0;0;0;0;0;532570.207;6036887.895;9.502664573;54.478586996
7124;1;0;58;44;2018;10;17;4;3;3;6;0;0;1;0;0;0;0;0;560464.4388;5990383.6811;9.923723237;54.058128137
7125;1;0;3;0;2018;12;15;3;3;5;7;0;0;1;0;1;0;0;1;611079.3971;5968730.5158;10.688804994;53.855173513
7126;1;0;2;0;2018;11;7;3;3;9;1;0;0;1;0;0;0;0;1;572913.8815;6022677.0578;10.121711704;54.346702549
7127;1;0;62;81;2018;12;12;5;3;8;1;0;0;1;0;0;0;0;1;585661.6565;5955141.9666;10.298711816;53.737883585
7128;1;0;51;74;2018;11;13;6;3;5;3;0;0;1;0;0;1;0;1;506748.0829;5995818.2728;9.103219808;54.110475639
7129;1;0;3;0;2018;10;20;3;3;5;2;2;0;1;0;0;0;0;1;610145.319;5970758.811;10.675338465;53.873595246
7130;1;0;3;0;2018;12;6;5;3;5;3;2;1;1;0;0;0;0;1;611785.1977;5969626.172;10.699856699;53.863068789
7131;1;0;3;0;2018;11;18;2;3;5;3;2;1;1;0;0;0;0;1;610108.12;5969953.499;10.674483845;53.866367999
7132;1;0;54;75;2018;11;6;2;3;5;3;2;0;1;0;0;0;0;1;497238.3037;6060753.0792;8.957152626;54.694101792
7133;1;0;62;36;2018;10;7;4;3;5;3;0;0;1;0;0;0;0;1;580042.44;5955926.893;10.213744206;53.745829929
7134;1;0;53;100;2018;10;12;7;3;5;2;0;1;0;0;1;0;0;0;617677.9008;5951369.3917;10.782450868;53.697749817
7136;1;0;56;15;2018;10;18;2;3;5;2;2;0;1;0;1;0;0;0;542897.945;5955696.179;9.650519295;53.748136422
7138;1;0;51;69;2018;10;6;3;3;8;7;1;0;1;0;0;0;0;0;503947.5886;6002981.3668;9.060476745;54.174884476
7139;1;0;51;114;2018;11;16;6;3;5;2;0;0;1;0;0;0;0;1;518450.758;6008036.319;9.282972532;54.219999438
7140;1;0;60;34;2018;12;19;2;3;8;1;2;0;1;0;0;0;0;1;571457.2793;5973526.5469;10.087677499;53.905237803
7141;1;0;53;118;2018;12;14;5;2;9;1;0;0;1;0;0;0;0;1;600999.931;5955313.0812;10.531226017;53.736676166
7142;1;0;56;30;2018;11;16;2;3;9;1;0;0;0;0;0;0;1;0;545657.8129;5962672.3498;9.693400443;53.810600973
7143;1;0;59;120;2018;12;18;6;3;2;2;2;0;1;0;0;0;0;1;525555.5466;6071970.858;9.397471793;54.794270425
7144;1;0;60;63;2018;10;14;3;2;6;7;0;0;1;1;0;0;0;0;565278.349;5948517.238;9.988343761;53.681297118
7145;1;0;58;135;2018;12;20;2;3;4;1;2;0;1;0;0;0;1;1;540378.9638;6020493.5223;9.6209424;54.330693207
7146;1;0;55;37;2018;11;21;1;3;2;2;2;0;1;0;0;0;0;1;620550.851;5998544.592;10.844527535;54.120890209
7147;1;0;56;32;2018;11;17;5;3;5;3;2;1;0;0;0;0;1;1;552038.0063;5950586.6592;9.788249837;53.701382422
7148;1;0;58;59;2018;11;17;6;3;2;6;2;0;0;0;1;0;1;0;554307.6497;5999028.0253;9.83122852;54.136498839
7149;1;0;3;0;2018;12;8;4;3;5;2;0;1;1;0;0;0;0;1;610072.8528;5969617.5052;10.673827232;53.863356816
7150;1;0;59;78;2018;10;14;7;2;5;3;0;0;1;0;0;0;0;0;536675.7441;6036682.6625;9.565997705;54.476462557
7152;1;0;55;2;2018;11;12;5;3;0;1;0;1;0;0;0;0;0;0;619189.2379;5999680.8016;10.824153862;54.131414337
7153;1;0;3;0;2018;10;17;2;2;5;2;2;1;1;0;0;0;0;1;613534.462;5969871.25;10.726534283;53.864890973
7154;1;0;56;39;2018;12;7;4;3;5;3;1;1;1;0;0;0;0;1;552927.7606;5946165.5229;9.800971719;53.661557952
7155;1;0;59;176;2018;11;18;1;3;4;6;2;0;1;0;0;0;0;1;534361.7559;6072930.5515;9.534544972;54.802368687
7156;1;0;4;0;2018;10;16;3;2;0;1;1;1;0;0;0;0;0;1;563468.21;5992119.8857;9.969968716;54.073369472
7159;1;0;57;1;2018;10;11;1;1;8;1;0;0;1;0;0;0;0;0;587122.49;5999763.3936;10.333580101;54.138591757
7161;1;0;60;63;2018;10;15;3;3;5;2;0;1;1;0;0;0;0;0;568151.1436;5948649.3033;10.03186059;53.682117212
7162;1;0;60;63;2018;12;23;2;2;9;1;2;0;1;0;0;0;0;1;562419.6855;5948667.3639;9.945099135;53.682995619
7163;1;0;51;11;2018;11;21;7;3;2;6;2;0;1;0;0;0;1;0;509868.3429;5972504.4328;9.150191353;53.900883302
7164;1;0;60;99;2018;11;10;6;3;5;3;0;0;1;0;0;0;0;0;559235.545;5978827.2978;9.902701498;53.95441606
7165;1;0;4;0;2018;12;10;7;3;8;1;0;0;1;0;0;0;0;1;563266.717;5988518.9923;9.966138601;54.041034643
7166;1;0;3;0;2018;11;14;4;3;5;2;0;1;1;0;0;0;0;0;609420.9227;5970933.7601;10.664387779;53.875320291
7167;1;0;2;0;2018;11;18;5;3;5;3;2;1;1;0;0;0;0;1;577253.0431;6020253.903;10.187822375;54.324290557
7168;1;0;53;129;2018;10;18;6;3;6;3;2;0;1;1;0;0;0;1;582544.2113;5927395.6188;10.24410841;53.489047498
7169;1;0;58;22;2018;10;7;5;3;2;6;1;0;1;0;0;0;1;0;566895.8036;6004705.993;10.025131385;54.186038145
7171;1;0;2;0;2018;11;16;4;3;2;6;1;0;1;0;0;0;0;0;572446.2646;6018355.6377;10.113469905;54.307938091
7172;1;0;57;42;2018;12;21;4;3;8;7;2;0;1;0;0;0;0;1;582122.3577;6006089.072;10.258788787;54.196254445
7173;1;0;60;2;2018;10;13;2;3;2;6;0;0;1;0;0;0;0;0;561973.8576;5959654.5887;9.940551523;53.781792099
7174;1;0;4;0;2018;12;11;2;3;5;2;0;0;1;0;0;0;0;1;565313.4017;5991185.1485;9.997962198;54.064738863
7176;1;0;62;78;2018;11;11;6;3;3;6;0;0;1;0;0;0;0;0;587702.8493;5951412.5894;10.328592373;53.704032425
7177;1;0;56;39;2018;12;19;2;3;5;2;1;1;1;0;0;0;0;1;552208.5811;5945501.6697;9.789977736;53.655663818
7179;1;0;56;15;2018;10;5;3;3;5;3;2;0;1;0;0;0;1;0;543500.137;5955817.442;9.659667555;53.749176392
7180;1;0;3;0;2018;12;16;4;3;5;3;2;0;1;0;0;0;1;1;610943.5426;5968107.027;10.686515235;53.849600981
7181;1;0;60;5;2018;11;7;3;3;0;1;0;0;0;0;1;0;0;1;584761.595;5977423.763;10.291215506;53.938252377
7182;1;0;60;54;2018;12;14;6;3;2;2;0;0;1;0;0;0;0;1;558449.238;5969110.698;9.888864193;53.867182728
7183;1;0;2;0;2018;11;17;5;3;5;3;2;1;0;0;0;0;1;0;571970.8753;6018026.9744;10.106085683;54.305052004
7184;1;0;58;34;2018;12;7;6;3;6;4;2;0;1;1;0;0;0;1;544172.5897;6018883.9797;9.679037661;54.315914293
7185;1;0;2;0;2018;11;7;3;3;2;6;1;0;1;0;0;0;1;1;573185.715;6016517.755;10.124382423;54.291317943
7186;1;0;55;4;2018;11;16;3;2;2;6;2;0;1;0;0;0;1;0;611966.5775;5975258.2333;10.704671624;53.913628755
7187;1;0;55;44;2018;10;20;5;3;5;2;2;0;1;0;0;0;0;0;608643.2463;5989552.1214;10.659194258;54.042755196
7189;1;0;61;46;2018;10;17;3;3;2;2;0;0;1;0;0;0;0;0;532849.7985;5973626.1259;9.500068716;53.910017861
7191;1;0;4;0;2018;12;14;1;3;6;4;1;1;0;1;0;0;0;1;564585.3723;5992571.6861;9.987135579;54.077290711
7192;1;0;62;60;2018;12;10;3;3;2;6;0;0;1;0;0;0;0;0;581131.0064;5929979.6576;10.223482403;53.512489054
7193;1;0;2;0;2018;12;10;7;3;8;1;0;0;1;0;0;0;0;1;574297.6603;6017700.7761;10.14175606;54.301787756
7194;1;0;60;7;2018;11;0;3;2;8;1;2;0;1;0;0;0;0;0;577052.7017;5975325.068;10.1732815;53.92059801
7195;1;0;55;32;2018;12;16;7;3;5;3;2;0;1;0;0;0;0;0;617239.2949;5996060.4026;10.792922395;54.099339463
7197;1;0;56;21;2018;10;11;3;3;2;2;0;0;1;0;0;0;0;0;560198.333;5949832.416;9.911696482;53.693726871
7198;1;0;54;56;2018;12;14;3;3;5;2;0;1;1;0;0;0;0;0;503250.6813;6037512.5644;9.050176551;54.485235678
7199;1;0;56;15;2018;11;7;2;3;5;2;1;1;1;0;0;0;0;1;544072.4604;5956124.7955;9.668389882;53.751890712
7200;1;0;58;53;2018;12;16;5;3;5;3;2;0;1;0;1;0;0;1;569059.029;6010858.431;10.059689563;54.241037694
7201;1;0;54;52;2018;10;13;1;3;9;1;0;0;1;0;0;0;0;0;503146.7177;6039734.3754;9.04859548;54.505204129
7204;1;0;60;63;2018;10;11;3;3;5;2;0;1;0;0;0;1;0;0;568041.0003;5949253.4564;10.030325767;53.687561053
7205;1;0;3;0;2018;12;2;4;3;5;3;2;1;1;0;0;0;0;0;609298.205;5971124.283;10.662589916;53.877057872
7206;1;0;58;98;2018;12;10;7;3;0;1;0;0;1;0;0;0;0;1;562891.5336;5999681.7845;9.962729917;54.141395112
7207;1;0;4;0;2018;11;15;5;3;5;2;0;0;1;0;1;0;0;0;564525.9549;5993787.3619;9.986486649;54.08822278
7208;1;0;3;0;2018;12;8;6;3;0;3;2;1;0;0;1;0;0;1;614139.7945;5968850.5503;10.735355431;53.855588261
7209;1;0;3;0;2018;11;21;3;3;2;2;2;0;1;0;0;0;0;0;611346.2037;5971827.0455;10.693983445;53.882936172
7210;1;0;4;0;2018;11;7;3;3;2;6;2;0;1;0;0;0;0;1;566610.1883;5988362.7206;10.01715341;54.039209343
7211;1;0;62;4;2018;10;15;5;3;5;2;0;1;0;0;0;0;1;0;590558.6656;5963528.606;10.375394181;53.812415784
7212;1;0;59;75;2018;10;20;4;3;2;6;0;0;1;0;0;0;0;0;536678.9189;6040965.7328;9.566578784;54.514953142
7214;1;0;60;4;2018;12;1;1;3;0;1;2;0;1;0;0;0;0;1;557934.414;5973674.874;9.881899096;53.908258797
7215;1;0;60;63;2018;12;11;3;2;5;7;0;0;0;0;1;0;1;0;566116.3592;5948547.1431;10.001035872;53.681460519
7216;1;0;55;32;2018;12;12;7;3;2;2;0;0;1;0;0;0;0;0;617521.861;5996300.3665;10.797334519;54.101430699
7217;1;0;1;0;2018;11;16;4;3;5;2;2;1;1;0;0;0;0;0;526437.691;6072076.507;9.411201254;54.795174128
7218;1;0;51;141;2018;12;2;7;3;8;1;2;0;1;0;0;0;0;1;509507.2927;6009502.4202;9.145857037;54.233420096
7220;1;0;60;63;2018;10;16;3;2;2;2;0;0;1;0;0;0;0;0;567844.4107;5950676.9835;10.027660945;53.70037976
7221;1;0;58;118;2018;12;7;3;2;8;1;1;0;0;0;1;0;0;2;540225.0662;6015657.8477;9.617924601;54.287247494
7222;1;0;61;77;2018;11;13;2;3;4;6;0;0;1;0;0;0;1;1;520295.7411;5976361.8595;9.309145364;53.935250126
7223;1;0;3;0;2018;12;7;5;3;2;6;1;0;1;0;0;0;0;1;607027.2767;5969224.4077;10.627398343;53.860461864
7224;1;0;56;50;2018;11;12;6;3;5;3;0;0;1;0;1;0;0;1;546983.7501;5937228.9605;9.709678683;53.581805802
7225;1;0;58;124;2018;10;11;3;3;4;6;0;0;1;0;0;0;0;0;545307.2034;6016111.8077;9.696057536;54.290901925
7226;1;0;3;0;2018;12;7;5;3;4;6;1;0;1;0;0;0;0;1;606208.184;5972397.393;10.616048127;53.889137851
7227;1;0;58;24;2018;11;7;2;2;2;6;1;0;1;0;0;0;0;0;545574.0183;6022540.6314;9.701138006;54.348652526
7228;1;0;58;92;2018;10;18;4;3;0;7;2;0;0;0;1;0;0;0;571721.9953;6021946.6625;10.10320367;54.340308413
7229;1;0;53;32;2018;10;11;7;3;5;3;0;0;1;0;0;0;0;0;591316.8392;5921695.159;10.374633868;53.436373225
7231;1;0;55;41;2018;10;10;2;3;2;2;0;0;1;0;0;0;0;0;610245.314;5994677.309;10.685513382;54.088459567
7233;1;0;56;39;2018;10;15;3;3;3;6;0;0;0;0;0;1;1;0;552609.468;5946280.653;9.796174917;53.66262481
7234;1;0;62;71;2018;12;6;2;3;2;6;2;0;1;0;0;1;0;1;580898.2705;5941417.1408;10.222935077;53.615308212
7235;1;0;4;0;2018;12;12;5;3;2;6;0;0;1;0;0;0;0;1;563517.16;5989049.666;9.970073539;54.045772794
7236;1;0;53;83;2018;11;17;2;3;9;7;2;0;1;0;0;0;0;0;601898.94;5916742.2906;10.532270963;53.389929891
7237;1;0;3;0;2018;10;15;3;2;3;6;0;0;1;0;0;0;0;0;610069.6897;5970051.6048;10.673934884;53.867257559
7238;1;0;58;29;2018;11;23;1;2;9;1;2;0;1;0;0;0;0;1;536493.0419;6007292.7298;9.559579107;54.212349329
7239;1;0;1;0;2018;12;8;2;3;6;2;2;0;1;1;0;0;0;0;528194.867;6071195.8717;9.438445165;54.787164648
7240;1;0;3;0;2018;11;14;5;3;2;6;0;1;1;0;0;0;0;0;610072.9585;5969618.0531;10.673829035;53.863361716
7241;1;0;59;148;2018;11;12;6;3;2;6;0;0;1;0;0;0;0;0;553290.1545;6067359.7429;9.827951457;54.750656482
7242;1;0;59;174;2018;12;12;4;3;1;5;0;0;1;0;0;0;0;1;521368.0469;6060582.8868;9.331507084;54.692126514
7243;1;0;60;39;2018;10;17;6;3;5;2;0;1;1;0;0;0;0;0;564769.6578;5961599.7326;9.983384278;53.798932634
7245;1;0;57;25;2018;11;19;5;2;6;2;2;0;1;1;0;0;0;0;578224.2069;6025371.5592;10.204094678;54.370126903
7246;1;0;1;0;2018;10;14;2;3;0;7;0;1;0;0;0;0;0;1;527983.8913;6071367.4785;9.435181046;54.788718598
7247;1;0;62;76;2018;12;20;4;3;4;6;2;0;1;0;0;0;0;0;573987.9736;5955786.2528;10.121922236;53.745460476
7248;1;0;56;18;2018;11;11;7;3;2;6;0;0;1;0;0;0;0;1;555326.3084;5942721.3334;9.836652558;53.630355059
7249;1;0;2;0;2018;10;16;3;3;7;7;1;0;1;0;0;0;0;1;574788.9417;6010963.0264;10.147620634;54.241172655
7253;1;0;3;0;2018;10;18;3;3;3;6;0;0;1;0;0;1;0;0;610727.0051;5972345.5965;10.68475503;53.887727472
7254;1;0;51;107;2018;12;6;5;3;5;3;2;0;1;0;0;1;0;0;502388.9628;6011986.8957;9.036670359;54.255832116
7255;1;0;60;11;2018;12;7;1;3;6;4;2;0;1;1;0;0;0;1;567353.527;5985021.0125;10.02776166;54.009082775
7256;1;0;58;81;2018;11;15;7;2;0;7;0;1;0;0;0;0;0;0;546170.3122;6026381.4413;9.710906831;54.383115004
7257;1;0;55;28;2018;11;9;6;3;2;2;0;0;1;0;0;0;0;0;602036.4368;6005623.7908;10.563764706;54.188499021
7258;1;0;54;56;2018;12;9;7;3;4;1;0;0;1;0;0;0;0;1;502918.2251;6032026.2252;9.044990747;54.435930744
7259;1;0;2;0;2018;11;7;4;3;0;2;0;1;1;0;0;0;0;1;573679.582;6023648.8233;10.133729108;54.355324434
7260;1;0;51;44;2018;11;9;4;3;5;3;0;1;1;0;0;0;0;0;506317.0598;6005312.6732;9.096825754;54.195813691
7261;1;0;3;0;2018;10;11;6;3;2;6;0;0;1;0;0;0;0;1;609355.1564;5970907.4948;10.663378514;53.875098179
7262;1;0;54;56;2018;10;16;5;3;5;3;0;1;0;0;0;0;0;0;504647.3271;6036615.1821;9.071720633;54.477159865
7264;1;0;1;0;2018;11;15;4;3;6;2;0;0;1;1;0;0;0;0;528206.6293;6071865.8048;9.43869324;54.793184321
7265;1;0;2;0;2018;12;10;4;3;5;2;0;1;1;0;0;0;0;1;572966.0768;6020172.3968;10.121901582;54.324188981
7266;1;0;53;75;2018;10;5;1;3;9;1;2;0;1;0;0;0;0;0;608103.0007;5960795.5487;10.640785771;53.784509998
7267;1;0;59;83;2018;12;15;2;2;0;7;1;1;0;0;0;0;0;1;549681.6095;6055354.9564;9.769847389;54.643150496
7269;1;0;62;91;2018;11;10;5;2;8;1;0;0;1;0;0;0;0;0;591958.3588;5954428.8154;10.393933692;53.730403153
7270;1;0;2;0;2018;12;19;2;3;5;2;2;0;1;0;0;0;0;1;573180.3387;6023064.9289;10.125905296;54.350149663
7272;1;0;58;34;2018;10;17;3;3;0;7;0;0;0;0;0;0;1;0;543734.8813;6018655.1196;9.67227603;54.313895248
7273;1;0;2;0;2018;12;7;4;2;6;4;1;0;1;1;0;0;0;0;574741.561;6018255.379;10.14871487;54.306706474
7274;1;0;56;15;2018;11;10;3;3;5;3;0;1;1;0;0;0;0;0;543503.7523;5955911.0428;9.659735556;53.750017347
7275;1;0;3;0;2018;12;6;6;3;5;2;2;0;1;0;0;0;0;1;610783.938;5967774.096;10.683970066;53.846643909
7276;1;0;60;63;2018;10;0;4;1;8;1;2;0;1;0;0;0;0;1;567920.1784;5951658.1935;10.029023545;53.709187959
7277;1;0;2;0;2018;12;16;6;3;6;2;2;0;1;1;0;0;0;1;573145.0121;6021792.8662;10.125049672;54.338724401
7278;1;0;2;0;2018;11;12;3;3;6;4;0;1;0;1;0;0;0;0;573617.2247;6020907.7691;10.13209273;54.3307033
7279;1;0;62;36;2018;11;20;2;3;2;6;2;1;1;0;0;0;0;0;579894.3053;5955711.6849;10.211442845;53.743918729
7280;1;0;2;0;2018;10;15;5;3;2;6;0;0;1;0;0;0;0;0;572280.9623;6021613.0269;10.111718832;54.337231566
7282;1;0;60;5;2018;10;16;3;3;2;6;0;0;1;0;0;0;0;0;585023.8434;5977255.3098;10.295162457;53.936695701
7284;1;0;54;131;2018;12;14;1;3;5;3;1;0;1;0;0;0;0;1;494135.4701;6081858.8615;8.908585745;54.883747062
7285;1;0;58;137;2018;12;14;3;3;5;3;0;0;1;0;0;0;0;0;552598.602;6044105.947;9.813027166;54.541769841
7286;1;0;56;2;2018;12;13;6;3;2;6;0;0;1;0;0;0;0;0;550082.9399;5958840.6151;9.759975372;53.775756204
7287;1;0;62;90;2018;11;12;3;3;5;3;0;0;1;0;0;0;0;0;579564.7978;5951344.6671;10.205324814;53.70472561
7288;1;0;54;56;2018;12;3;7;3;1;1;2;0;1;0;0;0;0;0;503999.4833;6036830.2477;9.061725595;54.47909822
7290;1;0;58;54;2018;10;11;3;3;1;5;0;0;1;0;0;0;0;0;539187.0254;6017759.1895;9.602255066;54.30621284
7291;1;0;55;39;2018;12;17;3;3;2;6;2;0;1;0;0;0;0;1;614740.6067;5992322.9425;10.753314125;54.066326804
7292;1;0;3;0;2018;11;17;2;2;6;4;2;0;1;1;0;0;0;0;610099.1835;5969978.6405;10.674357028;53.866595773
7293;1;0;59;185;2018;12;12;5;3;2;6;0;0;1;0;0;0;0;1;538901.5987;6060710.2206;9.603529227;54.692221577
7294;1;0;56;17;2018;10;11;7;3;0;7;0;0;0;0;1;1;0;1;548202.8428;5963503.8711;9.732178405;53.817844591
7296;1;0;57;35;2018;11;23;6;2;8;1;2;0;1;0;0;0;0;1;602018.5044;6015101.2144;10.566712005;54.273649794
7297;1;0;59;42;2018;10;19;3;3;2;6;2;0;1;0;0;0;0;1;532164.5153;6047907.6591;9.497606574;54.577645137
7298;1;0;4;0;2018;12;14;5;3;1;5;0;0;1;0;0;0;0;1;563992.0508;5993445.069;9.978253169;54.085213409
7299;1;0;59;184;2018;11;17;2;3;2;6;2;0;1;0;0;0;0;1;527869.4247;6060234.8261;9.432334366;54.688680788
7300;1;0;61;42;2018;10;9;3;2;2;6;0;0;1;0;0;1;0;1;537131.5127;5979906.3687;9.56600891;53.966172888
7301;1;0;53;116;2018;10;11;7;2;6;4;0;0;1;1;0;0;0;0;597509.8313;5927889.5795;10.469748867;53.490925911
7304;1;0;56;43;2018;10;13;2;3;3;1;0;0;1;0;0;0;0;0;554279.274;5945253.774;9.821262999;53.65322506
7306;1;0;2;0;2018;10;14;3;3;5;2;0;1;0;0;0;1;0;0;573696.4966;6021549.3094;10.133470065;54.336456519
7307;1;0;4;0;2018;12;17;4;2;4;6;2;0;1;0;0;0;0;1;566953.5124;5988406.9444;10.022404885;54.039562304
7308;1;0;58;34;2018;11;16;2;3;6;2;2;0;1;1;0;0;0;1;543157.7899;6018200.6438;9.663340173;54.309860046
7309;1;0;2;0;2018;10;11;3;3;5;3;0;1;1;0;0;0;0;0;575664.557;6028993.543;10.165625518;54.403058647
7310;1;0;53;32;2018;11;19;7;3;5;2;2;0;1;0;0;0;0;0;588698.3085;5921344.7584;10.335129141;53.433671438
7311;1;0;60;44;2018;12;17;1;3;5;3;2;0;1;0;0;0;0;1;564427.8158;5965763.6874;9.979066905;53.836396036
7312;1;0;59;127;2018;11;17;5;3;9;7;2;0;1;0;0;0;0;0;538652.8658;6068811.3234;9.600746404;54.76503993
7313;1;0;56;15;2018;11;17;5;2;6;4;2;0;1;1;0;0;0;1;543789.0032;5955734.0887;9.664035994;53.748403052
7314;1;0;59;183;2018;11;17;1;2;6;4;2;0;1;1;0;0;0;1;528320.3617;6066109.3941;9.439900593;54.741447915
7315;1;0;51;127;2018;12;14;3;3;5;3;0;1;1;0;0;0;0;0;495359.303;6006878.582;8.928844765;54.209905371
7316;1;0;57;24;2018;10;11;6;3;0;7;0;1;0;0;0;0;0;0;570067.952;5997623.8227;10.072087155;54.121973558
7318;1;0;60;44;2018;11;16;4;2;6;4;0;1;0;1;0;0;0;0;563282.3796;5965658.7511;9.961641588;53.835593747
7319;1;0;3;0;2018;10;12;1;3;5;3;0;1;1;0;0;0;0;1;609663.525;5971108.592;10.668138778;53.876839818
7320;1;0;55;4;2018;12;10;4;3;0;3;0;1;1;0;0;0;0;0;611252.4713;5976382.4454;10.694213691;53.923882606
7321;1;0;62;4;2018;10;14;3;3;3;1;0;0;1;0;0;0;0;1;586751.8623;5961148.2017;10.316923602;53.791674787
7324;1;0;1;0;2018;11;23;7;3;9;1;2;0;1;0;0;0;0;1;528051.508;6067858.6736;9.435893428;54.757182951
7325;1;0;58;127;2018;12;22;3;3;4;6;2;0;0;0;0;1;0;1;540134.738;6028520.0506;9.618269481;54.402845629
7328;1;0;2;0;2018;10;14;3;3;5;3;0;1;1;0;0;0;0;0;574367.6004;6020454.6525;10.143516581;54.326522963
7329;1;0;55;40;2018;12;18;5;3;5;3;2;0;1;0;0;0;0;1;607769.3305;5974208.3675;10.64042897;53.905086309
7330;1;0;3;0;2018;11;15;6;3;0;7;0;0;0;0;0;0;1;0;614372.92;5970639.3841;10.739564761;53.871607812