OBJECTID_1;ULAND;UREGBEZ;UKREIS;UGEMEINDE;UJAHR;UMONAT;USTUNDE;UWOCHENTAG;UKATEGORIE;UART;UTYP1;ULICHTVERH;IstRad;IstPKW;IstFuss;IstKrad;IstGkfz;IstSonstig;STRZUSTAND;LINREFX;LINREFY;XGCSWGS84;YGCSWGS84
7331;1;0;1;0;2018;10;20;3;3;5;3;2;0;1;0;0;0;0;1;529733.9081;6071710.3338;9.462429982;54.791699001
7332;1;0;58;72;2018;12;14;5;3;2;6;0;0;1;0;1;0;0;1;527364.7419;5997550.6533;9.418726788;54.125361853
7333;1;0;2;0;2018;11;13;2;3;4;6;0;1;0;0;0;0;0;1;573158.76;6021799.438;10.125262698;54.338781482
7334;1;0;1;0;2018;10;16;4;3;5;2;0;0;1;0;0;0;0;0;528208.5242;6071865.3569;9.438722667;54.793180189
7335;1;0;62;82;2018;10;13;7;3;5;3;0;0;1;0;1;0;0;0;593095.942;5940095.861;10.406874801;53.601409729
7337;1;0;54;14;2018;10;14;2;3;3;2;0;0;1;0;0;0;1;0;496918.0624;6054149.3047;8.952253776;54.634752353
7339;1;0;2;0;2018;10;12;3;3;5;3;0;0;1;0;0;0;0;0;575058.734;6019255.405;10.153839826;54.315645823
7340;1;0;56;18;2018;12;20;4;3;6;3;2;0;1;1;0;0;0;1;555236.5813;5942539.4797;9.835263571;53.62873012
7341;1;0;53;32;2018;11;6;2;3;2;6;2;0;1;0;0;1;0;1;589174.1013;5923958.1612;10.343029473;53.457075968
7342;1;0;54;78;2018;10;16;3;3;8;7;0;1;0;0;0;0;0;0;462961.3152;6097066.7255;8.420707724;55.019068149
7343;1;0;51;113;2018;11;12;7;3;2;6;0;0;1;0;0;0;0;0;499108.935;6002705.4954;8.986349767;54.172419448
7344;1;0;54;42;2018;12;7;2;3;6;4;2;0;1;1;0;0;0;0;501724.1431;6042032.2536;9.026639774;54.525862322
7345;1;0;58;43;2018;11;8;5;3;5;3;0;1;1;0;0;0;0;0;554078.7485;6034348.4648;9.834116012;54.453931096
7346;1;0;51;97;2018;11;18;5;3;8;1;2;0;1;0;0;0;0;1;509940.3991;5983941.5102;9.151660537;54.003677893
7347;1;0;62;60;2018;11;10;1;3;7;7;0;1;0;0;0;0;0;0;581695.8347;5929856.3429;10.231965901;53.511293418
7348;1;0;3;0;2018;12;17;4;2;2;6;2;0;1;0;0;0;0;1;609000.7145;5971185.9761;10.658088662;53.877674722
7349;1;0;3;0;2018;10;6;6;3;5;2;2;1;1;0;0;0;0;0;612146.2832;5972258.0559;10.706307378;53.886636071
7351;1;0;54;76;2018;11;17;5;3;4;6;2;1;0;0;0;0;0;1;497621.0388;6069686.269;8.96301767;54.774384673
7352;1;0;59;159;2018;10;2;2;3;2;6;2;0;1;0;0;0;0;1;527952.516;6056813.5262;9.433295847;54.657930156
7353;1;0;53;92;2018;12;10;4;3;8;1;0;0;1;0;0;0;0;2;602920.2305;5929720.4384;10.551867649;53.506346479
7354;1;0;3;0;2018;11;17;7;3;6;4;2;1;0;1;0;0;0;1;609816.3485;5970350.4065;10.670190855;53.869995742
7355;1;0;57;80;2018;10;15;3;3;5;3;0;0;1;0;0;0;0;1;578626.5325;6002485.0221;10.20427599;54.164417568
7357;1;0;62;4;2018;11;17;7;2;4;6;2;0;1;0;0;0;0;1;587449.4879;5962767.2118;10.327970297;53.80610615
7360;1;0;54;18;2018;10;5;3;3;8;1;2;0;1;0;0;0;0;0;506245.2892;6079909.5977;9.097307184;54.866225208
7361;1;0;62;9;2018;12;16;5;3;2;6;2;0;1;0;0;0;0;0;579387.3922;5936909.6905;10.198953278;53.575032918
7362;1;0;2;0;2018;12;0;1;3;0;7;2;0;1;0;0;0;0;1;577406.6183;6020748.0765;10.190311363;54.32870768
7363;1;0;60;63;2018;11;19;6;3;5;2;2;0;1;0;0;0;0;0;566898.1096;5950655.2487;10.013324811;53.700306519
7364;1;0;59;159;2018;11;8;6;3;7;7;0;0;1;0;0;0;0;0;530638.8234;6051513.6628;9.474380485;54.610146016
7365;1;0;61;29;2018;12;6;6;3;5;3;2;1;1;0;0;0;0;1;527697.1967;5960211.0568;9.42042382;53.789745572
7366;1;0;62;23;2018;11;6;4;3;2;6;2;0;0;0;0;0;1;0;585530.9246;5945821.1152;10.294158343;53.654147162
7367;1;0;58;54;2018;11;17;4;3;5;3;2;0;1;0;0;0;0;0;538491.3226;6017515.1826;9.591532187;54.304072857
7368;1;0;2;0;2018;10;8;6;3;5;3;0;1;1;0;0;0;0;1;573348.3211;6020450.9667;10.127846068;54.32663734
7369;1;0;58;124;2018;10;10;5;3;8;1;0;0;0;0;0;0;1;1;546686.6118;6016414.6306;9.717294959;54.293499174
7371;1;0;62;4;2018;11;7;4;3;3;6;0;0;1;0;0;0;0;1;593665.3048;5960807.4212;10.421734249;53.787414509
7372;1;0;55;43;2018;12;17;2;3;7;7;2;0;1;0;0;0;0;1;619787.1553;6017197.2859;10.840282663;54.288625598
7373;1;0;59;75;2018;12;12;4;3;5;3;0;0;1;0;0;0;0;0;537231.0783;6042696.4544;9.575326115;54.530466327
7374;1;0;4;0;2018;10;8;1;3;5;2;0;1;1;0;0;0;0;0;563680.7353;5991852.0977;9.973159886;54.070936764
7375;1;0;51;97;2018;12;22;1;1;4;6;2;0;1;0;0;0;0;1;507934.4058;5983521.386;9.121044254;53.999936577
7377;1;0;58;124;2018;11;7;5;3;5;2;0;0;1;0;1;0;0;0;544115.6179;6015591.4369;9.677675792;54.286329679
7378;1;0;1;0;2018;12;21;2;3;5;2;2;0;1;0;0;0;0;1;524446.095;6069980.4626;9.380048885;54.776438939
7380;1;0;59;83;2018;10;5;3;3;9;7;2;0;1;0;0;0;0;0;551317.0433;6055067.6557;9.7951364;54.640405082
7381;1;0;54;56;2018;12;12;4;3;5;3;0;1;1;0;0;0;0;0;500596.7948;6039700.3823;9.009216371;54.504908041
7382;1;0;62;4;2018;11;11;3;3;0;7;0;1;0;0;0;0;0;0;589980.541;5963319.137;10.36655522;53.810633914
7383;1;0;58;135;2018;12;17;6;3;6;2;2;0;1;1;0;0;0;1;540739.9174;6019090.6354;9.626301173;54.318056924
7384;1;0;2;0;2018;11;9;7;3;8;1;0;0;1;0;0;0;0;1;575550.1853;6017254.7302;10.160886905;54.297596061
7385;1;0;55;1;2018;10;13;4;2;2;2;0;0;1;0;0;0;0;0;602819.6683;5986317.3143;10.569199925;54.014885974
7386;1;0;59;161;2018;12;15;6;3;5;3;0;0;1;0;0;0;0;1;541259.423;6067204.797;9.64102688;54.750395963
7387;1;0;51;44;2018;11;16;2;3;5;3;2;1;1;0;0;0;0;1;507263.0893;6005438.4052;9.111329183;54.196931194
7388;1;0;3;0;2018;11;1;2;2;2;6;2;0;1;0;0;1;0;0;619744.8917;5977240.7749;10.823807479;53.929699886
7389;1;0;54;121;2018;10;10;5;3;9;6;0;0;1;0;0;0;0;0;500660.8576;6053846.4756;9.010237506;54.632039816
7390;1;0;53;81;2018;10;11;7;2;4;6;0;0;1;0;0;0;0;0;609469.8076;5947931.5018;10.65697019;53.66864663
7392;1;0;58;127;2018;10;11;3;3;8;1;0;0;1;0;0;0;0;0;540048.6951;6028512.0646;9.616943011;54.402780639
7394;1;0;56;49;2018;12;17;7;3;5;2;2;0;1;0;1;0;0;1;546312.6984;5949527.7582;9.701374642;53.69240453
7395;1;0;2;0;2018;12;17;3;3;2;6;2;0;1;0;0;0;0;0;573381.7084;6017833.8488;10.127716054;54.303115901
7396;1;0;62;16;2018;12;20;6;3;3;6;2;0;1;0;1;0;0;1;583878.505;5959338.536;10.272824779;53.775884092
7397;1;0;2;0;2018;11;16;3;3;5;2;1;1;1;0;0;0;0;0;573338.0458;6020363.7691;10.127666668;54.325855286
7398;1;0;60;44;2018;12;16;6;3;5;7;1;1;1;0;0;0;0;1;563517.0345;5965523.7958;9.965178969;53.834352288
7399;1;0;59;174;2018;10;16;3;3;2;6;0;0;1;0;0;0;0;0;518830.933;6056706.565;9.291896559;54.657392092
7400;1;0;56;15;2018;12;19;2;3;5;3;2;1;1;0;0;0;0;1;544246.3444;5956197.5738;9.671037182;53.752530087
7401;1;0;4;0;2018;11;14;2;3;5;3;0;1;1;0;0;0;0;0;563699.444;5991802.4565;9.973435309;54.07048835
7402;1;0;58;9;2018;11;13;6;3;2;2;0;0;1;0;0;0;0;0;550417.8254;5991226.5863;9.770396821;54.066784009
7403;1;0;60;66;2018;12;11;4;3;4;6;0;0;1;0;0;0;0;1;565651.375;5966955.7673;9.997912171;53.846955858
7404;1;0;60;4;2018;10;10;7;3;8;6;0;0;1;0;0;0;0;0;562249.9451;5973242.2943;9.947494161;53.903870889
7406;1;0;1;0;2018;11;15;6;3;2;6;0;0;1;0;0;0;0;1;527097.7082;6069155.8088;9.421193773;54.768892049
7407;1;0;59;173;2018;10;17;3;3;9;1;1;0;1;0;0;0;0;1;516514.703;6069474.5963;9.256717178;54.772216459
7408;1;0;62;8;2018;12;0;5;3;3;6;1;0;1;0;0;0;0;0;597072.234;5964139.784;10.474479387;53.816732431
7409;1;0;60;47;2018;11;21;1;3;5;2;2;0;1;0;0;0;0;1;565576.2348;5962316.6376;9.995780993;53.80527433
7410;1;0;62;1;2018;10;16;3;3;5;3;0;1;1;0;0;0;0;1;580707.783;5946855.6078;10.221467502;53.664209937
7411;1;0;55;35;2018;10;12;7;3;5;2;0;0;1;0;0;0;0;0;612206.7251;5983838.9696;10.711480575;53.990666007
7414;1;0;51;44;2018;10;10;1;3;5;2;0;1;1;0;0;0;0;0;506839.3014;6005347.4233;9.104831273;54.196119312
7416;1;0;54;101;2018;10;16;3;3;8;7;0;0;1;0;0;0;0;0;517050.535;6040564.3138;9.263361783;54.51238592
7417;1;0;51;44;2018;10;19;7;3;2;6;2;0;1;0;0;0;0;0;506737.4845;6005321.0969;9.103270059;54.195884048
7418;1;0;60;70;2018;12;15;4;3;0;1;0;0;1;0;0;0;0;1;583743.632;5978467.1411;10.275998768;53.947793603
7419;1;0;2;0;2018;11;11;2;2;2;6;0;0;1;0;1;0;0;1;574868.803;6019338.3112;10.150941559;54.316418672
7420;1;0;3;0;2018;11;19;7;2;5;3;2;1;1;0;0;0;0;0;610780.1979;5967798.0326;10.683921874;53.84685976
7421;1;0;58;84;2018;12;8;1;3;8;1;0;0;1;0;0;0;0;1;543046.024;6034779.144;9.664023099;54.458856123
7422;1;0;61;46;2018;11;21;4;2;9;1;2;0;1;0;0;0;0;0;535366.9962;5976023.0524;9.53866317;53.931394891
7423;1;0;3;0;2018;11;10;5;3;5;2;0;1;1;0;0;0;0;1;610117.412;5969917.731;10.67461225;53.866044678
7424;1;0;54;131;2018;10;3;7;3;9;1;2;0;1;0;0;0;0;1;494272.0601;6083980.6043;8.910672677;54.902815834
7425;1;0;61;57;2018;11;17;7;3;2;2;2;0;1;0;0;0;0;0;531618.7746;5969872.8259;9.480942249;53.876360672
7426;1;0;60;12;2018;12;12;3;3;9;7;0;0;1;0;0;0;0;1;580062.8826;5991555.9627;10.223374709;54.065990473
7427;1;0;59;75;2018;10;14;6;3;1;6;0;0;1;0;0;0;0;0;535397.6497;6040820.0722;9.54677057;54.513735227
7429;1;0;62;60;2018;11;16;4;3;2;6;2;0;1;0;0;0;0;0;581026.7625;5929981.562;10.221911255;53.512522244
7430;1;0;51;138;2018;10;23;1;1;8;7;2;0;1;0;0;0;0;1;516451.3501;5998680.8829;9.251797416;54.135984968
7431;1;0;55;12;2018;12;7;4;3;2;1;2;0;1;0;0;0;1;2;606071.4808;6005457.8368;10.625518487;54.186189668
7432;1;0;60;77;2018;10;19;2;3;8;7;2;0;1;0;0;0;0;0;572828.9972;5966488.1534;10.106881072;53.841796869
7435;1;0;56;39;2018;11;16;6;1;6;4;2;0;1;1;0;0;0;0;552253.1441;5945298.9302;9.790617862;53.65383723
7436;1;0;2;0;2018;12;13;3;3;5;3;0;0;1;0;0;0;0;1;576010.1087;6020100.4618;10.168676693;54.3230984
7439;1;0;4;0;2018;10;9;3;2;3;6;0;0;1;0;0;0;1;0;561459.0749;5995580.177;9.939970875;54.104709254
7440;1;0;1;0;2018;12;18;5;3;5;2;2;1;1;0;0;0;0;1;528449.508;6070629.232;9.442349259;54.782058183
7441;1;0;3;0;2018;12;18;7;3;0;3;2;0;1;0;1;0;0;1;610691.032;5968267.6805;10.682736411;53.85109821
7442;1;0;58;104;2018;11;10;6;3;5;3;0;0;1;0;0;0;0;0;567333.7482;6017777.4043;10.034776968;54.303441691
7443;1;0;60;5;2018;11;9;5;3;5;3;0;0;1;0;0;0;0;0;586656.543;5976007.633;10.319672253;53.925213832
7444;1;0;62;81;2018;12;16;6;3;8;1;2;0;1;0;0;0;0;1;587140.8554;5957355.4451;10.321755588;53.75752862
7445;1;0;62;4;2018;11;16;3;3;2;6;0;0;1;0;0;0;0;1;591360.5957;5962369.1008;10.387225826;53.801856715
7446;1;0;56;50;2018;11;14;3;3;5;3;0;0;1;0;0;0;0;0;546988.4988;5937230.1406;9.709750583;53.581815984
7447;1;0;60;96;2018;10;6;5;3;8;1;2;1;0;0;0;0;0;1;593496.5413;5974592.3918;10.423370183;53.911308001
7448;1;0;55;33;2018;10;10;4;3;5;3;0;1;1;0;0;0;0;0;622918.1261;6017504.0468;10.888481127;54.290637789
7450;1;0;1;0;2018;12;17;2;3;2;6;2;0;1;0;0;0;0;1;527312.6728;6068856.3145;9.424506806;54.766188992
7451;1;0;56;43;2018;12;7;4;3;9;1;1;0;1;0;0;0;0;2;554264.284;5945343.574;9.821051902;53.654033694
7452;1;0;54;109;2018;12;21;1;3;8;1;2;0;1;0;0;0;0;1;490691.616;6070470.677;8.855270855;54.781353276
7454;1;0;53;90;2018;11;17;4;3;0;1;2;1;0;0;0;0;0;0;611008.2864;5941813.4182;10.678062405;53.613353733
7455;1;0;2;0;2018;12;3;1;3;5;2;2;0;1;0;0;0;0;0;574461.536;6017680.279;10.144268727;54.301579716
7457;1;0;51;13;2018;10;9;2;3;5;3;0;1;1;0;0;0;0;0;490785.821;5998581.269;8.858974193;54.135270375
7458;1;0;62;91;2018;12;7;3;3;9;1;2;0;1;0;0;0;0;2;590777.4288;5953139.7875;10.375660335;53.719027132
7459;1;0;2;0;2018;11;6;3;3;6;2;2;0;0;1;0;0;1;1;568117.667;6019176.948;10.047141155;54.31591399
7460;1;0;51;44;2018;12;7;5;3;5;2;2;1;0;0;1;0;0;1;506378.4081;6005277.7877;9.097765339;54.195499394
7461;1;0;61;91;2018;11;22;6;1;9;1;2;0;1;0;0;0;0;1;536637.893;5990606.9224;9.559774337;54.062378973
7462;1;0;62;1;2018;10;14;3;3;2;6;0;0;1;0;0;0;0;0;579310.4254;5944611.6318;10.199751681;53.644258341
7463;1;0;62;6;2018;12;19;5;2;8;1;2;0;1;0;0;0;0;1;583482.116;5953337.4782;10.265189901;53.722021682
7464;1;0;62;60;2018;11;16;2;2;5;3;1;0;1;0;1;0;0;1;581439.0555;5929995.2552;10.228130769;53.512581599
7465;1;0;2;0;2018;11;16;2;3;1;5;2;1;1;0;0;0;0;1;573217.6839;6018601.3287;10.125384025;54.310035798
7466;1;0;56;6;2018;10;16;4;3;5;3;1;0;1;0;0;1;0;1;548283.798;5968856.984;9.734249246;53.865947741
7467;1;0;55;28;2018;10;16;7;2;0;1;0;1;0;0;0;0;0;0;601361.082;6003468.212;10.552692945;54.169266443
7468;1;0;51;97;2018;12;21;7;3;8;1;2;0;1;0;0;0;0;1;508319.57;5983202.191;9.126911429;53.997061625
7469;1;0;62;90;2018;11;12;6;3;0;7;0;1;0;0;0;0;0;0;580407.7334;5950151.8791;10.217781776;53.69387768
7470;1;0;58;38;2018;11;13;6;3;8;7;0;0;1;0;0;0;0;0;561177.8236;6004659.2092;9.937511405;54.186331463
7471;1;0;60;44;2018;12;19;6;3;6;2;2;0;1;1;0;0;0;1;562917.0871;5965884.3916;9.956137635;53.837665916
7472;1;0;60;24;2018;11;8;3;3;8;7;0;0;1;0;0;0;0;1;595885.1133;5976449.426;10.460302664;53.927557227
7473;1;0;51;44;2018;11;18;3;3;4;6;2;1;0;0;0;0;0;0;505884.2066;6004059.6618;9.090166626;54.184557249
7474;1;0;59;57;2018;10;13;6;3;8;1;0;0;1;0;0;0;0;1;531666.4817;6042889.4769;9.489361794;54.532579388
7475;1;0;60;63;2018;10;16;4;3;4;6;0;0;1;0;0;0;0;0;567779.0289;5953024.7745;10.027184625;53.721487633
7477;1;0;58;49;2018;12;16;2;3;5;3;2;0;1;0;0;0;0;1;554697.6313;6013365.8854;9.839805634;54.265306845
7478;1;0;59;186;2018;12;8;4;3;8;1;2;0;1;0;0;0;0;2;548288.5436;6066894.6101;9.750173612;54.746982318
7479;1;0;53;129;2018;12;22;1;3;5;3;2;0;1;0;0;0;0;0;584328.7355;5927607.9453;10.271054669;53.490672618
7481;1;0;60;39;2018;11;9;4;3;2;2;0;0;1;0;0;0;0;1;563538.8927;5959270.8386;9.964220687;53.778154705
7482;1;0;60;28;2018;12;19;1;3;8;1;2;0;1;0;0;0;0;0;570373.092;5987604.2849;10.07442722;54.031894152
7484;1;0;61;41;2018;10;17;2;2;5;3;0;0;1;0;0;1;0;0;539630.1828;5966342.9661;9.602338509;53.844085529
7485;1;0;60;95;2018;12;7;3;3;9;1;2;0;1;0;0;0;0;2;555130.4423;5973861.0123;9.839254715;53.910237507
7486;1;0;58;135;2018;11;8;3;3;5;3;0;0;1;0;0;0;0;1;544860.4704;6017971.9967;9.689474164;54.307658512
7487;1;0;54;167;2018;12;16;6;2;5;2;2;0;1;0;0;0;0;1;500343.5131;6064675.0595;9.005334188;54.7293555
7488;1;0;1;0;2018;11;22;7;3;0;3;2;1;1;0;0;0;0;1;526669.479;6070406.819;9.414652735;54.780157205
7489;1;0;56;46;2018;10;1;4;3;2;6;2;0;1;0;0;0;0;1;547425.7644;5954313.015;9.718962825;53.735312825
7490;1;0;51;87;2018;12;14;5;3;9;1;0;0;1;0;0;0;0;1;508320.1379;6008077.7712;9.127604749;54.22063665
7491;1;0;60;2;2018;11;13;2;3;5;3;0;0;1;0;0;0;0;1;559250.3742;5959825.204;9.899256865;53.783642505
7492;1;0;3;0;2018;11;7;2;3;5;3;2;1;1;0;0;0;0;0;609345.628;5970254.042;10.663000672;53.869229357
7493;1;0;51;27;2018;10;18;4;2;5;3;1;0;1;0;0;0;1;1;502748.331;5989556.0919;9.041982122;54.054229384
7494;1;0;3;0;2018;10;17;7;3;5;2;0;1;1;0;0;0;0;0;614555.8421;5970683.1142;10.742361847;53.871960337
7496;1;0;59;90;2018;10;8;3;3;0;1;0;1;0;0;0;0;0;0;541393.1192;6047938.8819;9.640374857;54.577254553
7498;1;0;60;29;2018;10;8;2;3;5;2;0;0;1;0;0;0;0;0;581503.4005;5967011.0833;10.238824335;53.84520753
7499;1;0;2;0;2018;12;12;7;3;3;6;0;0;1;0;0;0;0;0;572614.796;6022216.583;10.116999319;54.342607535
7500;1;0;62;69;2018;12;13;3;2;8;7;0;0;0;0;0;1;0;0;583145.8887;5943660.1165;10.257502451;53.635112362
7501;1;0;54;166;2018;12;17;6;3;8;1;2;0;1;0;0;0;0;1;483473.6003;6075922.9519;8.742733213;54.83016504
7502;1;0;54;56;2018;11;17;3;3;2;6;2;0;1;0;0;0;0;1;501708.7764;6038773.5183;9.026383465;54.496575633
7503;1;0;55;32;2018;12;7;6;3;0;2;1;1;1;0;0;0;0;1;619068.2909;5996790.2395;10.821164782;54.105475887
7504;1;0;60;63;2018;10;20;2;3;0;1;2;1;0;0;0;0;0;0;568288.8747;5949283.0489;10.034085105;53.687794657
7505;1;0;53;100;2018;12;7;2;3;2;2;2;1;1;0;0;0;0;0;618171.5468;5951525.9726;10.789983752;53.699045078
7506;1;0;57;1;2018;11;16;2;3;2;6;2;0;1;0;0;0;0;1;589193.3738;6001634.544;10.365822518;54.15504908
7507;1;0;54;15;2018;11;17;6;2;5;2;2;0;0;0;1;0;1;0;465076.6487;6061646.2511;8.458074974;54.700924795
7508;1;0;60;63;2018;11;14;6;3;2;6;0;0;1;0;0;0;0;0;567263.9744;5948906.9586;10.018486389;53.684547708
7510;1;0;62;14;2018;12;0;4;3;8;1;2;0;1;0;0;0;0;1;582667.4135;5951585.9767;10.252378523;53.706412052
7511;1;0;55;46;2018;10;9;7;3;5;3;0;0;1;0;0;0;0;0;638425.9137;6033043.1795;11.133789776;54.426232932
7513;1;0;60;5;2018;11;8;5;3;5;3;0;1;1;0;0;0;0;1;585938.0401;5976964.9423;10.309002689;53.933935616
7514;1;0;51;118;2018;10;12;2;2;8;1;0;0;1;0;0;0;0;0;502424.1108;5983542.6798;9.036981516;54.000183218
7515;1;0;51;113;2018;12;9;4;3;8;1;0;0;1;0;0;0;0;2;502319.2009;6003010.3959;9.035530205;54.175155322
7516;1;0;3;0;2018;11;13;1;3;2;6;0;0;1;0;0;0;0;0;612560.7268;5970393.905;10.711925635;53.869798612
7517;1;0;55;40;2018;10;17;3;3;5;2;1;1;1;0;0;0;0;1;608571.0904;5972118.3613;10.651886601;53.88614168
7518;1;0;58;70;2018;10;19;7;2;8;1;2;0;1;0;0;0;0;0;533416.398;6008889.036;9.51258212;54.226905528
7521;1;0;55;42;2018;10;11;1;3;0;1;0;1;0;0;0;0;0;0;615897.3853;5981338.5734;10.766793868;53.967388695
7523;1;0;62;18;2018;10;12;2;3;6;4;0;0;1;1;0;0;0;0;580297.7026;5933245.5464;10.211756526;53.541966281
7524;1;0;60;39;2018;12;9;2;3;5;3;0;1;1;0;0;0;0;0;564769.613;5961590.56;9.98338167;53.798850207
7525;1;0;60;4;2018;11;14;1;3;5;2;0;0;1;0;0;0;0;0;559217.7929;5974383.5052;9.901569687;53.914482166
7526;1;0;54;131;2018;11;14;7;3;5;3;0;0;1;0;0;0;0;0;494131.2427;6082168.6464;8.908513543;54.886530919
7527;1;0;60;95;2018;12;18;7;3;5;3;2;0;1;0;0;0;0;1;554736.571;5972981.313;9.833102147;53.902373308
7528;1;0;60;63;2018;11;21;4;3;2;2;2;0;1;0;0;0;0;1;565695.4693;5948436.8206;9.994641079;53.68052213
7529;1;0;3;0;2018;11;18;5;3;0;1;2;1;0;0;0;0;0;1;607865.3429;5970232.141;10.640490054;53.86934234
7530;1;0;62;11;2018;10;8;7;3;9;1;1;0;0;0;1;0;0;1;581592.5887;5941660.6997;10.233492195;53.617389242
7531;1;0;3;0;2018;12;17;3;3;2;6;2;0;1;0;0;0;0;1;611271.2723;5969090.1823;10.691851152;53.858363755
7532;1;0;60;2;2018;10;11;5;3;9;7;0;0;1;0;0;0;0;1;560127.4497;5962146.019;9.913019482;53.804399311
7534;1;0;3;0;2018;11;19;4;2;9;1;2;0;1;0;0;0;0;1;620977.869;5977854.5077;10.842818991;53.934926724
7535;1;0;58;133;2018;10;15;7;3;5;2;0;0;1;0;1;0;0;0;568728.4574;6006057.9875;10.053519271;54.197945076
7536;1;0;58;86;2018;12;9;4;3;9;1;1;0;1;0;0;0;0;2;546450.3105;6006616.3523;9.712146237;54.205465088
7537;1;0;3;0;2018;10;18;2;3;2;2;1;0;1;0;0;0;0;0;609417.7827;5970939.2216;10.664341987;53.875370021
7538;1;0;60;4;2018;12;18;2;3;9;7;2;0;1;0;0;0;0;1;557925.0208;5972858.8536;9.881601694;53.900926275
7540;1;0;3;0;2018;11;19;6;3;5;2;2;1;1;0;0;0;0;0;622038.1064;5980916.8848;10.860184097;53.962188048
7541;1;0;58;49;2018;12;7;3;2;8;7;2;0;0;0;0;1;0;1;552351.9909;6012308.4324;9.803610789;54.256049333
7543;1;0;62;27;2018;10;11;2;3;5;3;0;1;0;0;0;0;1;0;587245.5745;5952477.014;10.321967083;53.713673912
7544;1;0;53;22;2018;12;19;4;2;4;6;2;0;1;0;0;0;1;0;606729.7055;5922492.3981;10.606828162;53.440642018
7545;1;0;2;0;2018;10;13;1;3;5;3;0;0;1;0;0;0;0;0;577418.6316;6020753.5454;10.190497472;54.328754999
7546;1;0;55;44;2018;12;6;7;2;2;6;2;0;1;0;0;1;0;1;613192.5436;5989820.0942;10.728736623;54.044184243
7547;1;0;60;68;2018;11;10;5;3;2;6;0;0;1;0;0;0;0;0;577747.2577;5983102.7338;10.18583672;53.990384815
7548;1;0;55;46;2018;12;17;6;3;5;1;2;0;1;0;0;0;0;1;641399.6961;6034994.1144;11.180523961;54.442935742
7549;1;0;53;136;2018;11;23;3;3;8;1;2;0;1;0;0;0;0;1;620601.7146;5951985.8099;10.826952891;53.702620641
7550;1;0;3;0;2018;11;17;3;3;6;4;2;0;1;1;0;0;0;0;609295.5218;5970245.9722;10.662236102;53.869167409
7551;1;0;60;36;2018;10;8;5;3;2;6;0;0;1;0;0;0;1;1;564857.3081;5972857.9699;9.987092532;53.900097381
7552;1;0;59;53;2018;10;6;4;2;8;6;2;0;1;0;1;0;0;0;535778.4488;6024456.4785;9.550676066;54.366651497
7554;1;0;60;70;2018;12;14;2;3;7;7;0;0;1;0;0;1;0;1;583734.8188;5978511.7606;10.275876757;53.94819597
7555;1;0;56;49;2018;12;13;3;3;5;2;0;1;1;0;0;0;0;0;546318.2893;5949532.9678;9.701460084;53.692450856
7556;1;0;56;15;2018;12;17;7;3;6;2;2;0;1;1;0;0;0;1;542816.7849;5956094.9698;9.649343912;53.751727313
7558;1;0;58;135;2018;11;9;4;3;3;6;0;0;1;0;0;1;0;0;543109.7179;6016457.6608;9.662349858;54.294200158
7559;1;0;56;46;2018;12;19;1;3;8;1;2;0;1;0;0;0;0;1;548398.6614;5953236.849;9.733541992;53.72555131
7561;1;0;3;0;2018;10;14;2;3;2;6;0;0;1;0;0;0;0;0;610792.567;5967730.7265;10.684085526;53.846252426
7562;1;0;58;54;2018;12;6;3;3;9;1;2;0;0;0;0;0;1;2;538274.8294;6016609.5844;9.588089327;54.29595052
7563;1;0;1;0;2018;11;19;3;3;5;3;2;0;1;0;1;0;0;0;528595.45;6068901.938;9.444448192;54.766527585
7564;1;0;55;35;2018;12;20;5;3;8;7;2;0;1;0;0;0;0;1;612614.1472;5981848.0141;10.716955972;53.972690822
7565;1;0;62;76;2018;11;14;6;2;2;7;0;0;1;0;0;0;1;1;572474.8108;5953718.9183;10.098497403;53.727094594
7566;1;0;3;0;2018;10;11;3;2;2;2;0;0;1;0;0;0;1;0;617156.7329;5974070.972;10.783195072;53.90181534
7567;1;0;3;0;2018;12;16;5;3;5;3;1;1;1;0;0;0;0;1;610536.5;5967379.654;10.680068744;53.843152843
7568;1;0;4;0;2018;11;17;2;3;2;6;1;0;1;0;0;0;0;1;563818.8503;5991912.351;9.975282893;54.07146114
7569;1;0;55;4;2018;10;8;4;3;5;2;0;1;1;0;0;0;0;0;609981.8825;5974349.586;10.674142755;53.905890317
7570;1;0;58;135;2018;10;5;7;3;5;2;2;1;1;0;0;0;0;0;543558.9719;6016976.1;9.669327365;54.298821198
7572;1;0;53;108;2018;10;17;2;3;5;3;0;1;1;0;0;0;0;0;599591.5575;5950952.121;10.50847939;53.697762816
7574;1;0;3;0;2018;10;15;2;2;5;2;0;0;1;0;0;0;0;0;609039.9613;5967275.0372;10.657295947;53.842529186
7575;1;0;61;42;2018;11;13;6;3;1;5;0;0;1;0;0;0;1;0;540942.576;5980032.519;9.624115623;53.967018979
7576;1;0;53;68;2018;12;22;2;3;5;3;2;0;1;0;0;0;0;1;602045.9078;5954280.9517;10.546736865;53.727198825
7577;1;0;55;17;2018;12;15;5;2;4;6;1;0;1;0;0;1;0;1;636761.7876;6029251.8137;11.106410465;54.392632053
7578;1;0;60;89;2018;11;11;2;3;2;6;0;0;1;0;0;0;0;1;580996.8463;5988792.5376;10.236904284;54.041013095
7579;1;0;3;0;2018;10;17;2;3;5;2;0;1;1;0;0;0;0;0;610071.8457;5969611.8431;10.673809894;53.863306159