OBJECTID_1;ULAND;UREGBEZ;UKREIS;UGEMEINDE;UJAHR;UMONAT;USTUNDE;UWOCHENTAG;UKATEGORIE;UART;UTYP1;ULICHTVERH;IstRad;IstPKW;IstFuss;IstKrad;IstGkfz;IstSonstig;STRZUSTAND;LINREFX;LINREFY;XGCSWGS84;YGCSWGS84
7835;1;0;56;36;2018;12;15;6;3;2;6;0;0;1;0;0;0;0;1;545160.6483;5946842.974;9.683538186;53.668375214
7836;1;0;58;170;2018;10;4;1;3;1;5;2;0;1;0;0;1;0;1;568864.6066;6003060.813;10.054919986;54.170993857
7837;1;0;56;49;2018;12;10;2;3;5;3;0;1;1;0;0;0;0;1;543800.3193;5948479.8796;9.663181228;53.683203141
7838;1;0;58;134;2018;11;22;2;2;8;6;2;0;1;0;0;0;0;1;541966.062;5999396.708;9.642395494;54.140968191
7839;1;0;2;0;2018;11;15;6;3;5;2;0;1;1;0;0;0;0;0;573593.157;6023069.2735;10.132256355;54.350129295
7840;1;0;60;63;2018;12;8;4;3;5;3;0;0;1;0;0;0;0;0;569325.0353;5950356.1433;10.050012567;53.69730195
7841;1;0;62;78;2018;10;6;7;3;9;7;2;0;1;0;0;0;0;0;588625.7423;5949546.3879;10.342035311;53.687107077
7843;1;0;51;1;2018;11;6;5;3;5;2;2;0;1;0;0;0;0;1;518890.712;5997981.148;9.289088977;54.129612156
7844;1;0;59;184;2018;10;8;3;3;2;6;0;0;1;0;0;0;0;1;525260.419;6064870.2716;9.392264181;54.730475497
7845;1;0;3;0;2018;12;2;5;3;8;7;2;0;1;0;0;1;1;1;609493.8507;5964408.0861;10.663170499;53.81667594
7846;1;0;62;22;2018;11;13;1;3;5;3;0;0;1;0;0;0;1;0;588689.528;5941538.443;10.340715775;53.61513705
7847;1;0;53;72;2018;10;9;3;3;5;2;0;0;1;0;0;0;0;1;587320.5324;5927441.0412;10.316089598;53.488684796
7848;1;0;61;34;2018;10;19;6;3;5;2;2;1;1;0;0;0;0;0;530844.7422;5976828.8318;9.469870292;53.938926136
7851;1;0;62;76;2018;10;14;1;3;2;6;0;0;1;0;0;0;0;0;573487.2327;5954801.1403;10.114096604;53.736678482
7853;1;0;2;0;2018;10;12;1;2;2;6;0;0;1;0;1;0;0;0;573495.4609;6021461.3255;10.130357066;54.335694924
7854;1;0;2;0;2018;12;18;3;3;2;6;2;0;1;0;0;0;0;0;573260.0088;6019831.5429;10.126336333;54.321084071
7855;1;0;58;146;2018;11;15;2;2;2;6;1;0;1;0;0;0;0;1;547317.3194;6016690.9099;9.727028054;54.295924015
7856;1;0;2;0;2018;11;12;7;3;5;3;0;0;1;0;0;0;0;0;573235.8731;6018447.8389;10.1256259;54.308653974
7857;1;0;59;75;2018;12;2;1;3;0;7;2;0;1;0;0;0;0;1;535164.9584;6041355.214;9.543240295;54.518560602
7858;1;0;60;4;2018;11;12;4;3;0;7;0;1;1;0;0;0;0;0;557812.1626;5975127.5152;9.880312932;53.921327313
7859;1;0;3;0;2018;11;16;5;3;1;7;2;0;1;0;0;0;1;1;622886.5294;5980086.1285;10.872774118;53.954524362
7860;1;0;54;88;2018;10;15;7;3;0;7;0;1;0;0;0;0;0;0;490710.7598;6071638.455;8.855531103;54.791848114
7861;1;0;54;56;2018;12;14;1;3;5;3;0;0;1;0;0;0;0;1;502801.9043;6037554.8259;9.043249766;54.485618167
7862;1;0;2;0;2018;12;12;3;3;2;6;0;0;1;0;0;0;0;0;569647.9404;6020155.7674;10.070889264;54.324503087
7863;1;0;56;15;2018;12;12;6;3;5;3;0;1;1;0;0;0;0;0;544331.5421;5957262.5033;9.672482066;53.762094075
7864;1;0;55;43;2018;11;18;3;3;7;7;2;0;1;0;0;0;0;1;615917.8399;6017835.5513;10.781118385;54.295251366
7865;1;0;1;0;2018;12;23;7;3;0;7;2;1;0;0;0;0;0;0;527896.3924;6071503.3054;9.43383345;54.789944075
7867;1;0;2;0;2018;10;12;1;3;0;7;0;1;0;0;0;0;0;0;573535.6786;6024174.5165;10.131645128;54.360068891
7868;1;0;51;72;2018;12;20;2;3;8;1;2;0;0;0;0;0;1;1;501967.2811;5978546.1484;9.02998;53.955276588
7869;1;0;3;0;2018;11;15;2;3;0;3;0;0;1;0;1;0;0;1;610672.1781;5973352.8945;10.684285141;53.896788934
7870;1;0;59;67;2018;12;16;5;1;4;6;2;0;1;0;0;0;1;1;554339.6863;6058241.6926;9.842555424;54.668610382
7871;1;0;56;15;2018;10;22;7;3;5;3;0;0;1;0;0;0;0;0;545798.5274;5955774.2462;9.694512859;53.748591291
7873;1;0;59;115;2018;11;15;6;3;0;3;0;0;1;0;0;0;0;1;515687.4221;6060878.9997;9.243393988;54.694996624
7874;1;0;1;0;2018;10;13;3;2;8;1;0;0;1;0;0;0;0;1;528724.6183;6068231.5084;9.44638943;54.760495398
7875;1;0;2;0;2018;12;18;5;3;2;6;2;0;1;0;0;0;0;1;573508.2708;6018681.2879;10.12986918;54.310712545
7876;1;0;56;48;2018;11;19;2;2;8;1;1;0;1;0;0;0;0;1;548718.8548;5953013.6558;9.738359337;53.723515539
7877;1;0;60;53;2018;10;6;3;3;2;6;2;0;1;0;0;0;1;0;582298.7046;5969293.0011;10.251521266;53.865587428
7880;1;0;55;35;2018;10;6;2;3;7;7;2;0;1;0;0;0;1;0;614649.3279;5979749.7459;10.7471806;53.953393178
7882;1;0;54;24;2018;10;13;1;3;4;6;0;1;0;0;0;0;0;0;502310.9562;6049815.1418;9.035767797;54.59580538
7883;1;0;54;73;2018;12;19;4;3;0;7;2;0;1;0;0;0;0;1;501810.1132;6077043.2911;9.028185237;54.840502448
7884;1;0;2;0;2018;11;16;2;2;2;6;2;0;1;0;0;0;0;0;573302.49;6017117.6881;10.126323219;54.296692049
7885;1;0;1;0;2018;10;11;1;3;0;6;0;0;1;0;1;0;0;1;528209.3872;6071857.7858;9.438735352;54.793112103
7886;1;0;53;90;2018;11;0;7;3;8;1;2;0;1;0;0;0;0;0;611835.9726;5944198.4404;10.691424971;53.634606087
7887;1;0;3;0;2018;12;18;1;3;2;3;2;0;1;0;0;0;0;1;609190.448;5971635.409;10.661133581;53.881672678
7888;1;0;58;132;2018;11;17;5;3;2;6;1;0;1;0;0;0;1;0;548151.1733;6019439.55;9.740282154;54.320547331
7889;1;0;56;50;2018;11;6;5;3;5;3;2;1;1;0;0;0;0;1;546750.7264;5937172.1114;9.706150693;53.581315675
7890;1;0;60;4;2018;11;6;1;3;8;1;2;0;1;0;0;0;0;1;561544.0563;5973195.8543;9.936742221;53.903537833
7891;1;0;56;29;2018;12;14;3;3;2;2;0;0;0;0;0;0;1;0;542675.2675;5953033.4157;9.646775261;53.724222471
7892;1;0;2;0;2018;10;13;6;2;6;4;0;0;1;1;0;0;0;0;570787.276;6023345.85;10.089161432;54.353011752
7894;1;0;53;76;2018;11;7;4;3;0;7;1;0;1;0;1;0;0;0;591941.2844;5937658.9233;10.388712901;53.579715507
7895;1;0;55;35;2018;10;9;1;3;9;1;0;0;1;0;0;0;0;1;617530.9868;5980355.2128;10.791305011;53.95818594
7896;1;0;3;0;2018;12;8;4;3;5;3;0;1;1;0;0;0;0;2;613284.011;5965427.76;10.721088953;53.82502498
7897;1;0;51;72;2018;10;8;2;3;5;2;0;1;1;0;0;0;0;1;500610.7303;5977816.8816;9.009305648;53.948725325
7900;1;0;51;99;2018;11;19;7;3;9;6;2;0;1;0;0;0;0;0;517791.5645;5992484.6827;9.271945269;54.080251022
7901;1;0;58;9;2018;12;6;3;3;7;7;2;0;1;0;0;0;0;1;546741.5674;5992430.8559;9.714413492;54.077953519
7904;1;0;59;112;2018;10;13;1;3;2;6;0;0;1;0;0;0;0;0;557586.9899;6066950.0942;9.894620104;54.746501461
7905;1;0;2;0;2018;12;13;5;3;3;6;0;0;1;0;0;1;0;1;572997.3056;6017943.5908;10.121836696;54.304157089
7906;1;0;56;43;2018;12;15;7;3;5;3;1;1;1;0;0;0;0;1;554404.708;5945419.513;9.823189659;53.65470161
7907;1;0;55;35;2018;11;11;6;3;3;2;0;0;1;0;0;1;0;0;613978.3564;5975663.4803;10.735436249;53.916830869
7908;1;0;61;34;2018;11;12;5;3;5;2;0;1;1;0;0;0;0;0;530800.444;5976328.7783;9.469145085;53.934434438
7909;1;0;56;1;2018;12;16;6;3;5;3;1;1;1;0;0;0;0;1;548847.3241;5942627.045;9.738671151;53.630152251
7910;1;0;60;94;2018;11;10;3;3;0;1;0;1;0;0;0;0;0;1;572215.037;5960640.125;10.096179414;53.789328995
7911;1;0;51;44;2018;11;18;3;3;2;6;2;0;1;0;0;0;0;0;506048.4081;6005305.8418;9.092707821;54.195755532
7912;1;0;62;23;2018;10;9;6;3;2;6;0;0;1;0;0;0;0;0;585259.7662;5945412.3197;10.289944472;53.650517927
7913;1;0;60;27;2018;10;15;4;3;2;6;0;0;1;0;0;0;0;0;561277.5506;5984324.1669;9.93492098;54.003577244
7915;1;0;58;83;2018;12;17;2;2;4;6;2;0;1;0;0;0;0;0;547494.6933;6031930.3794;9.732184986;54.432859157
7916;1;0;59;103;2018;12;7;4;3;8;1;1;0;1;0;0;0;0;2;536943.3958;6065397.3227;9.573745279;54.734489205
7917;1;0;2;0;2018;12;17;1;3;5;2;2;0;1;0;0;0;0;1;568290.5863;6019321.7588;10.049831998;54.317192152
7919;1;0;60;39;2018;11;17;4;3;2;6;2;0;1;0;0;0;1;0;564322.7252;5959798.1059;9.976223657;53.782796991
7920;1;0;55;40;2018;12;12;1;3;7;7;0;0;1;0;0;0;0;0;608591.2388;5981731.9442;10.655608682;53.972508547
7922;1;0;59;75;2018;10;12;1;3;5;2;0;1;1;0;0;0;0;0;537232.1515;6042696.3197;9.575342681;54.530465037
7923;1;0;56;15;2018;12;19;3;3;3;2;2;1;1;0;0;0;0;0;544088.328;5956126.515;9.668630753;53.751904824
7924;1;0;58;159;2018;11;14;3;3;4;6;0;0;1;0;0;0;0;1;544288.5189;5995235.9187;9.677333763;54.103379824
7925;1;0;59;77;2018;12;16;6;3;5;3;2;0;1;0;0;0;1;1;531527.9527;6041820.4792;9.487106729;54.52298116
7926;1;0;53;89;2018;11;0;7;3;2;6;2;0;1;0;0;0;0;0;597997.7198;5936276.5361;10.479725073;53.566197397
7927;1;0;60;89;2018;10;18;3;2;5;3;2;0;1;0;1;0;0;1;579039.706;5988818.475;10.207030925;54.041549809
7928;1;0;56;44;2018;12;19;5;2;2;6;2;0;1;0;0;0;0;1;556394.389;5939184.037;9.852161837;53.59844963
7929;1;0;62;14;2018;11;11;2;3;5;3;0;0;1;0;0;0;0;1;582553.3894;5951984.8906;10.250757879;53.71001482
7930;1;0;58;172;2018;11;22;2;3;9;1;2;0;1;0;0;0;0;0;543443.8435;6013813.649;9.667099071;54.270410435
7931;1;0;51;44;2018;10;11;4;3;2;2;0;0;1;0;0;0;1;0;505872.2528;6004676.3122;9.089995488;54.190099609
7933;1;0;53;46;2018;10;13;3;2;8;7;0;0;1;0;0;0;0;0;619087.2421;5931931.5224;10.796357212;53.522799273
7935;1;0;59;183;2018;10;15;1;3;2;6;0;0;1;0;0;0;1;0;522350.614;6069379.902;9.34742614;54.771139613
7936;1;0;59;158;2018;12;3;7;3;9;1;2;0;1;0;0;0;0;1;509587.9186;6067869.1835;9.148989488;54.757969084
7937;1;0;51;74;2018;12;7;2;3;2;6;2;0;1;0;0;0;0;1;504093.9781;5994344.9842;9.062602265;54.09726205
7938;1;0;56;32;2018;12;9;6;3;2;6;0;0;1;0;0;0;0;0;552077.1244;5948933.1708;9.788564538;53.686517751
7939;1;0;3;0;2018;11;7;3;3;3;6;0;0;1;0;0;1;0;0;607020.7898;5969699.3165;10.627465374;53.864730017
7940;1;0;4;0;2018;12;12;6;3;5;2;0;0;1;0;0;0;0;1;565779.4912;5994079.1699;10.005711171;54.090686456
7941;1;0;51;82;2018;10;21;1;3;9;1;2;0;1;0;0;0;0;0;512383.6313;6001776.7401;9.189666208;54.163923535
7942;1;0;62;82;2018;12;6;2;3;6;4;2;0;1;1;0;0;0;0;592692.8638;5939422.4322;10.400585243;53.595429854
7943;1;0;54;38;2018;11;7;2;3;9;1;2;0;1;0;0;0;0;1;505849.8367;6058626.7416;9.090716816;54.674966245
7944;1;0;54;84;2018;11;10;6;3;5;2;0;0;1;0;0;0;0;0;506176.657;6035909.069;9.095307481;54.470797584
7945;1;0;62;5;2018;11;13;6;3;2;2;0;0;1;0;0;0;0;0;578163.5787;5958184.2059;10.185831707;53.766400036
7947;1;0;53;2;2018;12;6;4;3;9;1;2;0;1;0;0;0;0;2;609685.733;5944173.921;10.658910895;53.634840756
7948;1;0;55;32;2018;10;22;7;3;8;1;2;0;1;0;0;0;0;0;618427.0244;5996837.4827;10.81138046;54.106048268
7950;1;0;56;28;2018;11;7;5;3;5;3;1;0;1;0;1;0;0;1;544454.9992;5941627.0098;9.672112686;53.62155548
7951;1;0;61;41;2018;10;12;2;2;5;3;0;0;1;0;0;0;1;0;540014.34;5966389.598;9.608183022;53.84447519
7952;1;0;51;122;2018;12;8;4;3;8;1;0;0;1;0;0;0;0;2;505199.5616;6009106.503;9.079762809;54.22992362
7953;1;0;55;28;2018;11;15;1;2;0;7;0;1;0;0;0;0;0;0;601516.448;6003686.7138;10.555145585;54.17119884
7954;1;0;3;0;2018;10;19;3;3;3;6;2;0;1;0;1;0;0;1;610218.1394;5967975.4311;10.675445959;53.848573125
7957;1;0;3;0;2018;10;11;1;2;5;3;0;0;1;0;1;0;0;0;613234.2812;5970856.0749;10.722335208;53.873804256
7959;1;0;58;73;2018;10;11;1;3;3;3;0;0;1;0;0;0;0;0;550631.192;6014398.4562;9.777552407;54.275004889
7960;1;0;53;32;2018;12;20;2;3;7;7;2;0;1;0;0;0;0;0;593725.6488;5920528.9518;10.410535806;53.425470927
7961;1;0;56;41;2018;11;13;1;3;4;6;0;0;1;0;0;0;0;1;559805.235;5954999.381;9.90674211;53.740208673
7962;1;0;59;20;2018;11;11;7;3;1;6;0;0;1;0;0;0;0;0;523116.296;6032496.1279;9.356420568;54.439636583
7963;1;0;60;11;2018;12;23;7;3;7;7;2;0;1;0;0;0;0;1;566065.8526;5984292.467;10.007957931;54.002702049
7964;1;0;62;76;2018;11;9;4;2;8;7;0;0;0;0;0;1;0;0;570999.4576;5952143.6158;10.075778556;53.713140616
7965;1;0;3;0;2018;11;12;5;3;0;1;0;0;0;0;1;0;0;1;609307.635;5970276.464;10.662431107;53.869438807
7966;1;0;61;73;2018;10;6;6;3;5;3;2;0;1;0;0;0;0;0;531879.978;5967894.921;9.484709611;53.858567685
7967;1;0;62;91;2018;10;11;5;3;0;1;0;0;1;0;0;0;0;0;592553.019;5949922.983;10.401598225;53.689810104
7969;1;0;55;12;2018;11;11;4;3;8;1;0;1;0;0;0;0;0;1;601889.4301;5999328.1168;10.559384258;54.13196576
7970;1;0;4;0;2018;10;17;7;3;5;3;0;1;1;0;0;0;0;0;563922.1127;5989904.0105;9.97643724;54.053400352
7971;1;0;58;43;2018;12;7;4;3;5;3;0;1;1;0;0;0;0;0;554780.731;6033982.689;9.844874478;54.450568927
7972;1;0;57;33;2018;10;21;2;3;4;6;2;0;1;0;0;0;0;0;574968.3496;6007372.0648;10.149476184;54.208878871
7973;1;0;53;32;2018;12;22;2;3;0;1;2;0;1;0;0;0;0;1;592034.542;5921635.746;10.385416954;53.435714538
7975;1;0;3;0;2018;11;7;6;3;2;2;1;0;1;0;0;0;0;0;610044.7727;5969391.6307;10.673319434;53.861333447
7976;1;0;53;126;2018;12;10;3;2;2;6;0;0;0;0;0;1;1;1;605543.8403;5935321.693;10.5932992;53.556154621
7978;1;0;60;59;2018;10;3;1;2;8;7;2;0;1;0;0;0;0;1;582043.1071;5984111.2574;10.251613988;53.998782963
7979;1;0;3;0;2018;12;7;4;3;3;6;0;1;0;0;0;0;0;0;610030.0024;5970093.9041;10.673346776;53.867646002
7980;1;0;62;9;2018;12;6;7;3;3;6;2;0;1;0;0;0;0;1;576026.1807;5935637.3351;10.147892086;53.564096469
7981;1;0;3;0;2018;11;14;5;3;5;3;0;1;1;0;0;0;0;0;618463.3762;5975439.6618;10.803601957;53.913814171
7982;1;0;3;0;2018;12;8;6;3;2;2;0;0;1;0;0;0;0;1;609516.3764;5970771.9936;10.665781264;53.873846795
7983;1;0;55;42;2018;11;17;3;2;5;2;2;0;1;0;0;0;1;1;616619.4431;5984102.6411;10.778853295;53.992057703
7984;1;0;3;0;2018;11;17;3;2;5;2;2;1;1;0;0;0;0;0;609414.8307;5970944.3563;10.664298938;53.875416775
7985;1;0;53;23;2018;10;19;5;2;0;1;2;1;0;0;0;0;0;0;591035.8501;5927505.8236;10.372088157;53.488637333
7986;1;0;59;42;2018;10;11;4;3;5;3;0;0;1;0;0;0;0;0;531960.4971;6047849.7822;9.494444111;54.577137949
7988;1;0;60;94;2018;12;6;1;3;8;1;2;0;1;0;0;0;0;1;572045.237;5961646.234;10.093837714;53.798394013
7989;1;0;56;33;2018;12;13;3;3;0;7;0;0;1;0;0;0;0;0;541223.6099;5952768.5539;9.624740496;53.721958667
7990;1;0;62;90;2018;12;6;7;3;9;7;2;0;1;0;0;0;0;1;578398.7559;5950197.1671;10.187374379;53.694590063
7991;1;0;2;0;2018;11;19;4;3;2;6;2;0;1;0;0;0;0;0;572540.1903;6019893.1091;10.115286778;54.321740079
7992;1;0;62;8;2018;12;16;1;3;3;6;1;0;1;0;0;0;1;0;595977.2691;5963013.2792;10.457502119;53.80681371
7993;1;0;62;61;2018;11;16;7;3;5;3;2;0;1;0;0;0;1;0;597307.9;5966220.761;10.478716152;53.835386348
7994;1;0;53;32;2018;12;11;3;2;4;6;0;0;1;0;0;0;0;1;590736.0469;5921070.1018;10.365713558;53.430856598
7995;1;0;56;5;2018;10;12;5;3;2;6;0;0;1;0;0;0;0;1;559951.3976;5945972.5568;9.907211491;53.659065651
7997;1;0;62;18;2018;11;12;4;3;5;2;0;1;1;0;0;0;0;0;579643.0183;5933057.8979;10.201831444;53.540379637
7998;1;0;55;35;2018;10;11;1;3;8;1;0;0;1;0;0;0;0;1;613295.0381;5985791.4409;10.728799056;54.007969202
7999;1;0;58;37;2018;12;7;4;3;9;1;1;0;1;0;0;0;0;2;573039.1814;6032677.3967;10.126097023;54.436543626
8000;1;0;62;87;2018;10;14;2;3;4;6;0;0;1;0;0;0;1;0;599789.0436;5970054.3742;10.517651738;53.869360788
8003;1;0;60;7;2018;11;12;6;3;9;7;0;0;0;0;0;0;1;0;574242.8437;5975070.468;10.130443335;53.918720429
8004;1;0;2;0;2018;12;11;3;3;0;1;0;0;0;0;1;0;0;1;573213.1323;6019321.5329;10.125490682;54.316507998
8006;1;0;61;12;2018;10;18;7;2;0;1;0;1;0;0;0;0;0;0;529470.508;5962191.677;9.447530044;53.807449894
8007;1;0;56;15;2018;12;18;4;3;5;3;2;1;1;0;0;0;0;1;544751.9122;5955873.6305;9.678657073;53.749575429
8008;1;0;59;173;2018;12;16;7;3;7;7;2;0;1;0;0;0;0;1;514446.7041;6069473.3706;9.224570854;54.772269205
8009;1;0;4;0;2018;11;6;6;3;5;3;2;0;1;0;0;0;1;1;564397.9172;5991372.3793;9.984016041;54.066536633
8010;1;0;56;39;2018;11;8;5;3;5;2;0;0;1;0;0;0;0;0;552525.61;5947969.648;9.795191753;53.677813164
8011;1;0;55;35;2018;12;17;6;3;5;3;2;0;1;0;0;0;0;1;614780.1902;5979340.7925;10.749020046;53.949690211
8012;1;0;62;23;2018;11;6;3;3;0;3;1;0;0;0;1;1;0;1;583061.087;5946612.666;10.257009186;53.661658273
8013;1;0;56;49;2018;11;17;3;3;5;3;2;1;1;0;0;0;0;0;544475.768;5948147.392;9.673359766;53.680157759
8014;1;0;60;39;2018;10;7;5;3;5;3;2;1;1;0;0;0;0;1;564480.715;5958909.912;9.978435379;53.774795303
8015;1;0;58;58;2018;10;5;4;3;1;5;2;0;1;0;0;0;1;0;562370.7991;6028864.9583;9.960841186;54.403705908
8017;1;0;59;53;2018;12;10;2;3;2;6;0;0;1;0;0;1;0;1;535556.599;6025310.6565;9.54736377;54.374343479
8018;1;0;58;146;2018;12;13;4;3;2;6;0;0;1;0;0;1;0;0;549507.5896;6016797.0343;9.760695806;54.296670198
8019;1;0;3;0;2018;12;14;1;2;2;6;0;0;1;0;0;0;0;0;609911.623;5973132.3678;10.672636804;53.894969448
8021;1;0;62;27;2018;11;7;4;3;2;2;2;0;1;0;0;0;0;0;588554.5028;5952872.0952;10.34190736;53.717003634
8022;1;0;1;0;2018;12;14;1;3;2;6;0;0;1;0;0;0;0;0;530188.6664;6072017.0938;9.469534191;54.794428521
8024;1;0;60;94;2018;10;15;7;2;4;1;0;0;1;0;1;0;0;0;572046.8905;5961625.6325;10.093857995;53.798208647
8025;1;0;3;0;2018;12;14;3;3;6;3;0;0;1;1;0;0;0;0;618307.6145;5975427.8101;10.801227198;53.913743285
8026;1;0;2;0;2018;11;8;3;3;5;2;0;1;1;0;0;0;0;0;573497.5848;6019018.9774;10.129788087;54.313748459
8027;1;0;56;36;2018;12;11;5;3;5;3;0;1;0;0;0;1;0;1;540176.3931;5947597.875;9.608200652;53.675566996
8028;1;0;61;46;2018;11;17;6;3;2;6;2;0;1;0;0;0;0;0;531816.3886;5973370.5561;9.484311292;53.907785346
8029;1;0;3;0;2018;10;15;3;3;5;2;0;0;1;0;0;0;0;0;610143.1075;5969933.5133;10.675008497;53.866181019
8030;1;0;3;0;2018;12;14;5;3;5;3;0;1;1;0;0;0;0;1;614080.99;5969000.982;10.734517733;53.856952663
8031;1;0;3;0;2018;11;9;2;3;2;6;0;0;1;0;0;0;0;1;612297.753;5970841.0068;10.708091756;53.873872391
8032;1;0;59;63;2018;11;22;2;2;8;1;2;0;1;0;0;0;0;0;549754.74;6057357.531;9.771321199;54.661138675
8033;1;0;62;1;2018;10;10;4;3;5;3;0;0;1;0;0;0;0;1;579959.8952;5945849.4134;10.209892423;53.65528275
8035;1;0;56;30;2018;10;17;2;3;2;6;1;0;1;0;1;0;0;0;544661.7951;5962300.9758;9.678221326;53.807349706
8037;1;0;56;3;2018;10;16;7;3;5;3;0;0;1;0;0;0;0;0;548801.5176;5956704.099;9.740194627;53.756675889
8038;1;0;53;46;2018;12;1;7;3;9;7;2;0;0;0;0;1;0;1;618902.9942;5932017.8849;10.793612229;53.523616886
8039;1;0;60;63;2018;12;8;2;3;5;2;1;1;1;0;0;0;0;1;565353.852;5947975.742;9.989372667;53.676421224
8040;1;0;53;32;2018;12;16;5;3;4;6;2;0;1;0;0;0;0;1;591236.1156;5920794.4511;10.373158128;53.428293267
8041;1;0;60;5;2018;11;15;2;3;5;3;0;1;1;0;0;0;0;0;585381.508;5978032.075;10.300826337;53.943616612
8042;1;0;1;0;2018;12;14;6;3;2;6;0;0;1;0;0;0;0;1;525394.0827;6069937.1295;9.394782512;54.776002467
8043;1;0;60;5;2018;10;16;7;2;6;4;0;0;1;1;0;0;0;0;585258.1341;5977727.4435;10.298862164;53.940899623
8044;1;0;58;124;2018;12;7;2;3;5;3;2;1;1;0;0;0;0;1;546113.506;6016614.284;9.70852129;54.295345455
8045;1;0;62;53;2018;11;13;1;3;5;3;0;0;1;0;1;0;0;0;577232.694;5931025.821;10.164966134;53.522477793
8046;1;0;51;92;2018;11;7;5;2;5;3;2;1;1;0;0;0;0;1;502252.067;6017825.8117;9.034612981;54.308309947
8047;1;0;58;86;2018;11;19;6;3;6;2;2;0;1;1;0;0;0;0;544112.2119;6008943.6959;9.676644681;54.226587364
8048;1;0;3;0;2018;12;12;4;3;5;3;0;0;1;0;1;0;0;1;609586.073;5972936.67;10.667614877;53.89328015
8049;1;0;59;42;2018;10;8;7;3;4;6;0;0;0;0;0;1;1;0;533222.1095;6047594.1119;9.51393209;54.574759013
8051;1;0;3;0;2018;11;16;5;3;5;3;2;1;1;0;0;0;0;0;611399.5637;5971050.7674;10.694512767;53.875950506
8052;1;0;55;28;2018;10;13;2;3;8;7;0;0;1;0;0;0;0;0;606573.022;6007530.9829;10.633935696;54.20471081
8053;1;0;56;26;2018;12;8;4;3;9;1;1;0;1;0;0;0;0;2;556623.4304;5958023.3523;9.859061414;53.767741171
8054;1;0;2;0;2018;11;23;1;3;9;1;2;0;1;0;0;0;0;1;571442.7679;6020475.5244;10.098557107;54.327128297
8055;1;0;3;0;2018;10;10;3;2;5;3;0;0;1;0;0;0;0;1;610253.3289;5967980.3404;10.675982391;53.848609763
8058;1;0;58;9;2018;10;14;1;3;8;7;0;1;0;0;0;0;0;0;549163.0596;5991210.6983;9.751222956;54.066762473
8060;1;0;56;4;2018;10;13;7;3;5;3;0;1;1;0;0;0;0;0;557712.3124;5958809.5991;9.875726328;53.774687837
8061;1;0;56;41;2018;12;20;2;3;9;1;2;0;1;0;0;0;0;1;562516.8809;5955528.8567;9.947955993;53.744649052
8062;1;0;57;3;2018;11;17;1;3;1;7;2;0;1;0;0;0;0;1;586361.1252;6029377.079;10.33047337;54.404802177
8063;1;0;60;5;2018;11;17;6;3;5;2;2;1;1;0;0;0;0;0;585508.749;5978328.879;10.302847478;53.946262591
8064;1;0;4;0;2018;12;20;7;3;5;3;2;0;1;0;0;0;0;1;561640.1081;5991616.2065;9.94193206;54.0690651
8065;1;0;55;40;2018;11;11;4;3;2;2;0;0;1;0;0;0;0;0;608570.8022;5972118.4732;10.651882258;53.886142746
8066;1;0;2;0;2018;11;17;5;3;2;6;2;0;1;0;0;0;0;1;573432.365;6017837.7477;10.128495326;54.303143656
8067;1;0;60;44;2018;10;6;6;3;5;3;2;1;1;0;0;0;0;0;562347.2075;5965106.5831;9.94732084;53.830744495
8068;1;0;3;0;2018;10;15;5;3;2;2;0;0;1;0;0;0;0;0;607929.7226;5967272.4071;10.640428189;53.84273739
8070;1;0;2;0;2018;11;15;4;3;6;2;0;0;1;1;0;0;0;0;576122.8037;6017318.8592;10.169699942;54.298087308
8071;1;0;57;71;2018;12;8;4;3;9;1;0;0;1;0;0;0;0;2;573328.9024;5996203.5799;10.121626945;54.108756564
8072;1;0;55;4;2018;10;16;2;2;0;1;0;0;0;0;1;0;0;0;613336.92;5976483.046;10.725978378;53.924334519
8073;1;0;3;0;2018;12;12;2;2;6;4;0;0;1;1;0;0;0;1;614883.0687;5969138.8586;10.746758129;53.858014506
8075;1;0;59;75;2018;11;14;6;3;5;3;0;1;1;0;0;0;0;1;535401.0364;6040784.4076;9.546818599;54.513414482
8076;1;0;56;18;2018;12;5;2;2;4;2;2;0;1;0;0;0;0;1;557379.137;5942535.783;9.867657678;53.628466464
8078;1;0;56;26;2018;10;17;7;3;9;7;0;0;0;0;1;0;0;0;556678.2676;5957047.0429;9.859714017;53.75896086
8079;1;0;3;0;2018;12;16;4;3;3;7;2;0;1;0;0;0;0;1;610126.1429;5969285.9411;10.674518227;53.860366648
8080;1;0;51;16;2018;11;20;3;3;5;3;2;1;1;0;0;0;0;1;517140.5822;5983340.4613;9.261478781;53.998086991
8081;1;0;60;63;2018;12;8;6;3;5;2;1;1;1;0;0;0;0;1;568199.932;5949241.4159;10.032729348;53.687432122
8082;1;0;2;0;2018;11;14;5;3;5;2;0;1;0;0;0;0;1;0;573288.543;6019966.0287;10.126807967;54.322288424
8083;1;0;4;0;2018;12;14;6;3;5;3;0;1;1;0;0;0;0;1;563358.7811;5990184.2648;9.967892018;54.055988415
8084;1;0;58;96;2018;11;6;3;2;4;6;2;0;1;0;0;0;0;1;559915.9117;6027490.5991;9.922751214;54.391650627
8085;1;0;54;14;2018;11;17;3;3;8;1;2;0;1;0;0;0;0;0;496523.8167;6055386.1475;8.946131324;54.645865239
8086;1;0;3;0;2018;10;8;5;3;1;5;1;0;1;0;0;0;0;1;609104.3245;5970759.7189;10.65951235;53.87382331
8088;1;0;62;71;2018;10;16;4;3;2;6;0;0;1;0;0;0;0;0;581315.6912;5939976.166;10.228867561;53.602294349