OBJECTID_1;ULAND;UREGBEZ;UKREIS;UGEMEINDE;UJAHR;UMONAT;USTUNDE;UWOCHENTAG;UKATEGORIE;UART;UTYP1;ULICHTVERH;IstRad;IstPKW;IstFuss;IstKrad;IstGkfz;IstSonstig;STRZUSTAND;LINREFX;LINREFY;XGCSWGS84;YGCSWGS84
8090;1;0;3;0;2018;12;23;1;2;2;6;2;0;1;0;0;0;0;1;620383.5602;5978357.7987;10.833969519;53.939586504
8091;1;0;53;41;2018;12;18;3;3;5;2;2;0;1;0;0;0;0;0;613887.5572;5964766.2989;10.730008971;53.818950488
8092;1;0;2;0;2018;12;15;7;3;5;3;1;0;1;0;0;0;0;1;573715.5425;6019123.6149;10.133163594;54.314657282
8093;1;0;56;15;2018;11;16;3;3;4;6;1;1;0;0;0;0;0;0;544888.5786;5957197.3357;9.680921837;53.761460677
8094;1;0;53;50;2018;12;3;7;2;9;1;2;0;1;0;0;0;0;1;594082.5811;5922830.5232;10.416593461;53.446089349
8096;1;0;56;36;2018;10;14;7;3;2;2;0;0;1;0;1;0;0;0;544621.505;5947502.651;9.67547333;53.674350546
8097;1;0;1;0;2018;12;19;3;1;1;5;2;0;1;0;0;1;0;1;526575.4584;6073027.012;9.413431139;54.803708549
8098;1;0;56;21;2018;11;20;2;3;8;1;2;0;0;0;1;0;0;1;560083.5673;5951549.6147;9.910291596;53.70917295
8099;1;0;4;0;2018;12;18;5;2;1;5;2;0;1;0;1;0;0;1;564278.6267;5996603.5549;9.983304564;54.113561271
8100;1;0;54;109;2018;10;14;1;3;5;3;0;0;1;0;0;0;0;0;491746.1032;6068514.8359;8.87172186;54.763795094
8102;1;0;55;37;2018;11;14;6;3;2;6;0;0;1;0;0;0;0;1;620750.8415;6000353.0248;10.848308962;54.137088526
8103;1;0;59;51;2018;10;16;3;3;5;3;1;0;1;0;0;0;0;1;530892.236;6033267.513;9.476390993;54.446155846
8104;1;0;58;18;2018;12;16;5;2;4;6;2;0;1;0;0;0;0;1;566596.6845;6009790.3133;10.02167528;54.231765653
8105;1;0;2;0;2018;11;7;2;3;5;2;0;1;1;0;0;0;0;0;573324.5727;6020248.1062;10.12743112;54.324817911
8106;1;0;2;0;2018;10;7;4;3;2;6;0;0;1;0;0;0;0;1;574595.8728;6017553.5738;10.146301025;54.300421588
8108;1;0;61;44;2018;10;16;6;2;5;3;0;0;1;0;1;0;0;0;541189.366;5962830.75;9.6255645;53.812397704
8109;1;0;2;0;2018;10;12;2;3;2;6;0;0;1;0;0;0;0;0;574463.5938;6017671.7501;10.144298218;54.301502778
8111;1;0;53;43;2018;10;11;7;2;2;6;0;0;1;0;1;0;0;0;612273.5057;5960995.2769;10.70412811;53.785421759
8112;1;0;62;86;2018;12;18;5;3;2;6;2;0;1;0;0;1;0;1;587588.0908;5936114.6441;10.322547327;53.56658339
8113;1;0;62;9;2018;11;6;2;3;7;7;1;0;1;0;0;0;0;1;582572.154;5935782.852;10.246741165;53.56441503
8114;1;0;53;3;2018;10;12;7;3;2;2;0;0;1;0;0;0;0;0;586980.5401;5932039.3694;10.31224271;53.530063062
8115;1;0;58;13;2018;11;12;7;3;5;2;0;0;1;0;1;0;0;0;520629.1861;5997463.5304;9.315657463;54.124893198
8116;1;0;1;0;2018;12;16;2;3;2;6;2;0;1;0;0;0;0;1;528001.9188;6068497.505;9.435184465;54.762926588
8117;1;0;58;135;2018;11;16;5;3;2;6;1;0;1;0;0;0;0;0;542709.0114;6015906.1213;9.656114945;54.289277182
8118;1;0;51;74;2018;11;7;5;3;5;3;2;1;1;0;0;0;0;1;506294.0047;5993408.8912;9.096224026;54.088826465
8119;1;0;61;16;2018;11;10;1;3;8;7;0;1;0;0;0;0;0;0;542433.1876;5974768.6021;9.646104969;53.919589731
8120;1;0;54;10;2018;12;8;4;3;7;7;1;0;1;0;0;0;0;1;497184.1597;6063439.9137;8.956286631;54.718247689
8121;1;0;55;32;2018;10;8;6;3;5;3;0;0;1;0;0;0;0;0;619751.151;5997794.645;10.832001195;54.114340159
8124;1;0;62;50;2018;10;16;7;3;2;6;0;0;1;0;0;0;0;0;585529.3551;5960627.8271;10.298226398;53.787201071
8125;1;0;4;0;2018;12;20;3;3;5;2;2;1;1;0;0;0;0;1;564869.9254;5991069.9903;9.99116254;54.063760015
8126;1;0;1;0;2018;11;22;3;3;2;6;2;0;1;0;1;0;0;0;528143.0834;6071145.1256;9.437635004;54.786711526
8127;1;0;55;40;2018;12;10;5;1;6;4;0;0;1;1;0;0;0;1;608374.037;5972193.7526;10.648916507;53.886860231
8128;1;0;56;39;2018;11;14;6;3;5;3;0;1;1;0;0;0;0;1;551847.8158;5946920.3335;9.784756321;53.668450064
8129;1;0;4;0;2018;10;16;3;3;5;3;0;1;1;0;0;0;0;0;564827.3607;5991178.7923;9.99053556;54.064743118
8130;1;0;3;0;2018;12;10;5;3;5;3;0;0;1;0;0;0;0;1;622020.7943;5980926.2739;10.859924124;53.962276476
8131;1;0;58;43;2018;11;11;2;3;5;2;0;1;1;0;0;0;0;1;553888.5434;6034039.2044;9.831126316;54.451172204
8132;1;0;58;86;2018;10;7;4;3;8;1;1;0;1;0;0;0;0;1;543860.1717;6009131.9399;9.672806398;54.228300746
8134;1;0;55;41;2018;10;16;2;3;2;6;0;0;1;0;0;0;0;0;608365.263;5997404.133;10.65776007;54.113356476
8136;1;0;3;0;2018;10;17;7;3;5;3;0;1;1;0;0;0;0;0;610127.2446;5969917.9988;10.674761805;53.866044998
8137;1;0;53;116;2018;12;13;2;3;5;3;0;0;1;0;0;0;0;1;598336.3403;5929109.401;10.482584506;53.501733012
8138;1;0;58;117;2018;12;16;5;2;6;4;2;0;1;1;0;0;0;1;555754.4952;6001824.0135;9.853888065;54.161470613
8139;1;0;53;100;2018;11;15;2;3;0;7;0;1;0;0;0;0;0;0;617028.2871;5951564.4506;10.772690109;53.699648204
8140;1;0;58;171;2018;10;14;7;3;0;1;0;0;0;0;1;0;0;0;558594.2941;6014749.1062;9.899896316;54.277305521
8141;1;0;4;0;2018;11;23;1;3;5;3;2;0;1;1;0;0;0;1;563368.1232;5992208.2133;9.968457831;54.074175551
8142;1;0;57;66;2018;12;14;2;3;9;7;0;0;1;0;0;1;0;1;585928.6669;6015369.3868;10.319774514;54.279016115
8143;1;0;56;15;2018;11;13;5;3;2;6;0;0;1;0;0;0;0;1;544140.2878;5958608.4877;9.669773596;53.774207553
8144;1;0;2;0;2018;11;21;6;2;1;5;2;0;1;0;0;0;0;0;571965.7986;6020502.2294;10.106604404;54.327294781
8145;1;0;59;171;2018;12;14;4;3;5;3;0;0;1;0;0;0;0;1;525842.634;6057492.551;9.400651237;54.664144905
8146;1;0;51;72;2018;10;17;6;3;5;2;0;0;1;0;1;0;0;0;500491.201;5978888.611;9.007486115;53.958358143
8148;1;0;2;0;2018;11;14;5;3;5;2;0;1;1;0;0;0;0;0;574047.8675;6020683.2319;10.13865801;54.328623384
8149;1;0;59;128;2018;10;6;2;3;5;3;1;0;1;0;0;0;1;1;517205.464;6054630.492;9.266578512;54.638792825
8150;1;0;60;95;2018;12;11;4;2;8;1;0;0;1;0;0;0;0;2;555140.8875;5971517.3995;9.838991612;53.889174105
8151;1;0;60;92;2018;11;18;7;3;6;4;2;0;1;1;0;0;0;1;579422.2826;5979017.7159;10.210314424;53.953422297
8152;1;0;2;0;2018;10;14;3;3;0;3;0;0;1;0;1;0;0;1;573457.0764;6023851.1098;10.130355987;54.357174211
8156;1;0;58;135;2018;10;17;7;3;3;6;0;0;1;0;0;0;0;0;544821.7089;6017947.3806;9.68887478;54.307440695
8157;1;0;62;61;2018;12;15;6;3;2;6;0;0;1;0;0;0;0;0;598914.6181;5964545.5106;10.502584224;53.820030737
8158;1;0;56;15;2018;12;14;1;3;4;6;0;0;1;0;0;0;0;1;544802.5583;5955887.4649;9.679427062;53.749695417
8159;1;0;58;43;2018;11;4;7;2;8;1;2;0;1;0;0;0;0;1;554275.1021;6035525.1158;9.837360047;54.464483857
8160;1;0;3;0;2018;11;19;6;3;5;2;2;1;1;0;0;0;0;0;611241.0752;5969111.4699;10.691399949;53.858561478
8161;1;0;54;56;2018;12;15;7;3;5;2;0;0;1;0;0;0;0;1;503659.65;6036848.588;9.056481044;54.479265612
8162;1;0;2;0;2018;11;6;4;3;5;2;2;1;1;0;0;0;0;1;572599.2587;6023885.3252;10.117167043;54.357604534
8163;1;0;62;71;2018;11;9;5;2;2;6;0;0;1;0;0;1;0;1;580954.5297;5939351.3133;10.223248695;53.596735043
8164;1;0;55;6;2018;10;10;6;3;5;3;0;0;1;0;0;0;0;1;622612.7957;6005475.7436;10.878876714;54.182664329
8165;1;0;2;0;2018;10;11;5;3;9;1;0;0;1;0;0;0;0;1;574427.619;6017693.253;10.143750863;54.301701239
8167;1;0;54;113;2018;11;11;4;3;2;6;0;0;1;0;0;0;0;1;479954.859;6016786.144;8.691989845;54.298577703
8168;1;0;2;0;2018;12;7;4;3;0;1;2;0;0;0;1;0;0;2;572103.4535;6018697.4323;10.108284652;54.311057889
8169;1;0;62;16;2018;10;17;1;2;5;2;0;0;1;0;1;0;0;0;583878.505;5959338.536;10.272824779;53.775884092
8170;1;0;59;127;2018;12;16;2;2;4;6;0;0;1;0;0;0;0;0;536807.0634;6071279.2573;9.572373416;54.787356205
8172;1;0;62;32;2018;11;11;5;3;4;6;0;0;1;0;0;0;0;0;600569.4267;5972166.1373;10.530208389;53.888184127
8173;1;0;57;8;2018;12;13;2;3;9;1;0;0;1;0;0;0;0;1;571815.6979;5991228.8157;10.097305775;54.06426611
8175;1;0;58;53;2018;10;14;7;3;5;3;0;0;1;0;0;0;0;0;568767.599;6010828.799;10.055211705;54.240810645
8176;1;0;57;24;2018;12;7;4;3;4;6;2;0;1;0;0;0;0;0;570565.7488;5997960.6768;10.079780993;54.124932505
8177;1;0;56;43;2018;11;8;3;3;4;7;0;0;1;0;0;0;0;1;558414.324;5941909.1652;9.883191619;53.622720316
8178;1;0;55;33;2018;12;10;6;3;2;6;0;0;1;0;0;0;1;1;624250.9834;6017697.7143;10.909026759;54.292055129
8179;1;0;61;11;2018;11;21;5;2;8;1;2;0;1;0;0;0;0;1;522693.5882;5990632.225;9.34673293;54.063409111
8180;1;0;2;0;2018;12;8;6;3;6;2;1;0;1;1;0;0;0;1;573146.4769;6021032.8232;10.124885746;54.331894688
8181;1;0;57;68;2018;11;22;3;2;8;1;2;0;1;0;0;0;0;1;575251.7065;5993140.6951;10.15026961;54.080955953
8182;1;0;56;49;2018;11;9;2;3;5;2;0;1;1;0;0;0;0;0;543800.649;5948478.469;9.663186021;53.683190435
8183;1;0;2;0;2018;10;14;5;3;5;2;0;1;1;0;0;0;0;0;573310.0596;6020127.1331;10.127178293;54.323732969
8185;1;0;60;34;2018;10;15;3;2;9;1;0;0;1;0;0;0;0;0;572734.43;5971182.809;10.106556901;53.883998395
8187;1;0;54;42;2018;12;12;1;3;2;6;0;0;1;0;0;0;0;0;501862.3554;6041728.7833;9.028773378;54.523134506
8188;1;0;3;0;2018;12;8;3;3;3;6;1;0;1;0;0;0;0;1;611341.6313;5969193.8244;10.692958024;53.859279814
8189;1;0;56;1;2018;12;20;6;3;2;6;2;0;1;0;0;0;1;1;549603.8453;5945903.8257;9.750633024;53.659531777
8190;1;0;53;32;2018;11;16;3;3;6;7;0;0;1;1;0;0;0;0;590794.6045;5922033.3766;10.36687244;53.439502709
8191;1;0;2;0;2018;12;3;7;3;3;6;2;1;0;0;0;0;0;0;573324.719;6020249.362;10.127433678;54.324829174
8193;1;0;58;163;2018;10;14;7;3;0;6;0;1;1;0;0;0;0;0;557762.3593;5999579.764;9.884204892;54.141080458
8194;1;0;58;122;2018;12;6;3;3;2;6;2;0;1;0;0;0;0;1;551604.7544;6018656.6471;9.793237147;54.313174285
8195;1;0;55;33;2018;11;17;2;3;5;3;2;1;1;0;0;0;0;1;622918.6009;6017504.1086;10.888488443;54.29063823
8196;1;0;2;0;2018;12;14;5;3;2;6;0;0;1;0;0;0;1;0;571161.647;6023862.628;10.095043979;54.357603276
8197;1;0;56;15;2018;10;14;7;3;5;3;0;0;1;0;0;0;0;0;545075.3303;5957989.2136;9.683870123;53.768561661
8199;1;0;57;13;2018;11;17;6;3;8;6;2;0;1;0;0;0;0;0;601744.7298;6011399.4695;10.561252261;54.240447158
8200;1;0;59;18;2018;10;17;3;2;4;6;2;0;1;0;0;1;0;1;535319.451;6036542.028;9.545051006;54.475294891
8201;1;0;58;86;2018;12;17;5;3;2;7;2;0;1;0;0;0;0;1;543585.9655;6009819.5249;9.668700325;54.234503449
8202;1;0;59;44;2018;11;18;2;3;5;3;2;1;1;0;0;0;0;1;525045.9818;6045485.2677;9.387274896;54.556278107
8203;1;0;58;139;2018;10;15;4;3;8;7;0;0;1;0;0;1;0;0;566406.972;6010034.7543;10.018819468;54.233986868
8205;1;0;56;48;2018;10;7;2;3;2;6;0;0;1;0;0;1;0;0;549872.2263;5952267.4986;9.755717387;53.716700436
8207;1;0;2;0;2018;10;16;7;3;0;1;0;1;0;0;0;0;0;0;575886.2459;6019925.8085;10.166728291;54.32154747
8208;1;0;3;0;2018;12;20;4;2;0;1;2;1;0;0;0;0;0;1;611640.6828;5968750.8994;10.697341845;53.855236279
8209;1;0;4;0;2018;11;6;2;3;0;3;2;1;1;0;0;0;0;1;564793.2445;5991283.0047;9.990036641;54.065683911
8210;1;0;2;0;2018;10;16;7;3;0;2;0;1;1;0;0;0;0;0;572783.0583;6020096.4168;10.119069613;54.323532376
8211;1;0;62;87;2018;11;11;7;3;0;7;0;1;0;0;0;0;0;0;599877.7971;5970824.338;10.51925179;53.8762618
8212;1;0;51;47;2018;12;4;1;2;9;1;2;0;1;0;0;0;0;1;502235.9692;6012570.4075;9.034326277;54.261077136
8213;1;0;1;0;2018;11;14;5;3;5;3;0;0;1;0;0;0;0;0;526672.045;6070004.231;9.414655623;54.776539206
8214;1;0;56;15;2018;11;11;5;3;2;2;0;0;1;0;0;0;0;1;542741.4456;5956334.9597;9.648234631;53.753890457
8215;1;0;2;0;2018;11;5;1;3;2;6;2;0;1;0;0;0;0;0;571433.5592;6020634.6181;10.098453633;54.328559166
8216;1;0;56;43;2018;12;17;4;3;2;6;2;0;1;0;0;0;0;1;554925.8561;5944345.3267;9.830884339;53.644992895
8217;1;0;58;127;2018;10;12;6;3;5;3;0;0;1;0;0;0;1;0;541638.658;6028262.256;9.641399411;54.400408078
8219;1;0;56;15;2018;11;10;4;3;6;4;0;1;0;1;0;0;0;1;542588.3614;5956740.8584;9.645969029;53.757551091
8220;1;0;55;35;2018;10;13;1;3;8;1;0;0;1;0;0;0;0;1;612498.7591;5977044.2208;10.713427087;53.92955883
8221;1;0;3;0;2018;12;8;4;3;0;1;0;1;0;0;0;0;0;2;609954.734;5970195.327;10.672238977;53.868573165
8222;1;0;58;127;2018;11;15;7;3;5;3;1;0;1;0;0;0;0;1;540723.0938;6028341.6886;9.627307954;54.401195995
8223;1;0;1;0;2018;10;10;3;3;5;3;0;1;1;0;0;0;0;1;527998.2405;6069708.2134;9.435244052;54.773806832
8226;1;0;2;0;2018;11;3;7;3;8;1;2;0;1;0;0;0;0;1;574388.6569;6029537.8573;10.146110833;54.408137666
8227;1;0;58;29;2018;12;6;3;3;5;3;2;0;1;0;0;0;0;1;534873.9111;6007298.8654;9.534753522;54.212517201
8228;1;0;3;0;2018;10;12;1;3;2;6;0;0;1;0;0;0;0;0;610320.2214;5973645.4933;10.679036777;53.899492707
8231;1;0;2;0;2018;10;16;7;3;5;2;0;1;1;0;0;0;0;0;572966.476;6021029.2582;10.122117312;54.331888424
8232;1;0;53;62;2018;12;6;5;2;8;1;2;0;0;0;0;0;1;2;625689.871;5947299.465;10.9020873;53.659321274
8233;1;0;1;0;2018;12;3;1;3;1;5;2;0;1;0;0;1;0;1;526553.7542;6073007.1444;9.413091678;54.803531159
8234;1;0;62;26;2018;11;18;6;2;5;3;2;0;1;0;0;0;0;0;595783.768;5939964.509;10.447439081;53.599745112
8235;1;0;55;39;2018;11;13;6;3;9;7;0;0;1;0;0;0;0;0;615848.2064;5995021.6641;10.771262302;54.090322971
8236;1;0;56;33;2018;12;20;6;3;9;1;2;0;1;0;0;0;0;1;541299.9101;5951340.3455;9.625706213;53.709116168
8237;1;0;51;11;2018;11;8;3;3;5;3;0;0;0;0;1;1;0;1;510915.8804;5971941.6289;9.166114226;53.895803802
8238;1;0;4;0;2018;11;12;4;2;8;6;0;0;0;0;0;1;1;0;561718.3372;5996211.4191;9.944064369;54.110350901
8239;1;0;1;0;2018;10;13;6;3;5;3;0;0;1;0;0;0;1;1;529352.171;6073073.911;9.456631413;54.803975178
8240;1;0;61;28;2018;10;11;4;3;0;7;0;0;1;0;0;0;0;0;549267.0708;5984000.4925;9.751642361;54.001953767
8242;1;0;4;0;2018;12;7;2;3;6;2;2;0;1;1;0;0;0;1;563682.7808;5991858.3906;9.973192463;54.070993062
8243;1;0;54;91;2018;12;7;4;2;8;1;2;0;1;0;0;0;0;1;489746.0092;6039081.7487;8.841668257;54.49924497
8244;1;0;60;95;2018;12;3;1;2;6;6;2;0;1;1;0;0;0;1;554327.3603;5970900.8001;9.826505561;53.883718492
8246;1;0;60;4;2018;11;5;5;3;0;6;2;0;1;0;0;0;0;0;561577.2479;5973010.486;9.937210056;53.901868012
8247;1;0;51;48;2018;12;9;1;3;9;1;0;0;1;0;0;0;0;0;504452.7823;5999365.4436;9.068162844;54.142381609
8249;1;0;61;49;2018;12;7;3;3;9;1;2;0;1;0;0;0;0;2;545813.3736;5976747.3611;9.697865614;53.937085642
8250;1;0;58;128;2018;11;5;3;2;4;6;2;0;1;0;0;1;1;1;561810.8913;5988777.9461;9.943962961;54.043538297
118603;1;0;1;0;2018;1;13;3;3;8;1;0;0;1;0;0;0;0;1;527128.2256;6069683.4874;9.421717419;54.773632395
118613;1;0;2;0;2018;1;14;5;3;1;6;0;0;1;0;0;0;1;1;574352.0049;6016110.645;10.142195475;54.287491429
118626;1;0;60;5;2018;1;11;6;3;5;3;0;0;1;0;0;0;0;1;586422.9547;5976903.4283;10.316369334;53.933302163
118631;1;0;4;0;2018;1;16;5;3;5;3;0;1;1;0;0;0;0;1;564178.1299;5991982.9951;9.9807875;54.072051351
118642;1;0;55;35;2018;1;11;2;3;5;3;0;0;1;0;0;1;0;0;612713.754;5980661.03;10.718035114;53.962005347
118668;1;0;60;39;2018;1;9;4;3;5;3;0;0;1;0;0;0;0;1;565656.119;5957899.808;9.996053184;53.765570736
118685;1;0;61;46;2018;1;17;4;3;5;2;2;0;1;0;1;0;0;1;532941.493;5976419.086;9.501765441;53.935114297
118696;1;0;59;120;2018;1;18;2;3;5;3;2;0;1;0;1;0;0;1;524975.7398;6072301.4642;9.388482633;54.797270624
118697;1;0;2;0;2018;1;17;3;3;0;7;2;1;0;0;0;0;0;1;573403.2021;6019463.5165;10.128446874;54.31775653
118721;1;0;59;120;2018;1;7;4;3;9;7;2;1;0;0;0;0;0;1;526083.943;6076235.3682;9.40607403;54.832566139
118735;1;0;55;12;2018;1;7;4;2;8;7;2;1;0;0;0;0;0;1;606209.2137;5998675.2254;10.625238693;54.12522579
118746;1;0;60;63;2018;1;18;6;3;5;3;2;0;1;0;0;0;0;0;565191.348;5947502.431;9.986813549;53.672187838
118771;1;0;62;6;2018;1;13;3;3;5;3;0;1;1;0;0;0;0;0;583491.1124;5954195.7048;10.265557796;53.729732384
118782;1;0;3;0;2018;1;7;5;3;5;3;1;1;1;0;0;0;0;1;609665.1898;5971098.7669;10.668160576;53.876751195
118797;1;0;2;0;2018;1;22;6;3;5;3;2;1;1;0;0;0;0;1;569952.2706;6019605.8659;10.075438753;54.319520139
118812;1;0;57;91;2018;1;17;2;3;6;2;2;0;1;1;0;0;0;1;580716.7472;6015690.5533;10.239832935;54.282751287
118817;1;0;3;0;2018;1;7;6;3;5;3;2;1;1;0;0;0;0;1;611085.3839;5968797.7929;10.688920314;53.855776666
118828;1;0;56;39;2018;1;9;2;3;2;6;0;0;1;0;0;0;0;1;551320.8296;5944889.592;9.776445287;53.650250561
118839;1;0;54;56;2018;1;18;5;3;5;3;2;0;1;0;0;0;0;1;505256.348;6038000;9.081144073;54.489599536
118858;1;0;2;0;2018;1;17;5;3;6;2;2;0;1;1;0;0;0;1;574441.748;6018695.9524;10.144217831;54.3107091
118869;1;0;4;0;2018;1;6;2;3;9;1;2;0;1;0;0;0;0;2;564530.574;5989281.647;9.985597852;54.047731671
118870;1;0;3;0;2018;1;4;1;2;0;7;2;1;0;0;0;0;0;0;610675.1904;5972239.7555;10.683928796;53.886787634
118876;1;0;58;97;2018;1;8;5;2;4;1;0;0;1;0;0;1;0;2;533872.73;6021471.551;9.521006521;54.339956137
118887;1;0;62;65;2018;1;8;2;3;6;4;0;0;1;1;0;0;0;2;588597.3141;5960155.0457;10.344644359;53.782439658
118892;1;0;3;0;2018;1;8;2;3;9;7;0;0;1;0;0;0;0;1;610412.4193;5970629.4422;10.679352632;53.872376205
118899;1;0;51;11;2018;1;8;3;2;6;2;2;0;1;1;0;0;0;0;508433.1362;5972168.7493;9.128339028;53.897891499
118915;1;0;56;15;2018;1;6;4;2;0;7;2;0;1;0;0;0;0;0;543965.5643;5958599.4811;9.6671213;53.774141385
118926;1;0;2;0;2018;1;13;1;2;0;1;0;1;0;0;0;0;0;2;569942.2244;6019616.5445;10.075286836;54.319617472
118941;1;0;60;44;2018;1;17;3;2;6;4;2;0;1;1;0;0;0;1;562809.3717;5965203.5981;9.954361842;53.831560713
118966;1;0;58;92;2018;1;10;4;3;2;6;0;0;1;0;0;0;1;0;570804.6114;6021690.0584;10.089034671;54.338130777
118977;1;0;53;32;2018;1;15;6;3;5;3;0;0;1;0;0;0;0;0;591297.112;5921009.015;10.374138064;53.430210824
118996;1;0;56;50;2018;1;17;6;3;5;3;2;0;1;0;0;0;0;0;546753.5644;5936111.2243;9.706034674;53.571780304
119005;1;0;55;35;2018;1;17;3;3;8;6;2;1;1;0;0;0;0;0;612592.9951;5976830.9427;10.714783087;53.927622262
119016;1;0;61;29;2018;1;6;3;3;5;3;2;0;1;0;1;0;0;0;527674.1595;5960208.1705;9.420073883;53.789720856
119027;1;0;56;15;2018;1;17;5;2;2;6;2;1;0;0;0;0;0;1;543541.1738;5958461.4918;9.660662714;53.772936839
119043;1;0;62;4;2018;1;16;1;3;0;1;2;1;0;0;0;0;0;2;590736.2689;5962865.4403;10.377895278;53.806425885
119048;1;0;58;135;2018;1;11;6;3;5;3;0;1;1;0;0;0;0;0;543407.3761;6017598.001;9.66708847;54.304423035
119059;1;0;60;5;2018;1;13;2;3;6;7;0;0;1;1;0;0;0;0;585153.5094;5977530.6717;10.297213854;53.939148712
119064;1;0;59;75;2018;1;10;3;3;5;3;0;1;1;0;0;0;0;1;535131.05;6040231.622;9.542582653;54.508465521
119071;1;0;60;63;2018;1;18;4;3;6;4;2;0;1;1;0;0;0;1;566520.6266;5951570.157;10.007804397;53.708576997
119086;1;0;2;0;2018;1;17;5;3;5;3;2;1;1;0;0;0;0;1;572662.352;6018112.311;10.116731189;54.305720922
119100;1;0;55;12;2018;1;9;7;2;5;3;0;1;1;0;0;0;0;1;605684.038;5999250.991;10.617407379;54.130506758
119105;1;0;4;0;2018;1;7;5;3;3;6;2;1;1;0;0;0;0;0;565180.8673;5991854.2887;9.996081379;54.070768843
119116;1;0;62;23;2018;1;15;2;3;6;4;1;0;1;1;0;0;0;0;583400.7522;5945684.8838;10.261899099;53.653266928
119128;1;0;56;50;2018;1;17;3;3;1;5;2;0;1;0;0;0;0;0;546914.7202;5936430.3226;9.708516059;53.574633932
119145;1;0;62;4;2018;1;18;4;3;5;3;2;1;1;0;0;0;0;0;590739.5797;5963016.525;10.377990065;53.807782895
119160;1;0;51;44;2018;1;12;4;3;3;6;0;0;1;0;0;1;0;0;508120.7704;6005450.0128;9.124476065;54.197022654
119171;1;0;1;0;2018;1;12;2;3;5;2;0;1;1;0;0;0;0;0;529933.089;6071693.157;9.465525812;54.791532799
119172;1;0;3;0;2018;1;17;3;3;1;5;2;1;1;0;0;0;0;1;618503.123;5974934.382;10.804011074;53.909265856
119198;1;0;2;0;2018;1;15;4;3;2;6;0;0;1;0;0;0;0;0;576090.9962;6019027.7109;10.169646602;54.313447077
119209;1;0;3;0;2018;1;19;6;3;3;6;2;1;0;0;0;0;0;1;611231.0109;5969892.7029;10.691530157;53.865582392
119224;1;0;51;44;2018;1;13;6;3;5;3;0;1;1;0;0;0;0;0;506522.6971;6005772.4976;9.099987664;54.199943837
119249;1;0;56;50;2018;1;7;3;3;2;6;0;0;1;0;0;0;0;0;547003.9888;5938127.5695;9.710119733;53.589880553
119260;1;0;62;1;2018;1;13;5;3;6;2;0;0;1;1;0;0;0;1;581875.1384;5947898.3645;10.239405257;53.673398991
119275;1;0;55;42;2018;1;14;1;3;2;6;0;0;1;0;0;0;0;0;616077.0398;5984619.9559;10.770781366;53.996827202
119280;1;0;56;39;2018;1;17;5;3;5;3;2;1;1;0;0;0;0;1;554259.619;5944653.629;9.820860872;53.647833283
119295;1;0;55;41;2018;1;16;6;3;5;3;1;0;1;0;0;0;0;0;610495.068;5994531.2043;10.689276649;54.087093444
119305;1;0;56;50;2018;1;9;2;3;0;7;0;1;0;0;0;0;0;0;547167.7848;5936992.4438;9.712422505;53.579663505
119315;1;0;2;0;2018;1;16;5;3;6;4;0;0;1;1;0;0;0;1;573924.3813;6019776.5155;10.136534886;54.32049384
119330;1;0;60;63;2018;1;12;6;3;0;1;0;1;0;0;0;0;0;0;565848.0815;5953112.5578;9.997944938;53.722523791
119336;1;0;58;135;2018;1;7;5;3;2;6;2;0;1;0;0;0;0;1;542850.8454;6018122.0882;9.658611475;54.309179925
119347;1;0;58;22;2018;1;7;2;3;0;5;2;0;1;0;0;0;0;2;568002.9059;6003790.7614;10.041887085;54.177668177
119365;1;0;62;4;2018;1;15;2;3;6;4;0;0;1;1;0;0;0;0;590899.7911;5962665.4554;10.38031865;53.804600352
119370;1;0;56;49;2018;1;0;2;3;8;1;2;0;0;0;0;0;1;1;543946.7116;5949195.4184;9.665498988;53.689621956
119377;1;0;60;63;2018;1;6;4;3;6;6;2;1;0;1;0;0;0;1;565970.4868;5951845.2956;9.99952965;53.711119475
119394;1;0;56;15;2018;1;17;4;3;6;4;2;0;1;1;0;0;0;1;545853.4508;5955566.7696;9.695314889;53.746721739
119406;1;0;60;44;2018;1;15;1;3;6;2;0;0;1;1;0;0;0;0;563378.3029;5965787.9791;9.963125664;53.836743414
119444;1;0;55;12;2018;1;15;4;3;5;3;0;1;1;0;0;0;0;0;604742.5875;6000350.6177;10.603387105;54.140578691
119455;1;0;56;50;2018;1;16;6;3;5;3;1;1;1;0;0;0;0;1;547164.676;5937430.7331;9.712441791;53.583603064
119482;1;0;3;0;2018;1;16;3;3;5;3;1;1;1;0;0;0;0;0;622666.1799;5980340.3102;10.86952017;53.956860012
119492;1;0;55;32;2018;1;14;5;3;0;7;0;1;0;0;0;0;0;1;617675.9712;5996008.9483;10.799576771;54.098777579
119495;1;0;51;74;2018;1;9;3;2;6;4;0;0;1;1;0;0;0;0;504738.1343;5993644.4341;9.072441275;54.090960141
119506;1;0;2;0;2018;1;13;6;3;2;6;0;0;1;0;0;0;0;0;568027.6586;6018154.6529;10.045524856;54.306739695
119522;1;0;53;90;2018;1;11;1;2;6;4;0;0;1;1;0;0;0;0;611565.9588;5943387.7931;10.687052559;53.627380383
119527;1;0;55;32;2018;1;7;6;2;5;2;2;0;1;0;0;0;0;1;619233.008;5995734.0347;10.823266407;54.095949636