OBJECTID_1;ULAND;UREGBEZ;UKREIS;UGEMEINDE;UJAHR;UMONAT;USTUNDE;UWOCHENTAG;UKATEGORIE;UART;UTYP1;ULICHTVERH;IstRad;IstPKW;IstFuss;IstKrad;IstGkfz;IstSonstig;STRZUSTAND;LINREFX;LINREFY;XGCSWGS84;YGCSWGS84
119538;1;0;60;44;2018;1;21;2;3;1;5;2;0;1;0;0;0;0;0;562333.6062;5965200.7176;9.947133295;53.831592108
119543;1;0;2;0;2018;1;17;3;3;1;5;2;0;1;0;0;0;1;1;575805.5355;6031504.8883;10.168438378;54.425603177
119550;1;0;54;56;2018;1;9;5;3;5;3;0;1;1;0;0;0;0;0;503478.811;6037529.074;9.053698086;54.48538254
119569;1;0;54;56;2018;1;7;5;3;0;1;2;1;0;0;0;0;0;2;504170.3888;6036968.2483;9.064365192;54.480337082
119581;1;0;60;63;2018;1;13;7;3;0;7;0;1;0;0;0;0;0;0;565075.0516;5949418.4305;9.985455334;53.689421547
119586;1;0;4;0;2018;1;10;5;3;3;6;0;1;0;0;0;0;1;0;564198.363;5992015.6222;9.981103571;54.072342033
119597;1;0;62;60;2018;1;14;2;2;6;4;0;0;1;1;0;0;0;0;582161.7421;5933500.8379;10.239946269;53.543972167
119609;1;0;56;41;2018;1;20;3;3;0;1;2;1;0;0;0;0;0;1;559259.312;5953968.901;9.89826869;53.731009862
119624;1;0;62;53;2018;1;16;4;3;6;7;0;0;1;1;0;0;0;0;576442.7378;5933574.458;10.153675683;53.545497366
119635;1;0;58;22;2018;1;21;7;2;0;1;2;1;0;0;0;0;0;0;568142.2529;6003298.0903;10.043910157;54.173222472
119650;1;0;57;91;2018;1;15;2;3;8;7;0;0;1;0;0;0;0;0;580453.175;6015140.041;10.235637391;54.277846259
119651;1;0;60;44;2018;1;7;3;3;5;3;2;1;1;0;0;0;0;0;563524.464;5965647.487;9.96531741;53.835462979
119676;1;0;57;48;2018;1;7;4;3;5;2;1;1;0;0;0;0;1;0;602435.3853;6017574.7339;10.573958549;54.295788804
119687;1;0;53;129;2018;1;11;6;3;5;3;0;1;1;0;0;0;0;1;583073.9935;5927656.6063;10.252160302;53.491309504
119705;1;0;62;1;2018;1;15;6;3;1;5;0;1;1;0;0;0;0;1;582619.2426;5947071.1718;10.250446245;53.66584853
119727;1;0;56;41;2018;1;16;3;3;2;6;1;0;1;0;0;0;1;0;561489.0167;5953369.4345;9.931943172;53.725364295
119739;1;0;56;18;2018;1;8;5;3;6;4;1;0;1;1;0;0;0;1;555243.6654;5942535.7685;9.835370023;53.628696018
119753;1;0;3;0;2018;1;18;1;3;5;3;2;0;1;0;0;0;0;0;609909.219;5970658.917;10.67171321;53.872747829
119758;1;0;61;46;2018;1;7;5;3;6;2;2;0;1;1;0;0;0;1;533876.585;5976745.347;9.516044333;53.937986276
119769;1;0;56;43;2018;1;16;2;3;9;7;1;0;1;0;0;0;0;0;557064.6431;5942976.3932;9.862983459;53.632460801
119774;1;0;61;46;2018;1;1;2;2;6;7;2;0;0;1;0;0;1;1;534441.6671;5975182.6545;9.524475743;53.923904064
119775;1;0;55;21;2018;2;13;3;3;1;5;0;1;1;0;0;0;0;2;627599.856;6026861.6145;10.964367458;54.373541487
119776;1;0;2;0;2018;2;15;6;3;6;7;0;0;1;1;0;0;0;0;576041.542;6028600.686;10.171331102;54.399472473
119777;1;0;58;22;2018;2;18;3;2;5;2;2;0;1;0;0;1;0;0;566714.6495;6004842.1715;10.022386009;54.187285463
119778;1;0;60;63;2018;2;9;2;3;4;6;0;0;1;0;0;0;1;2;566091.1997;5951647.576;10.001316088;53.709327303
119779;1;0;57;48;2018;2;7;3;3;6;5;0;0;1;1;0;0;0;0;603396.7481;6017071.1475;10.588549822;54.291070954
119780;1;0;54;88;2018;2;7;3;3;6;4;1;1;0;1;0;0;0;0;488805.3261;6071217.3683;8.825913654;54.788025041
119781;1;0;2;0;2018;2;9;4;3;6;4;0;0;1;1;0;0;0;0;577048.6076;6016907.9175;10.183816531;54.294255998
119782;1;0;59;120;2018;2;16;3;3;5;3;0;0;1;0;0;0;0;0;523728.752;6072556.6643;9.369107842;54.799624525
119783;1;0;53;12;2018;2;17;4;3;6;4;1;0;1;1;0;0;0;1;584877.1305;5925347.2374;10.278707074;53.470268685
119784;1;0;56;50;2018;2;11;2;3;5;3;0;0;1;0;0;0;0;0;546171.5;5937891.207;9.697508835;53.587830132
119785;1;0;56;48;2018;2;13;2;3;6;4;0;0;1;1;0;0;0;0;547143.3107;5949981.6298;9.714021669;53.696409475
119786;1;0;55;32;2018;2;20;2;3;8;1;2;0;1;0;0;0;0;2;619060.1419;5996722.1379;10.821013399;54.104866001
119787;1;0;3;0;2018;2;15;2;3;1;5;0;1;1;0;0;0;0;0;609817.833;5969927.4634;10.670062017;53.866195582
119788;1;0;53;100;2018;2;6;2;3;1;6;1;0;1;0;0;0;0;2;615603.0549;5950581.1599;10.750745815;53.69113158
119789;1;0;58;110;2018;2;17;2;3;6;6;1;0;1;1;0;0;0;0;559869.7434;6030387.1788;9.922624372;54.417685141
119790;1;0;56;39;2018;2;13;6;3;5;2;0;1;0;0;0;0;1;0;552395.9657;5946224.5268;9.792934713;53.662141809
119791;1;0;60;63;2018;2;18;6;3;5;2;2;0;1;0;0;0;0;0;565949.57;5951675.381;9.999176604;53.709595098
119792;1;0;59;75;2018;2;17;2;3;5;2;2;0;1;0;0;0;0;0;535654.72;6041758.336;9.550854669;54.522149128
119793;1;0;61;46;2018;2;15;2;3;6;7;0;0;1;1;0;0;0;0;532917.5462;5977152.3022;9.501479717;53.941705722
119794;1;0;60;5;2018;2;14;1;3;4;6;0;0;1;0;0;0;0;1;585318.7925;5978761.8965;10.300075064;53.950184897
119795;1;0;58;63;2018;2;7;4;3;8;6;1;0;1;0;1;0;0;2;566153.2287;6007192.6627;10.014301009;54.208480177
119796;1;0;55;42;2018;2;12;1;3;1;7;0;0;1;0;0;0;0;1;616912.9944;5984728.7922;10.783569052;53.997616438
119797;1;0;57;24;2018;2;5;1;3;8;1;2;0;1;0;0;0;0;2;572350.4789;5998104.8859;10.10711951;54.125980342
119798;1;0;57;62;2018;2;16;7;3;5;3;1;1;1;0;0;0;0;2;583265.7034;6009533.1556;10.277263992;54.227016439
119799;1;0;57;74;2018;2;19;7;3;4;1;2;0;1;0;0;0;0;2;579016.9383;6021491.1873;10.215264657;54.335138049
119800;1;0;54;56;2018;2;12;7;3;1;7;0;0;1;0;0;0;1;1;502994.1389;6037428.1901;9.046215786;54.484478969
119801;1;0;57;9;2018;2;21;7;3;8;1;2;0;1;0;0;0;0;0;597599.2185;5998984.5478;10.49363811;54.129711352
119802;1;0;51;44;2018;2;11;6;3;5;2;0;1;1;0;0;0;0;1;506427.2623;6004523.398;9.098498032;54.18871862
119803;1;0;61;46;2018;2;6;6;3;5;3;1;0;1;0;0;0;0;1;533060.494;5976222.695;9.503556737;53.933341615
119804;1;0;54;106;2018;2;16;2;3;6;7;0;0;1;1;0;0;0;0;508207.137;6032142.3739;9.126533824;54.436916724
119805;1;0;60;39;2018;2;9;6;3;6;7;0;0;0;1;0;1;0;1;564919.666;5961950.6723;9.98573542;53.802067795
119806;1;0;60;63;2018;2;6;3;3;2;6;1;0;1;0;0;0;0;1;564248.7128;5948737.5387;9.972802722;53.683404593
119807;1;0;53;81;2018;2;3;6;2;9;1;2;0;1;0;0;0;0;1;610102.4914;5947651.0612;10.666442813;53.665994126
119808;1;0;3;0;2018;2;9;6;3;0;4;0;1;0;1;0;0;0;0;619494.6807;5976537.3592;10.81972373;53.92343855
119809;1;0;4;0;2018;2;16;6;3;5;3;0;0;1;0;0;0;0;0;564271.469;5992602.494;9.982345137;54.077606831
119810;1;0;61;46;2018;2;13;5;3;2;6;0;0;1;0;0;0;0;0;532440.5054;5977807.283;9.494282168;53.947622589
119811;1;0;4;0;2018;2;8;6;3;2;6;0;0;1;0;0;0;0;1;563930.9015;5990541.3568;9.976705825;54.059126792
119812;1;0;51;44;2018;2;12;5;3;5;2;0;0;1;0;0;0;0;1;508110.5507;6005401.8088;9.124318117;54.196589577
119813;1;0;51;72;2018;2;19;2;3;5;3;2;0;1;0;0;0;0;1;500812.087;5978169.378;9.012374641;53.951893283
119814;1;0;55;12;2018;2;8;5;3;5;3;0;1;1;0;0;0;0;0;603994.36;5999970.154;10.591807117;54.137312471
119815;1;0;3;0;2018;2;7;3;3;2;6;0;0;1;0;0;0;0;2;611234.9549;5966003.034;10.690181421;53.83063587
119816;1;0;3;0;2018;2;6;5;3;0;1;2;1;0;0;0;0;0;2;605619.4907;5969068.9625;10.605948153;53.85935355
119817;1;0;55;16;2018;2;17;5;3;6;2;2;0;1;1;0;0;0;0;627740.8872;6002149.1227;10.955997704;54.151532278
119818;1;0;2;0;2018;2;13;5;3;0;7;0;1;0;0;0;0;0;0;573658.6974;6021549.9294;10.132888983;54.336467549
119819;1;0;56;15;2018;2;7;4;2;6;7;0;0;1;1;0;0;0;0;542624.9154;5954736.8391;9.646246958;53.73953653
119820;1;0;62;18;2018;2;8;6;3;5;3;0;0;1;0;0;0;0;0;581353.9435;5932609.4906;10.227526677;53.536087789
119821;1;0;60;63;2018;1;19;4;3;5;7;2;1;1;0;0;0;0;1;565817.825;5951303.852;9.997101969;53.706272796
119822;1;0;58;9;2018;2;16;5;3;8;7;0;0;0;0;1;0;0;1;549271.6412;5991939.7759;9.7530005;54.073304348
119823;1;0;56;48;2018;1;17;4;3;5;3;2;0;1;0;1;0;0;1;547181.932;5950733.539;9.714721054;53.7031639
119824;1;0;56;50;2018;2;18;2;3;0;7;2;1;1;0;0;0;0;2;546626.7536;5936610.0178;9.704194326;53.576274686
119825;1;0;55;32;2018;1;8;4;3;3;7;0;0;1;0;0;0;0;1;619100.3248;5997406.0117;10.821897038;54.111000083
119826;1;0;56;15;2018;2;16;6;3;5;3;0;1;1;0;0;0;0;0;544110.4666;5956679.155;9.669045402;53.756869899
119827;1;0;3;0;2018;2;17;6;3;5;2;1;1;1;0;0;0;0;0;611656.0429;5970544.674;10.698227953;53.871348559
119828;1;0;3;0;2018;1;19;4;3;6;7;2;0;1;1;0;0;0;1;612387.7223;5972783.1744;10.710171699;53.89130152
119829;1;0;60;63;2018;2;18;3;3;5;2;2;1;1;0;0;0;0;0;564986.3673;5949388.4063;9.98410628;53.689162758
119830;1;0;3;0;2018;1;13;4;3;6;2;0;0;1;1;0;0;0;1;622742.8781;5980510.5977;10.870756921;53.958371546
119831;1;0;62;4;2018;2;18;4;3;0;7;2;1;0;0;0;0;0;0;589259.7919;5962441.8055;10.355358087;53.802874675
119832;1;0;55;40;2018;2;11;7;3;5;3;0;0;1;0;0;0;0;0;605165.1351;5975273.6923;10.601172185;53.915192666
119833;1;0;4;0;2018;1;17;4;2;5;3;1;1;0;0;0;1;0;1;564532.0995;5989281.434;9.985621102;54.047729566
119834;1;0;55;40;2018;2;13;4;3;6;4;0;0;1;1;0;0;0;0;608356.6993;5972582.6911;10.648790384;53.890358217
119835;1;0;1;0;2018;1;7;4;3;1;5;2;0;0;1;0;0;1;1;528915.7221;6071213.2176;9.449656195;54.787279507
119836;1;0;56;41;2018;2;15;4;3;1;5;0;0;1;0;0;0;0;1;562662.6345;5955059.3948;9.950070573;53.740412468
119837;1;0;60;92;2018;1;10;3;3;6;4;0;0;1;1;0;0;0;1;579305.323;5978811.499;10.208478931;53.951587174
119838;1;0;60;63;2018;1;15;3;3;5;3;0;0;1;0;0;0;0;0;565143.0282;5954736.4033;9.987603408;53.737205774
119839;1;0;57;9;2018;2;15;2;3;4;6;0;0;1;0;0;0;0;0;598264.35;5999184.279;10.503878288;54.131379161
119840;1;0;53;32;2018;1;17;3;3;5;3;2;0;1;0;1;0;0;0;591225.6427;5921594.8768;10.373232421;53.435487857
119841;1;0;60;44;2018;2;8;6;3;2;6;0;0;1;0;0;0;0;1;562825.1841;5965007.5459;9.954562006;53.829796895
119842;1;0;57;91;2018;1;15;3;3;5;3;0;0;1;0;0;0;0;0;580437.21;6016166.788;10.235668346;54.287074505
119843;1;0;3;0;2018;2;10;2;3;5;3;0;0;1;0;0;0;0;0;611971.6477;5971811.7801;10.703488539;53.882664406
119844;1;0;57;71;2018;1;11;3;2;4;6;0;0;1;0;0;0;0;1;572744.9964;5993879.2884;10.112138544;54.087953201
119845;1;0;57;48;2018;2;11;4;2;6;4;0;0;1;1;0;0;0;1;603875.6801;6017713.7064;10.596128084;54.296746579
119846;1;0;2;0;2018;1;16;3;3;5;3;0;0;1;0;0;0;0;0;573843.8834;6015274.3859;10.134184956;54.280050694
119847;1;0;54;88;2018;1;13;3;3;3;6;0;1;1;0;0;0;0;0;488413.501;6070809.779;8.81983677;54.784353266
119848;1;0;51;130;2018;1;10;2;3;5;3;0;1;1;0;0;0;0;1;505766.906;6006599.999;9.088417892;54.207390146
119849;1;0;60;39;2018;1;16;2;3;2;6;0;0;1;0;0;0;0;1;565539.517;5958118.091;9.994330889;53.767547109
119850;1;0;60;63;2018;1;12;2;2;5;2;0;0;1;0;1;0;0;1;567156.775;5953240.795;10.017802951;53.723509449
119851;1;0;60;92;2018;1;18;2;3;6;3;2;0;1;1;0;0;0;1;579684.899;5978920.814;10.214290139;53.952511162
119852;1;0;56;15;2018;1;14;2;3;5;3;0;0;1;0;1;0;0;1;545766.7497;5954985.1303;9.693914139;53.741501791
119853;1;0;60;63;2018;1;12;2;3;2;6;0;0;1;0;0;0;0;1;565738.9902;5949687.5497;9.995564997;53.691757
119854;1;0;59;113;2018;2;8;2;3;5;3;0;0;1;0;0;0;0;1;535879.573;6076641.799;9.558615565;54.835612651
119855;1;0;2;0;2018;1;16;2;3;6;7;0;1;0;1;0;0;0;1;573629.8132;6021433.5482;10.132416093;54.335425957
119856;1;0;62;60;2018;2;7;3;3;0;6;1;1;1;0;0;0;0;0;582157.8139;5930040.3839;10.238978968;53.512875329
119857;1;0;56;44;2018;1;18;1;3;1;6;2;0;1;0;0;0;0;1;556822.0961;5939736.8842;9.858724793;53.603372155
119858;1;0;55;44;2018;1;3;1;3;0;1;2;1;0;0;0;0;0;0;614388.4306;5987170.2587;10.745993606;54.020115082
119859;1;0;58;34;2018;2;21;6;3;5;3;2;0;1;0;0;0;0;0;544024.9007;6018715.7699;9.676742699;54.314415379
119860;1;0;61;29;2018;2;14;6;2;6;4;0;0;1;1;0;0;0;0;527744.3328;5961607.7305;9.421265069;53.802296339
119861;1;0;55;42;2018;1;9;1;3;6;7;0;0;0;1;0;0;1;1;615867.314;5981855.451;10.766532114;53.972038901
119862;1;0;61;49;2018;1;9;7;3;5;3;0;0;1;0;1;0;0;1;547337.5061;5979294.7845;9.721475449;53.959842935
119863;1;0;58;135;2018;2;7;6;3;6;4;0;0;1;1;0;0;0;1;544078.8901;6017563.8147;9.677402521;54.304058302
119864;1;0;56;39;2018;1;12;7;3;5;2;0;1;1;0;0;0;0;0;552397.3409;5946216.5802;9.792954182;53.66207025
119865;1;0;62;4;2018;2;11;6;3;2;6;0;0;1;0;0;0;1;1;590736.4339;5962867.8555;10.377898494;53.806447558
119866;1;0;55;42;2018;1;17;7;3;6;7;2;0;1;1;0;0;0;0;619130.3043;5984292.3518;10.817205884;53.99318917
119867;1;0;59;75;2018;2;20;3;3;8;1;2;0;1;0;0;0;0;2;536323.2418;6041610.6363;9.561164385;54.520774316
119868;1;0;55;46;2018;1;21;7;3;6;6;2;0;1;1;0;0;0;1;634228.2832;6039069.0377;11.071864396;54.481478538
119869;1;0;58;43;2018;1;12;7;3;5;3;0;0;1;0;0;0;0;0;554041.3857;6033937.2979;9.833464735;54.450240208
119870;1;0;2;0;2018;2;19;6;3;4;1;2;0;1;0;0;0;0;2;577061.7516;6020753.962;10.185010994;54.328812754
119871;1;0;57;91;2018;1;15;7;3;4;6;0;0;1;0;0;0;0;0;580769.2757;6015638.8092;10.240625608;54.28227805
119872;1;0;56;35;2018;2;7;4;2;5;3;0;0;1;0;0;0;0;1;550843.1599;5964374.7911;9.772423615;53.825420396
119873;1;0;58;92;2018;2;7;6;3;1;5;0;0;1;0;0;0;0;0;569432.4757;6021668.3158;10.067929101;54.338123986
119874;1;0;59;182;2018;1;3;7;3;9;1;2;0;1;0;0;0;0;0;531000.0948;6065421.1756;9.481450018;54.735105124
119875;1;0;56;43;2018;2;9;4;3;6;4;0;0;1;1;0;0;0;0;555406.4882;5945768.643;9.838407941;53.657734248
119876;1;0;56;15;2018;1;19;6;3;2;6;2;0;1;0;0;0;0;0;544147.1714;5956252.1737;9.669541047;53.753029223
119877;1;0;53;32;2018;1;11;6;3;6;4;0;0;1;1;0;0;0;0;592020.1336;5922208.6106;10.385367587;53.440864892
119878;1;0;62;1;2018;2;19;2;3;2;6;2;0;1;0;0;0;0;2;580397.4886;5944120.7047;10.216065031;53.639680766
119879;1;0;54;56;2018;2;10;6;3;5;3;0;0;1;0;0;0;0;0;505054.0546;6037787.5436;9.078017567;54.487692208
119880;1;0;4;0;2018;1;13;6;2;6;4;0;0;1;1;0;0;0;0;564019.4313;5992320.5378;9.978433944;54.075104422
119881;1;0;58;34;2018;1;13;6;3;5;3;0;1;1;0;0;0;0;0;543308.5151;6018552.9369;9.66570776;54.313013289
119882;1;0;60;63;2018;2;10;2;3;5;3;0;0;1;0;0;0;1;2;565301.517;5946199.5898;9.988206929;53.660465346
119883;1;0;2;0;2018;1;18;6;3;5;3;2;1;1;0;0;0;0;0;572596.059;6018110.1487;10.115712036;54.305710918
119884;1;0;54;56;2018;2;15;6;3;0;7;0;1;0;0;0;0;0;0;500462.2969;6040578.4942;9.007140681;54.512799908
119885;1;0;57;91;2018;1;11;6;3;5;3;0;0;1;0;0;0;0;1;579293.889;6015987.985;10.21806178;54.285646522
119886;1;0;4;0;2018;2;6;4;3;1;5;2;0;1;0;0;0;0;1;564929.9679;5996717.041;9.993291216;54.114499297
119887;1;0;60;63;2018;1;12;5;3;5;3;0;1;1;0;0;0;0;0;565439.034;5951415.7827;9.9913881;53.707326335
119888;1;0;53;90;2018;2;8;4;3;2;6;0;0;1;0;0;0;0;2;612130.4472;5941474.9223;10.69489566;53.610073511
119889;1;0;56;32;2018;1;13;5;3;9;1;0;1;0;0;0;0;0;1;552082.3016;5949283.9658;9.788701842;53.689670018
119890;1;0;60;63;2018;1;6;5;2;4;6;2;0;1;0;0;0;0;1;564394.4938;5952795.6921;9.975853061;53.719857529
119891;1;0;61;46;2018;2;21;1;3;8;7;2;0;1;0;0;0;0;1;533265.0349;5975546.2837;9.506598412;53.927249152
119892;1;0;51;97;2018;2;18;5;3;6;3;2;0;1;1;0;0;0;0;507473.5241;5982254.3898;9.113982129;53.988555806
119893;1;0;55;40;2018;1;14;5;1;5;3;0;1;0;0;0;1;0;0;608160.2574;5973487.65;10.646122199;53.898529704
119894;1;0;60;39;2018;2;8;5;3;5;3;0;0;1;0;0;0;0;0;563685.154;5962645.825;9.967137425;53.808467664
119895;1;0;3;0;2018;1;15;5;3;5;3;0;1;1;0;0;0;0;0;613210.9313;5969947.9707;10.721645066;53.865650895
119896;1;0;54;88;2018;2;19;2;2;6;2;2;0;1;1;0;0;0;0;488811.0691;6071038.5436;8.826009862;54.786418126
119897;1;0;58;135;2018;1;14;5;3;2;6;0;1;0;0;1;0;0;0;543145.1386;6017992.0322;9.663115597;54.307986353
119898;1;0;57;91;2018;2;11;3;3;5;3;0;1;1;0;0;0;0;0;581097.176;6015256.4288;10.245557228;54.278790311
119899;1;0;4;0;2018;1;13;5;3;0;2;0;1;0;0;0;0;1;0;565485.8547;5994174.4838;10.001243108;54.09158042
119900;1;0;3;0;2018;2;10;4;3;6;2;0;0;1;1;0;0;0;0;610257.4893;5973679.5213;10.67809472;53.899811766
119901;1;0;58;3;2018;1;14;5;3;8;7;0;0;1;0;0;0;0;0;542323.8484;6023753.4074;9.651311511;54.359831604
119902;1;0;2;0;2018;1;15;5;3;2;6;0;0;1;0;0;0;0;0;573998.6803;6018582.0624;10.137380862;54.309750113
119903;1;0;2;0;2018;1;18;5;3;6;4;2;0;1;1;0;0;0;0;573172.8157;6021790.3908;10.125476623;54.338698171
119904;1;0;56;43;2018;2;12;5;2;6;2;0;0;1;1;0;0;0;0;557541.5653;5941388.3232;9.869901431;53.618135902
119905;1;0;59;75;2018;1;15;5;3;6;4;0;0;1;1;0;0;0;0;536345.0411;6041029.2612;9.561429483;54.515548104
119906;1;0;62;82;2018;1;14;4;3;5;3;0;1;1;0;0;0;0;0;593925.4619;5940610.2128;10.41956137;53.605883562
119907;1;0;58;135;2018;2;18;7;3;2;6;2;0;1;0;0;0;0;0;543807.2602;6016670.2209;9.673097436;54.29605108
119908;1;0;55;32;2018;1;16;4;3;5;2;1;1;1;0;0;0;0;1;617258.378;5996044.658;10.793207969;54.099193676
119909;1;0;3;0;2018;2;9;3;3;0;1;0;1;0;0;0;0;0;2;611508.8981;5971377.3033;10.696293824;53.878860673
119910;1;0;58;53;2018;1;18;4;3;6;4;2;0;1;1;0;0;0;1;570050.8317;6010558.5964;10.074835497;54.238208651
119911;1;0;54;168;2018;1;18;4;3;5;3;2;1;1;0;0;0;0;1;456945.3998;6084091.0227;8.328571458;54.901986082
119912;1;0;60;63;2018;1;5;3;3;9;7;2;0;1;0;0;0;0;1;565746.065;5949656.5191;9.995665541;53.691477237
119913;1;0;51;11;2018;2;15;3;3;5;2;0;1;1;0;0;0;0;0;507822.9366;5972017.036;9.1190489;53.896537459
119914;1;0;60;63;2018;1;10;3;2;6;7;0;0;1;1;0;0;0;1;565247.3558;5951381.8613;9.988477544;53.707045474
119915;1;0;56;15;2018;1;12;3;3;2;6;0;0;1;0;0;0;0;1;543800.7529;5956560.1211;9.664331286;53.755826185
119916;1;0;60;44;2018;2;7;5;3;5;2;1;0;1;0;0;0;0;0;564279.9071;5965064.4885;9.976673385;53.830130751
119917;1;0;56;39;2018;1;18;3;3;9;1;2;0;1;0;0;0;0;1;554081.4102;5944573.2036;9.81815117;53.647128909
119918;1;0;56;49;2018;1;17;3;3;6;4;2;0;1;1;0;0;0;0;544515.1234;5949081.4616;9.674089617;53.688549612
119919;1;0;3;0;2018;2;7;6;3;0;1;0;1;0;0;0;0;0;2;613608.3494;5970085.2826;10.727736589;53.866797683
119920;1;0;62;6;2018;1;19;3;3;2;7;2;0;1;0;0;0;0;1;583262.188;5954162.5088;10.262079754;53.72947067
119921;1;0;61;17;2018;2;1;2;3;8;1;2;0;1;0;0;0;0;2;537388.699;5973320.585;9.569123015;53.906964176
119922;1;0;62;18;2018;1;11;3;3;0;7;0;0;0;0;1;0;0;1;579799.5409;5933582.3682;10.204326621;53.545069095
119923;1;0;62;1;2018;2;19;5;3;1;5;2;0;1;0;0;0;0;0;579809.9406;5947541.8771;10.208058897;53.670514853
119924;1;0;62;1;2018;1;7;3;2;6;7;2;0;1;1;0;0;0;1;582254.4363;5946575.4571;10.244795027;53.661451406
119925;1;0;62;18;2018;2;14;4;3;5;3;0;1;1;0;0;0;0;0;580848.1721;5932452.7479;10.21985665;53.534757291
119926;1;0;3;0;2018;2;8;5;2;6;2;0;0;1;1;0;0;0;0;611159.5808;5968188.0131;10.689827095;53.850282388
119927;1;0;53;90;2018;1;7;3;3;5;3;2;1;1;0;0;0;0;1;611919.508;5943677.326;10.692500334;53.629906257
119928;1;0;56;43;2018;1;17;2;3;2;6;2;0;1;0;0;0;0;1;556287.3163;5945039.3079;9.85160286;53.651085332
119929;1;0;2;0;2018;2;13;6;3;6;7;0;0;1;1;0;0;0;0;573809.5529;6019929.5133;10.134807705;54.321885243
119930;1;0;53;129;2018;1;18;2;3;5;3;2;0;1;0;0;0;0;1;583398.5262;5927638.7578;10.257045895;53.49109777
119931;1;0;60;89;2018;2;9;2;3;9;1;0;0;1;0;0;0;0;2;580160.254;5989291.237;10.224263612;54.04562501
119932;1;0;2;0;2018;2;7;5;3;5;2;1;1;1;0;0;0;0;0;572927.9792;6020253.9753;10.12133587;54.324927466
119933;1;0;2;0;2018;1;13;2;3;6;6;0;1;0;1;0;0;0;0;573484.9517;6020992.787;10.130080009;54.331486307
119934;1;0;57;91;2018;2;18;5;3;5;3;2;1;1;0;0;0;0;0;579848.8359;6015977.7007;10.226581618;54.285467727
119935;1;0;54;56;2018;2;16;7;3;5;3;0;0;1;0;0;0;0;0;504330.323;6038171.04;9.066851222;54.491145451
119936;1;0;2;0;2018;1;15;1;3;5;3;0;0;1;0;0;0;0;1;575545.418;6015046.517;10.160255814;54.277754556
119937;1;0;60;92;2018;2;15;3;3;5;3;0;1;0;0;0;1;0;0;578476.2664;5978512.5825;10.19577171;53.949027501
119938;1;0;56;39;2018;1;12;7;3;0;6;0;0;1;0;1;0;0;1;553640.1445;5945506.0769;9.81163739;53.655558572
119939;1;0;62;18;2018;2;12;4;3;0;7;0;1;0;0;0;0;0;0;579871.4325;5933146.6019;10.205300076;53.541142102
119940;1;0;56;18;2018;1;0;7;3;0;1;2;1;0;0;0;0;0;2;557399.7193;5940661.5556;9.867623368;53.611619667
119941;1;0;56;49;2018;1;10;7;3;1;5;0;1;1;0;0;0;0;1;544488.4527;5948209.4842;9.673560701;53.680714751
119942;1;0;51;74;2018;2;11;4;3;7;7;0;1;0;0;0;0;0;1;505299.207;5993429.29;9.081015732;54.089021005
119943;1;0;53;100;2018;1;15;7;3;5;2;0;0;1;0;0;0;1;1;614998.196;5952123.149;10.74216236;53.705118642
119944;1;0;60;63;2018;2;7;4;3;5;3;0;0;1;0;0;0;0;1;566780.5068;5951167.7202;10.011654211;53.704927134
119945;1;0;54;131;2018;1;8;7;2;8;6;0;0;1;0;0;0;0;2;489992.8903;6081236.8221;8.84403445;54.87809132
119946;1;0;56;39;2018;1;8;6;3;0;1;0;0;0;0;1;0;0;2;553347.902;5945753.748;9.807258435;53.657814416
119947;1;0;58;57;2018;2;10;2;2;8;6;0;0;1;0;0;0;0;2;551443.865;6039934.1849;9.794451996;54.504399901
119948;1;0;51;4;2018;2;13;4;2;6;4;0;0;1;1;0;0;0;0;509738.9389;5994337.5897;9.148920611;54.097119731
119949;1;0;3;0;2018;1;23;6;3;1;5;2;1;1;0;0;0;0;1;609522.757;5969631.2936;10.665471004;53.863597041
119950;1;0;60;5;2018;2;7;4;2;5;2;0;1;1;0;0;0;0;2;586290.877;5976919.702;10.314362745;53.933470421
119951;1;0;2;0;2018;1;20;6;3;6;2;1;0;1;1;0;0;0;1;573531.644;6025710.1828;10.131962496;54.373868374
119952;1;0;60;63;2018;2;16;2;3;5;3;0;0;1;0;0;1;0;0;567197.797;5953671.2374;10.018518043;53.727372514
119953;1;0;54;168;2018;2;8;1;3;8;1;0;0;1;0;0;0;0;2;457021.11;6084447.2212;8.329698886;54.905193381
119954;1;0;57;37;2018;1;5;6;3;9;1;2;0;1;0;0;0;0;2;573930.2263;6009137.6457;10.133996917;54.224894856
119955;1;0;2;0;2018;2;19;4;3;6;7;2;1;0;1;0;0;0;1;573118.532;6020364.3827;10.124292232;54.325892293
119956;1;0;54;168;2018;1;9;6;3;5;1;0;0;1;0;0;0;0;2;459393.4092;6083053.504;8.366891304;54.892867838
119957;1;0;1;0;2018;1;19;6;3;5;3;2;0;1;0;0;0;0;1;527297.1657;6072486.5343;9.424607395;54.7988128
119958;1;0;56;44;2018;2;10;4;3;6;7;0;0;0;1;0;0;1;0;555644.718;5940286.9735;9.841032;53.60844245
119959;1;0;1;0;2018;1;12;6;3;0;7;0;1;0;0;0;0;0;1;527483.9894;6072858.4121;9.42754862;54.802144466
119960;1;0;53;116;2018;2;12;4;2;6;2;0;0;0;1;0;0;1;0;598384.3812;5929090.0784;10.483302474;53.501550402