OBJECTID_1;ULAND;UREGBEZ;UKREIS;UGEMEINDE;UJAHR;UMONAT;USTUNDE;UWOCHENTAG;UKATEGORIE;UART;UTYP1;ULICHTVERH;IstRad;IstPKW;IstFuss;IstKrad;IstGkfz;IstSonstig;STRZUSTAND;LINREFX;LINREFY;XGCSWGS84;YGCSWGS84
119961;1;0;61;46;2018;1;11;5;3;1;6;0;0;1;0;0;0;0;2;533117.6523;5977339.4914;9.504548388;53.94337535
119962;1;0;56;39;2018;1;10;5;3;0;1;0;1;0;0;0;0;0;2;552272.7781;5945168.5201;9.790892967;53.652663197
119963;1;0;62;1;2018;2;18;4;3;4;6;1;1;0;0;0;0;0;0;580693.292;5948517.001;10.221680131;53.679142064
119964;1;0;60;39;2018;1;22;5;3;8;1;2;0;1;0;0;0;0;2;565166.4588;5961000.3157;9.989281051;53.7934962
119965;1;0;54;88;2018;2;15;2;3;0;7;0;1;0;0;0;0;0;0;489064.7756;6070572.9634;8.829972582;54.782239687
119966;1;0;56;50;2018;1;8;5;3;6;4;1;0;1;1;0;0;0;2;547059.0231;5938139.2979;9.710952871;53.589981029
119967;1;0;62;1;2018;2;8;3;3;2;6;0;0;1;0;0;0;0;2;583100.0397;5948601.6956;10.258130965;53.679525994
119968;1;0;53;103;2018;1;10;5;3;4;1;0;0;1;0;0;1;0;2;606929.0967;5958233.0289;10.622088084;53.761729077
119969;1;0;55;12;2018;1;15;5;3;2;6;0;0;1;0;0;0;1;2;605362.0611;5999482.9015;10.61256288;54.132656367
119970;1;0;3;0;2018;2;16;4;3;5;3;0;1;1;0;0;0;0;0;608730.386;5968280.173;10.652948683;53.851624615
119971;1;0;55;12;2018;1;15;5;3;2;6;0;0;1;0;0;0;0;2;604501.4362;6001490.5533;10.600092095;54.150869185
119972;1;0;55;46;2018;1;7;5;3;6;7;2;0;1;1;0;0;0;0;642613.0601;6034808.9217;11.199130885;54.440933606
119973;1;0;4;0;2018;2;9;6;3;5;3;0;0;1;0;0;0;1;0;561847.522;5990969.777;9.944969201;54.063231044
119974;1;0;3;0;2018;1;7;5;3;5;3;1;0;1;0;0;1;0;1;611140.2586;5972452.7263;10.691078691;53.888601558
119975;1;0;60;86;2018;2;18;2;3;9;1;2;0;1;0;0;0;0;2;583098.3517;5990734.7878;10.26951978;54.058131142
119976;1;0;56;18;2018;2;13;6;3;2;6;0;0;1;0;0;0;0;1;557447.0854;5942355.8793;9.868651822;53.626842138
119977;1;0;4;0;2018;1;16;5;3;0;1;1;1;0;0;0;0;0;2;565032.1389;5993025.9299;9.994060458;54.081316533
119978;1;0;2;0;2018;2;5;3;3;5;3;2;1;1;0;0;0;0;2;573532.8603;6019466.2514;10.130440389;54.317762448
119979;1;0;58;135;2018;1;11;5;3;2;6;0;0;1;0;0;0;0;2;542061.656;6018620.27;9.646552784;54.31372263
119980;1;0;2;0;2018;1;11;5;3;6;7;0;0;1;1;0;0;0;2;577380.9886;6017051.2365;10.188959301;54.295493572
119981;1;0;3;0;2018;2;18;4;3;6;7;2;0;1;1;0;0;0;1;610092.7288;5970872.4245;10.674579719;53.87462714
119982;1;0;57;43;2018;1;17;5;3;6;4;2;0;1;1;0;0;0;1;579870.1974;6028423.3329;10.230244673;54.397292589
119983;1;0;56;18;2018;2;15;4;2;6;4;0;0;1;1;0;0;0;0;555524.555;5943380.4929;9.839767756;53.636258269
119984;1;0;4;0;2018;2;8;6;3;1;5;0;0;1;0;0;0;0;0;565238.4547;5993758.3011;9.997371422;54.087871839
119985;1;0;51;11;2018;1;9;4;3;0;1;0;1;0;0;0;0;0;1;510409.7057;5972054.4796;9.158415298;53.896828519
119986;1;0;57;51;2018;2;16;5;3;0;7;0;1;0;0;0;0;0;2;577027.4239;6023700.2357;10.185244679;54.355291621
119987;1;0;51;109;2018;1;16;4;3;0;1;2;1;0;0;0;0;0;2;494343.728;6005764.4426;8.913294065;54.199881732
119988;1;0;60;63;2018;1;16;4;3;6;3;1;0;1;1;0;0;0;1;565883.3504;5952797.6606;9.998412323;53.719689366
119989;1;0;62;23;2018;2;11;2;3;2;6;0;0;1;0;0;0;0;2;583301.5321;5946053.035;10.260496941;53.656591041
119990;1;0;1;0;2018;2;9;4;3;5;3;0;1;1;0;0;0;0;0;528077.1075;6071141.6609;9.436608753;54.786684086
119991;1;0;60;63;2018;1;9;4;3;1;1;0;1;1;0;0;0;0;1;567494.9659;5949798.176;10.022177349;53.692527251
119992;1;0;60;63;2018;2;14;3;3;2;6;0;0;1;0;0;0;0;0;565787.0863;5953848.4279;9.997177162;53.729144726
119993;1;0;3;0;2018;1;14;4;3;5;3;0;1;1;0;0;0;0;0;614681.4128;5973543.2592;10.745341056;53.897627918
119994;1;0;55;33;2018;2;8;3;3;5;3;0;0;1;0;1;0;0;0;622916.6692;6017756.152;10.8885624;54.292902698
119995;1;0;4;0;2018;1;7;4;3;5;3;2;0;1;0;0;0;1;1;563769.6123;5994468.7068;9.975068952;54.094439905
119996;1;0;57;25;2018;1;14;4;2;6;4;0;0;1;1;0;0;0;0;577758.5452;6025961.5691;10.197082766;54.375499644
119997;1;0;55;12;2018;2;16;4;3;0;6;0;0;1;0;1;0;0;0;605509.395;6000187.678;10.615063197;54.13895796
119998;1;0;57;48;2018;1;13;4;3;5;3;0;1;0;0;0;0;1;1;603337.3208;6017226.8594;10.587691011;54.292481893
119999;1;0;56;15;2018;2;17;4;3;9;1;2;0;1;0;0;0;0;2;542437.4028;5957829.5146;9.643829143;53.76734793
120000;1;0;57;42;2018;1;21;4;3;8;7;2;0;1;0;0;0;0;2;581741.0388;6007667.3642;10.253374605;54.210497046
120001;1;0;59;75;2018;1;17;4;3;6;4;1;0;1;1;0;0;0;2;535688.8374;6041525.5381;9.551353562;54.520054637
120002;1;0;57;25;2018;2;15;2;3;8;6;0;1;1;0;0;0;0;1;578324.8157;6024985.1952;10.20554126;54.366639825
120003;1;0;61;46;2018;1;18;3;3;5;2;2;0;1;0;0;0;0;1;533470.9621;5975780.1442;9.509759984;53.929337745
120004;1;0;56;40;2018;1;7;3;3;5;2;2;1;1;0;0;0;0;1;550619.7656;5947896.6714;9.766329924;53.677345354
120005;1;0;2;0;2018;2;21;2;3;0;1;2;1;0;0;0;0;0;0;575379.9572;6027861.5571;10.160954936;54.392929448
120006;1;0;60;63;2018;1;5;3;3;5;3;2;0;1;0;0;0;0;1;565843.628;5953168.19;9.997889293;53.723024318
120007;1;0;51;44;2018;2;8;3;3;5;2;0;0;1;0;0;0;0;2;506460.4839;6006574.071;9.099051217;54.207148844
120008;1;0;62;76;2018;1;10;3;3;8;6;0;1;1;0;0;0;0;0;571929.102;5954705.7579;10.090457274;53.736038545
120009;1;0;60;63;2018;1;7;3;3;5;2;2;1;1;0;0;0;0;1;566040.5839;5952757.952;10.000786206;53.719312631
120010;1;0;3;0;2018;2;13;4;3;4;7;0;0;1;0;0;0;0;1;606838.4343;5969076.9909;10.624476866;53.85917629
120011;1;0;62;60;2018;1;7;3;3;5;2;1;1;1;0;0;0;0;1;582709.1534;5930383.4764;10.24738183;53.515872094
120012;1;0;3;0;2018;1;16;3;3;5;3;1;1;1;0;0;0;0;1;611594.4246;5971506.1763;10.697641151;53.880000099
120013;1;0;58;40;2018;1;5;3;3;5;3;2;1;1;0;0;0;0;1;562090.989;6047533.637;9.96045531;54.571495509
120014;1;0;58;135;2018;1;17;3;2;5;2;2;1;1;0;0;0;0;1;543789.4117;6016660.2906;9.67282176;54.295963368
120015;1;0;58;135;2018;1;16;3;2;5;3;1;0;1;0;1;0;0;1;543652.0853;6016556.3567;9.670696729;54.295041079
120016;1;0;4;0;2018;2;8;7;3;5;3;0;0;1;0;1;0;0;1;564019.4654;5992320.5097;9.978434459;54.075104166
120017;1;0;58;138;2018;1;18;3;3;9;1;2;0;1;0;0;0;0;1;564450.5714;6013871.3079;9.989634343;54.26871285
120018;1;0;62;23;2018;2;15;3;3;0;7;0;1;0;0;0;0;0;1;584704.4621;5946339.4425;10.281798004;53.658939431
120019;1;0;58;43;2018;1;15;3;3;5;2;0;1;1;0;0;0;0;0;554060.8023;6033928.6851;9.833762584;54.450160745
120020;1;0;2;0;2018;1;15;3;3;4;6;1;0;1;0;0;0;0;1;570719.2649;6016902.9355;10.086588124;54.295126377
120021;1;0;61;49;2018;2;11;6;3;5;3;0;0;1;0;0;0;1;0;546962.0148;5977908.3811;9.715539689;53.947417159
120022;1;0;57;62;2018;1;7;3;3;5;2;1;1;1;0;0;0;0;1;582878.0641;6009646.2926;10.271350617;54.228095877
120023;1;0;54;59;2018;1;18;3;3;5;3;2;0;1;0;0;0;1;1;508877.172;6055901.1;9.137580543;54.650426942
120024;1;0;1;0;2018;1;10;3;3;3;6;0;0;1;0;0;0;0;1;527291.3028;6072492.6627;9.424516777;54.798868191
120025;1;0;56;15;2018;1;17;2;3;2;6;2;0;1;0;0;0;0;1;543954.9879;5954152.7442;9.666328003;53.734176434
120026;1;0;55;12;2018;2;15;6;3;5;3;0;0;1;0;0;0;0;1;606923.6381;5998492.49;10.636101389;54.123436021
120027;1;0;53;90;2018;1;7;2;3;0;1;2;1;0;0;0;0;0;2;611917.84;5941958.5209;10.691857288;53.614463899
120028;1;0;1;0;2018;2;15;3;3;0;1;0;1;0;0;0;0;0;0;527775.9343;6071432.7661;9.431953437;54.789316858
120029;1;0;4;0;2018;1;16;2;3;5;3;2;0;1;0;0;0;1;1;564539.639;5998447.165;9.987690657;54.130096003
120030;1;0;58;86;2018;1;7;2;3;5;3;2;1;0;0;0;0;1;0;543125.438;6009638.924;9.661609429;54.232919384
120031;1;0;62;1;2018;2;7;4;3;5;3;1;0;1;0;0;0;0;0;581700.0864;5948023.8964;10.236789088;53.67455445
120032;1;0;58;77;2018;2;10;6;3;1;5;0;1;1;0;0;0;0;0;542529.73;5993688.4155;9.65021984;54.089620487
120033;1;0;57;46;2018;1;10;2;3;8;1;0;0;1;0;0;0;0;2;587410.3574;6009382.8268;10.340778824;54.224975278
120034;1;0;56;49;2018;2;13;4;3;6;4;0;1;0;1;0;0;0;0;545525.7643;5948928.1358;9.689369971;53.687084464
120035;1;0;58;43;2018;4;11;6;3;6;4;0;0;1;1;0;0;0;0;554138.7762;6036243.2066;9.835388495;54.47095136
120036;1;0;56;49;2018;3;7;4;3;6;4;1;0;1;1;0;0;0;1;544073.755;5949150.387;9.667416302;53.689206521
120037;1;0;62;9;2018;3;11;3;3;5;3;0;0;1;0;0;0;0;0;577341.0136;5936234.6088;10.167887663;53.569271864
120038;1;0;53;129;2018;3;20;5;3;5;3;2;0;1;0;0;0;0;1;583393.243;5927638.647;10.256966255;53.491097612
120039;1;0;53;104;2018;3;7;4;3;8;6;1;0;1;0;0;0;0;2;607704.3913;5934304.6372;10.625550461;53.546577582
120040;1;0;60;63;2018;3;11;4;3;5;3;0;1;0;0;0;0;0;0;565088.2483;5948480.6236;9.985458338;53.680991775
120041;1;0;62;4;2018;3;14;5;3;5;3;0;0;1;0;1;0;0;0;590827.0163;5962518.818;10.379170665;53.803295437
120042;1;0;53;32;2018;3;15;4;3;0;7;0;1;1;0;0;0;0;1;591147.632;5921403.064;10.372002959;53.433777682
120043;1;0;54;56;2018;4;18;5;3;5;2;0;1;1;0;0;0;0;0;503008.708;6037112.882;9.046437455;54.48164515
120044;1;0;3;0;2018;3;7;4;3;0;7;0;1;0;0;0;0;0;2;611452.4984;5971559.476;10.695502506;53.88050946
120045;1;0;55;21;2018;3;9;2;3;5;3;0;1;1;0;0;0;0;0;628916.649;6026451.011;10.984447849;54.369522027
120046;1;0;55;40;2018;3;16;3;3;5;2;0;1;1;0;0;0;0;0;608299.6828;5972448.7754;10.64787586;53.889166979
120047;1;0;62;4;2018;3;18;3;3;4;6;2;1;1;0;0;0;0;0;590457.5184;5962946.8359;10.373687507;53.807205822
120048;1;0;1;0;2018;3;4;4;3;6;2;2;0;1;1;0;0;0;0;528361.6;6070608.077;9.440980392;54.781873049
120049;1;0;58;34;2018;3;9;4;2;5;3;0;1;1;0;0;0;0;1;543048.803;6018620.73;9.661725721;54.313644496
120050;1;0;59;171;2018;3;16;4;3;0;7;0;0;1;0;0;0;0;0;525790.3961;6057564.7807;9.399847764;54.664796687
120051;1;0;2;0;2018;3;19;7;3;0;5;2;1;1;0;0;0;0;0;572801.2215;6019198.1064;10.119129701;54.315457819
120052;1;0;61;55;2018;2;18;5;3;9;6;2;0;1;0;1;0;0;0;532332.1508;5965469.7455;9.491328952;53.836742692
120053;1;0;54;56;2018;3;6;4;3;5;3;1;1;1;0;0;0;0;1;503949.4896;6038172.0309;9.06097196;54.491157464
120054;1;0;3;0;2018;4;10;4;3;2;3;0;0;1;0;0;0;0;0;609181.4234;5971638.6525;10.660997507;53.881703718
120055;1;0;54;56;2018;3;17;4;3;8;1;0;0;0;0;1;0;0;1;503025.8738;6036909.6435;9.046700317;54.479818504
120056;1;0;2;0;2018;3;11;1;3;4;6;0;0;1;0;0;0;0;0;575476.695;6028598.3678;10.162631697;54.399535708
120057;1;0;1;0;2018;3;14;3;3;5;3;0;1;0;0;0;0;1;0;530948.2229;6072083.7243;9.481354477;54.79498101
120058;1;0;60;63;2018;3;13;2;3;5;3;0;0;1;0;0;0;0;1;567310.1951;5951548.3367;10.019759746;53.708279691
120059;1;0;59;45;2018;4;16;7;3;8;7;0;1;0;1;0;0;0;0;560360.9388;6057706.1953;9.935793235;54.663113437
120060;1;0;61;46;2018;3;20;3;3;0;1;2;1;0;0;0;0;0;1;534100.3598;5975022.6954;9.519260729;53.922488989
120061;1;0;56;50;2018;4;18;2;2;0;1;0;1;0;0;0;0;0;0;548099.8;5936202.9427;9.726376797;53.572482954
120062;1;0;56;2;2018;4;11;7;3;6;2;0;0;1;1;0;0;0;0;550679.3267;5960318.9097;9.769267229;53.788984582
120063;1;0;56;49;2018;3;10;3;2;5;2;0;1;1;0;0;0;0;0;544799.0173;5948511.7304;9.678305976;53.683404736
120064;1;0;51;16;2018;4;19;3;3;5;3;0;1;1;0;0;0;0;0;517134.7612;5983336.1492;9.26138974;53.998048428
120065;1;0;62;6;2018;3;9;3;3;0;7;0;1;0;0;0;0;0;2;583307.182;5953871.17;10.262683132;53.726845475
120066;1;0;58;58;2018;3;20;7;3;6;2;2;0;1;1;0;0;0;1;564042.2499;6029274.0156;9.986674458;54.407174112
120067;1;0;53;32;2018;3;17;2;3;6;7;0;0;0;1;0;0;1;0;589835.7836;5921935.3622;10.352414281;53.438786191
120068;1;0;3;0;2018;3;13;1;3;0;1;0;0;1;0;1;0;0;0;609580.4678;5972638.3997;10.667422923;53.890601593
120069;1;0;55;44;2018;4;15;6;3;5;3;0;0;1;0;0;0;0;0;613477.4549;5989833.6666;10.733090819;54.044243563
120070;1;0;62;9;2018;3;7;3;3;2;3;0;0;1;0;0;0;0;1;576918.4417;5935509.1708;10.16132944;53.562814671
120071;1;0;61;46;2018;3;10;3;3;0;7;0;1;0;0;0;0;0;0;533058.105;5973535.122;9.503229776;53.909186698
120072;1;0;3;0;2018;3;16;6;3;5;3;0;0;1;0;0;0;0;0;623028.0303;5981705.4968;10.875582409;53.969037778
120073;1;0;62;6;2018;3;14;3;3;6;4;0;0;1;1;0;0;0;0;582714.112;5954903.346;10.253972406;53.736215148
120074;1;0;60;63;2018;3;22;5;3;5;2;1;1;1;0;0;0;0;0;568291.6794;5948948.453;10.03405389;53.684787302
120075;1;0;3;0;2018;3;10;3;3;1;5;0;0;1;0;0;0;1;2;611578.4833;5967859.7641;10.696072853;53.847243509
120076;1;0;3;0;2018;3;14;6;3;5;2;0;1;1;0;0;0;0;0;610295.0431;5969970.4956;10.677331272;53.866481017
120077;1;0;56;49;2018;3;12;1;3;5;3;0;1;1;0;0;0;0;0;544135.381;5948734.9928;9.668290325;53.685467848
120078;1;0;55;32;2018;3;10;7;3;0;7;0;1;0;0;0;0;0;1;619236.2878;5997446.7328;10.823991784;54.111334396
120079;1;0;3;0;2018;3;11;3;3;2;6;0;0;1;0;0;0;1;0;610430.869;5969387.3729;10.679186034;53.861213213
120080;1;0;56;41;2018;2;13;5;2;2;2;0;0;1;0;0;0;0;0;558081.3369;5951346.0239;9.879922779;53.707569833
120081;1;0;59;183;2018;4;17;6;3;5;3;0;0;1;0;1;0;0;0;528476.2273;6065642.6747;9.442275883;54.737244916
120082;1;0;58;135;2018;3;14;3;3;5;3;0;1;1;0;0;0;0;0;541797.343;6018015.795;9.642405555;54.308311986
120083;1;0;3;0;2018;3;15;3;3;0;7;0;1;0;0;0;0;0;0;614011.505;5968835.008;10.733400158;53.855476811
120084;1;0;56;39;2018;3;15;4;2;5;3;0;1;0;0;0;1;0;1;552438.7423;5946853.4174;9.793688205;53.667789712
120085;1;0;61;29;2018;3;8;2;3;0;1;0;1;0;0;0;0;0;2;527958.3606;5960499.8419;9.424414183;53.792327205
120086;1;0;3;0;2018;3;7;4;3;5;2;0;1;1;0;0;0;0;1;613093.0233;5969884.0559;10.719829323;53.865102381
120087;1;0;56;15;2018;3;17;6;3;2;6;0;0;1;0;0;0;0;0;543089.5097;5954454.7444;9.65325097;53.736962955
120088;1;0;60;63;2018;2;11;5;3;5;2;0;1;1;0;0;0;0;1;565856.5615;5949311.7187;9.9972654;53.688364589
120089;1;0;62;76;2018;3;12;2;3;5;2;0;0;1;0;0;0;0;0;570004.7949;5953943.6404;10.061117528;53.729451422
120090;1;0;60;63;2018;4;22;4;3;3;6;2;0;1;0;0;0;0;0;565190.9332;5945294.9951;9.986343933;53.652349458
120091;1;0;56;50;2018;3;7;2;3;0;1;0;1;0;0;0;0;0;2;547121.3854;5937561.6447;9.711807693;53.58478357
120092;1;0;4;0;2018;3;12;6;3;6;4;0;0;1;1;0;0;0;1;564981.5399;5992183.0732;9.993106318;54.073748631
120093;1;0;55;31;2018;3;19;7;3;4;6;2;0;1;0;0;0;0;0;634407.3791;6022610.9809;11.067175871;54.333614238
120094;1;0;56;49;2018;3;6;2;3;0;1;1;0;0;0;0;0;1;2;546071.794;5949435.598;9.69771291;53.691597524
120095;1;0;56;44;2018;4;19;5;3;5;3;0;0;1;0;0;0;0;0;554515.7569;5939437.8261;9.823821947;53.600929353
120096;1;0;62;1;2018;3;12;2;3;0;1;0;1;0;0;0;0;0;2;580955.2818;5947549.9836;10.225393363;53.670411589
120097;1;0;56;39;2018;3;16;2;3;2;6;0;0;1;0;1;0;0;0;552645.9235;5946308.0835;9.796731214;53.662867674
120098;1;0;62;1;2018;3;14;3;3;5;3;0;1;1;0;0;0;0;0;582916.5814;5949848.0242;10.255687334;53.690754933
120099;1;0;3;0;2018;3;8;2;3;0;1;0;1;0;0;0;0;0;2;612358.6296;5969608.1462;10.708565704;53.862783052
120100;1;0;60;63;2018;3;7;3;3;6;7;0;0;1;1;0;0;0;1;564553.328;5950287.871;9.977737001;53.6973
120101;1;0;56;15;2018;3;17;6;3;5;2;0;1;1;0;0;0;0;0;543919.5512;5957786.4277;9.666307434;53.766837824
120102;1;0;58;135;2018;3;14;2;3;1;5;0;1;1;0;0;0;0;0;543615.459;6017353.549;9.670250376;54.302208457
120103;1;0;2;0;2018;4;7;4;3;0;4;0;0;0;1;1;0;0;1;570468.9301;6020375.3874;10.083561984;54.32636387
120104;1;0;2;0;2018;3;10;2;3;2;6;0;0;1;0;0;0;0;0;573588.9277;6025666.7281;10.132833393;54.373469638
120105;1;0;56;48;2018;3;23;7;3;9;7;2;0;1;0;0;0;0;0;546588.746;5952361.954;9.705981096;53.717852824
120106;1;0;60;63;2018;3;7;2;3;5;3;0;1;1;0;0;0;0;0;565739.874;5949642.071;9.995568736;53.691348171
120107;1;0;60;63;2018;3;18;1;3;5;3;1;1;1;0;0;0;0;1;565824.2786;5949419.3538;9.99679947;53.689335977
120108;1;0;61;113;2018;3;0;1;3;6;4;2;0;1;1;0;0;0;0;524505.6215;5975009.8743;9.373160613;53.922916559
120109;1;0;2;0;2018;3;12;3;3;5;3;0;0;1;0;0;0;0;0;576896.7639;6020413.0173;10.182386623;54.325774077
120110;1;0;1;0;2018;3;15;3;3;5;3;0;1;1;0;0;0;0;0;526599.6876;6071710.6225;9.413687239;54.791877546
120111;1;0;4;0;2018;4;10;7;2;0;1;0;0;0;0;1;0;0;0;563703.5633;5989215.3422;9.972954734;54.047238657
120112;1;0;57;82;2018;3;13;1;2;8;1;0;0;0;0;1;0;0;1;598445.1681;6022146.1196;10.514179054;54.337643841
120113;1;0;56;15;2018;4;9;3;3;0;7;0;0;1;0;0;0;0;1;543371.2556;5956148.5077;9.657759725;53.752162651
120114;1;0;60;49;2018;3;12;7;3;2;6;0;0;1;0;0;0;0;0;586330.8045;5979595.6689;10.315727362;53.957509011
120115;1;0;1;0;2018;3;8;7;3;2;6;0;0;1;0;0;0;1;0;527185.5718;6072603.6078;9.422882587;54.799870938
120116;1;0;2;0;2018;3;12;2;3;2;6;0;0;1;0;0;0;1;0;573083.8622;6021562.1042;10.124052751;54.336659612
120117;1;0;62;90;2018;3;13;6;3;0;1;0;0;0;0;1;0;0;1;580834.2919;5951328.9569;10.224547449;53.704389434
120118;1;0;54;88;2018;3;19;1;3;0;7;1;1;0;0;0;0;0;0;488631.4335;6071318.1112;8.823205547;54.788926477
120119;1;0;60;63;2018;3;5;7;3;1;7;2;0;1;0;0;0;0;0;564323.0815;5948849.7981;9.973951854;53.684404329
120120;1;0;55;12;2018;3;7;5;3;6;2;0;0;0;1;0;1;0;2;605455.3855;5999567.7239;10.614020212;54.133399288
120121;1;0;58;135;2018;4;15;6;2;5;2;0;0;1;0;1;0;0;0;542513.6205;6018393.3102;9.653467364;54.311645544
120122;1;0;57;74;2018;3;13;7;2;9;1;0;0;1;0;0;0;0;2;580169.6456;6019203.201;10.232373781;54.314399885
120123;1;0;56;49;2018;4;10;6;3;1;5;0;1;1;0;0;0;0;0;543717.3889;5948684.5117;9.661954512;53.685049277
120124;1;0;54;164;2018;3;13;7;3;5;3;0;0;1;0;0;0;0;2;471809.3256;6059925.7374;8.562712156;54.685885244
120125;1;0;2;0;2018;3;17;4;3;5;3;0;1;1;0;0;0;0;0;571876.046;6020977.502;10.105339106;54.331578109
120126;1;0;55;41;2018;4;2;1;3;9;1;2;0;1;0;0;0;0;2;611706.1881;5995332.4557;10.708079245;54.0940304
120127;1;0;56;15;2018;3;9;6;2;5;3;0;1;0;0;0;0;1;0;545176.3046;5955945.2901;9.685102905;53.750182871
120128;1;0;58;135;2018;3;12;6;3;6;4;0;0;1;1;0;0;0;0;541722.361;6019350.5429;9.641439732;54.320313339
120129;1;0;53;90;2018;3;20;1;3;0;6;2;0;1;0;1;0;0;0;612248.6124;5940623.565;10.696374278;53.602399132
120130;1;0;3;0;2018;3;16;6;3;1;5;0;0;1;0;1;0;0;0;607085.1601;5967088.9112;10.627533426;53.841263536
120131;1;0;55;12;2018;3;17;6;3;3;6;0;0;1;0;1;0;0;0;605247.8801;5998994.4406;10.610645837;54.128291343
120132;1;0;62;1;2018;3;16;6;2;0;1;0;1;0;0;0;0;0;2;581711.7878;5946576.9437;10.236585374;53.661549838
120133;1;0;58;77;2018;2;15;5;3;5;3;0;0;1;0;0;0;0;0;542611.1997;5993813.0232;9.651482852;54.090733625
120134;1;0;56;50;2018;4;13;5;3;2;6;0;0;1;0;0;0;0;0;548732.1971;5937501.6283;9.736128799;53.584096932
120135;1;0;2;0;2018;3;15;6;3;6;7;0;0;1;1;0;0;0;1;574650.801;6019278.887;10.147576148;54.315916627
120136;1;0;2;0;2018;3;11;3;2;6;4;0;0;1;1;0;0;0;0;574649.759;6018602.435;10.147391009;54.309838423
120137;1;0;4;0;2018;3;15;4;3;5;3;0;0;1;0;0;0;0;1;563996.0758;5991095.9427;9.977818431;54.064102498
120138;1;0;60;63;2018;3;14;5;3;0;4;0;0;0;1;0;0;1;0;565548.3452;5951416.0204;9.993043919;53.707314758
120139;1;0;3;0;2018;3;7;6;2;2;6;0;0;1;0;0;0;0;0;611493.5719;5970814.7212;10.695856224;53.873809637
120140;1;0;2;0;2018;3;19;4;3;2;6;2;0;1;0;0;0;1;0;574722.5679;6018277.0938;10.148428459;54.306904374
120141;1;0;56;49;2018;3;15;3;3;5;3;0;0;1;0;0;0;0;0;544499.262;5948263.746;9.673732126;53.681201523
120142;1;0;56;39;2018;3;18;5;3;5;3;0;0;1;0;0;0;0;0;552957.9951;5947223.3924;9.801609643;53.671062535
120143;1;0;60;63;2018;3;3;5;3;1;5;2;0;1;0;0;0;0;0;565074.8368;5954411.9271;9.986501471;53.734298226
120144;1;0;55;44;2018;3;11;5;3;0;1;0;0;0;0;1;0;0;0;613447.3489;5986955.4963;10.731556312;54.018393395
120145;1;0;2;0;2018;3;22;6;3;9;1;2;0;1;0;0;0;0;1;574541.7539;6028253.1892;10.148146603;54.396571869
120146;1;0;56;2;2018;3;13;5;3;6;4;0;0;1;1;0;0;0;1;551052.5977;5960500.9874;9.774962743;53.790584511
120147;1;0;62;18;2018;3;9;5;2;5;3;0;1;1;0;0;0;0;0;581062.3385;5933159.1936;10.223270243;53.541072808
120148;1;0;3;0;2018;4;10;5;3;2;6;0;0;1;0;0;0;0;1;611685.4047;5971606.2973;10.699061003;53.880880024
120149;1;0;58;135;2018;3;10;5;3;6;4;0;0;1;1;0;0;0;1;543074.4786;6017822.8848;9.66200528;54.306472214
120150;1;0;56;18;2018;3;14;2;3;5;2;0;1;1;0;0;0;0;0;556329.5686;5941073.544;9.85152403;53.615438577
120151;1;0;55;12;2018;3;15;3;3;2;6;0;0;1;0;0;0;0;0;605313.18;5999514.3797;10.611826065;54.132949189
120152;1;0;58;43;2018;3;19;5;3;5;3;2;0;1;0;0;0;0;2;553455.308;6037180.6132;9.825012961;54.479447573
120153;1;0;57;48;2018;3;16;6;2;0;3;0;0;1;0;0;0;1;0;602969.6565;6017547.4532;10.582154975;54.295436333
120154;1;0;56;39;2018;3;17;3;3;2;6;0;0;1;0;0;0;0;0;551346.5556;5944880.8055;9.776833011;53.650169067
120155;1;0;2;0;2018;3;5;6;3;5;2;2;1;1;0;0;0;0;0;573972.5664;6018171.4143;10.136877865;54.306063942
120156;1;0;60;50;2018;4;17;7;2;4;6;0;0;1;0;1;0;0;0;589787.5701;5984952.8907;10.369972838;54.005057284
120157;1;0;2;0;2018;3;20;5;3;5;2;2;1;1;0;0;0;0;2;572330.6776;6021141.7668;10.112369002;54.33298991
120158;1;0;59;186;2018;3;12;5;3;6;7;0;0;0;1;0;0;1;2;548959.241;6069398.164;9.761013929;54.769414335
120159;1;0;62;60;2018;4;8;4;3;5;2;0;1;1;0;0;0;0;0;582680.2133;5930571.6524;10.24699514;53.517567692
120160;1;0;51;100;2018;2;17;4;3;4;1;0;0;1;0;0;0;0;2;517190.7029;6010784.72;9.263805234;54.244744443
120161;1;0;2;0;2018;3;23;1;3;6;4;2;0;1;1;0;0;0;0;573615.1175;6019837.3583;10.131796212;54.321085243
120162;1;0;54;168;2018;3;11;3;3;5;3;0;1;1;0;0;0;0;0;456906.2354;6084475.4653;8.327903204;54.905437286
120163;1;0;57;37;2018;3;6;6;3;0;7;0;0;1;0;1;0;0;1;574797.6214;6009016.0846;10.147268448;54.223676627
120164;1;0;51;69;2018;3;20;2;3;4;6;2;0;1;0;0;0;0;0;505134.5311;6004780.9322;9.078691298;54.191047809
120165;1;0;2;0;2018;4;15;7;3;0;7;0;1;0;0;0;0;0;0;574524.0015;6024590.0965;10.146955176;54.363659591
120166;1;0;56;39;2018;2;12;4;3;1;5;0;1;1;0;0;0;0;0;553191.0543;5944038.4491;9.804591726;53.642414044