OBJECTID_1;ULAND;UREGBEZ;UKREIS;UGEMEINDE;UJAHR;UMONAT;USTUNDE;UWOCHENTAG;UKATEGORIE;UART;UTYP1;ULICHTVERH;IstRad;IstPKW;IstFuss;IstKrad;IstGkfz;IstSonstig;STRZUSTAND;LINREFX;LINREFY;XGCSWGS84;YGCSWGS84
120167;1;0;59;45;2018;4;15;3;3;5;3;0;1;1;0;0;0;0;0;561166.9584;6057737.3575;9.948293826;54.663296299
120168;1;0;62;61;2018;2;5;4;2;6;4;2;0;1;1;0;0;0;0;598495.2851;5965288.7869;10.496454658;53.826788765
120169;1;0;53;116;2018;3;11;6;3;5;2;0;1;1;0;0;0;0;0;598735.9023;5929064.7354;10.48859228;53.501256812
120170;1;0;54;56;2018;3;17;2;3;5;3;0;0;1;0;0;0;0;0;505447.0587;6038459.9803;9.084096621;54.493731445
120171;1;0;54;88;2018;4;14;4;3;3;2;0;1;1;0;0;0;0;0;489496.6679;6071584.9775;8.836651219;54.791343581
120172;1;0;3;0;2018;2;15;4;3;4;1;0;0;1;0;0;0;0;2;614075.8245;5969169.7065;10.734501938;53.858469621
120173;1;0;55;32;2018;3;20;7;2;8;1;2;0;1;0;0;0;0;0;618939.647;5998460.856;10.81985565;54.12051314
120174;1;0;60;5;2018;3;13;2;3;6;4;0;0;1;1;0;0;0;0;585950.0557;5978567.5248;10.309636668;53.948333878
120175;1;0;2;0;2018;3;14;6;3;2;6;0;0;1;0;1;0;0;0;574595.8017;6018643.2241;10.14657204;54.310212823
120176;1;0;55;46;2018;3;8;1;2;5;3;0;0;1;0;0;0;1;1;637444.2492;6032987.462;11.118643423;54.425998761
120177;1;0;53;83;2018;4;0;6;2;9;1;2;0;0;0;1;0;0;0;603184.1342;5915327.646;10.551126756;53.376969
120178;1;0;55;4;2018;2;6;4;3;1;5;1;0;1;0;0;0;1;2;612582.827;5975801.7437;10.714249341;53.918378142
120179;1;0;54;138;2018;3;9;4;3;0;7;0;1;0;0;0;0;0;0;496155.0665;6018549.0456;8.94089627;54.314800464
120180;1;0;62;6;2018;3;15;7;3;5;3;0;0;1;0;0;0;0;1;582441.535;5953827.853;10.24955447;53.726593732
120181;1;0;4;0;2018;2;7;4;3;0;1;0;1;0;0;0;0;0;2;564016.0945;5992323.294;9.978383537;54.075129606
120182;1;0;51;44;2018;3;14;5;3;8;1;0;0;1;0;0;0;0;0;506670.2507;6003730.3405;9.102204251;54.181587814
120183;1;0;56;18;2018;3;8;5;3;1;5;0;1;1;0;0;0;0;1;557281.6985;5941849.16;9.866058092;53.622306141
120184;1;0;3;0;2018;3;13;6;3;6;7;0;0;1;1;0;0;0;0;613157.1108;5969893.2315;10.720806815;53.865170849
120185;1;0;2;0;2018;2;9;4;3;6;7;0;1;0;1;0;0;0;0;574567.5031;6018763.1698;10.146167125;54.311294746
120186;1;0;60;5;2018;3;10;5;3;0;7;0;1;0;0;0;0;0;1;585791.363;5977384.936;10.306887096;53.937733866
120187;1;0;56;15;2018;3;15;7;3;5;3;0;1;1;0;0;0;0;1;543925.6415;5954306.605;9.665905021;53.735561763
120188;1;0;51;44;2018;3;8;4;3;8;7;0;0;1;0;0;0;0;0;506033.308;6003503.1092;9.09244022;54.179553428
120189;1;0;1;0;2018;4;11;6;3;0;7;0;0;0;0;1;0;0;0;528127.9732;6070859.5262;9.437372345;54.78414584
120190;1;0;51;122;2018;2;17;3;3;8;3;0;0;1;0;0;0;0;2;505879.2495;6009404.1177;9.09019524;54.232591099
120191;1;0;55;4;2018;3;17;3;3;1;5;0;0;1;0;1;0;0;0;611052.8216;5975049.1258;10.690690653;53.911946739
120192;1;0;1;0;2018;3;14;5;3;0;1;0;0;0;0;1;0;0;1;530769.618;6071845.0151;9.478551309;54.792846856
120193;1;0;60;63;2018;2;10;3;3;8;1;0;0;1;0;0;0;0;2;569916.8003;5952072.7084;10.059361311;53.712649532
120194;1;0;60;39;2018;3;16;5;3;6;4;0;0;1;1;0;0;0;1;564282.9054;5960817.7973;9.975832057;53.791965807
120195;1;0;62;6;2018;3;21;4;3;6;4;2;0;1;1;0;0;0;0;583348.7413;5954175.0606;10.263394751;53.72956964
120196;1;0;60;63;2018;3;7;5;3;2;6;0;0;1;0;0;0;0;1;564985.6729;5949158.0834;9.984047499;53.687092918
120197;1;0;3;0;2018;3;9;5;3;2;1;0;0;1;0;0;0;0;2;611602.6584;5969005.0299;10.696856403;53.857527608
120198;1;0;57;79;2018;3;16;7;3;5;3;0;0;1;0;0;0;0;0;583358.946;6030259.53;10.284482934;54.413231615
120199;1;0;56;39;2018;2;11;3;2;6;4;0;0;1;1;0;0;0;2;552363.5391;5945049.4543;9.792245984;53.651584005
120200;1;0;51;44;2018;4;18;4;3;5;2;0;1;1;0;0;0;0;0;507938.7743;6005953.5514;9.121699712;54.201551106
120201;1;0;60;89;2018;2;15;3;3;5;3;0;0;1;0;1;0;0;2;580076.167;5988431.127;10.222752802;54.037909293
120202;1;0;57;10;2018;3;14;2;3;1;7;0;0;1;0;0;0;1;0;573876.2184;6011177.8751;10.133671068;54.243235752
120203;1;0;55;16;2018;3;9;3;3;2;6;0;0;1;0;0;0;1;0;628009.193;6002039.184;10.960056742;54.150477975
120204;1;0;55;12;2018;3;12;5;3;5;3;0;1;1;0;0;0;0;1;605138.756;5999743.22;10.609237362;54.135040833
120205;1;0;56;39;2018;4;7;5;3;4;6;0;1;0;0;0;0;1;0;551376.0428;5946844.8533;9.777603913;53.667818254
120206;1;0;60;5;2018;2;14;3;2;0;1;0;1;0;0;0;0;0;1;585603.2045;5977667.9066;10.304100942;53.940307695
120207;1;0;59;137;2018;3;11;3;2;0;1;0;0;1;0;0;0;0;0;540811.3094;6072628.9476;9.634827971;54.799175088
120208;1;0;56;15;2018;3;14;3;3;3;6;0;1;1;0;0;0;0;0;543484.5038;5957756.8603;9.659703609;53.76660858
120209;1;0;53;129;2018;2;15;3;3;5;3;0;0;1;0;0;0;0;2;583687.2162;5927643.6761;10.261397406;53.491096133
120210;1;0;58;22;2018;3;12;5;3;1;6;0;0;1;0;0;0;1;1;567682.8111;6003305.3528;10.036874616;54.173348524
120211;1;0;1;0;2018;3;10;4;3;6;4;0;0;1;1;0;0;0;0;527513.3969;6072269.5757;9.42795017;54.796851294
120212;1;0;2;0;2018;3;9;5;3;0;6;0;0;1;0;1;0;0;1;574942.9133;6018381.0639;10.15184033;54.307806329
120213;1;0;55;15;2018;2;14;3;2;4;1;0;0;1;0;0;0;1;2;627177.6244;6020607.1625;10.955202393;54.317468587
120214;1;0;57;91;2018;3;3;1;3;5;2;2;0;1;0;0;0;0;0;579920.906;6016225.8944;10.227754754;54.28768659
120215;1;0;3;0;2018;4;9;4;3;4;6;0;1;1;0;0;0;0;0;611087.3656;5968429.0406;10.688817011;53.852463286
120216;1;0;58;97;2018;2;16;3;3;8;1;0;0;1;0;0;0;0;2;536403.1309;6020458.3747;9.559801682;54.330676444
120217;1;0;51;11;2018;3;14;7;3;1;5;0;0;1;0;0;0;0;0;509653.2362;5972910.9162;9.146930365;53.904540839
120218;1;0;60;63;2018;3;15;2;3;5;3;0;1;0;0;0;0;0;0;565986.5024;5948573.5394;9.999075717;53.681714157
120219;1;0;2;0;2018;3;15;5;3;2;6;0;0;1;0;0;0;0;1;577174.848;6016655.6552;10.185690574;54.291970232
120220;1;0;59;171;2018;3;11;2;3;6;4;0;0;1;1;0;0;0;1;525791.2151;6057563.5798;9.399860355;54.664785853
120221;1;0;60;5;2018;3;8;4;3;1;5;0;0;0;0;0;1;1;0;585764.3363;5978419.2681;10.306765991;53.947032506
120222;1;0;60;44;2018;4;9;6;3;2;2;0;1;1;0;0;0;0;0;563037.01;5965222.386;9.957824031;53.831701997
120223;1;0;55;33;2018;3;11;3;3;6;4;0;0;1;1;0;0;0;0;623418.3663;6018461.1255;10.896557179;54.299114247
120224;1;0;60;44;2018;3;11;4;3;6;2;0;0;1;1;0;0;0;0;563376.2532;5965787.0329;9.963094326;53.836735161
120225;1;0;56;50;2018;4;13;7;3;5;2;0;0;1;0;0;0;0;0;546292.201;5936450.509;9.699118409;53.57487067
120226;1;0;4;0;2018;2;15;3;3;6;4;0;0;1;1;0;0;0;1;564749.9704;5992738.1381;9.9896865;54.078765859
120227;1;0;51;48;2018;4;7;3;3;5;3;0;0;1;0;0;0;0;1;505278.8797;5999755.9349;9.0808155;54.145883401
120228;1;0;58;15;2018;2;13;3;3;8;1;0;0;1;0;0;0;0;2;536580.0978;5994669.1701;9.559382068;54.098891992
120229;1;0;58;127;2018;3;10;7;3;4;6;0;0;1;0;0;0;0;2;537250.4951;6030627.0606;9.574105209;54.422000275
120230;1;0;62;60;2018;3;9;2;3;0;7;0;0;1;0;0;1;0;0;581825.0413;5931633.8404;10.234378106;53.527246907
120231;1;0;56;15;2018;3;10;4;3;5;3;0;1;1;0;0;0;0;0;544378.6648;5956062.7867;9.673024428;53.751307415
120232;1;0;59;107;2018;3;11;1;3;0;1;0;1;0;0;0;0;0;1;523724.0271;6052928.3642;9.367436111;54.62323178
120233;1;0;3;0;2018;4;15;6;3;5;2;0;1;1;0;0;0;0;0;607315.0136;5966908.961;10.63096245;53.839599345
120234;1;0;53;100;2018;2;18;2;3;1;1;1;0;1;0;0;0;0;2;615151.3526;5950460.2975;10.743863636;53.690145488
120235;1;0;56;15;2018;3;16;3;3;5;2;0;1;1;0;0;0;0;0;543571.5058;5955036.8772;9.660639705;53.742154948
120236;1;0;51;13;2018;3;10;5;3;5;3;0;0;1;0;0;0;0;1;489945.2223;5998613.5321;8.846107549;54.135544588
120237;1;0;3;0;2018;2;15;2;3;2;6;0;0;1;0;0;0;1;2;607276.5885;5968571.3525;10.630959326;53.854543044
120238;1;0;58;5;2018;2;17;2;3;5;2;0;1;1;0;0;0;0;1;573727.0555;6027773.0635;10.13548162;54.392376308
120239;1;0;2;0;2018;4;23;2;3;6;7;2;0;1;1;0;0;0;0;574236.5079;6018660.878;10.141055132;54.310423809
120240;1;0;58;11;2018;2;7;2;3;9;1;0;0;0;0;0;0;1;2;549036.6908;6002249.9929;9.751083699;54.165984339
120241;1;0;55;32;2018;3;12;6;3;3;6;0;1;1;0;0;0;0;0;619590.0148;5997366.5033;10.829368066;54.110531578
120242;1;0;60;63;2018;3;11;1;3;0;7;0;1;0;0;0;0;0;0;566823.2963;5950721.5976;10.012206096;53.700912373
120243;1;0;55;33;2018;3;16;4;3;5;3;0;1;1;0;0;0;0;0;622780.358;6017728.629;10.88645799;54.292688236
120244;1;0;62;1;2018;3;17;6;3;0;7;0;1;0;0;0;0;0;0;581898.4407;5948158.6465;10.239826594;53.675734313
120245;1;0;58;22;2018;2;14;2;3;6;4;0;0;1;1;0;0;0;0;568044.8886;6003536.8501;10.042472806;54.175380924
120246;1;0;57;83;2018;2;7;5;3;9;1;0;0;1;0;0;0;0;2;569383.4988;5995443.4626;10.061116032;54.102473201
120247;1;0;61;46;2018;4;11;5;3;2;6;0;0;1;0;0;0;0;1;533313.3283;5975586.3746;9.507338218;53.927606372
120248;1;0;54;164;2018;2;15;2;3;5;2;0;1;1;0;0;0;0;0;472211.886;6059962.9939;8.568952843;54.686242424
120249;1;0;58;43;2018;3;16;3;3;2;6;2;0;1;0;0;0;0;0;554098.875;6036715.7397;9.834859334;54.475201915
120250;1;0;3;0;2018;3;20;4;3;2;6;2;1;1;0;0;0;0;1;610730.8313;5970331.7596;10.684085849;53.869633916
120251;1;0;53;28;2018;2;13;1;3;4;6;0;1;1;0;0;0;0;2;587262.7594;5925668.587;10.314726517;53.472766518
120252;1;0;55;12;2018;3;11;4;3;6;4;0;0;1;1;0;0;0;0;605611.7413;5999606.5415;10.616425805;54.133715931
120253;1;0;3;0;2018;3;8;4;3;2;2;0;0;1;0;0;0;0;0;613228.7935;5969831.1094;10.721873443;53.86459711
120254;1;0;3;0;2018;3;10;4;3;5;2;0;1;1;0;0;0;0;0;611930.8073;5967393.9214;10.701256098;53.842982492
120255;1;0;3;0;2018;2;7;1;3;3;6;0;1;1;0;0;0;0;2;611266.9296;5970972.065;10.692467666;53.875271887
120256;1;0;56;18;2018;3;14;5;3;5;3;0;0;1;0;0;0;0;0;557533.7117;5941386.2886;9.869782341;53.618118479
120257;1;0;54;168;2018;3;20;6;3;0;6;2;0;1;0;0;0;0;0;455564.479;6084444.398;8.306983445;54.905040592
120258;1;0;2;0;2018;2;16;1;3;0;1;0;1;0;0;0;0;0;2;573398.2818;6019741.8928;10.128439707;54.320258641
120259;1;0;55;42;2018;4;8;5;3;2;2;0;0;1;0;1;0;0;1;619553.4154;5984327.8168;10.823670319;53.993410039
120260;1;0;56;41;2018;2;13;7;3;5;3;0;0;1;0;0;1;0;0;561977.518;5955401.434;9.939753188;53.743568291
120261;1;0;56;19;2018;3;19;2;3;6;7;1;0;1;1;0;0;0;0;536762.8095;5946317.396;9.556376104;53.66430932
120262;1;0;62;4;2018;3;13;3;3;6;7;0;1;0;1;0;0;0;0;590814.486;5963404.83;10.379241793;53.811258975
120263;1;0;56;41;2018;2;12;7;3;2;6;0;0;1;0;0;0;0;0;562955.0606;5955550.1823;9.954603532;53.744787979
120264;1;0;56;49;2018;3;14;3;3;5;2;0;0;1;0;0;0;0;0;545059.8791;5948403.3803;9.682239661;53.682408481
120265;1;0;2;0;2018;4;13;1;3;3;6;0;1;1;0;0;0;0;0;576737.254;6017669.0296;10.17922928;54.301141871
120266;1;0;4;0;2018;2;11;7;3;5;3;0;1;1;0;0;0;0;0;562573.5723;5991785.7432;9.956229302;54.070476129
120267;1;0;54;168;2018;4;22;4;3;0;1;2;1;0;0;0;0;0;1;455773.5284;6086202.3399;8.309973339;54.920855828
120268;1;0;2;0;2018;2;21;7;3;5;3;2;0;1;0;1;0;0;0;576890.15;6021120.608;10.182467347;54.332133136
120269;1;0;55;40;2018;3;16;7;3;2;6;0;0;1;0;0;0;0;0;607971.615;5973505.876;10.643258925;53.898732772
120270;1;0;60;92;2018;4;10;4;3;2;6;0;0;1;0;0;0;0;0;579373.3344;5978826.9563;10.209519075;53.951715645
120271;1;0;56;50;2018;2;16;6;3;5;2;0;0;1;0;0;0;1;0;547735.9621;5936379.7047;9.72090982;53.574104896
120272;1;0;60;63;2018;3;14;1;3;0;7;0;0;1;0;0;1;0;0;565823.1571;5951300.4921;9.99718202;53.706241929
120273;1;0;54;78;2018;3;16;3;2;6;4;0;0;1;1;0;0;0;0;463073.2588;6097070.4976;8.422457958;55.019110365
120274;1;0;61;46;2018;3;18;2;3;6;2;1;0;1;1;0;0;0;1;533156.7394;5976076.2744;9.505006735;53.93201948
120275;1;0;58;94;2018;4;19;7;2;6;7;0;0;1;1;0;0;0;0;561045.0785;6007486.5894;9.936051545;54.211755298
120276;1;0;60;39;2018;2;7;6;3;5;3;0;1;1;0;0;0;0;0;565712.639;5957087.303;9.996737549;53.758261696
120277;1;0;54;164;2018;4;10;3;3;5;3;0;1;1;0;0;0;0;1;471933.8161;6060496.7051;8.564588242;54.691023269
120278;1;0;4;0;2018;2;9;6;3;6;4;0;0;0;1;0;0;1;0;564396.306;5988796.143;9.983444441;54.043385464
120279;1;0;51;127;2018;3;4;6;3;1;5;2;0;1;0;0;0;0;0;494693.3427;6007275.506;8.918626677;54.213466299
120280;1;0;2;0;2018;3;16;2;3;5;3;0;0;1;0;1;0;0;0;573394.115;6020673.533;10.128604829;54.328630666
120281;1;0;62;78;2018;3;13;7;3;0;7;0;1;1;0;0;0;0;0;587689.0842;5950475.7877;10.328118825;53.695616681
120282;1;0;56;39;2018;3;9;7;2;3;6;0;1;0;0;0;0;0;1;552301.083;5945176.098;9.791322453;53.652728474
120283;1;0;58;124;2018;3;17;5;3;0;7;0;1;0;0;0;0;0;1;544916.5582;6015775.5157;9.690005993;54.287914209
120284;1;0;56;50;2018;3;16;2;3;0;7;0;0;1;0;0;0;0;0;546767.9302;5937111.6079;9.706401461;53.580770344
120285;1;0;53;90;2018;3;1;1;3;1;7;2;0;1;0;1;0;0;1;612553.5839;5940257.1633;10.700848695;53.599041768
120286;1;0;60;64;2018;4;16;6;3;0;1;0;0;0;0;1;0;0;0;561031.6049;5968565.1473;9.928021345;53.861982665
120287;1;0;58;135;2018;2;7;6;3;1;5;1;0;1;0;0;0;0;0;542347.7255;6018997.7164;9.651003345;54.317091044
120288;1;0;2;0;2018;3;5;4;3;5;2;1;1;1;0;0;0;0;0;574633.0769;6018627.0022;10.147140796;54.310061613
120289;1;0;56;39;2018;3;13;7;3;2;2;0;0;1;0;0;0;0;1;551864.1966;5946909.3566;9.785002398;53.668349783
120290;1;0;57;25;2018;2;8;6;3;8;7;0;0;1;0;0;0;0;0;578544.8339;6026450.8258;10.209313822;54.379775175
120291;1;0;51;44;2018;3;17;5;3;5;3;0;0;1;0;1;0;0;0;506097.8831;6005480.8838;9.093469704;54.197328155
120292;1;0;55;32;2018;3;14;6;3;4;6;0;0;1;0;0;0;0;1;619687.7315;5996638.5207;10.83057383;54.103969267
120293;1;0;59;183;2018;2;8;6;2;6;4;0;0;1;1;0;0;0;0;522258.003;6070389.346;9.34606401;54.780215188
120294;1;0;59;75;2018;2;11;5;3;0;1;0;1;0;0;0;0;0;0;535140.2845;6039863.4502;9.542681419;54.505156212
120295;1;0;56;29;2018;4;15;5;3;5;3;0;1;1;0;0;0;0;0;543718.0224;5953352.3766;9.662622904;53.727002871
120296;1;0;54;96;2018;3;16;3;3;0;1;0;1;0;0;0;0;0;0;510740.3913;6033081.9861;9.165624268;54.44531401
120297;1;0;2;0;2018;4;15;5;2;5;3;0;1;1;0;0;0;0;0;575731.674;6028320.507;10.16648761;54.397001132
120298;1;0;54;76;2018;4;12;5;3;6;7;0;0;1;1;0;0;0;0;498801.3342;6070061.8104;8.981364493;54.777763777
120299;1;0;56;40;2018;5;16;2;3;6;3;0;0;1;1;0;0;0;0;550093.8648;5948672.7693;9.75849443;53.684371292
120300;1;0;54;56;2018;4;15;5;3;5;3;0;1;0;0;0;0;0;0;504818.007;6037486.171;9.074368876;54.484986015
120301;1;0;51;100;2018;4;16;4;2;9;7;0;0;1;0;0;0;0;0;517783.7348;6010677.2529;9.272899301;54.243758329
120302;1;0;60;5;2018;5;16;6;3;5;2;0;0;1;0;1;0;0;0;585864.5594;5977830.1846;10.30812697;53.941722586
120303;1;0;61;46;2018;4;15;4;3;2;6;0;0;1;0;0;0;0;0;533100.967;5975900.509;9.504138269;53.930443327
120304;1;0;56;5;2018;5;10;4;3;1;5;0;0;1;0;0;0;1;0;559844.9725;5946473.2899;9.905697719;53.663578081
120305;1;0;56;15;2018;4;20;4;3;5;2;1;0;1;0;1;0;0;1;544853.7038;5954761.3113;9.68003917;53.739569524
120306;1;0;56;18;2018;4;7;4;3;5;3;0;1;1;0;0;0;0;0;557405.9848;5941929.6656;9.86795182;53.623016072
120307;1;0;62;6;2018;4;9;4;3;9;7;0;0;1;0;0;0;0;1;583196.7144;5954089.2054;10.261067862;53.728822401
120308;1;0;62;4;2018;5;15;1;3;6;4;0;0;1;1;0;0;0;0;590736.2079;5962864.5479;10.377894089;53.806417877
120309;1;0;58;58;2018;4;19;4;3;5;2;0;0;1;0;0;0;0;0;563820.6777;6029435.665;9.983296092;54.408654526
120310;1;0;55;16;2018;5;20;6;3;5;3;0;0;1;0;0;0;0;0;629827.2468;6003047.3082;10.988310213;54.159077005
120311;1;0;51;11;2018;4;20;3;3;5;2;1;1;1;0;0;0;0;1;509635.169;5972160.219;9.146631741;53.897793882
120312;1;0;60;92;2018;4;14;3;3;5;3;0;0;1;0;0;0;0;0;579766.913;5979242.8688;10.215623792;53.955392497
120313;1;0;56;50;2018;5;8;6;3;5;3;0;1;1;0;0;0;0;0;546310.7712;5938095.659;9.699642973;53.589655437
120314;1;0;56;39;2018;4;13;6;3;5;3;0;1;1;0;0;0;0;0;552639.7572;5947032.2189;9.796760666;53.669376498
120315;1;0;54;168;2018;4;23;2;3;5;3;2;0;1;0;0;0;0;0;455566.7586;6085567.4705;8.306845614;54.915132609
120316;1;0;62;1;2018;5;15;4;3;6;7;0;0;1;1;0;0;0;0;581638.6225;5947776.0739;10.235793691;53.672337042
120317;1;0;53;115;2018;4;10;3;2;9;7;0;0;1;0;0;0;0;0;603424.1588;5925906.5652;10.558206164;53.4719786
120318;1;0;2;0;2018;5;12;3;3;9;7;0;0;1;0;0;0;0;1;574386.1435;6018711.5245;10.143367221;54.310857128
120319;1;0;55;46;2018;4;12;3;3;0;1;0;1;0;0;0;0;0;1;642267.581;6034861.143;11.193832915;54.441499396
120320;1;0;3;0;2018;4;15;3;3;6;4;0;0;1;1;0;0;0;0;619334.6021;5976184.8483;10.817149756;53.920308667
120321;1;0;59;113;2018;5;11;1;3;9;1;0;1;0;0;0;0;0;0;534837.0737;6075740.5762;9.54227697;54.827587606
120322;1;0;4;0;2018;4;11;3;3;7;7;0;1;0;0;0;0;1;0;565893.6882;5992721.2331;10.007161295;54.078468889
120323;1;0;2;0;2018;5;10;6;2;5;2;0;1;1;0;0;0;0;0;572372.504;6018886.193;10.112465052;54.312715988
120324;1;0;58;22;2018;4;9;3;2;5;3;0;1;1;0;0;0;0;0;567506.0152;6003312.9584;10.034168365;54.173440153
120325;1;0;58;92;2018;4;13;2;3;0;2;0;1;0;0;0;1;0;1;571937.2292;6021650.3795;10.106442145;54.337615789
120326;1;0;3;0;2018;5;15;4;3;5;2;0;1;1;0;0;0;0;0;611024.0478;5972189.5284;10.689215942;53.886261831
120327;1;0;58;22;2018;4;7;3;3;4;6;0;1;0;0;0;0;0;0;567679.8457;6003305.4951;10.036829228;54.173350194
120328;1;0;53;90;2018;4;9;2;3;5;3;0;1;1;0;0;0;0;1;611528.0171;5942868.7077;10.686293124;53.622724699
120329;1;0;57;91;2018;4;15;3;3;5;3;0;0;1;0;0;0;0;0;579919.89;6016229.9256;10.227740227;54.28772297
120330;1;0;1;0;2018;4;13;3;3;6;7;0;0;1;1;0;0;0;0;524488.1685;6068381.8;9.380568118;54.762070401
120331;1;0;62;1;2018;5;19;7;3;5;3;0;1;1;0;0;0;0;0;581558.0464;5948581.1912;10.234785884;53.679584659
120332;1;0;54;56;2018;4;7;3;3;0;7;0;1;0;0;0;0;0;0;503429.455;6036466.5455;9.052923909;54.475833728
120333;1;0;62;4;2018;5;18;5;3;4;6;0;1;1;0;0;0;0;0;588997.0723;5962536.0043;10.351397288;53.803766126
120334;1;0;59;5;2018;4;6;3;2;5;3;0;0;0;0;1;0;0;0;520975.7042;6025300.6968;9.322907844;54.375062921
120335;1;0;3;0;2018;4;15;1;3;1;5;0;0;1;0;0;0;0;0;619492.7348;5976317.5669;10.81960822;53.921464495
120336;1;0;60;63;2018;4;14;2;3;5;3;0;0;1;0;0;0;0;0;567624.598;5949191.9462;10.024008002;53.687062329
120337;1;0;56;44;2018;4;7;2;3;5;3;0;1;1;0;0;0;0;0;557022.301;5940180.389;9.861831166;53.607336405
120338;1;0;60;39;2018;4;0;2;2;8;7;2;0;1;0;0;0;0;1;564044.9817;5960583.0204;9.972172094;53.789885214
120339;1;0;51;13;2018;5;8;6;3;1;5;0;1;0;0;0;0;1;0;490385.8597;5998502.6173;8.852855191;54.134556152
120340;1;0;60;63;2018;4;10;2;3;6;3;0;0;1;1;0;0;0;0;564969.6813;5949455.6704;9.983867734;53.68976934
120341;1;0;56;50;2018;4;8;2;3;5;7;0;0;1;0;0;0;0;0;548193.9278;5937287.9313;9.727965643;53.582226007
120342;1;0;1;0;2018;5;8;7;3;5;3;0;1;1;0;0;0;0;0;530277.4107;6071910.7395;9.4709033;54.793467429
120343;1;0;56;15;2018;4;18;2;2;6;7;0;0;1;1;0;0;0;0;543544.7224;5957654.1227;9.660602624;53.765680178
120344;1;0;54;56;2018;5;6;5;3;5;3;0;1;1;0;0;0;0;0;505053.407;6037766.56;9.078007211;54.487503631
120345;1;0;60;63;2018;4;18;2;3;0;1;0;0;0;0;1;0;0;0;565659.3162;5955115.6188;9.995509857;53.740549017
120346;1;0;61;29;2018;4;19;1;3;5;3;0;0;1;0;0;0;1;0;527773.893;5959899.24;9.421559883;53.786938878
120347;1;0;3;0;2018;4;14;2;3;6;4;0;0;1;1;0;0;0;0;610792.6446;5969733.808;10.68480957;53.864248591
120348;1;0;58;77;2018;4;7;2;2;5;3;0;0;0;0;1;0;0;0;542805.596;5994210.5413;9.654510997;54.094290069
120349;1;0;58;58;2018;5;11;2;3;5;2;0;1;1;0;0;0;0;0;563809.338;6029160.156;9.983062187;54.40618023
120350;1;0;58;13;2018;4;21;2;2;0;1;1;0;0;0;1;0;0;0;522022.099;5997144.1819;9.336947439;54.121965256
120351;1;0;2;0;2018;4;7;2;3;5;2;0;1;1;0;0;0;0;0;574961.173;6018297.362;10.152099903;54.307051535
120352;1;0;56;15;2018;5;17;6;3;3;6;0;0;1;0;0;0;0;0;543370.9325;5956148.2758;9.657754793;53.752160594
120353;1;0;56;44;2018;4;13;6;3;5;3;0;0;1;0;0;0;0;0;555980.64;5940478.938;9.846143116;53.610131951
120354;1;0;60;63;2018;4;11;1;3;8;1;0;0;0;0;1;0;0;0;565203.2893;5945259.2407;9.98652335;53.652026589
120355;1;0;60;63;2018;5;8;4;3;5;2;0;0;1;0;0;0;0;0;565885.3826;5952788.1916;9.998441099;53.719604012
120356;1;0;2;0;2018;4;18;2;3;5;2;0;0;1;0;1;0;0;0;572158.4476;6021125.8957;10.109716998;54.332871681
120357;1;0;57;39;2018;5;19;4;3;8;1;0;0;0;0;1;0;0;0;596513.0975;6023808.8212;10.485011657;54.352951319
120358;1;0;57;91;2018;4;18;2;3;1;5;0;0;1;0;0;0;0;0;581011.6566;6015686.2468;10.244360484;54.282665944
120359;1;0;59;5;2018;4;10;2;3;5;3;0;0;1;0;0;0;0;0;521334.555;6025312.0603;9.328432843;54.375150146
120360;1;0;56;49;2018;5;10;4;3;6;4;0;0;1;1;0;0;0;0;544123.7241;5948574.1358;9.668090948;53.684023085
120361;1;0;61;46;2018;4;12;6;3;2;6;0;0;1;0;0;0;0;0;532644.1258;5976974.8711;9.497295524;53.940128347
120362;1;0;56;50;2018;4;15;1;3;5;2;0;0;1;0;0;0;0;0;546800.2861;5936402.7609;9.706783864;53.574396433
120363;1;0;60;44;2018;4;18;1;3;6;4;0;0;1;1;0;0;0;0;562737.7974;5965219.1626;9.953277643;53.831709235
120364;1;0;62;60;2018;4;19;1;3;1;7;0;0;1;0;0;0;0;0;583585.963;5931103.2962;10.260794034;53.522202052
120365;1;0;51;130;2018;5;19;1;2;5;3;0;1;1;0;0;0;0;0;504880.8975;6006528.0393;9.074832503;54.206752604
120366;1;0;3;0;2018;4;10;1;3;0;1;0;1;0;0;0;0;0;0;610987.6218;5970416.7787;10.688020228;53.870342896
120367;1;0;55;12;2018;4;0;1;3;0;7;2;0;0;0;1;0;0;0;605663.6734;5998709.6794;10.616906442;54.125647724
120368;1;0;3;0;2018;5;15;6;3;5;3;0;1;1;0;0;0;0;0;618878.8497;5975579.1064;10.809978245;53.914971732
120369;1;0;60;44;2018;4;9;6;3;5;3;0;1;1;0;0;0;0;0;563946.5541;5964952.4719;9.971585904;53.829165193
120370;1;0;62;6;2018;5;10;4;3;0;7;0;1;0;0;0;0;0;0;583473.7653;5954404.2788;10.265351207;53.731609433
120371;1;0;55;44;2018;4;13;1;3;0;2;0;1;0;0;0;0;0;0;611710.268;5989381.394;10.705948228;54.040566223
120372;1;0;60;5;2018;4;10;2;3;2;6;0;0;1;0;0;0;0;0;585818.3848;5977435.614;10.307312847;53.938184763