OBJECTID_1;ULAND;UREGBEZ;UKREIS;UGEMEINDE;UJAHR;UMONAT;USTUNDE;UWOCHENTAG;UKATEGORIE;UART;UTYP1;ULICHTVERH;IstRad;IstPKW;IstFuss;IstKrad;IstGkfz;IstSonstig;STRZUSTAND;LINREFX;LINREFY;XGCSWGS84;YGCSWGS84
120373;1;0;55;21;2018;4;16;1;3;0;7;0;1;0;0;0;0;0;0;629350.9429;6026294.1439;10.991060402;54.368003016
120374;1;0;58;130;2018;4;16;1;3;8;1;0;0;0;0;1;0;0;0;563367.665;6019835.3509;9.974273499;54.322442091
120375;1;0;60;4;2018;5;7;7;3;5;3;0;1;1;0;0;0;0;0;558808.3938;5975720.5007;9.89559471;53.926544291
120376;1;0;2;0;2018;4;1;1;3;8;1;2;0;1;0;0;0;0;0;574949.174;6017394.68;10.151689075;54.298942116
120377;1;0;60;52;2018;5;7;5;3;9;7;0;0;1;0;0;0;0;0;570943.361;5984760.606;10.082468441;54.00626195
120378;1;0;2;0;2018;4;9;1;3;5;3;0;1;1;0;0;0;0;0;573270.304;6019047.304;10.126302078;54.314035656
120379;1;0;55;16;2018;5;11;1;3;6;7;0;0;1;1;0;0;0;0;628093.6276;6001902.4081;10.961290662;54.149228351
120380;1;0;2;0;2018;4;18;1;3;0;1;0;1;0;0;0;0;0;0;573971.4584;6019069.9229;10.137083403;54.314137814
120381;1;0;58;34;2018;5;14;6;3;0;7;0;1;0;0;0;0;0;0;544075.0358;6019263.9088;9.677594243;54.319337075
120382;1;0;55;12;2018;5;13;4;3;2;6;0;0;1;1;0;0;0;0;605521.5565;5999096.4248;10.614867808;54.129151489
120383;1;0;51;37;2018;4;19;7;3;5;3;0;0;1;0;0;1;0;0;514548.974;5986068.052;9.222074767;54.022681621
120384;1;0;55;40;2018;4;11;2;3;6;4;0;0;1;1;0;0;0;0;607136.8045;5973242.6216;10.630467233;53.896540761
120385;1;0;61;46;2018;4;13;7;3;1;7;0;0;1;0;1;0;0;0;531949.2281;5979058.1769;9.486928047;53.958895765
120386;1;0;56;20;2018;4;10;7;3;0;7;0;1;0;0;0;0;0;0;542506.3289;5944315.1341;9.643020205;53.645877878
120387;1;0;62;16;2018;5;13;7;3;5;2;0;1;1;0;0;0;0;0;585003.364;5958135.4014;10.289557933;53.764890352
120388;1;0;62;4;2018;4;17;6;3;5;7;0;1;1;0;0;0;0;0;590736.2033;5962864.481;10.377893999;53.806417276
120389;1;0;2;0;2018;4;19;7;3;0;2;0;1;1;0;0;0;0;1;572945.2702;6019307.2269;10.121370271;54.316417786
120390;1;0;53;116;2018;4;0;7;3;0;7;2;1;0;0;0;0;0;0;598261.4826;5928807.9202;10.481361861;53.499037996
120391;1;0;55;32;2018;5;14;5;3;5;2;0;1;1;0;0;0;0;0;617258.177;5996041.6755;10.79320374;54.099166929
120392;1;0;53;90;2018;4;18;7;3;5;3;0;1;1;0;0;0;0;0;611795.405;5944432.128;10.69089569;53.63671433
120393;1;0;55;35;2018;4;17;7;3;8;7;0;0;1;0;0;0;0;0;611874.2376;5979963.0647;10.704989153;53.955917079
120394;1;0;3;0;2018;4;11;7;3;5;3;0;0;1;0;0;0;0;0;623452.204;5980016.057;10.881361464;53.953760247
120395;1;0;59;75;2018;4;7;2;2;4;1;0;0;1;0;1;0;0;1;533831.474;6042238.0098;9.522742464;54.526584846
120396;1;0;58;43;2018;4;22;7;3;5;3;2;0;1;0;0;0;1;0;554073.595;6035302.8685;9.834210924;54.46250818
120397;1;0;58;150;2018;4;20;7;3;5;3;0;0;1;0;1;0;0;0;569912.9388;6036662.2075;10.078848371;54.472789277
120398;1;0;2;0;2018;4;3;7;3;0;7;2;0;1;1;0;0;0;0;573785.0528;6019707.1614;10.134376128;54.319890803
120399;1;0;59;176;2018;5;9;7;3;0;1;0;1;0;0;0;0;0;0;533315.19;6073724.714;9.518356271;54.809575914
120400;1;0;62;4;2018;4;17;6;3;5;3;0;1;1;0;0;0;0;0;590560.199;5963377.707;10.375373066;53.811059597
120401;1;0;2;0;2018;4;13;7;3;5;3;0;1;1;0;0;0;0;0;576110.7579;6016009.4602;10.169181532;54.28632336
120402;1;0;54;56;2018;5;10;5;3;5;3;0;1;0;0;0;0;1;0;504216.5911;6036900.2355;9.065077301;54.479725456
120403;1;0;61;46;2018;4;8;6;3;3;6;0;1;1;0;0;0;0;0;533582.5562;5977864.4353;9.511688645;53.948063401
120404;1;0;60;63;2018;4;11;1;3;5;3;0;0;1;0;1;0;0;0;566270.2712;5951135.3344;10.003919063;53.704701097
120405;1;0;56;39;2018;4;13;6;3;0;5;0;1;0;0;0;0;0;0;554172.3194;5943878.707;9.819405299;53.640877693
120406;1;0;56;44;2018;4;18;6;3;5;3;0;1;1;0;0;0;0;0;556191.2563;5939174.8598;9.849091066;53.598388967
120407;1;0;54;56;2018;5;16;2;3;5;3;0;1;1;0;0;0;0;0;503514.7172;6036452.412;9.054239521;54.475706125
120408;1;0;56;9;2018;4;18;6;3;0;1;0;1;0;0;0;0;0;0;553399.8571;5949720.4592;9.808727102;53.693459974
120409;1;0;2;0;2018;4;19;6;3;5;3;0;1;1;0;0;0;0;0;573789.153;6016237.51;10.133582129;54.288712969
120410;1;0;62;60;2018;4;7;6;3;0;6;0;1;0;0;0;1;0;0;582204.6013;5929720.0383;10.239600342;53.509989214
120411;1;0;60;63;2018;5;15;6;3;2;6;0;0;1;0;0;0;0;0;564482.576;5950408.9486;9.97669074;53.698396873
120412;1;0;62;4;2018;4;15;6;3;5;3;0;1;0;0;0;0;0;0;588947.349;5962758.94;10.350706879;53.805777865
120413;1;0;53;32;2018;4;16;6;3;0;1;0;1;0;0;0;0;0;0;591132.0493;5921357.9184;10.371755408;53.433374689
120414;1;0;3;0;2018;4;15;6;3;3;6;0;1;0;0;0;0;0;0;611146.3508;5969315.7933;10.690034362;53.860417449
120415;1;0;56;15;2018;5;19;6;3;5;3;0;1;1;0;0;0;0;0;542333.343;5956908.713;9.642124258;53.7590805
120416;1;0;2;0;2018;4;21;6;3;5;2;2;0;1;0;1;0;0;1;572258.2389;6021126.9411;10.111251612;54.332866953
120417;1;0;55;46;2018;4;15;6;3;5;3;0;0;1;0;0;0;0;0;645486.802;6037115.327;11.24454064;54.460831574
120418;1;0;56;50;2018;5;8;4;3;5;3;0;1;1;0;0;0;0;0;547192.234;5936493.825;9.712716375;53.57517979
120419;1;0;57;51;2018;4;11;6;3;3;6;0;1;0;0;0;0;0;0;577889.0247;6023516.8395;10.198451239;54.353512836
120420;1;0;59;45;2018;4;21;6;2;0;7;2;1;0;0;0;0;0;0;560032.6916;6056696.1405;9.930497638;54.654076538
120421;1;0;61;46;2018;4;15;5;3;5;3;0;1;1;0;0;0;0;0;533374.5096;5975009.4336;9.508206936;53.922417074
120422;1;0;56;49;2018;5;13;1;3;0;7;0;1;0;0;0;0;0;0;543941.3953;5949197.2535;9.665418747;53.689638897
120423;1;0;61;46;2018;4;17;5;3;5;2;0;0;1;0;1;0;0;0;534342.836;5974860.727;9.522934656;53.921017252
120424;1;0;57;91;2018;4;14;6;3;5;3;0;1;1;0;0;0;0;0;579294.8054;6015988.8253;10.218076076;54.28565393
120425;1;0;60;44;2018;4;18;5;3;5;3;0;0;1;0;1;0;0;0;562823.8557;5965005.7951;9.954541467;53.829781322
120426;1;0;55;32;2018;5;13;6;2;6;4;0;0;1;1;0;0;0;0;619447.1351;5997130.5929;10.827090456;54.108445544
120427;1;0;54;168;2018;4;10;6;3;5;3;0;1;1;0;0;0;0;0;455268.5698;6085039.8384;8.302276296;54.910364752
120428;1;0;3;0;2018;5;11;4;3;0;7;0;1;0;0;0;0;0;0;611465.2521;5967857.1094;10.694351524;53.847243969
120429;1;0;60;63;2018;4;18;5;3;5;3;0;1;1;0;0;0;0;0;563331.4714;5948813.1226;9.958932173;53.684195855
120430;1;0;62;6;2018;4;16;2;3;2;6;0;0;1;0;1;0;0;0;583569.0139;5954206.1099;10.266741121;53.729813412
120431;1;0;62;16;2018;5;19;4;3;0;7;0;1;0;0;0;0;0;0;583148.3429;5957924.5364;10.261366814;53.763294865
120432;1;0;60;63;2018;4;15;5;3;5;3;0;1;1;0;0;0;0;0;564576.1228;5948441.0023;9.977697582;53.680699233
120433;1;0;2;0;2018;5;11;3;3;5;3;0;0;1;0;0;0;0;1;577163.2296;6016799.0911;10.185549137;54.293260837
120434;1;0;56;1;2018;4;17;5;3;5;2;0;1;1;0;0;0;0;0;549949.741;5945998.2003;9.755881987;53.660347059
120435;1;0;62;4;2018;4;17;5;3;0;7;0;1;0;0;0;0;0;0;592397.054;5962400.2898;10.402967673;53.801953933
120436;1;0;58;135;2018;5;18;1;3;5;3;0;1;1;0;0;0;0;0;544189.1594;6017658.491;9.679111009;54.304899614
120437;1;0;54;56;2018;4;14;6;3;0;7;0;1;0;0;0;0;0;0;505506.2123;6038560.8183;9.085011767;54.494637054
120438;1;0;55;4;2018;4;6;5;3;5;3;0;1;1;0;0;0;0;0;610128.8645;5974630.1971;10.676480034;53.908380178
120439;1;0;2;0;2018;5;12;6;3;5;3;0;1;1;0;0;0;0;0;574476.1538;6018879.0336;10.144792217;54.312349188
120440;1;0;2;0;2018;5;15;4;2;2;2;0;0;1;0;1;0;0;0;574577.8149;6018267.0486;10.146201702;54.306835267
120441;1;0;55;42;2018;4;12;5;3;2;2;0;0;1;0;0;0;0;0;616357.349;5985123.917;10.775247954;54.00129153
120442;1;0;55;42;2018;4;13;2;3;0;1;0;1;0;0;0;0;0;0;617042.5182;5984454.4472;10.785438462;53.995122516
120443;1;0;3;0;2018;4;15;5;3;5;2;0;1;1;0;0;0;0;0;610295.0333;5969969.8698;10.677330898;53.866475396
120444;1;0;58;112;2018;4;13;5;3;0;7;0;1;0;0;0;0;0;0;569030.1511;6025096.9335;10.062536852;54.368987594
120445;1;0;55;44;2018;5;21;7;2;0;6;1;0;1;1;0;0;0;0;614556.9017;5989966.3476;10.749618365;54.04519688
120446;1;0;2;0;2018;4;3;5;3;1;5;2;1;1;0;0;0;0;0;573246.8142;6021428.2611;10.126525588;54.335433574
120447;1;0;2;0;2018;4;18;5;2;5;3;0;1;1;0;0;0;0;0;574737.0871;6019161.2408;10.148872841;54.314846879
120448;1;0;60;39;2018;5;8;7;3;5;3;0;0;1;0;0;0;0;0;565693.0358;5956546.0115;9.996325117;53.753399622
120449;1;0;1;0;2018;4;14;6;3;5;3;0;1;1;0;0;0;0;0;526275.071;6073051.5663;9.408760409;54.803945034
120450;1;0;1;0;2018;4;15;5;3;0;1;0;1;0;0;0;0;0;0;529276.9222;6074020.3498;9.455556479;54.812484676
120451;1;0;60;4;2018;5;13;5;3;5;3;0;0;1;0;0;0;0;0;558365.9819;5975834.9002;9.888879949;53.92762244
120452;1;0;1;0;2018;4;18;5;3;0;7;0;1;0;0;0;0;0;0;528377.5873;6070731.4602;9.441241032;54.782980926
120453;1;0;56;39;2018;4;20;1;3;7;7;0;1;0;0;0;0;0;0;551282.821;5944894.712;9.775871148;53.650300305
120454;1;0;61;49;2018;4;22;4;3;3;6;2;0;1;0;1;0;0;0;547492.296;5979996.383;9.72394366;53.966134191
120455;1;0;56;50;2018;4;8;4;3;2;6;0;0;1;0;0;0;1;0;548587.857;5937228.45;9.733906119;53.581655051
120456;1;0;56;4;2018;4;17;4;3;3;6;0;1;0;0;0;0;1;0;558684.3954;5957402.6435;9.890207218;53.76193464
120457;1;0;61;46;2018;5;15;6;3;5;2;0;1;1;0;0;0;0;0;533811.4552;5976970.2139;9.515077143;53.940011557
120458;1;0;59;120;2018;4;9;6;3;5;3;0;1;1;0;0;0;0;0;525348.1218;6073454.0285;9.394375496;54.807609467
120459;1;0;56;38;2018;4;16;4;3;9;7;0;0;1;0;0;0;0;0;546296.0926;5968506.3996;9.703971979;53.862977983
120460;1;0;51;44;2018;5;12;4;3;5;3;0;1;0;0;0;0;0;0;507032.6113;6004889.0324;9.107783559;54.191996859
120461;1;0;53;116;2018;4;18;4;3;4;6;0;1;1;0;0;0;0;0;598151.4568;5930343.3787;10.480184435;53.512855648
120462;1;0;59;120;2018;4;14;6;3;0;1;0;0;0;0;1;0;0;0;523759.638;6072330.6249;9.36956974;54.797591752
120463;1;0;62;1;2018;4;19;4;3;5;3;0;0;1;0;0;0;0;0;582711.489;5945178.441;10.251338139;53.648825322
120464;1;0;57;62;2018;5;12;5;3;6;1;0;0;0;1;0;0;1;0;583032.5908;6011574.4922;10.274254139;54.245396378
120465;1;0;55;1;2018;4;8;4;3;1;5;0;0;1;0;0;0;0;0;602887.1153;5985252.4515;10.569868623;54.005305251
120466;1;0;55;4;2018;4;13;4;3;6;4;0;0;1;1;0;0;0;0;612146.1426;5975887.7885;10.707634953;53.91924588
120467;1;0;61;46;2018;4;11;3;3;6;4;0;0;1;1;0;0;0;0;534248.5567;5975258.5155;9.521543702;53.924598682
120468;1;0;3;0;2018;5;21;2;3;6;4;1;0;1;1;0;0;0;0;610511.0881;5972284.0941;10.681449147;53.88722097
120469;1;0;56;39;2018;4;18;3;2;0;7;0;1;0;0;0;0;0;0;552408.5741;5946065.3886;9.79309865;53.66071028
120470;1;0;60;4;2018;4;7;5;3;0;1;0;1;0;0;0;0;0;1;557981.8508;5974632.7345;9.882802645;53.916861767
120471;1;0;56;2;2018;4;7;3;3;2;6;0;0;1;0;0;0;0;0;551881.8077;5959831.1391;9.787435853;53.784482328
120472;1;0;60;63;2018;5;16;6;2;5;2;0;1;1;0;0;0;0;0;565240.0158;5947718.0737;9.987595449;53.674119763
120473;1;0;53;32;2018;4;16;5;3;6;4;0;0;1;1;0;0;0;0;591050.0375;5922352.8523;10.370809082;53.442329523
120474;1;0;62;4;2018;4;7;3;3;5;2;0;1;1;0;0;0;0;0;590729.913;5962911.31;10.377812306;53.80683916
120475;1;0;56;43;2018;5;15;4;3;5;3;0;0;1;0;0;0;0;0;558236.3543;5943499.2461;9.88079874;53.637030852
120476;1;0;56;41;2018;4;7;6;3;6;3;0;0;1;1;0;0;0;0;559909.964;5954402.988;9.908214184;53.734836758
120477;1;0;3;0;2018;4;17;3;2;1;5;0;1;1;0;0;0;0;0;607057.8624;5966719.7315;10.626990109;53.837952254
120478;1;0;3;0;2018;4;18;3;3;3;6;0;1;1;0;0;0;0;0;622152.4442;5981577.2039;10.862190367;53.968092852
120479;1;0;58;135;2018;4;7;3;3;0;2;0;1;1;0;0;0;0;0;542555.0263;6018289.7938;9.654089005;54.310711807
120480;1;0;62;4;2018;5;8;1;3;0;7;0;1;0;0;0;0;0;1;590754.144;5962918.1243;10.378182166;53.806896164
120481;1;0;62;4;2018;4;8;5;3;0;7;0;1;0;0;0;0;0;0;591372.231;5964341.439;10.387987889;53.819577243
120482;1;0;58;54;2018;4;7;3;3;2;6;0;0;1;0;0;0;1;0;539336.2663;6017917.7515;9.604569451;54.307626357
120483;1;0;2;0;2018;4;12;3;3;0;7;0;1;0;0;0;0;0;0;570427.9227;6023635.2174;10.083701805;54.355661703
120484;1;0;59;75;2018;5;13;2;3;5;3;0;0;1;0;1;0;0;0;538057.807;6041906.256;9.587998637;54.523303653
120485;1;0;2;0;2018;4;6;3;3;2;7;0;0;0;0;1;0;1;0;572642.1179;6019746.3121;10.116817827;54.320406508
120486;1;0;62;1;2018;4;14;5;3;5;7;0;0;1;0;1;0;0;0;581663.7858;5947807.5781;10.236182788;53.672616218
120487;1;0;1;0;2018;4;19;3;3;3;6;0;1;1;0;0;0;0;0;531116.6589;6074047.7419;9.484185098;54.812620024
120488;1;0;53;90;2018;5;13;6;3;5;3;0;1;1;0;0;0;0;0;612082.3848;5940742.85;10.693906236;53.603506434
120489;1;0;53;83;2018;4;8;5;3;3;6;0;0;1;0;1;0;0;0;605119.8665;5915138.5601;10.580150935;53.374888424
120490;1;0;62;23;2018;5;7;4;3;2;6;0;0;1;0;0;0;0;0;583438.1532;5945710.0869;10.262471613;53.653487445
120491;1;0;59;45;2018;4;15;3;3;5;3;0;1;1;0;0;0;0;0;561199.7616;6057627.0403;9.948779207;54.662301042
120492;1;0;54;56;2018;5;12;3;3;5;3;0;0;1;0;0;0;0;1;503587.58;6036440.256;9.0553638;54.475596367
120493;1;0;55;21;2018;4;13;7;3;5;3;0;1;1;0;0;0;0;0;628475.446;6026803.569;10.977813014;54.372800117
120494;1;0;60;39;2018;4;15;2;3;5;3;0;0;1;0;0;0;0;1;564450.683;5961680.856;9.978559104;53.799701291
120495;1;0;53;32;2018;4;16;2;3;5;3;0;1;1;0;0;0;0;1;590647.752;5922080.104;10.364675786;53.439947883
120496;1;0;51;44;2018;5;12;7;3;4;6;0;0;1;0;0;0;0;0;507043.3385;6004741.2986;9.107944507;54.190668937
120497;1;0;62;35;2018;4;6;5;3;2;2;0;0;1;0;0;0;1;1;588450.757;5944395.8249;10.337919419;53.640853934
120498;1;0;53;3;2018;4;8;2;3;5;7;0;1;1;0;0;0;0;0;587042.3427;5930971.3574;10.312877981;53.520455382
120499;1;0;54;164;2018;5;19;6;3;0;1;0;1;0;0;0;0;0;0;471947.6396;6060141.1646;8.564836875;54.687828931
120500;1;0;53;32;2018;4;6;5;3;6;4;0;0;1;1;0;0;0;1;590528.416;5922514.9011;10.36300484;53.44387557
120501;1;0;62;4;2018;4;14;2;3;6;2;0;0;1;1;0;0;0;0;590532.595;5963059.858;10.374860492;53.808208334
120502;1;0;58;107;2018;5;12;6;3;6;7;0;0;1;1;0;0;0;0;570547.623;6015739.133;10.083676805;54.284692322
120503;1;0;55;35;2018;4;16;5;3;1;6;0;0;1;0;0;0;0;0;613916.8493;5979443.351;10.735909419;53.950802346
120504;1;0;3;0;2018;5;16;4;3;5;3;0;0;1;0;0;0;0;0;610506.5012;5972252.3397;10.681367938;53.886936659
120505;1;0;55;35;2018;4;9;2;3;0;7;0;1;0;0;0;0;0;0;612217.767;5983101.825;10.711377312;53.984041159
120506;1;0;53;83;2018;4;18;2;3;0;7;0;1;0;0;0;0;0;0;603904.057;5915349.567;10.561951888;53.377024894
120507;1;0;3;0;2018;4;13;2;3;3;2;0;1;1;0;0;0;0;0;611155.8069;5970722.5079;10.690687745;53.873053634
120508;1;0;58;34;2018;4;4;2;3;6;4;2;0;1;1;0;0;0;0;544037.6706;6019285.0539;9.677022968;54.319530326
120509;1;0;62;23;2018;5;17;7;3;8;7;0;0;0;0;1;0;0;0;584713.3332;5946306.4644;10.281923217;53.658641647
120510;1;0;3;0;2018;4;20;5;3;5;3;0;1;1;0;0;0;0;0;611216.8247;5972857.9864;10.69239026;53.892226067
120511;1;0;59;45;2018;4;8;2;2;5;3;0;0;1;0;0;0;0;0;560090.236;6057802.794;9.931616932;54.664013786
120512;1;0;62;6;2018;5;9;5;3;5;2;0;1;0;0;0;1;0;0;582983.4588;5954322.7368;10.257898913;53.730954918
120513;1;0;2;0;2018;4;19;1;3;8;1;0;0;1;0;0;0;0;1;578629.3031;6020422.7033;10.2090227;54.325597156
120514;1;0;2;0;2018;4;16;1;3;5;2;0;1;1;0;0;0;0;0;574073.0501;6018321.5247;10.138459079;54.307398224
120515;1;0;56;49;2018;4;15;7;2;0;7;0;1;1;0;0;0;0;1;544861.6445;5948624.9328;9.679270519;53.684416799
120516;1;0;61;61;2018;4;15;6;3;0;7;0;0;1;0;0;0;1;0;537791.0067;5971117.4529;9.574974619;53.887134085
120517;1;0;56;48;2018;4;17;6;3;0;7;0;0;0;0;1;0;0;0;547181.3477;5950734.9782;9.714712423;53.703176887
120518;1;0;1;0;2018;4;11;2;3;0;7;0;1;0;0;0;0;0;1;528306.3365;6070710.2468;9.440131125;54.782794316
120519;1;0;57;25;2018;4;11;6;3;5;3;0;0;1;0;0;0;0;0;578672.5294;6026403.6302;10.211266911;54.379331401
120520;1;0;61;49;2018;4;16;5;3;1;1;0;1;1;0;0;0;0;0;547248.7417;5978554.6902;9.72000809;53.953199622
120521;1;0;59;77;2018;5;18;7;3;0;1;0;1;0;0;0;0;0;0;530891.6776;6040862.7525;9.477176316;54.514413425
120522;1;0;57;57;2018;4;12;5;3;6;1;0;1;0;1;0;0;0;1;592019.312;6002107.915;10.409226511;54.158803793
120523;1;0;53;108;2018;4;13;5;2;0;7;0;0;1;0;0;0;0;0;599084.8963;5949688.3979;10.500404198;53.68650426
120524;1;0;54;56;2018;5;9;5;3;5;2;0;0;1;0;1;0;0;0;503403.6485;6036831.3672;9.05252986;54.479112627
120525;1;0;62;1;2018;4;11;5;3;1;5;0;0;1;0;0;0;0;0;583046.8129;5948973.5859;10.257424878;53.682876348
120526;1;0;53;51;2018;4;11;1;3;2;6;0;0;0;0;1;0;0;0;613934.0414;5951580.665;10.725849585;53.700478102
120527;1;0;62;23;2018;4;9;5;3;6;4;0;0;1;1;0;0;0;0;584106.4546;5945157.4975;10.272431164;53.648414726
120528;1;0;57;63;2018;4;16;5;3;6;4;0;0;0;1;0;0;1;0;581643.129;6026038.9;10.2568911;54.375586808
120529;1;0;2;0;2018;5;16;2;3;1;5;0;0;1;0;0;0;0;0;572101.5052;6019799.6571;10.108520931;54.320962491
120530;1;0;1;0;2018;4;23;5;3;6;4;2;0;1;1;0;0;0;0;528519.963;6070782.132;9.44345973;54.783428217
120531;1;0;57;55;2018;4;6;5;2;6;4;0;0;1;1;0;0;0;1;600088.024;6025035.853;10.540408564;54.363285987
120532;1;0;51;11;2018;4;13;4;2;0;7;0;1;0;0;0;0;0;0;507793.6703;5971465.6832;9.118589498;53.891582309
120533;1;0;56;43;2018;5;15;6;2;6;4;0;0;1;1;0;0;0;0;555873.6016;5943962.1454;9.84515069;53.641448717
120534;1;0;57;62;2018;4;18;5;3;0;1;0;1;0;0;0;0;0;0;583770.0516;6010487.2442;10.285264703;54.235506992
120535;1;0;62;1;2018;5;18;4;3;1;1;0;1;1;0;0;0;0;0;581842.757;5947702.7092;10.238863613;53.671645843
120536;1;0;56;18;2018;4;16;4;3;6;6;0;0;1;1;0;0;0;0;557546.2365;5941111.1078;9.869920816;53.615643927
120537;1;0;4;0;2018;5;16;3;3;5;3;0;1;1;0;0;0;0;1;565241.8555;5993756.1541;9.997422942;54.087852115
120538;1;0;56;15;2018;4;11;4;3;1;5;0;1;1;0;0;0;0;0;543325.0448;5955428.6648;9.65695801;53.74569676
120539;1;0;51;44;2018;5;16;6;3;6;6;0;1;0;1;0;0;0;0;506399.3126;6005212.3979;9.098084362;54.194911436
120540;1;0;56;48;2018;4;11;4;3;2;7;0;0;1;0;0;0;0;0;547730.972;5950813.394;9.723049597;53.703831706
120541;1;0;56;15;2018;5;12;4;3;5;3;0;1;1;0;0;0;0;0;544886.9741;5954753.1697;9.680542369;53.739493487
120542;1;0;53;116;2018;4;15;4;3;5;3;0;0;1;0;0;0;0;0;598192.293;5929479.108;10.480529318;53.505081985
120543;1;0;62;18;2018;4;6;4;3;5;3;0;0;1;0;0;0;1;1;579275.5321;5933412.4739;10.196377175;53.54362168
120544;1;0;2;0;2018;4;12;4;3;4;6;0;0;1;0;0;0;0;0;574407.9193;6020591.5903;10.144170565;54.32774756
120545;1;0;60;39;2018;5;9;1;3;2;6;0;1;1;0;0;0;0;0;566791.8975;5955952.3544;10.012859671;53.747924828
120546;1;0;61;46;2018;4;17;3;2;6;6;0;0;0;1;0;0;1;0;534359.611;5975174.2309;9.523225308;53.923833806
120547;1;0;61;42;2018;4;14;3;3;3;6;0;1;0;0;0;0;0;0;539662.913;5979688.0502;9.60456526;53.964022807
120548;1;0;3;0;2018;5;7;6;3;0;7;0;1;0;0;0;0;0;0;611254.252;5970642.913;10.692155509;53.872317443
120549;1;0;62;1;2018;5;6;4;3;5;3;0;0;1;0;1;0;0;0;582258.2478;5948569.814;10.245381149;53.679372676
120550;1;0;60;63;2018;4;10;3;3;5;3;0;1;1;0;0;0;0;0;565738.5904;5949641.7794;9.995549239;53.691345712
120551;1;0;56;48;2018;4;15;2;3;4;6;0;1;0;0;0;0;0;1;547526.249;5950628.5827;9.719920283;53.702189361
120552;1;0;60;63;2018;4;8;3;3;2;6;0;0;1;0;0;0;0;0;565865.881;5952896.2338;9.998168609;53.720577446
120553;1;0;60;5;2018;4;11;3;3;1;5;0;0;1;0;0;0;0;0;585730.7626;5978009.0297;10.306139399;53.943351805
120554;1;0;56;41;2018;5;10;7;3;5;3;0;1;1;0;0;0;0;0;564006.5468;5956202.6785;9.970680149;53.750523935
120555;1;0;62;60;2018;4;15;3;3;2;6;0;0;1;0;0;0;1;0;582010.57;5931890.6822;10.237243473;53.529526102
120556;1;0;62;18;2018;4;7;3;3;5;3;0;1;1;0;0;0;0;0;581181.6614;5932285.7;10.224843829;53.533204676
120557;1;0;58;43;2018;5;14;1;3;5;3;0;0;1;0;1;0;0;0;554098.4962;6036715.4185;9.83485343;54.475199069
120558;1;0;62;60;2018;4;10;3;3;0;7;0;1;0;0;0;0;0;0;581184.2421;5929638.1164;10.224196547;53.509411542
120559;1;0;2;0;2018;5;17;6;3;2;7;0;0;1;0;0;0;0;0;572388.873;6017867.363;10.112469675;54.303558708
120560;1;0;3;0;2018;5;13;4;3;2;7;0;1;1;0;0;0;0;0;614418.2376;5968503.8916;10.739457485;53.852412605
120561;1;0;62;53;2018;4;11;3;3;5;3;0;1;1;0;0;0;0;0;576440.1331;5933572.7498;10.153635964;53.545482394
120562;1;0;3;0;2018;4;18;2;2;5;3;0;1;1;0;0;0;0;0;607914.2031;5967399.1183;10.640236921;53.843879046
120563;1;0;51;122;2018;4;20;2;3;7;7;2;0;1;0;0;0;0;0;506212.9943;6007440.1641;9.095274659;54.214935991
120564;1;0;51;44;2018;4;17;2;3;5;3;0;1;1;0;0;0;0;0;505373.1425;6005087.5247;9.082353705;54.193800901
120565;1;0;62;18;2018;5;9;7;2;5;3;0;0;1;0;1;0;0;0;581334.5606;5933204.3236;10.227388906;53.541436286
120566;1;0;61;46;2018;4;7;6;3;5;2;0;1;1;0;0;0;0;0;533978.9873;5976214.1332;9.517545079;53.933205202
120567;1;0;56;20;2018;4;16;2;3;0;7;0;1;0;0;0;0;0;0;540960.5389;5943201.246;9.619490874;53.635989624
120568;1;0;57;62;2018;5;10;5;3;6;7;0;0;1;1;0;0;0;0;583965.3542;6009833.483;10.288077402;54.22960077
120569;1;0;56;49;2018;4;11;2;3;0;3;0;1;1;0;0;0;0;0;545644.74;5948756.362;9.691146125;53.685530225
120570;1;0;60;5;2018;4;11;2;3;2;6;0;0;1;0;0;0;0;0;586140.7347;5978891.5107;10.312632668;53.951213393
120571;1;0;60;63;2018;5;15;5;3;2;6;0;0;1;0;0;0;0;0;564989.2382;5951504.4484;9.984593499;53.708179364
120572;1;0;62;9;2018;4;17;2;3;2;7;0;0;0;0;1;1;0;0;578745.7968;5936788.2767;10.189235224;53.574038522
120573;1;0;61;82;2018;4;11;1;3;0;1;0;1;0;0;0;0;0;0;530020.3696;5978576.7648;9.457484625;53.954684516
120574;1;0;53;90;2018;4;9;2;2;3;6;0;1;1;0;0;0;0;0;611736.5727;5942371.2187;10.689266442;53.618210513
120575;1;0;62;35;2018;4;15;2;3;0;1;0;1;0;0;0;0;0;0;587712.0356;5945858.2963;10.327161357;53.654120087
120576;1;0;3;0;2018;4;11;2;3;1;5;0;0;1;0;0;0;0;0;623196.8311;5981667.3614;10.878138873;53.968655018
120577;1;0;51;44;2018;5;9;6;3;5;2;0;0;1;0;0;0;0;0;508118.521;6005401.278;9.12444027;54.196584681
120578;1;0;4;0;2018;4;15;2;3;6;4;0;0;1;1;0;0;0;0;564110.1678;5992211.2841;9.979797361;54.07411133
120579;1;0;1;0;2018;5;10;5;3;5;3;0;0;1;0;1;0;0;0;527448.5417;6072331.8435;9.426947325;54.797414414