OBJECTID_1;ULAND;UREGBEZ;UKREIS;UGEMEINDE;UJAHR;UMONAT;USTUNDE;UWOCHENTAG;UKATEGORIE;UART;UTYP1;ULICHTVERH;IstRad;IstPKW;IstFuss;IstKrad;IstGkfz;IstSonstig;STRZUSTAND;LINREFX;LINREFY;XGCSWGS84;YGCSWGS84
120580;1;0;58;135;2018;4;7;2;2;9;1;0;0;1;0;0;0;0;0;543782.8559;6016640.6348;9.672718159;54.295787286
120581;1;0;57;73;2018;4;2;1;3;6;7;2;0;1;1;0;0;0;0;588783.0193;6031501.9621;10.368409018;54.423476963
120582;1;0;2;0;2018;4;7;5;3;5;7;0;0;1;0;0;0;0;0;570482.2043;6020331.0814;10.083755587;54.325963912
120583;1;0;1;0;2018;5;7;2;3;6;4;0;0;0;1;0;0;1;0;528259.6709;6071234.7356;9.439456654;54.787510252
120584;1;0;54;61;2018;5;18;1;3;8;1;0;1;0;0;0;0;0;0;457641.989;6090193.8688;8.33853459;54.956885349
120585;1;0;54;56;2018;5;14;2;3;5;3;0;1;1;0;0;0;0;0;504894.3524;6038351.2844;9.075561648;54.49276021
120586;1;0;2;0;2018;5;15;5;3;5;3;0;1;1;0;0;0;0;0;572255.7558;6022615.1149;10.111574156;54.346239611
120587;1;0;62;60;2018;5;16;6;3;2;6;0;1;0;0;0;0;0;0;582645.4476;5934495.0675;10.247506982;53.552830882
120588;1;0;59;75;2018;5;7;5;3;0;3;0;1;0;0;0;0;1;0;536260.799;6040980.4083;9.56012224;54.515115111
120589;1;0;54;55;2018;5;9;5;2;4;6;0;0;1;0;0;0;1;0;490984.1919;6080105.5444;8.859519658;54.86794385
120590;1;0;62;23;2018;5;7;3;3;0;3;0;0;1;0;1;0;0;0;585320.2245;5946097.2901;10.29104699;53.656663322
120591;1;0;61;46;2018;5;14;6;3;2;6;0;0;1;0;0;0;0;0;532731.1406;5976698.924;9.498591467;53.937642731
120592;1;0;2;0;2018;5;10;1;3;0;7;0;1;0;0;0;0;0;0;571382.9163;6018135.555;10.097077413;54.306110193
120593;1;0;54;56;2018;5;15;5;3;5;3;0;1;1;0;0;0;0;0;505466.0668;6038464.3246;9.084390165;54.493770283
120594;1;0;62;4;2018;5;16;5;3;2;6;0;0;1;0;0;0;0;0;590809.6557;5963403.1999;10.379167976;53.811245171
120595;1;0;59;183;2018;5;10;5;3;5;3;0;0;1;0;0;0;0;0;526394.288;6066706.826;9.410037975;54.746921605
120596;1;0;58;59;2018;5;6;2;2;9;1;0;0;1;0;0;0;0;0;551136.9318;5998806.5456;9.782665399;54.134833691
120597;1;0;58;22;2018;5;10;6;3;0;2;0;1;1;0;0;0;0;0;567239.336;6003456.382;10.030115691;54.174763991
120598;1;0;61;42;2018;5;20;4;3;6;7;0;0;1;1;0;0;0;0;540611.7586;5979835.6572;9.619046855;53.96527578
120599;1;0;54;163;2018;5;18;4;2;0;7;0;1;0;0;0;0;0;0;470981.8405;6061077.2249;8.549762276;54.696186214
120600;1;0;59;75;2018;5;20;3;2;0;1;1;0;0;0;0;0;1;0;536355.5042;6042656.6246;9.561791819;54.530171982
120601;1;0;60;63;2018;5;4;4;3;9;7;2;0;1;0;0;0;0;0;564496.6582;5950138.7213;9.976847769;53.695966584
120602;1;0;54;149;2018;5;11;3;3;0;7;0;1;0;0;0;0;0;1;456206.2919;6087783.6498;8.316483952;54.935103444
120603;1;0;56;44;2018;5;18;4;3;6;2;0;0;1;1;0;0;0;0;554437.1222;5939429.6016;9.822632347;53.600863608
120604;1;0;53;116;2018;5;15;6;3;0;1;0;0;0;0;1;0;0;0;599444.006;5930084.001;10.499587293;53.510282114
120605;1;0;53;116;2018;5;21;7;3;9;1;0;0;1;0;0;0;0;0;598753.9121;5929346.5926;10.488952464;53.503786096
120606;1;0;3;0;2018;5;13;4;3;6;4;0;0;1;1;0;0;0;0;612482.565;5969569.3852;10.710435178;53.86240798
120607;1;0;3;0;2018;5;9;5;3;4;6;0;0;1;0;0;0;0;0;612857.2608;5969684.2784;10.716172329;53.863358873
120608;1;0;3;0;2018;5;15;4;3;6;4;0;0;1;1;0;0;0;0;614350.0466;5969064.0059;10.738629946;53.857459688
120609;1;0;59;75;2018;5;12;2;3;0;1;0;1;0;0;0;0;0;0;535068.0362;6040457.3454;9.541636315;54.510498403
120610;1;0;62;1;2018;5;13;2;3;0;7;0;1;0;0;0;0;0;0;581638.6678;5948141.6306;10.235890532;53.675622043
120611;1;0;55;44;2018;5;23;4;3;0;7;2;0;1;0;0;0;0;0;614752.3371;5987936.4462;10.751834625;54.026917492
120612;1;0;59;75;2018;5;14;6;3;5;3;0;0;1;0;0;0;0;0;534678.5937;6041979.6196;9.535800589;54.524205488
120613;1;0;61;46;2018;5;15;6;3;2;6;0;0;1;0;0;0;0;0;532946.7437;5976409.5166;9.501844384;53.935027957
120614;1;0;4;0;2018;5;15;4;3;5;3;0;1;1;0;0;0;0;0;564944.7072;5990915.4312;9.992271848;54.062361655
120615;1;0;56;49;2018;5;6;2;3;5;3;0;0;1;0;1;0;0;0;545657.1382;5948291.0293;9.691265347;53.681346853
120616;1;0;2;0;2018;5;10;4;3;5;3;0;1;1;0;0;0;0;0;574947.1564;6018363.8902;10.15190122;54.30765139
120617;1;0;4;0;2018;5;16;6;3;0;1;0;1;0;0;0;0;0;0;563822.3158;5992285.9751;9.975414552;54.074818285
120618;1;0;2;0;2018;5;9;7;3;0;1;0;1;0;0;0;0;0;0;572723.5871;6019149.5521;10.117924697;54.315032586
120619;1;0;57;91;2018;5;14;4;3;5;2;0;0;1;0;1;0;0;0;579565.892;6016265.169;10.222312812;54.288094876
120620;1;0;59;120;2018;5;11;5;3;5;2;0;1;1;0;0;0;0;0;525506.7907;6072388.7432;9.396750275;54.798028236
120621;1;0;2;0;2018;5;10;4;3;5;3;0;0;1;0;0;0;1;0;573943.0085;6019762.8075;10.136817807;54.320367967
120622;1;0;3;0;2018;5;14;4;3;1;5;0;0;1;0;0;0;1;0;611886.6654;5965953.8676;10.700061285;53.830054266
120623;1;0;58;22;2018;5;10;1;2;7;7;0;1;0;0;0;0;1;0;568406.5258;6002725.9505;10.047828007;54.168045981
120624;1;0;2;0;2018;5;13;2;3;1;5;0;1;1;0;0;0;0;0;576711.6163;6018009.8902;10.178922915;54.304208544
120625;1;0;61;46;2018;5;14;3;3;5;3;0;0;1;0;0;1;0;0;533714.2315;5975917.8414;9.513479985;53.93055954
120626;1;0;53;129;2018;5;11;5;3;0;7;0;1;0;0;0;0;0;0;583085.2419;5927693.1319;10.252339474;53.491635966
120627;1;0;62;1;2018;5;9;6;3;6;4;0;1;0;1;0;0;0;0;582135.2193;5947944.5017;10.243353487;53.673772791
120628;1;0;56;15;2018;5;16;3;3;0;7;0;0;1;0;0;0;0;0;543124.178;5956115.718;9.654008288;53.751888449
120629;1;0;62;61;2018;5;9;3;3;0;7;0;0;0;0;0;1;1;0;599009.1428;5965348.646;10.504278096;53.827228984
120630;1;0;62;60;2018;5;7;4;3;6;4;0;0;1;1;0;0;0;0;582826.5046;5929919.4938;10.249028573;53.511684032
120631;1;0;53;9;2018;5;18;3;3;0;7;0;1;0;0;0;0;0;0;609422.3888;5956701.8221;10.659351008;53.747454306
120632;1;0;2;0;2018;5;21;4;3;0;7;1;1;0;0;0;0;0;0;573096.208;6020344.034;10.123944059;54.325712643
120633;1;0;59;176;2018;5;13;1;3;8;7;0;0;1;0;0;0;0;0;532786.9643;6073014.9853;9.510057556;54.80323286
120634;1;0;51;11;2018;5;20;2;3;6;6;0;0;0;1;0;0;1;0;506711.152;5971245.6671;9.10211297;53.889619929
120635;1;0;54;113;2018;5;13;2;3;6;7;0;0;1;1;0;0;0;0;474496.8424;6018539.5478;8.607975136;54.314092679
120636;1;0;62;53;2018;5;13;3;3;2;6;0;0;1;0;0;0;0;0;576478.5578;5933921.0128;10.154300905;53.548606561
120637;1;0;53;90;2018;5;15;6;3;6;2;0;0;1;1;0;0;0;0;611550.2648;5943407.2332;10.686822321;53.627558388
120638;1;0;53;32;2018;5;20;3;3;0;7;1;1;0;0;0;0;0;0;592206.0293;5921930.6829;10.388083943;53.438334916
120639;1;0;54;113;2018;5;12;4;2;6;4;0;1;0;1;0;0;0;0;475941.0211;6017793.6708;8.630234072;54.307459375
120640;1;0;56;15;2018;5;7;2;3;5;2;0;1;1;0;0;0;0;0;543477.916;5955669.0684;9.659309725;53.747844709
120641;1;0;62;1;2018;5;18;3;2;0;7;0;1;0;0;0;0;0;0;582914.1998;5945829.6445;10.254577867;53.654645137
120642;1;0;3;0;2018;5;9;3;3;5;3;0;0;1;0;0;0;0;0;619028.6835;5975340.7468;10.812165528;53.912796021
120643;1;0;3;0;2018;5;18;3;3;5;2;0;0;1;0;1;0;0;0;613236.2739;5972590.36;10.723006186;53.88938469
120644;1;0;60;5;2018;5;11;6;3;6;4;0;0;1;1;0;0;0;0;584747.1294;5978856.4011;10.291392834;53.951128025
120645;1;0;61;46;2018;5;21;7;3;5;2;0;1;1;0;0;0;0;0;534262.006;5974925.662;9.521711199;53.921606219
120646;1;0;55;28;2018;5;16;3;3;5;3;0;0;1;0;0;0;0;0;602154.2195;6003627.277;10.564891527;54.170538319
120647;1;0;2;0;2018;5;13;4;3;0;1;0;1;0;0;0;0;0;0;572923.3244;6025295.0934;10.122498141;54.370225961
120648;1;0;56;49;2018;5;13;3;3;5;3;0;1;1;0;0;0;0;0;543426.234;5948886.115;9.657574489;53.686885528
120649;1;0;55;44;2018;5;13;7;3;0;7;0;1;0;0;0;0;0;0;615084.446;5988015.893;10.756932138;54.027557258
120650;1;0;60;44;2018;5;15;1;3;6;2;0;0;1;1;0;0;0;0;563375.8582;5965785.4696;9.963088002;53.83672116
120651;1;0;3;0;2018;5;13;3;3;5;3;0;1;1;0;0;0;0;0;623212.1399;5980920.6055;10.878070428;53.961943161
120652;1;0;54;78;2018;5;13;6;3;2;6;0;1;0;0;0;0;0;0;462243.591;6095762.9799;8.40965516;55.007298843
120653;1;0;55;32;2018;5;15;3;3;5;3;0;0;1;0;0;0;1;0;619633.4195;5995379.9083;10.829245904;54.092675549
120654;1;0;51;44;2018;5;8;3;3;0;7;0;1;0;1;0;0;0;0;506024.5915;6004311.5506;9.092322854;54.186819502
120655;1;0;62;9;2018;5;18;2;3;5;3;0;0;1;0;0;0;0;0;578065.6052;5935998.6378;10.178767847;53.567043965
120656;1;0;2;0;2018;5;7;3;3;5;3;0;1;1;0;0;0;0;0;577462.4213;6021635.8904;10.191399871;54.336676642
120657;1;0;60;63;2018;5;7;2;3;0;1;0;1;0;0;0;0;0;0;564858.8049;5951110.7448;9.982535306;53.704657356
120658;1;0;2;0;2018;5;10;3;3;2;6;0;0;1;0;1;0;0;0;573200.669;6019333.605;10.125302087;54.316618261
120659;1;0;3;0;2018;5;13;6;3;2;2;0;0;1;0;0;0;0;0;610771.9519;5970331.7367;10.684710939;53.869624935
120660;1;0;55;35;2018;5;23;7;3;5;3;2;0;1;0;1;0;0;0;614693.154;5976032.761;10.746452695;53.919990702
120661;1;0;54;131;2018;5;13;3;3;0;1;0;1;0;0;0;0;0;0;494102.8005;6080732.1973;8.908099544;54.873621808
120662;1;0;58;54;2018;5;18;5;3;5;3;0;0;1;0;0;0;1;0;538456.274;6018099.9736;9.591068888;54.309331
120663;1;0;51;48;2018;5;14;2;3;5;2;0;0;1;0;0;0;1;0;504823.6829;5999733.5759;9.073846443;54.145686921
120664;1;0;51;44;2018;5;7;2;3;6;6;0;1;0;1;0;0;0;0;505789.7204;6005350.1566;9.088743608;54.196156802
120665;1;0;55;12;2018;5;17;5;3;5;3;0;1;1;0;0;0;0;0;604666.8988;5999783.8449;10.602032403;54.135502115
120666;1;0;56;15;2018;5;16;2;3;5;3;0;1;1;0;0;0;0;0;544265.0633;5955434.3038;9.671211694;53.745668472
120667;1;0;54;88;2018;5;12;2;3;0;7;0;1;0;0;0;0;0;0;489997.7715;6070411.4262;8.844484868;54.780807459
120668;1;0;56;15;2018;5;7;2;3;5;3;0;1;1;0;0;0;0;0;544277.8191;5955360.7747;9.671394566;53.745006533
120669;1;0;53;90;2018;5;6;2;3;0;1;0;1;0;0;0;0;0;1;611782.6379;5943594.5642;10.690401784;53.629191919
120670;1;0;56;39;2018;5;12;2;3;5;2;0;1;1;0;0;0;0;0;552531.307;5947285.547;9.795162196;53.671664206
120671;1;0;2;0;2018;5;6;6;3;5;3;0;1;1;0;0;0;0;0;573992.9085;6023622.6084;10.138542788;54.355043502
120672;1;0;54;168;2018;5;19;7;3;0;7;0;1;0;0;0;0;0;0;456056.643;6086585.197;8.314331674;54.924321135
120673;1;0;60;63;2018;5;16;2;3;5;2;0;1;1;0;0;0;0;0;564986.849;5951504.998;9.984557424;53.7081846
120674;1;0;60;44;2018;5;15;4;3;0;4;0;0;1;0;0;0;1;0;561803.1097;5963849.7067;9.938802319;53.819513968
120675;1;0;51;74;2018;5;16;3;3;5;3;0;1;1;0;0;0;0;0;505140.348;5993484.496;9.078587992;54.089518795
120676;1;0;58;5;2018;5;14;4;3;0;1;0;0;0;0;1;0;0;0;573119.6458;6028564.0091;10.126323503;54.399571007
120677;1;0;60;5;2018;5;11;2;3;5;3;0;0;1;0;0;0;1;0;586501.0366;5976975.4089;10.317578686;53.933935917
120678;1;0;58;135;2018;5;19;4;2;5;2;0;0;1;0;1;0;0;0;543196.817;6017919.752;9.663899351;54.307332414
120679;1;0;57;15;2018;5;11;1;3;5;3;0;1;0;0;0;0;0;0;587846.9368;5997292.5769;10.343947041;54.116267531
120680;1;0;2;0;2018;5;12;2;3;0;1;0;1;0;0;0;0;0;0;574185.3027;6016174.6802;10.139651043;54.288091053
120681;1;0;56;32;2018;5;18;1;3;9;1;0;0;0;0;1;0;0;0;551787.2592;5949105.4017;9.784204544;53.688094497
120682;1;0;58;43;2018;5;15;2;3;0;3;0;0;1;0;1;0;0;0;553887.8817;6034298.7453;9.831163356;54.453504584
120683;1;0;56;15;2018;5;16;2;3;5;3;0;0;1;0;1;0;0;0;545617.886;5955525.9246;9.691737077;53.746375305
120684;1;0;1;0;2018;5;7;6;3;5;2;0;1;1;0;0;0;0;0;530484.7989;6071492.7669;9.47408473;54.789698791
120685;1;0;60;63;2018;5;13;6;3;1;5;0;0;1;0;1;0;0;0;564792.9183;5951019.426;9.981518263;53.703844851
120686;1;0;55;32;2018;5;11;2;3;5;2;0;1;1;0;0;0;0;0;619632.9828;5995368.5296;10.829234732;54.092573433
120687;1;0;55;12;2018;5;16;4;3;5;3;0;0;1;0;1;0;0;0;605350.15;6000533.728;10.612747474;54.14209959
120688;1;0;56;39;2018;5;15;3;3;5;3;0;1;1;0;0;0;0;0;551121.7567;5945030.7869;9.773456992;53.651539059
120689;1;0;3;0;2018;5;8;2;3;4;6;0;1;0;0;0;0;0;0;610750.832;5971993.7503;10.684990231;53.884561329
120690;1;0;54;1;2018;5;12;4;3;5;3;0;0;1;0;0;0;1;0;502305.7303;6071165.242;9.035855668;54.787676169
120691;1;0;60;5;2018;5;17;7;3;1;5;0;1;1;0;0;0;0;0;585375.735;5978979.3077;10.301003312;53.952129091
120692;1;0;60;63;2018;5;7;2;3;2;2;0;0;1;0;0;0;1;0;565869.4316;5952868.5395;9.998216514;53.72032811
120693;1;0;51;64;2018;5;2;1;2;0;7;2;1;0;0;0;0;0;0;512724.6074;5979975.2405;9.193973217;53.967968414
120694;1;0;3;0;2018;5;17;2;3;2;2;0;0;1;0;0;0;0;0;610486.7905;5970194.9965;10.680326777;53.86845721
120695;1;0;4;0;2018;5;15;6;3;2;6;0;0;1;0;0;0;0;0;563264.938;5993615.319;9.967175058;54.086833211
120696;1;0;60;63;2018;5;6;3;3;5;3;0;0;1;0;0;0;0;0;567490.3604;5953901.6797;10.02300193;53.729405707
120697;1;0;58;135;2018;5;18;2;3;5;3;0;0;1;0;0;0;0;0;542927.671;6018056.986;9.659782829;54.308588409
120698;1;0;55;16;2018;5;14;5;3;0;1;0;1;0;0;0;0;0;0;627878.1853;6001472.4062;10.957811771;54.145419552
120699;1;0;53;32;2018;5;3;6;3;0;1;2;1;0;0;0;0;0;0;589826.8247;5923560.1864;10.352743309;53.453388789
120700;1;0;2;0;2018;5;15;2;3;6;6;0;1;0;1;0;0;0;0;574485.8591;6018682.0051;10.144892218;54.310577343
120701;1;0;60;63;2018;5;17;3;3;5;3;0;1;1;0;0;0;0;0;565836.027;5953255.794;9.997792754;53.723812571
120702;1;0;2;0;2018;5;15;2;3;6;4;0;1;0;1;0;0;0;0;571842.1781;6021211.7214;10.104874804;54.333687514
120703;1;0;62;1;2018;5;16;3;3;6;7;0;0;1;1;0;0;0;0;581673.9975;5947848.0696;10.236347983;53.672978492
120704;1;0;54;56;2018;5;21;7;2;8;1;1;1;0;0;0;0;0;0;504097.0643;6037763.1421;9.063244535;54.487481538
120705;1;0;55;42;2018;5;10;1;3;6;4;0;1;0;1;0;0;0;0;616926.049;5984559.7675;10.783703173;53.996095039
120706;1;0;2;0;2018;5;18;2;3;0;7;0;1;0;0;0;0;0;0;572965.5389;6022391.2749;10.122436259;54.34412721
120707;1;0;56;44;2018;5;13;5;3;5;2;0;1;1;0;0;0;0;0;554681.7239;5938399.5284;9.826147611;53.591580267
120708;1;0;60;63;2018;5;9;3;2;5;2;0;1;1;0;0;0;0;0;568860.3417;5948785.7934;10.042626746;53.683250859
120709;1;0;59;113;2018;5;15;2;3;3;6;0;0;1;0;0;0;0;0;537897.5264;6079646.352;9.590425771;54.86246347
120710;1;0;58;43;2018;5;2;2;3;0;7;2;1;0;0;0;0;0;0;553844.9501;6036465.4919;9.83089562;54.472980121
120711;1;0;56;50;2018;5;7;3;3;3;1;0;1;0;0;0;0;0;0;546663.1727;5936819.2027;9.704775579;53.578151575
120712;1;0;60;63;2018;5;13;1;3;5;3;0;0;1;0;0;0;0;0;565225.0784;5945166.3758;9.986833474;53.651189286
120713;1;0;56;43;2018;5;16;2;3;5;3;0;0;1;0;1;0;0;0;554892.3846;5945333.6663;9.830552608;53.653879111
120714;1;0;62;1;2018;5;13;1;3;0;3;0;1;1;0;0;0;0;0;579906.9203;5946425.3343;10.209239174;53.660466318
120715;1;0;55;16;2018;5;11;6;3;4;6;0;1;1;0;0;0;0;0;628313.1005;6001929.4615;10.964660424;54.149416589
120716;1;0;53;129;2018;5;13;1;3;0;7;0;1;0;0;0;0;0;0;583074.1769;5927657.1413;10.252163208;53.491314282
120717;1;0;54;168;2018;5;16;3;3;0;2;0;1;0;0;0;0;0;1;455162.9533;6084910.6067;8.300649151;54.909194022
120718;1;0;53;100;2018;5;13;1;3;0;1;0;0;0;0;1;0;0;0;616871.2171;5951494.8644;10.770285895;53.699058209
120719;1;0;53;90;2018;5;13;6;3;0;7;0;1;0;0;0;0;0;0;612617.3052;5940085.386;10.701749107;53.597484739
120720;1;0;60;44;2018;5;11;7;3;1;7;0;0;1;0;0;0;0;0;562043.3445;5966709.4569;9.943028158;53.845185794
120721;1;0;58;22;2018;5;17;1;3;0;7;0;1;0;0;0;0;0;0;568304.0392;6003389.0045;10.04640882;54.174017936
120722;1;0;3;0;2018;5;14;5;3;0;7;0;1;0;0;0;0;0;0;611096.5954;5969808.7978;10.689456651;53.864857356
120723;1;0;62;16;2018;5;17;3;3;7;7;0;1;0;0;0;0;1;0;584859.4425;5957706.6581;10.2872573;53.761061126
120724;1;0;57;62;2018;5;20;1;2;5;2;0;1;1;0;0;0;0;0;582874.8156;6009636.1639;10.271298002;54.228005392
120725;1;0;54;149;2018;5;21;2;2;8;1;0;1;0;0;0;0;0;0;456379.0255;6087766.7129;8.319182273;54.934966378
120726;1;0;2;0;2018;5;15;1;3;2;1;0;0;1;0;0;0;0;0;576300.7755;6016908.338;10.172329216;54.294371986
120727;1;0;62;94;2018;5;16;2;3;1;7;0;0;1;0;0;1;0;0;599126.6155;5964924.0804;10.50592538;53.823391843
120728;1;0;54;56;2018;5;14;1;3;6;4;0;1;0;1;0;0;0;0;505703.3403;6036250.6406;9.088010676;54.473872893
120729;1;0;1;0;2018;5;13;6;3;2;6;0;1;0;0;0;0;0;0;531130.4617;6074055.7926;9.484400731;54.812691514
120730;1;0;54;88;2018;5;11;7;3;5;2;0;1;1;0;0;0;0;0;489241.3302;6071529.5801;8.832682258;54.790840331
120731;1;0;59;176;2018;5;16;1;3;0;1;0;1;0;0;0;0;0;0;533116.9365;6073398.9888;9.515234509;54.806661969
120732;1;0;56;15;2018;5;20;4;3;0;7;0;1;0;0;0;0;0;0;543311.0505;5955230.8153;9.656718094;53.743919708
120733;1;0;58;135;2018;5;13;7;2;0;1;0;1;0;0;0;0;0;0;543636.9461;6016264.2771;9.6704215;54.292417494
120734;1;0;61;46;2018;5;14;7;3;2;6;0;0;1;0;0;0;0;0;532823.3459;5978307.7766;9.500168924;53.952096709
120735;1;0;2;0;2018;5;15;5;3;0;7;0;1;0;0;0;0;0;0;573788.0247;6025541.5595;10.135866594;54.37231613
120736;1;0;53;90;2018;5;9;3;3;5;2;0;1;0;0;1;0;0;0;612071.1393;5941610.0848;10.694048246;53.611300578
120737;1;0;55;28;2018;5;11;7;2;9;1;0;0;0;0;1;0;0;0;600709.086;6007603.497;10.544093582;54.206547699
120738;1;0;55;16;2018;5;14;4;3;9;1;0;1;0;0;0;0;0;0;628144.184;6001471.338;10.961881115;54.14534369
120739;1;0;55;32;2018;5;15;1;3;0;7;0;1;0;0;0;0;0;0;618065.602;5996541.495;10.805739863;54.103472377
120740;1;0;2;0;2018;5;7;2;3;4;6;0;1;1;0;0;0;0;1;578059.5559;6020626.1299;10.200317496;54.327512487
120741;1;0;54;56;2018;5;13;7;3;5;3;0;1;1;0;0;0;0;0;503065.2671;6036213.617;9.047301082;54.473562939
120742;1;0;60;63;2018;5;8;5;3;6;4;0;0;0;1;0;0;1;0;566916.616;5953724.9399;10.01426853;53.727891277
120743;1;0;56;49;2018;5;12;6;3;0;7;0;1;0;0;0;0;0;0;545014.8468;5948318.5769;9.681545586;53.681650169
120744;1;0;56;43;2018;5;10;6;3;5;3;0;0;1;0;0;0;0;0;558763.978;5942467.023;9.888582809;53.627694887
120745;1;0;53;32;2018;5;16;3;3;2;2;0;0;1;0;0;0;1;0;589202.2248;5921480.1859;10.342750416;53.434803423
120746;1;0;56;28;2018;5;20;6;3;1;7;1;0;1;0;0;0;0;0;544385.9891;5941152.6176;9.671001782;53.617297556
120747;1;0;61;49;2018;5;16;3;3;3;2;0;1;1;0;0;0;0;0;546794.9136;5978131.2782;9.713028028;53.949435538
120748;1;0;3;0;2018;5;19;7;2;3;6;0;1;0;0;0;0;0;0;610920.5389;5969870.3004;10.686802856;53.865447557
120749;1;0;55;4;2018;5;18;3;3;5;2;0;1;1;0;0;0;0;0;609750.2144;5974086.6867;10.670523697;53.903577472
120750;1;0;56;43;2018;5;13;6;3;5;3;0;1;1;0;0;0;0;0;554989.201;5944590.415;9.831885822;53.647188974
120751;1;0;2;0;2018;5;19;4;3;5;3;0;0;1;0;0;0;0;0;577210.8133;6016343.5982;10.186162416;54.289160795
120752;1;0;59;77;2018;5;19;1;3;0;1;0;1;0;0;0;0;0;0;531124.5061;6041574.5165;9.480847756;54.52079568
120753;1;0;54;88;2018;5;15;2;3;4;1;0;1;0;0;0;0;0;0;489318.1441;6071479.9926;8.833878681;54.790396344
120754;1;0;62;1;2018;5;15;6;3;6;7;0;0;1;1;0;0;0;0;581884.5889;5947993.4101;10.239573355;53.674251619
120755;1;0;62;23;2018;5;7;6;3;5;3;0;1;1;0;0;0;0;0;583543.5878;5945627.1887;10.264044192;53.652725673
120756;1;0;55;43;2018;5;10;3;2;6;7;0;0;0;1;0;0;1;0;616861.7328;6019608.0023;10.796307041;54.310958391
120757;1;0;53;32;2018;5;9;6;3;5;2;0;1;1;0;0;0;0;0;591889.247;5921541.907;10.383203109;53.434896629
120758;1;0;55;42;2018;5;13;3;3;6;6;0;1;0;1;0;0;0;0;616730.8141;5984888.2631;10.780852439;53.999090254
120759;1;0;58;135;2018;5;22;6;2;0;7;2;1;0;0;0;0;0;0;541690.4634;6019420.2662;9.640959112;54.320942539
120760;1;0;2;0;2018;5;19;4;3;4;6;0;1;0;0;0;0;0;0;574028.5258;6019120.2827;10.137972934;54.31458206
120761;1;0;55;33;2018;5;10;3;2;0;7;0;1;0;0;0;0;0;0;623018.9618;6017653.8047;10.890091024;54.291958742
120762;1;0;60;63;2018;5;11;6;3;5;3;0;1;1;0;0;0;0;0;565960.2392;5948555.4528;9.998674297;53.681554928
120763;1;0;54;83;2018;5;16;1;3;0;1;0;1;0;0;0;0;0;0;468825.8818;6063146.4723;8.516090982;54.71465272
120764;1;0;2;0;2018;5;18;6;2;5;2;0;1;1;0;0;0;0;0;572914.462;6019284.882;10.120891306;54.316221402
120765;1;0;62;60;2018;5;13;5;3;5;3;0;1;1;0;0;0;0;0;582539.1739;5931052.3588;10.244995173;53.521909733
120766;1;0;58;127;2018;5;5;3;2;4;6;1;0;1;0;0;0;0;0;539721.223;6027937.003;9.611821767;54.397638335
120767;1;0;56;50;2018;5;14;1;3;1;5;0;1;1;0;0;0;0;0;547105.1244;5936475.8922;9.711398216;53.575026442
120768;1;0;54;88;2018;5;14;6;3;5;3;0;1;1;0;0;0;0;0;488601.1412;6070697.8832;8.822758846;54.783351989
120769;1;0;2;0;2018;5;12;6;3;3;6;0;1;1;0;0;1;0;0;573368.2043;6021725.7782;10.128465364;54.338089523
120770;1;0;2;0;2018;5;16;3;3;1;7;0;1;1;0;0;0;0;0;574926.3489;6028907.4454;10.15423414;54.402394226
120771;1;0;59;149;2018;5;5;6;3;9;1;0;0;1;0;0;0;0;0;511430.6138;6065373.8273;9.17752542;54.735505379
120772;1;0;62;6;2018;5;19;2;3;5;3;0;1;0;0;0;0;0;0;582371.9546;5954055.8909;10.248560842;53.728653915
120773;1;0;2;0;2018;5;17;3;3;5;3;0;1;1;0;0;0;0;0;573663.4938;6020442.4525;10.132689197;54.326515444
120774;1;0;54;59;2018;5;7;6;2;9;1;0;0;0;0;1;0;0;0;508650.553;6056383.936;9.134082642;54.654770086
120775;1;0;60;63;2018;5;13;2;3;5;3;0;1;1;0;0;0;0;0;565797.73;5953698.4435;9.997306567;53.727795479
120776;1;0;53;90;2018;5;14;5;3;2;2;0;0;1;0;0;0;0;0;611936.669;5943811.03;10.692807819;53.631103859
120777;1;0;55;44;2018;5;16;6;3;3;6;0;1;0;0;0;0;0;0;614943.1891;5988319.7851;10.75489174;54.030318803
120778;1;0;55;32;2018;5;20;4;3;5;3;0;1;1;0;0;0;0;0;618895.2726;5996888.5325;10.818558566;54.106398881
120779;1;0;53;38;2018;5;12;7;3;5;3;0;0;1;0;0;0;1;0;601673.5615;5960085.4156;10.543005893;53.779424812
120780;1;0;53;32;2018;5;9;5;3;0;1;0;0;0;0;1;0;0;0;591242.3536;5921641.9158;10.373497525;53.435907667
120781;1;0;58;54;2018;5;7;5;3;4;6;0;1;0;0;0;0;0;0;540502.789;6017030.361;9.622376581;54.299560265
120782;1;0;54;56;2018;5;12;3;3;0;1;0;1;0;0;0;0;0;0;502783.5738;6036714.728;9.042958906;54.478068147
120783;1;0;2;0;2018;5;2;5;2;0;1;2;1;0;0;0;0;0;0;577081.1237;6020983.6535;10.185368175;54.330873721
120784;1;0;1;0;2018;5;22;2;3;0;7;2;1;0;0;0;0;0;0;530212.3259;6071899.0407;9.469889858;54.793366222
120785;1;0;54;168;2018;5;11;3;3;6;6;0;1;0;1;0;0;0;0;456061.4643;6084120.6607;8.314783211;54.902175465