OBJECTID_1;ULAND;UREGBEZ;UKREIS;UGEMEINDE;UJAHR;UMONAT;USTUNDE;UWOCHENTAG;UKATEGORIE;UART;UTYP1;ULICHTVERH;IstRad;IstPKW;IstFuss;IstKrad;IstGkfz;IstSonstig;STRZUSTAND;LINREFX;LINREFY;XGCSWGS84;YGCSWGS84
120786;1;0;55;25;2018;5;13;2;3;1;5;0;1;1;0;0;0;0;0;634718.3309;6007268.2969;11.065053268;54.195729494
120787;1;0;2;0;2018;5;12;5;3;5;3;0;0;1;0;0;0;0;0;573694.623;6022083.5286;10.133573319;54.341257096
120788;1;0;57;29;2018;5;10;2;2;0;1;0;1;0;0;0;0;0;0;597546.167;6025328.472;10.501398984;54.366407729
120789;1;0;1;0;2018;5;7;3;3;5;3;0;1;1;0;0;0;0;0;529361.0564;6073073.1018;9.456769556;54.803967387
120790;1;0;2;0;2018;5;12;5;3;5;3;0;1;1;0;0;0;0;0;573278.6194;6021063.9379;10.126925114;54.332155317
120791;1;0;62;18;2018;5;7;2;3;0;1;0;1;0;0;0;0;0;0;581770.6819;5933166.9484;10.233958806;53.541032696
120792;1;0;61;29;2018;5;16;4;3;5;3;0;1;1;0;0;0;0;0;528027.4194;5959832.618;9.425401804;53.786326491
120793;1;0;58;127;2018;5;18;6;3;9;7;0;0;1;0;0;0;0;0;538181.5036;6027977.5518;9.588112258;54.398120556
120794;1;0;2;0;2018;5;15;7;3;0;6;0;0;1;0;1;0;0;0;573381.0335;6015865.6017;10.127222502;54.285429853
120795;1;0;61;46;2018;5;7;4;2;5;2;0;1;1;0;0;0;0;0;535299.7583;5975543.7599;9.53758378;53.927091776
120796;1;0;54;56;2018;5;8;5;3;5;3;0;1;1;0;0;0;0;0;503418.3432;6036831.635;9.052756652;54.479114935
120797;1;0;59;45;2018;5;10;3;3;6;2;0;0;1;1;0;0;0;0;559781.88;6057575.8292;9.926790561;54.662011
120798;1;0;56;39;2018;5;7;4;3;6;7;0;1;0;1;0;0;0;0;551836.267;5945484.537;9.784341906;53.655546868
120799;1;0;58;135;2018;5;20;4;3;2;6;0;0;1;0;0;0;0;0;542338.4805;6018480.443;9.650787874;54.312443145
120800;1;0;58;124;2018;5;20;1;3;7;7;0;0;1;0;0;0;0;0;546685.4466;6015611.2427;9.717151614;54.286279412
120801;1;0;57;85;2018;5;15;2;3;0;7;0;1;0;0;0;0;0;0;578396.1333;5996230.8254;10.199123403;54.108254215
120802;1;0;56;18;2018;5;13;4;3;5;3;0;0;1;0;0;0;0;0;556327.3191;5941074.4916;9.8514902;53.615447335
120803;1;0;3;0;2018;5;15;5;3;5;3;0;0;1;0;0;0;0;0;613701.948;5969479.983;10.728935014;53.861339161
120804;1;0;62;1;2018;5;13;6;3;5;2;0;1;0;0;0;1;0;0;582521.8074;5949272.2563;10.249557234;53.685643452
120805;1;0;56;39;2018;5;10;4;3;0;1;0;0;1;0;0;0;1;0;552495.1474;5946089.9653;9.794412778;53.660922481
120806;1;0;59;75;2018;5;18;6;2;2;6;0;0;1;0;1;0;0;0;536061.355;6041670.2063;9.557125948;54.521328358
120807;1;0;61;46;2018;5;15;6;2;5;2;0;1;1;0;0;0;0;0;533598.447;5977876.863;9.511932126;53.948174065
120808;1;0;62;69;2018;5;13;4;3;5;3;0;1;1;0;0;0;0;0;585425.7476;5943876.7968;10.292033139;53.636692385
120809;1;0;3;0;2018;5;7;4;3;2;2;0;0;1;0;0;0;0;0;610533.8996;5969951.4463;10.68095514;53.866259065
120810;1;0;54;56;2018;5;11;3;3;5;2;0;1;0;0;0;0;0;0;503442.6247;6036659.8647;9.053129397;54.477571037
120811;1;0;62;60;2018;5;7;4;3;2;2;0;0;1;0;1;0;0;0;582847.5584;5930251.0964;10.249433646;53.514660666
120812;1;0;54;76;2018;5;15;4;3;5;3;0;1;1;0;0;0;0;0;498037.8507;6068879.7921;8.969502702;54.76713886
120813;1;0;60;43;2018;5;14;7;3;5;3;0;0;1;0;0;0;0;0;575853.9954;5962144.4642;10.15177492;53.80233002
120814;1;0;60;5;2018;5;8;2;3;5;3;0;1;1;0;0;0;0;0;585762.8818;5977792.7042;10.306567854;53.941402655
120815;1;0;61;46;2018;5;2;1;3;0;7;2;1;0;0;0;0;0;0;535622.2239;5975622.2233;9.542503546;53.927774896
120816;1;0;62;53;2018;5;7;4;2;0;7;0;0;0;0;0;1;0;0;577858.4905;5933393.7538;10.174992387;53.543665438
120817;1;0;3;0;2018;5;11;6;3;0;3;0;1;1;0;0;0;0;0;613135.824;5969305.593;10.720266618;53.859896104
120818;1;0;51;71;2018;5;18;2;3;6;7;0;0;1;1;0;0;0;0;501527.5652;6020377.3213;9.023490864;54.331244158
120819;1;0;55;40;2018;5;8;4;3;9;1;0;0;1;0;0;0;0;0;609242.1701;5973732.3082;10.662667826;53.900500952
120820;1;0;60;63;2018;5;19;2;3;7;7;0;1;0;0;0;0;1;0;565081.8006;5954154.6846;9.986552887;53.731985522
120821;1;0;3;0;2018;5;22;4;3;5;3;2;0;1;0;0;0;0;0;618457.28;5974516.427;10.803151801;53.905521594
120822;1;0;2;0;2018;5;23;3;3;5;7;2;1;1;0;0;0;0;0;572153.7697;6021113.4594;10.109642063;54.332760593
120823;1;0;58;43;2018;5;16;4;3;5;3;0;1;1;0;0;0;0;0;554108.3064;6037351.6081;9.835121267;54.480914979
120824;1;0;4;0;2018;5;7;4;3;6;4;0;0;1;1;0;0;0;0;562373.0445;5991179.7255;9.953040646;54.065054424
120825;1;0;57;83;2018;5;15;4;2;8;1;0;0;0;0;1;0;0;0;567511.5724;5995232.9724;10.032445959;54.100830662
120826;1;0;62;1;2018;5;10;3;3;5;3;0;1;1;0;0;0;0;0;581910.6397;5948312.6605;10.240051875;53.677116417
120827;1;0;2;0;2018;5;19;7;3;0;1;0;1;0;0;0;0;0;0;571593.5321;6016627.4255;10.099952366;54.29252895
120828;1;0;62;61;2018;5;17;1;2;0;7;0;1;0;0;0;0;0;0;597806.8942;5965642.6664;10.486112272;53.830098407
120829;1;0;59;149;2018;5;13;4;3;5;3;0;1;1;0;0;0;0;0;510659.1933;6065206.0624;9.165538632;54.73401466
120830;1;0;60;63;2018;5;15;5;3;5;3;0;1;1;0;0;0;0;0;565795.735;5951088.248;9.996721581;53.704337948
120831;1;0;1;0;2018;5;20;4;3;5;3;0;1;1;0;0;0;0;0;526405.084;6073326.549;9.410808024;54.806409332
120832;1;0;55;42;2018;5;11;2;3;0;7;0;1;0;0;0;0;0;0;616893.8818;5984585.5255;10.783222617;53.996333717
120833;1;0;54;164;2018;5;11;4;2;5;3;0;1;1;0;0;0;0;0;471931.751;6060150.23;8.564589538;54.687909513
120834;1;0;56;50;2018;5;9;2;3;8;1;0;0;1;1;0;0;0;0;547630.7365;5936169.1942;9.719288726;53.572222424
120835;1;0;61;46;2018;5;13;3;2;6;3;0;0;1;1;0;0;0;0;533766.6294;5977464.6429;9.514448978;53.944458234
120836;1;0;55;21;2018;5;7;6;3;5;3;0;1;1;0;0;0;0;0;628803.9211;6026526.3468;10.98274636;54.370227194
120837;1;0;58;135;2018;5;20;7;2;5;3;0;1;1;0;0;0;0;0;545804.556;6017768.3959;9.703951678;54.305745002
120838;1;0;56;39;2018;5;13;3;3;5;3;0;0;1;0;1;0;0;0;552973.7041;5947843.3809;9.801953221;53.676633108
120839;1;0;60;63;2018;5;13;6;3;6;4;0;0;1;1;0;0;0;0;565993.2219;5948592.2704;9.999181422;53.681881645
120840;1;0;56;48;2018;5;11;7;3;6;7;0;0;0;1;0;0;1;0;547005.724;5950229.6886;9.711975613;53.69865135
120841;1;0;60;28;2018;5;9;3;3;5;3;0;0;0;0;0;0;1;0;574784.7668;5988156.0438;10.141904388;54.03623169
120842;1;0;3;0;2018;5;11;5;3;5;3;0;1;1;0;0;0;0;0;608926.7535;5971600.2104;10.657111293;53.881411875
120843;1;0;56;50;2018;5;15;3;3;2;6;0;0;1;0;1;0;0;0;548372.3927;5936135.8782;9.730482587;53.571855126
120844;1;0;59;176;2018;5;17;2;3;0;7;0;1;0;0;0;0;0;0;533423.7839;6072410.8289;9.519894242;54.797761664
120845;1;0;56;15;2018;5;15;3;2;6;4;0;0;1;1;0;0;0;0;543810.1555;5956454.8357;9.664458951;53.754879123
120846;1;0;53;103;2018;5;17;2;3;5;3;0;1;1;0;0;0;0;0;607302.764;5958117.4151;10.627713831;53.760613511
120847;1;0;60;63;2018;5;16;3;3;3;2;0;1;1;0;0;0;0;0;568339.447;5950721.684;10.035167934;53.700716928
120848;1;0;54;168;2018;5;12;6;3;1;7;0;0;1;0;0;0;0;0;455594.1349;6085183.1096;8.30733196;54.911681218
120849;1;0;54;168;2018;5;18;7;3;9;1;0;1;0;0;0;0;0;0;455455.7378;6085250.2689;8.305162944;54.912272382
120850;1;0;56;43;2018;5;16;3;3;6;4;0;1;0;1;0;0;0;0;554342.5927;5945139.7542;9.822200984;53.652193731
120851;1;0;56;18;2018;5;16;4;3;1;5;0;0;1;0;0;0;0;0;556095.3138;5943258.9005;9.848377099;53.6351046
120852;1;0;58;135;2018;5;16;4;3;5;2;0;1;1;0;0;0;0;0;544234.1278;6017331.399;9.67975361;54.301956202
120853;1;0;62;9;2018;5;15;3;3;5;3;0;1;1;0;0;0;0;0;578196.483;5935544.663;10.180629973;53.562944759
120854;1;0;2;0;2018;5;11;4;3;5;3;0;0;1;0;0;0;0;0;574525.749;6019058.473;10.145599178;54.313954332
120855;1;0;58;43;2018;5;14;5;3;6;4;0;0;1;1;0;0;0;0;554072.8407;6035304.54;9.834199594;54.462523281
120856;1;0;3;0;2018;5;10;3;3;3;6;0;1;0;0;0;1;0;0;612790.0062;5969574.1085;10.715109629;53.862383713
120857;1;0;56;44;2018;5;19;1;3;6;7;0;1;0;1;0;0;0;0;553668.454;5939390.3435;9.811011065;53.600590051
120858;1;0;58;24;2018;5;15;2;3;0;7;0;1;0;0;0;0;0;0;546046.959;6020514.5283;9.708100413;54.33040202
120859;1;0;2;0;2018;5;7;3;3;3;6;0;1;1;0;0;0;0;0;575113.454;6016832.741;10.154071654;54.293868604
120860;1;0;61;46;2018;5;13;5;3;5;3;0;0;1;0;0;0;0;0;533541.056;5976019.204;9.510853701;53.931481799
120861;1;0;56;39;2018;5;7;6;3;5;2;0;1;1;0;0;0;0;0;552319.3626;5946040.3304;9.791744534;53.660494001
120862;1;0;54;149;2018;5;16;3;3;8;1;0;1;0;0;0;0;1;0;456989.521;6087899.6291;8.328690001;54.936213733
120863;1;0;54;168;2018;5;20;3;2;0;7;0;1;0;0;0;0;0;0;455262.1063;6084145.5989;8.302314454;54.902328631
120864;1;0;54;168;2018;5;11;4;3;2;6;0;1;0;0;0;0;0;0;455151.8285;6084049.9197;8.30060972;54.901458983
120865;1;0;60;5;2018;5;10;7;3;0;1;0;1;0;0;0;0;0;0;586000.3822;5978650.6026;10.310426686;53.949072025
120866;1;0;60;63;2018;5;14;2;3;0;7;0;1;0;0;0;0;0;0;565954.4864;5951707.4776;9.999257914;53.709882929
120867;1;0;56;15;2018;5;18;1;2;5;3;0;0;1;0;0;0;1;0;543840.805;5955042.4017;9.664723354;53.742182026
120868;1;0;60;63;2018;6;15;3;3;0;7;0;1;0;0;0;0;0;0;565391.236;5948972.835;9.990148686;53.685377478
120869;1;0;2;0;2018;6;8;3;3;0;7;0;1;0;0;0;0;0;0;573262.3526;6018976.6313;10.126162535;54.313401753
120870;1;0;56;15;2018;6;7;3;3;5;3;0;1;1;0;0;0;0;0;543804.4807;5956515.8582;9.664381544;53.755428051
120871;1;0;54;168;2018;6;1;7;2;1;5;2;1;0;0;0;1;0;0;455295.915;6085109.9883;8.302691896;54.910997558
120872;1;0;60;39;2018;6;12;4;3;3;6;0;0;1;1;0;0;0;0;565694.3516;5956545.6307;9.996344988;53.753396034
120873;1;0;58;135;2018;6;10;4;3;5;3;0;1;1;0;0;0;0;0;543810.7542;6016597.3062;9.673140429;54.295395507
120874;1;0;56;18;2018;6;11;3;3;2;6;0;0;1;0;0;0;0;0;556913.5963;5941734.7564;9.86047243;53.621318077
120875;1;0;53;43;2018;6;6;4;2;5;3;0;1;1;0;0;0;0;0;613715.6958;5961785.733;10.726298935;53.792210326
120876;1;0;60;63;2018;6;18;3;3;4;7;0;0;1;0;0;0;0;0;564769.0716;5952313.4185;9.9814277;53.715476966
120877;1;0;3;0;2018;6;14;2;3;5;3;0;1;1;0;0;0;0;0;611429.1692;5971256.7285;10.695037734;53.877794538
120878;1;0;4;0;2018;6;22;3;3;0;3;2;1;1;0;0;0;0;0;564915.6623;5992318.1594;9.992128631;54.074970883
120879;1;0;54;138;2018;6;9;6;3;5;2;0;1;0;0;0;0;0;0;496295.5812;6018662.9068;8.943054827;54.315824823
120880;1;0;58;43;2018;6;13;4;3;6;6;0;1;0;1;0;0;0;0;555185.0077;6037474.6138;9.851760301;54.481904398
120881;1;0;4;0;2018;6;20;3;3;2;6;0;0;1;0;0;0;0;0;563904.1282;5991622.6054;9.976524801;54.068846769
120882;1;0;53;32;2018;6;0;6;3;3;6;2;1;1;0;0;0;0;0;589705.3884;5921441.8346;10.35031125;53.434373423
120883;1;0;55;33;2018;6;14;4;3;0;7;0;1;0;0;0;0;0;0;622166.2232;6017522.616;10.87694356;54.290984864
120884;1;0;58;77;2018;6;8;2;3;5;3;0;1;1;0;0;0;0;0;542702.7191;5993767.91;9.652875627;54.0903206
120885;1;0;61;46;2018;5;17;4;3;6;4;0;0;1;1;0;0;0;0;533737.1776;5975416.5525;9.513774111;53.926052629
120886;1;0;61;46;2018;6;11;3;2;1;5;0;0;1;0;1;0;0;0;531548.1679;5973031.1039;9.480193583;53.904750835
120887;1;0;4;0;2018;6;17;3;3;5;3;0;0;1;0;0;0;0;0;564515.2647;5992401.2389;9.986027913;54.075767778
120888;1;0;3;0;2018;6;14;4;2;0;7;0;1;0;0;0;0;0;1;611238.3962;5972972.039;10.692759775;53.893246106
120889;1;0;57;91;2018;6;19;3;3;5;2;0;1;1;0;0;0;0;0;578668.494;6018308.399;10.209067985;54.306593165
120890;1;0;60;63;2018;6;18;5;3;2;2;0;0;1;0;0;0;0;0;565830.0749;5949395.5753;9.996882183;53.689121549
120891;1;0;54;6;2018;6;13;2;3;5;3;0;0;1;0;0;0;0;0;500817.449;6048700.189;9.012648953;54.585789888
120892;1;0;4;0;2018;6;13;5;2;5;2;0;0;1;0;0;0;0;0;563945.954;5992383.19;9.977324368;54.075676573
120893;1;0;54;113;2018;6;8;3;2;5;3;0;1;1;0;0;0;0;0;476358.5759;6017555.0594;8.636670275;54.305334407
120894;1;0;51;73;2018;6;7;5;2;5;3;0;1;1;0;0;0;0;0;498789.9838;5978151.6968;8.981561755;53.951733587
120895;1;0;54;56;2018;6;16;4;3;0;1;0;1;0;0;0;0;0;0;502482.2063;6037594.8308;9.038315294;54.485979363
120896;1;0;3;0;2018;6;8;3;3;1;5;0;1;1;0;0;0;0;0;612347.8985;5969609.9798;10.708403275;53.862801847
120897;1;0;54;56;2018;6;14;3;3;2;2;0;1;1;0;0;0;0;0;503296.2719;6038025.8138;9.050886001;54.48984805
120898;1;0;60;63;2018;6;15;3;3;4;6;0;0;1;0;0;0;0;0;565635.8951;5951176.2159;9.99431925;53.705148634
120899;1;0;54;56;2018;6;14;3;3;6;7;0;0;1;1;0;0;0;0;503047.1163;6036465.4656;9.047023587;54.475826462
120900;1;0;62;4;2018;6;15;3;3;5;2;0;0;1;0;0;0;0;0;589794.3335;5962520.7428;10.363495283;53.803491995
120901;1;0;61;85;2018;6;18;2;2;5;3;0;1;1;0;0;0;0;0;531399.427;5987669.935;9.4794375;54.036328523
120902;1;0;2;0;2018;6;18;4;3;5;3;0;0;1;0;1;0;0;0;574194.5084;6021553.5698;10.141128992;54.336422625
120903;1;0;56;39;2018;6;16;2;3;0;1;0;1;0;0;0;0;0;0;552645.5548;5946311.3588;9.79672619;53.662897148
120904;1;0;56;43;2018;6;10;5;3;0;7;0;1;0;0;0;0;0;0;557958.1816;5943277.6863;9.876550765;53.63507048
120905;1;0;56;1;2018;6;21;1;3;4;5;0;0;1;0;0;0;0;0;549959.4419;5945936.993;9.756018931;53.659796023
120906;1;0;2;0;2018;6;23;5;3;1;5;2;0;1;0;0;0;0;0;569484.2226;6019365.0435;10.068188359;54.317420056
120907;1;0;56;18;2018;6;7;2;3;5;3;0;1;1;0;0;0;0;0;556276.7865;5943172.0111;9.851105614;53.634304204
120908;1;0;3;0;2018;6;5;5;3;5;2;0;0;1;0;0;0;0;0;606195.8;5970008.094;10.615032145;53.86767367
120909;1;0;60;63;2018;6;9;2;3;5;3;0;1;1;0;0;0;0;0;564925.719;5949636.533;9.983239972;53.691400228
120910;1;0;62;1;2018;6;19;2;3;2;2;0;0;1;0;0;0;0;0;582711.8943;5945176.7149;10.25134381;53.648809747
120911;1;0;57;51;2018;6;10;3;2;0;1;0;1;0;0;0;0;0;1;577005.768;6023144.5008;10.184767855;54.350301356
120912;1;0;53;95;2018;6;16;2;3;0;1;0;1;0;0;0;0;0;0;606604.2181;5938261.9763;10.610303383;53.582358856
120913;1;0;58;22;2018;6;3;7;3;9;1;2;0;1;0;0;0;0;0;567148.3537;6003187.4485;10.028662108;54.172359211
120914;1;0;56;43;2018;6;15;4;3;2;6;0;0;1;0;0;0;0;0;555656.6946;5944294.6665;9.841929639;53.644460359
120915;1;0;55;15;2018;6;15;5;2;5;3;0;1;1;0;0;0;0;0;626878.309;6021570.7733;10.951013401;54.326198414
120916;1;0;2;0;2018;6;21;1;3;4;6;0;1;0;0;0;0;0;0;574483.8074;6021016.7036;10.145443396;54.331556399
120917;1;0;54;106;2018;6;8;5;3;5;3;0;0;1;0;0;0;0;0;507910.5867;6032676.4117;9.12197602;54.44172095
120918;1;0;62;23;2018;6;15;2;3;9;6;0;1;0;0;0;0;0;0;584017.6755;5945204.2904;10.271101053;53.648849482
120919;1;0;59;120;2018;6;12;5;3;1;6;0;0;1;0;0;1;0;0;523942.2168;6071940.189;9.372377348;54.794074405
120920;1;0;53;83;2018;6;8;2;3;6;2;0;0;1;1;0;0;0;0;602575.046;5915020.6213;10.541874552;53.374328792
120921;1;0;51;44;2018;5;11;4;3;5;3;0;1;1;0;0;0;0;1;506013.8691;6005001.8657;9.092172341;54.193023918
120922;1;0;55;42;2018;6;17;2;3;5;3;0;0;1;0;0;0;1;0;615577.3362;5984423.9661;10.763087853;53.995178529
120923;1;0;61;46;2018;6;8;2;3;5;3;0;0;1;0;0;0;0;0;534292.83;5976091.291;9.522311315;53.932080449
120924;1;0;55;21;2018;6;18;2;3;0;1;0;1;0;0;0;0;0;0;628155.6739;6026138.1597;10.972606947;54.36690391
120925;1;0;56;44;2018;6;17;6;3;3;6;0;1;0;0;0;0;0;0;555172.655;5938403.012;9.8335645;53.591560141
120926;1;0;53;12;2018;6;18;4;3;4;6;0;1;1;0;0;0;0;0;585702.7525;5925146.2514;10.291087122;53.468328814
120927;1;0;2;0;2018;6;11;2;3;5;3;0;1;0;0;0;0;0;0;571918.443;6023766.55;10.106664048;54.356633751
120928;1;0;61;46;2018;5;12;4;3;5;3;0;1;1;0;0;0;0;0;534289.9604;5976005.3384;9.522257965;53.931308127
120929;1;0;54;59;2018;6;13;4;3;2;6;0;1;0;0;0;0;0;0;508651.5508;6056371.3674;9.134097736;54.654657116
120930;1;0;3;0;2018;6;19;2;3;6;6;0;0;1;1;0;0;0;0;611895.9895;5966883.624;10.700541329;53.838405381
120931;1;0;62;4;2018;6;17;4;3;0;7;0;1;0;0;0;0;0;0;590158.371;5962911.991;10.369135883;53.806944653
120932;1;0;2;0;2018;6;20;2;3;2;6;0;0;1;0;0;0;0;0;573039.613;6022772.1876;10.123668874;54.347539364
120933;1;0;3;0;2018;6;17;2;3;4;6;0;1;0;0;0;0;0;0;610395.0796;5969972.2329;10.6788525;53.866475359
120934;1;0;62;23;2018;6;19;4;3;5;7;0;1;1;0;0;0;0;0;584346.2906;5945019.0979;10.276021059;53.647132427
120935;1;0;57;62;2018;6;17;2;3;0;7;0;1;0;0;0;0;0;0;583622.0395;6010583.6659;10.283021296;54.23639756
120936;1;0;2;0;2018;6;18;2;3;2;2;0;0;1;0;1;0;0;0;572249.4128;6018804.2304;10.110553532;54.311996922
120937;1;0;53;32;2018;6;15;2;3;5;3;0;1;1;0;0;0;0;0;590737.7161;5921830.3614;10.365957759;53.437688167
120938;1;0;2;0;2018;6;15;2;3;0;7;0;1;0;0;0;0;0;0;579047.2393;6020267.8768;10.21540637;54.324141424
120939;1;0;59;120;2018;6;15;6;3;2;2;0;0;1;0;0;1;0;0;525509.4855;6072792.6053;9.396827743;54.801657407
120940;1;0;55;42;2018;6;10;4;3;3;6;0;1;1;0;0;0;0;0;619692.5168;5984286.2693;10.825774653;53.993004598
120941;1;0;3;0;2018;6;14;1;3;5;3;0;0;1;0;0;0;0;0;611761.2203;5967855.0598;10.69884753;53.84716196
120942;1;0;56;44;2018;6;11;3;3;0;1;0;1;0;0;0;0;0;0;556158.6476;5939303.7319;9.848621598;53.599550704
120943;1;0;54;78;2018;6;20;2;3;7;7;1;1;0;0;0;0;0;0;463037.2997;6096139.6624;8.422015903;55.010743264
120944;1;0;57;48;2018;6;11;4;3;6;7;0;0;1;1;0;0;0;0;603004.0399;6017308.7777;10.58260082;54.293285133
120945;1;0;54;56;2018;6;22;2;3;6;6;1;1;0;1;0;0;0;0;503590.5019;6036388.2269;9.055408259;54.47512875
120946;1;0;60;5;2018;6;14;5;3;6;7;0;0;1;1;0;0;0;0;585720.2021;5977377.0895;10.305801188;53.937675147
120947;1;0;56;15;2018;6;7;2;3;5;3;0;1;1;0;0;0;0;0;544682.4329;5955762.5952;9.677587451;53.748583441
120948;1;0;58;22;2018;6;12;5;3;4;6;0;1;1;0;0;0;0;0;566770.4412;6003391.6889;10.022919084;54.174243861
120949;1;0;51;11;2018;6;19;1;3;0;6;0;1;1;0;0;0;0;0;506410.3505;5971245.408;9.097536152;53.889621406
120950;1;0;56;41;2018;6;12;5;3;5;3;0;1;1;0;0;0;0;0;560141.391;5953261.63;9.911500136;53.724552525
120951;1;0;61;49;2018;6;18;3;3;5;3;0;1;1;0;0;0;0;0;546845.014;5978096.787;9.713786064;53.949121023
120952;1;0;2;0;2018;6;15;6;3;5;3;0;0;1;0;0;0;0;0;571093.504;6018853.615;10.092801298;54.312602912
120953;1;0;58;135;2018;6;21;2;2;6;4;1;0;1;1;0;0;0;0;542140.227;6019898.326;9.647940914;54.325201865
120954;1;0;56;15;2018;6;16;1;2;5;3;0;1;0;0;0;0;0;0;544501.25;5956063.037;9.674883387;53.751299212
120955;1;0;54;113;2018;6;14;6;3;6;7;0;1;0;1;0;0;0;0;474580.3296;6018941.7159;8.60922419;54.317711221
120956;1;0;58;5;2018;6;9;4;3;5;3;0;1;1;0;0;0;0;0;573039.0367;6029503.6618;10.125313219;54.408025901
120957;1;0;62;60;2018;6;14;3;3;1;5;0;1;0;0;0;0;1;0;581676.0851;5930055.2482;10.231719991;53.513083963
120958;1;0;60;5;2018;6;20;1;3;0;7;0;1;0;0;0;0;0;0;586561.6116;5977434.2428;10.318631099;53.938048706
120959;1;0;54;56;2018;6;18;4;3;5;3;0;0;1;0;0;0;0;0;503582.0536;6036441.3541;9.055278529;54.475606274
120960;1;0;56;50;2018;6;14;1;3;0;7;0;1;0;0;0;0;0;0;548409.2564;5938925.29;9.731471974;53.596922433
120961;1;0;56;50;2018;6;8;5;3;1;5;0;1;1;0;0;0;0;0;546237.6653;5937332.4755;9.698425509;53.582802493
120962;1;0;53;32;2018;6;8;1;2;7;1;0;1;0;0;0;0;0;0;590166.7516;5922096.5147;10.357441401;53.440177843
120963;1;0;57;25;2018;6;18;5;3;0;3;0;1;1;0;0;0;0;0;577335.0283;6024221.4627;10.190112126;54.359928511
120964;1;0;56;43;2018;6;14;1;3;0;7;0;1;0;0;0;0;0;0;555005.2181;5944571.1203;9.83212469;53.647013879
120965;1;0;55;32;2018;6;12;1;3;5;3;0;0;1;0;0;0;0;0;621123.3714;5996405.4111;10.852425386;54.101539329
120966;1;0;3;0;2018;6;7;2;3;5;3;0;1;1;0;0;0;0;0;614562.5816;5970675.7495;10.74246155;53.871892685
120967;1;0;4;0;2018;6;13;5;3;5;3;0;1;1;0;0;0;0;0;561616.4978;5991776.3511;9.941603884;54.070507079
120968;1;0;56;50;2018;6;14;1;3;0;7;0;1;0;0;0;0;0;0;548427.0279;5938931.834;9.731741496;53.596979607
120969;1;0;58;135;2018;6;10;1;3;5;3;0;0;1;0;0;0;0;0;543350.43;6016509.585;9.666055481;54.294646429
120970;1;0;2;0;2018;6;23;3;2;0;1;2;1;0;0;0;0;0;0;574866.9904;6021527.9015;10.151463175;54.336093746
120971;1;0;54;103;2018;6;16;1;3;0;7;0;1;0;0;0;0;0;0;477673.7408;6039377.8153;8.655240849;54.501517959
120972;1;0;55;35;2018;6;17;3;2;0;7;0;1;0;0;0;0;0;0;612066.8772;5982922.1002;10.709011182;53.98245926
120973;1;0;56;2;2018;6;10;7;3;0;7;0;1;0;0;0;0;0;1;550716.7243;5960254.0602;9.769824164;53.788398109
120974;1;0;56;18;2018;6;20;7;2;0;7;0;0;0;0;1;0;0;0;555800.7678;5943303.8046;9.843931017;53.635539659
120975;1;0;54;19;2018;6;13;5;3;5;3;0;1;1;0;0;0;0;0;497685.742;6052420.298;8.964160538;54.619217916
120976;1;0;56;41;2018;6;9;7;3;0;1;0;0;0;0;1;0;0;1;560592.9177;5953621.6428;9.918412997;53.727735779
120977;1;0;3;0;2018;6;22;7;3;0;7;2;1;0;0;0;0;0;0;610587.633;5969957.475;10.681774082;53.866301784
120978;1;0;60;63;2018;6;17;4;3;6;3;0;0;1;1;0;0;0;0;565921.2249;5948961.6793;9.998170029;53.685210621
120979;1;0;60;4;2018;6;19;7;3;5;3;0;1;0;0;0;0;0;0;557593.912;5973619.797;9.876706154;53.907801773
120980;1;0;53;82;2018;5;9;4;3;0;6;0;0;1;1;0;0;0;0;606773.6559;5917267.032;10.605719495;53.393681842
120981;1;0;55;32;2018;6;15;7;3;7;1;0;1;0;0;0;0;0;0;618709.1546;5996975.4277;10.8157475;54.107222452
120982;1;0;60;44;2018;6;16;2;3;5;2;0;0;1;0;0;0;0;0;563373.0005;5965791.8444;9.963045896;53.836778798
120983;1;0;55;46;2018;6;12;7;3;0;7;0;1;0;0;0;0;0;0;642540.6126;6034095.4339;11.197671453;54.434546347
120984;1;0;58;43;2018;6;14;1;2;9;2;0;0;1;0;0;0;0;1;554026.9322;6036379.5956;9.833687809;54.472188901
120985;1;0;53;12;2018;6;14;6;3;5;2;0;1;1;0;0;0;0;0;585440.6622;5927147.5437;10.287684359;53.486355884
120986;1;0;55;12;2018;6;13;4;3;0;7;0;1;0;0;0;0;0;0;605436.6098;5999425.6218;10.613683341;54.132126473
120987;1;0;57;91;2018;6;13;3;3;5;3;0;1;1;0;0;0;0;0;579859.6569;6016363.0082;10.226850695;54.288928188
120988;1;0;58;140;2018;6;21;7;3;2;6;0;1;0;0;0;0;0;0;546835.0797;6018037.9057;9.719830273;54.308073565
120989;1;0;2;0;2018;6;23;7;3;6;4;2;1;0;1;0;0;0;0;573632.136;6020072.368;10.132115794;54.32319451
120990;1;0;60;49;2018;6;16;4;3;2;6;0;0;1;0;0;0;0;0;586336.0676;5979591.027;10.315806237;53.957466423
120991;1;0;57;25;2018;6;14;1;3;0;7;0;1;0;0;0;0;0;1;577763.4532;6025869.4036;10.197134211;54.374670751