OBJECTID_1;ULAND;UREGBEZ;UKREIS;UGEMEINDE;UJAHR;UMONAT;USTUNDE;UWOCHENTAG;UKATEGORIE;UART;UTYP1;ULICHTVERH;IstRad;IstPKW;IstFuss;IstKrad;IstGkfz;IstSonstig;STRZUSTAND;LINREFX;LINREFY;XGCSWGS84;YGCSWGS84
120992;1;0;55;46;2018;6;11;4;2;5;3;0;1;1;0;0;0;0;0;642284.8539;6033282.8455;11.193341419;54.427320387
120993;1;0;57;91;2018;6;22;7;3;0;7;2;1;0;0;0;0;0;0;578775.9698;6017064.9208;10.210391554;54.29540338
120994;1;0;60;63;2018;6;19;4;3;5;2;0;0;1;0;0;0;0;0;564790.2821;5948111.6999;9.980870717;53.677713256
120995;1;0;2;0;2018;6;17;7;3;1;5;0;1;1;0;0;0;0;0;577013.8866;6020446.0463;10.184195636;54.326053201
120996;1;0;3;0;2018;6;17;2;3;5;5;0;1;1;0;0;0;0;0;610860.4925;5969713.1995;10.685833386;53.864048954
120997;1;0;59;179;2018;6;19;7;3;5;3;0;0;1;0;1;0;0;0;513729.4101;6058981.9136;9.212925971;54.678005036
120998;1;0;2;0;2018;6;13;1;3;0;7;0;1;0;0;0;0;0;1;573744.9101;6016119.7161;10.132873547;54.287660891
120999;1;0;54;134;2018;6;11;6;3;5;3;0;1;1;0;0;0;0;0;479216.382;6019578.5084;8.680448368;54.32364404
121000;1;0;55;31;2018;6;13;4;2;0;7;0;1;0;0;0;0;0;0;634301.787;6019470.46;11.064139996;54.305435144
121001;1;0;60;4;2018;6;17;7;3;5;3;0;1;1;0;0;0;0;0;558150.414;5975057.231;9.885449485;53.92065781
121002;1;0;56;50;2018;6;19;3;2;5;3;1;0;1;0;1;0;0;0;547636.157;5936164.237;9.71936982;53.572177377
121003;1;0;51;11;2018;6;10;6;3;0;1;0;1;0;0;0;0;0;0;507482.6833;5971317.0419;9.113853859;53.890250892
121004;1;0;2;0;2018;6;22;4;3;0;1;2;1;0;0;0;0;0;0;573496.862;6019481.6988;10.1298909;54.317906436
121005;1;0;54;168;2018;6;12;4;3;0;1;0;1;0;0;0;0;0;0;464277.4949;6080768.8065;8.443319262;54.872710051
121006;1;0;56;18;2018;6;10;6;3;5;3;0;0;1;0;0;0;0;0;557329.9765;5942453.8521;9.866899299;53.6277355
121007;1;0;3;0;2018;6;20;4;3;0;3;0;1;1;0;0;0;0;0;607116.5534;5968749.2464;10.628589415;53.856174367
121008;1;0;56;15;2018;6;12;6;3;4;6;0;1;0;0;0;0;0;0;544185.1374;5956163.2725;9.670104084;53.75222699
121009;1;0;54;56;2018;6;11;6;3;1;5;0;0;1;0;0;0;0;0;504083.5779;6036675.121;9.063021316;54.477703397
121010;1;0;2;0;2018;6;14;2;3;5;3;0;1;1;0;0;0;0;0;576656.4874;6018079.5432;10.178093752;54.304842691
121011;1;0;3;0;2018;6;10;5;3;6;7;0;0;0;1;0;0;1;0;613211.2606;5970181.823;10.721736365;53.867751765
121012;1;0;56;50;2018;6;18;6;3;1;1;0;1;1;0;0;0;0;0;547562.2834;5937519.4801;9.718460824;53.584364797
121013;1;0;62;4;2018;6;15;7;3;0;7;0;1;0;0;0;0;0;0;590483.3445;5963037.7954;10.374106309;53.808018658
121014;1;0;51;100;2018;6;8;5;3;4;6;0;0;1;0;0;0;0;0;516901.8703;6010950.1199;9.25938224;54.246240585
121015;1;0;54;56;2018;6;13;4;3;5;3;0;1;0;0;0;0;0;0;504687.4866;6037377.2249;9.072352488;54.484008119
121016;1;0;3;0;2018;6;19;3;3;2;2;0;1;1;0;0;0;0;0;609714.9914;5969883.21;10.668482953;53.865819744
121017;1;0;56;36;2018;6;7;6;3;0;7;0;1;0;0;0;0;0;0;544349.9862;5947295.3026;9.671333803;53.672510051
121018;1;0;60;5;2018;6;18;3;3;5;3;1;1;1;0;0;0;0;0;586212.0897;5977223.5406;10.313248759;53.936213733
121019;1;0;62;9;2018;6;22;6;3;5;3;2;0;1;0;0;0;0;1;579853.9041;5935360.7796;10.205601113;53.561042705
121020;1;0;55;35;2018;6;9;5;2;0;2;0;1;1;0;0;0;0;0;613484.2112;5976243.8503;10.728131532;53.92215335
121021;1;0;2;0;2018;6;0;1;3;0;1;2;1;0;0;0;0;0;1;576603.186;6016638.831;10.176905482;54.291905066
121022;1;0;57;57;2018;6;15;5;3;8;7;0;1;0;0;0;0;0;0;592343.5072;6002093.3474;10.414185255;54.158614712
121023;1;0;53;75;2018;6;17;6;3;0;7;0;1;1;0;0;0;0;0;608771.3704;5959586.1386;10.650499136;53.773504824
121024;1;0;55;46;2018;6;22;6;3;0;1;2;0;0;0;1;0;0;0;642991.1114;6034682.749;11.204894868;54.439694296
121025;1;0;56;15;2018;6;11;5;3;5;3;0;1;1;0;0;0;0;0;544242.3326;5956220.9012;9.670979685;53.752740086
121026;1;0;51;23;2018;6;19;1;2;8;7;0;1;0;0;0;0;0;0;519694.332;6012384.409;9.302330021;54.259031312
121027;1;0;57;62;2018;6;12;5;3;1;5;0;1;1;0;0;0;0;0;583081.0503;6008832.0919;10.274238243;54.220747112
121028;1;0;55;35;2018;6;12;6;3;5;3;0;0;1;0;1;0;0;0;613787.7216;5976082.2049;10.732690894;53.920634562
121029;1;0;55;44;2018;6;22;7;3;0;1;2;1;0;0;0;0;0;0;614944.696;5988316.8368;10.754913619;54.030291981
121030;1;0;55;32;2018;6;10;5;3;0;1;0;1;0;0;0;0;0;0;617032.3589;5995605.0384;10.789583313;54.095295847
121031;1;0;55;42;2018;6;12;6;3;0;3;0;1;0;0;0;0;0;0;616644.5128;5984876.3715;10.779531964;53.999002919
121032;1;0;1;0;2018;6;7;3;3;5;3;0;1;0;0;1;0;0;0;530120.221;6069881.196;9.468247874;54.775238515
121033;1;0;55;25;2018;6;18;6;3;6;2;0;0;0;1;0;0;1;0;634476.844;6006713.101;11.061106033;54.190806203
121034;1;0;58;170;2018;6;14;3;3;0;1;0;1;0;0;0;0;0;0;568601.5528;6002668.7135;10.050801775;54.167505616
121035;1;0;3;0;2018;6;22;6;3;6;6;1;1;0;1;0;0;0;0;622597.2919;5980402.2792;10.868495782;53.95743302
121036;1;0;58;86;2018;6;18;7;3;2;6;0;0;1;0;0;0;1;0;544154.1664;6010789.0486;9.677559783;54.243167815
121037;1;0;56;50;2018;6;7;4;3;5;2;0;1;1;0;0;0;0;0;547003.4451;5938127.4519;9.710111502;53.589879545
121038;1;0;3;0;2018;6;15;7;3;1;5;0;1;1;0;0;0;0;0;610764.4124;5963488.0876;10.682129682;53.8081413
121039;1;0;56;48;2018;6;10;4;3;6;4;0;1;0;1;0;0;0;0;547222.8173;5950633.3243;9.715325064;53.702259507
121040;1;0;58;92;2018;6;15;6;3;5;3;0;1;1;0;0;0;0;0;571989.1854;6021569.3874;10.107221544;54.336880687
121041;1;0;58;34;2018;6;19;7;2;0;7;0;1;0;0;0;0;0;0;543295.0412;6019109.1451;9.665581332;54.318012983
121042;1;0;1;0;2018;6;12;5;3;0;1;0;1;0;0;0;0;0;0;527746.977;6071610.4234;9.431520127;54.790914974
121043;1;0;58;43;2018;6;7;6;3;5;2;0;1;1;0;0;0;0;0;554682.5563;6036955.8112;9.843910095;54.477296711
121044;1;0;58;135;2018;6;12;6;3;2;6;0;0;1;0;0;0;0;0;542545.0912;6018370.236;9.65394777;54.311435558
121045;1;0;54;164;2018;6;12;3;2;0;1;0;1;0;0;0;0;0;0;471707.3708;6059746.861;8.561148047;54.684272032
121046;1;0;59;75;2018;6;11;6;3;6;4;0;0;0;1;0;0;1;0;536555.459;6041976.1356;9.564797086;54.524042249
121047;1;0;2;0;2018;6;11;7;3;6;2;0;0;1;1;0;0;0;0;573670.497;6015631.524;10.131610402;54.283284857
121048;1;0;56;48;2018;6;7;6;3;5;2;0;1;1;0;0;0;0;0;547457.841;5950888.213;9.71892391;53.704529051
121049;1;0;53;116;2018;6;18;4;3;5;2;0;1;0;0;0;0;1;0;598439.841;5929318.2945;10.484209952;53.503590696
121050;1;0;2;0;2018;6;8;7;3;5;3;0;1;1;0;0;0;0;0;573835.7273;6021291.7832;10.135547231;54.33412235
121051;1;0;4;0;2018;6;9;2;3;0;1;0;1;0;0;0;0;0;0;564425.821;5993145.3922;9.984819413;54.082466284
121052;1;0;58;22;2018;6;11;4;2;5;2;0;1;1;0;0;0;0;0;566992.5571;6003119.4567;10.026260721;54.17176858
121053;1;0;54;56;2018;6;16;6;3;0;7;0;1;0;0;0;0;0;0;504623.7841;6037304.7957;9.071368092;54.483357769
121054;1;0;62;1;2018;6;13;4;3;5;3;0;0;1;0;0;0;0;1;581652.8393;5948143.7355;10.236105566;53.675638745
121055;1;0;1;0;2018;6;15;6;3;5;2;0;0;1;0;0;0;0;0;528208.287;6071867.438;9.43871918;54.793198904
121056;1;0;4;0;2018;6;12;2;3;0;7;0;1;0;0;0;0;0;1;564634.1135;5992347.4103;9.987832571;54.07526915
121057;1;0;54;138;2018;6;12;6;3;5;3;0;0;1;0;1;0;1;0;495999.604;6019060.3022;8.938499674;54.319394155
121058;1;0;57;51;2018;6;4;7;3;0;7;2;1;0;0;0;0;0;0;577012.299;6023145.6319;10.184868606;54.350310533
121059;1;0;54;85;2018;6;16;6;3;5;3;0;1;0;0;0;0;0;0;458273.4565;6056433.114;8.353257941;54.653559913
121060;1;0;53;108;2018;6;0;2;2;9;1;2;1;0;0;0;0;0;0;598884.6946;5949689.8101;10.497374211;53.686554878
121061;1;0;61;65;2018;5;16;5;3;6;1;0;0;0;1;1;0;0;0;541158.0237;5979336.5059;9.627305691;53.960746506
121062;1;0;2;0;2018;6;17;7;3;5;3;0;1;1;0;0;0;0;0;575942.7868;6018913.9078;10.167339952;54.312446553
121063;1;0;57;48;2018;6;17;6;3;0;1;0;1;0;0;0;0;0;0;603697.4768;6017203.4848;10.593214034;54.292198945
121064;1;0;3;0;2018;6;15;4;3;6;4;0;1;0;1;0;0;0;0;610923.549;5970252.255;10.68698671;53.868878478
121065;1;0;54;149;2018;6;17;7;3;8;7;0;1;0;0;0;0;0;0;456239.498;6087974.4428;8.316973124;54.936820799
121066;1;0;60;63;2018;6;10;3;3;0;7;0;1;0;0;0;0;0;0;565973.5807;5952429.5078;9.999701001;53.716369387
121067;1;0;61;46;2018;5;16;5;3;5;2;0;0;1;0;0;0;0;0;534069.189;5975348.701;9.518822431;53.925421069
121068;1;0;4;0;2018;6;8;4;3;1;5;0;1;1;0;0;0;0;0;565803.8999;5994767.6344;10.006234017;54.096870147
121069;1;0;56;15;2018;6;23;2;3;1;1;2;0;1;0;0;0;0;0;543076.3791;5954463.4901;9.653053138;53.737042644
121070;1;0;61;46;2018;5;7;5;2;5;3;0;1;1;0;0;0;0;0;532656.465;5976671.9;9.497451096;53.937404564
121071;1;0;56;41;2018;6;7;5;2;5;2;0;1;1;0;0;0;0;0;561252.3977;5953414.0419;9.928366264;53.725793022
121072;1;0;54;138;2018;6;18;2;3;5;3;0;1;1;0;0;0;0;0;495988.5685;6019044.1062;8.938330237;54.319248508
121073;1;0;4;0;2018;6;9;5;3;5;3;0;0;1;0;0;0;0;0;564900.717;5993026.556;9.992052052;54.081338738
121074;1;0;56;50;2018;5;18;5;3;0;7;0;0;1;0;0;0;0;0;545995.78;5936164.5967;9.694600017;53.572326994
121075;1;0;54;78;2018;6;15;7;2;8;7;0;0;0;0;1;0;0;0;464001.451;6096877.769;8.436998556;55.017446536
121076;1;0;56;28;2018;6;8;5;3;5;3;0;1;1;0;0;0;0;0;544855.482;5941755.0316;9.678185545;53.622671972
121077;1;0;51;11;2018;6;18;3;3;9;4;0;0;1;1;0;0;0;0;508058.2257;5972647.9542;9.12264611;53.902204578
121078;1;0;61;46;2018;6;4;6;3;4;1;1;0;0;0;1;0;1;0;532512.4161;5975797.0072;9.495163812;53.929550373
121079;1;0;58;92;2018;6;16;3;3;0;7;0;1;0;0;0;0;0;0;571466.5379;6021788.9462;10.0992373;54.338927065
121080;1;0;56;39;2018;5;8;5;3;2;6;0;1;1;0;0;0;0;0;552578.0252;5947193.9456;9.795853775;53.670836237
121081;1;0;1;0;2018;6;9;6;3;6;4;0;0;1;1;0;0;0;0;527746.958;6071612.088;9.43151999;54.790929934
121082;1;0;58;172;2018;6;17;4;3;0;1;0;1;0;0;0;0;0;0;542172.6821;6014790.7808;9.647718935;54.279298248
121083;1;0;60;39;2018;6;6;6;3;5;2;0;0;1;0;0;0;0;0;564468.8786;5961443.0844;9.978785562;53.797562205
121084;1;0;62;4;2018;6;20;3;2;0;1;0;1;0;0;0;0;0;0;590314.2294;5963204.4977;10.371587793;53.809545973
121085;1;0;60;63;2018;5;22;5;2;0;1;2;1;0;0;0;0;0;0;565719.1531;5951986.8832;9.995752335;53.712423626
121086;1;0;54;56;2018;6;11;4;3;5;3;0;0;1;0;0;0;1;0;505459.9088;6038451.0958;9.084294848;54.49365146
121087;1;0;56;48;2018;5;7;5;3;5;3;0;1;1;0;0;0;0;0;546762.8;5949492.2162;9.708185197;53.692044987
121088;1;0;56;41;2018;6;13;5;3;3;6;0;1;1;0;0;0;0;0;560043.3666;5954116.2654;9.910180571;53.732244588
121089;1;0;53;32;2018;6;20;1;3;5;3;0;0;1;0;0;0;0;0;590643.48;5922075.5717;10.364610187;53.43990789
121090;1;0;2;0;2018;6;8;5;2;6;4;0;0;1;1;0;0;0;0;572322.796;6023712.243;10.112871652;54.356088566
121091;1;0;53;116;2018;5;8;5;3;2;6;0;0;1;0;0;0;0;0;598748.778;5929348.4431;10.488875667;53.503803688
121092;1;0;3;0;2018;6;23;6;3;1;5;2;1;0;0;0;0;1;0;610852.4102;5970331.1887;10.685933833;53.869602834
121093;1;0;55;27;2018;6;16;5;1;0;1;0;0;0;0;0;0;1;0;623089.0644;6009803.9032;10.887942653;54.221429019
121094;1;0;62;1;2018;5;17;5;2;3;6;0;1;0;0;0;0;0;0;582044.406;5948521.392;10.242131641;53.678971157
121095;1;0;62;1;2018;5;14;5;2;9;7;0;0;1;0;0;0;0;0;581756.3761;5947439.4635;10.237487062;53.669293751
121096;1;0;2;0;2018;6;14;3;2;3;6;0;1;0;0;0;0;0;0;574038.429;6021550.1885;10.13872814;54.336414915
121097;1;0;3;0;2018;5;16;5;3;8;1;0;0;0;0;1;0;0;0;606759.1699;5965652.359;10.622082123;53.828423834
121098;1;0;3;0;2018;6;10;3;3;0;7;0;1;0;0;0;0;0;0;610534.4204;5969951.5047;10.680963078;53.866259479
121099;1;0;55;44;2018;5;17;5;3;7;7;0;1;0;0;0;0;0;0;615062.0168;5988045.3438;10.756601055;54.027826836
121100;1;0;59;70;2018;6;15;1;3;8;6;0;0;1;0;1;0;0;0;549024.6812;6060037.5478;9.760454477;54.685293138
121101;1;0;54;149;2018;6;14;5;3;5;3;0;1;1;0;0;0;0;0;456489.7503;6087521.937;8.320947342;54.932776514
121102;1;0;3;0;2018;5;20;5;2;6;4;1;0;1;1;0;0;0;0;610474.607;5969176.781;10.679774986;53.859311895
121103;1;0;4;0;2018;6;14;6;3;5;3;0;1;1;0;0;0;0;0;564895.7914;5993027.617;9.991977001;54.081348894
121104;1;0;60;89;2018;6;12;4;3;5;3;0;1;1;0;0;0;0;0;579376.7317;5988452.7579;10.212080819;54.038211772
121105;1;0;3;0;2018;5;12;5;3;0;7;0;0;1;0;0;0;0;0;614205.869;5968110.067;10.7360841;53.848921224
121106;1;0;62;60;2018;5;8;4;2;5;2;0;1;1;0;0;0;0;0;583248.1875;5930127.2269;10.255441085;53.513484229
121107;1;0;3;0;2018;5;9;5;3;0;1;0;1;1;0;0;0;0;0;614434.3469;5968292.6099;10.73962353;53.850510902
121108;1;0;60;39;2018;6;6;2;3;5;3;0;1;1;0;0;0;0;0;564512.6399;5960804.3901;9.979316123;53.791816892
121109;1;0;3;0;2018;5;11;5;3;6;4;0;0;1;1;0;0;0;0;607210.8963;5968574.9289;10.629962281;53.854588742
121110;1;0;2;0;2018;6;12;6;3;0;7;0;1;0;0;0;0;0;0;574020.872;6019043.7911;10.13783634;54.313895841
121111;1;0;53;37;2018;6;8;6;3;8;6;0;0;0;0;1;0;1;0;611894.2954;5936146.9828;10.689417228;53.562254451
121112;1;0;53;41;2018;6;13;4;3;0;7;0;0;0;0;1;0;0;0;613262.7696;5964795.749;10.720533703;53.81935154
121113;1;0;2;0;2018;6;12;6;3;5;2;0;1;1;0;0;0;0;0;572076.3539;6018697.3109;10.107868168;54.311060623
121114;1;0;59;45;2018;6;13;4;3;8;7;0;0;1;0;0;0;0;0;560890.6778;6057058.9759;9.94386987;54.657234007
121115;1;0;3;0;2018;5;20;5;3;5;3;0;1;1;0;0;0;0;0;609447.0139;5970772.0793;10.664726758;53.873862198
121116;1;0;2;0;2018;6;16;7;2;0;1;0;0;0;0;0;0;1;0;570220.4641;6016815.2994;10.078905066;54.294407679
121117;1;0;60;92;2018;6;7;4;2;5;3;0;0;1;0;0;0;0;0;578825.7128;5978461.6616;10.201081917;53.948516814
121118;1;0;3;0;2018;6;19;4;3;5;3;0;1;1;0;0;0;0;0;614499.6054;5967860.2007;10.74045388;53.846611758
121119;1;0;55;12;2018;5;9;5;3;0;7;0;1;0;0;0;0;0;0;605663.0221;5998791.5101;10.616925109;54.126383037
121120;1;0;60;63;2018;6;19;4;2;5;3;0;1;1;0;0;0;0;0;568423.4385;5948892.1632;10.036036174;53.684264192
121121;1;0;58;43;2018;5;16;5;3;5;2;0;1;1;0;0;0;0;0;554171.1877;6035962.4917;9.83583714;54.468425327
121122;1;0;53;32;2018;6;7;2;3;5;3;0;0;1;0;0;0;0;0;590156.721;5922112.195;10.35729493;53.440320466
121123;1;0;58;107;2018;5;13;5;3;1;5;0;1;1;0;0;0;0;0;570344.3382;6015908.8882;10.080594705;54.286245738
121124;1;0;54;88;2018;6;8;6;2;6;4;0;0;1;1;0;0;0;0;489381.2454;6071567.4187;8.834856809;54.791183355
121125;1;0;3;0;2018;6;14;4;3;5;7;0;1;0;0;0;0;1;0;622129.7285;5983819.7331;10.862742999;53.988243303
121126;1;0;56;50;2018;6;19;3;2;6;4;0;1;0;1;0;0;0;0;547317.225;5935978.2897;9.714525757;53.570534971
121127;1;0;58;140;2018;5;11;5;3;0;7;0;1;0;0;0;0;0;0;546721.9652;6017566.9957;9.718018255;54.303851974
121128;1;0;2;0;2018;6;13;4;3;6;4;0;0;1;1;0;0;0;0;574078.364;6022799.641;10.139652759;54.34763623
121129;1;0;58;135;2018;5;10;5;2;5;3;0;1;1;0;0;0;0;0;543343.4075;6017092.6505;9.666032155;54.299886955
121130;1;0;60;75;2018;6;12;5;2;9;1;0;0;1;0;0;0;0;0;596799.4705;5987783.8146;10.477823509;54.029226226
121131;1;0;51;44;2018;6;20;1;3;7;1;0;1;0;0;0;0;0;0;509938.735;6005679.388;9.15234951;54.199052172
121132;1;0;58;22;2018;6;14;5;3;5;2;0;1;0;0;0;0;1;0;567553.7283;6003310.9459;10.034898729;54.173415791
121133;1;0;55;44;2018;6;13;4;3;5;2;0;0;1;0;1;0;0;0;611565.823;5986453.474;10.70266832;54.014293341
121134;1;0;58;97;2018;5;15;5;3;8;1;0;0;1;0;0;0;0;0;532242.0428;6021111.1924;9.495886528;54.33682324
121135;1;0;54;160;2018;6;16;6;3;0;1;0;1;0;0;0;0;0;0;461181.6765;6053424.4666;8.398730227;54.626755064
121136;1;0;57;91;2018;6;12;2;3;6;4;0;0;1;1;0;0;0;0;579509.3698;6015933.5011;10.221356542;54.285123489
121137;1;0;55;35;2018;6;6;5;3;5;3;0;0;1;0;1;0;0;0;613843.648;5979189.691;10.734699914;53.948539607
121138;1;0;58;43;2018;5;13;5;3;5;3;0;1;1;0;0;0;0;0;554672.2074;6033829.381;9.843172629;54.44920295
121139;1;0;54;168;2018;6;13;6;3;0;7;0;1;0;0;0;0;0;0;456078.8492;6083936.62;8.315082375;54.900523218
121140;1;0;2;0;2018;6;20;4;3;0;1;0;0;0;0;1;0;0;0;569298.7893;6019572.2873;10.065386336;54.319307527
121141;1;0;53;116;2018;6;7;3;3;2;6;0;1;1;0;0;0;0;0;598320.2907;5929877.6397;10.482583524;53.508639139
121142;1;0;4;0;2018;5;14;5;3;5;3;0;0;1;0;0;0;0;0;563291.9459;5995689.3342;9.968021768;54.105468007
121143;1;0;61;46;2018;6;14;3;3;3;6;0;1;1;0;0;0;0;0;533980.6165;5975908.0806;9.517535858;53.930454401
121144;1;0;57;57;2018;5;17;5;3;5;3;0;1;1;0;0;0;0;0;594388.5361;6001873.8245;10.445424006;54.156270552
121145;1;0;62;18;2018;6;17;5;3;5;3;0;1;1;0;0;0;0;0;581579.4038;5931188.0382;10.230557328;53.52327887
121146;1;0;2;0;2018;6;3;1;2;0;7;2;1;0;0;0;0;0;0;573111.2915;6018067.6859;10.123618452;54.305255872
121147;1;0;2;0;2018;6;21;5;3;0;7;1;1;0;0;0;0;0;0;569935.8359;6018143.2231;10.07484354;54.306379281
121148;1;0;57;57;2018;5;14;5;3;5;3;0;1;1;0;0;0;0;0;592125.966;6002084.464;10.410852145;54.158573966
121149;1;0;3;0;2018;6;12;2;2;0;1;0;1;0;0;0;0;0;0;610321.4971;5972667.6194;10.678703945;53.890707007
121150;1;0;2;0;2018;6;16;5;3;5;3;0;1;0;0;0;0;0;0;573153.7052;6024221.7491;10.125779782;54.360548264
121151;1;0;2;0;2018;5;21;5;3;0;1;1;1;0;0;0;0;0;0;573651.3706;6019277.6588;10.132215354;54.316050732
121152;1;0;54;56;2018;5;7;5;3;5;3;0;1;1;0;0;0;0;0;503492.0573;6037798.8072;9.053905742;54.487806591
121153;1;0;55;46;2018;6;20;5;3;0;1;0;1;0;0;0;0;0;1;642539.3276;6033949.8247;11.197581637;54.433239042
121154;1;0;61;103;2018;6;7;3;2;5;2;0;0;1;0;1;0;0;0;549553.6907;5981617.2655;9.755626874;53.980507934
121155;1;0;57;56;2018;6;13;3;3;0;3;0;0;1;0;0;0;0;0;585796.1845;6025252.0229;10.320581867;54.367834319
121156;1;0;54;164;2018;5;10;5;3;0;1;0;1;0;0;0;0;0;0;472216.802;6059977.6454;8.569027702;54.686374363
121157;1;0;3;0;2018;6;21;3;3;5;3;1;1;1;0;0;0;0;1;609872.464;5969463.815;10.670726413;53.862018467
121158;1;0;59;45;2018;5;15;5;3;5;3;0;0;1;0;0;0;0;0;559290.9898;6058429.5382;9.919354684;54.669740196
121159;1;0;3;0;2018;6;12;7;3;2;2;0;0;1;0;0;0;0;0;610999.769;5965803.023;10.686537346;53.828889196
121160;1;0;54;168;2018;6;10;5;3;0;7;0;1;0;0;0;0;0;0;458995.0412;6086027.2337;8.360257101;54.919557256
121161;1;0;56;41;2018;6;8;4;3;5;3;0;1;1;0;0;0;0;0;564072.684;5956134.568;9.971668857;53.7499037
121162;1;0;61;46;2018;5;17;4;3;5;3;0;1;1;0;0;0;0;0;533297.0256;5978264.7103;9.507381944;53.951679379
121163;1;0;3;0;2018;5;7;4;2;5;3;0;1;1;0;0;0;0;0;609920.3683;5970037.2319;10.671659927;53.867160072
121164;1;0;56;18;2018;6;12;2;3;6;7;0;0;0;1;0;0;1;0;555153.9566;5940918.5775;9.833727162;53.614170915
121165;1;0;59;75;2018;6;13;7;3;9;1;0;0;0;0;1;0;0;0;537866.3141;6041147.8849;9.584942808;54.516502769
121166;1;0;55;42;2018;7;14;1;3;7;1;0;1;0;0;0;0;0;0;616560.1423;5985157.5474;10.778353182;54.00154793
121167;1;0;53;129;2018;6;13;6;3;1;7;0;1;1;0;0;0;0;0;582557.1573;5928724.9278;10.24465329;53.500991379
121168;1;0;56;39;2018;7;19;5;2;0;7;0;1;0;0;0;0;0;0;552793.3917;5946057.9718;9.798920211;53.660604914
121169;1;0;55;32;2018;6;21;6;3;0;1;2;1;0;0;0;0;0;0;618981.6454;5995287.4995;10.819249234;54.091996464
121170;1;0;55;42;2018;6;15;6;3;1;5;0;0;1;0;0;0;0;0;616238.616;5985661.5269;10.773642802;54.006147937
121171;1;0;55;12;2018;6;1;6;2;0;1;2;1;0;0;0;0;0;0;605123.2349;5998727.0786;10.608646109;54.125914815
121172;1;0;54;168;2018;7;18;1;3;8;1;0;1;0;0;0;0;0;0;463273.1155;6080923.587;8.427648693;54.874028202
121173;1;0;55;12;2018;6;8;6;3;6;4;0;0;0;1;1;0;0;0;605568.17;5999696.507;10.615790686;54.134533144
121174;1;0;54;56;2018;7;11;5;3;3;6;0;1;1;0;0;0;0;0;503044.6314;6036818.9895;9.046988881;54.479003667
121175;1;0;58;172;2018;6;20;6;3;5;2;0;1;1;0;0;0;0;0;542473.598;6014090.6866;9.652240922;54.272981648
121176;1;0;54;56;2018;7;17;2;3;5;3;0;1;1;0;0;0;0;0;503551.5447;6036603.5566;9.054809663;54.477064235
121177;1;0;58;34;2018;7;9;1;2;5;3;0;1;0;0;0;0;0;0;543421.2173;6019097.9664;9.667519285;54.317901807
121178;1;0;55;44;2018;7;9;5;3;8;7;0;0;1;1;0;0;0;0;615062.2449;5988044.7862;10.756604324;54.027821775
121179;1;0;2;0;2018;6;13;6;3;6;7;0;1;0;1;0;0;0;0;573758.5807;6020549.2492;10.134177392;54.327461351
121180;1;0;2;0;2018;7;12;2;3;5;3;0;1;1;0;0;0;0;0;572853.8949;6019577.8895;10.120031939;54.318862931
121181;1;0;58;92;2018;7;16;3;2;0;7;0;1;0;0;0;0;0;0;571171.103;6022210.0193;10.094794634;54.342752029
121182;1;0;55;32;2018;7;21;1;3;1;7;0;0;1;0;0;0;0;0;621619.3007;5995182.8363;10.859514162;54.090439942
121183;1;0;2;0;2018;6;14;5;3;5;3;0;1;0;1;0;0;0;1;577020.4087;6017341.8849;10.183495201;54.298159686
121184;1;0;54;149;2018;6;12;6;3;0;1;0;1;0;0;0;0;0;0;457015.058;6087897.7081;8.329088841;54.936198671
121185;1;0;59;75;2018;6;21;6;3;6;4;1;0;1;1;0;0;0;0;535923.8231;6042322.163;9.555080739;54.527197071
121186;1;0;55;42;2018;7;14;7;3;2;7;0;1;1;0;0;0;0;0;620229.2946;5984086.1701;10.833878965;53.99108242
121187;1;0;1;0;2018;6;10;6;3;5;3;0;1;1;0;0;0;0;0;526799.5105;6071571.5681;9.416782007;54.790617301
121188;1;0;56;50;2018;7;17;4;3;6;7;0;0;1;1;0;0;0;0;546733.8743;5936742.2286;9.705831805;53.577453447
121189;1;0;61;49;2018;6;8;5;3;0;7;0;1;0;0;0;0;0;0;546865.0012;5979035.0994;9.714234684;53.957552097
121190;1;0;62;1;2018;7;12;1;3;0;7;0;1;0;0;0;0;0;0;580422.7472;5944116.1965;10.216445823;53.639636372
121191;1;0;62;82;2018;6;10;7;3;5;3;0;1;1;0;0;0;0;0;593241.058;5941040.766;10.409349777;53.60987465
121192;1;0;57;73;2018;7;17;2;3;0;7;0;1;0;0;0;0;0;0;590463.6825;6029589.1856;10.393721457;54.405995212
121193;1;0;60;63;2018;6;17;5;3;5;3;0;1;0;0;0;0;0;0;568023.109;5949964.699;10.030210934;53.693955269
121194;1;0;56;50;2018;6;13;5;3;6;4;0;0;1;1;0;0;0;0;547853.1541;5937141.6578;9.722796306;53.580942531
121195;1;0;51;13;2018;7;12;6;3;6;7;0;0;0;1;0;0;1;0;490905.718;5997726.2272;8.860835005;54.127587657
121196;1;0;56;44;2018;6;14;5;3;5;3;0;1;1;0;0;0;0;0;556317.879;5940229.75;9.851194801;53.607856227
121197;1;0;53;25;2018;6;7;5;3;5;3;0;1;1;0;0;0;0;0;602947.163;5950007.519;10.558971572;53.688624863