OBJECTID_1;ULAND;UREGBEZ;UKREIS;UGEMEINDE;UJAHR;UMONAT;USTUNDE;UWOCHENTAG;UKATEGORIE;UART;UTYP1;ULICHTVERH;IstRad;IstPKW;IstFuss;IstKrad;IstGkfz;IstSonstig;STRZUSTAND;LINREFX;LINREFY;XGCSWGS84;YGCSWGS84
121198;1;0;58;86;2018;7;21;7;3;5;3;0;1;0;0;0;0;1;0;543578.0735;6009847.0022;9.668583245;54.234751058
121199;1;0;62;18;2018;6;10;5;3;9;1;0;1;0;0;0;0;0;0;579808.946;5933286.1129;10.204392942;53.542405333
121200;1;0;55;35;2018;7;12;4;3;1;7;0;0;0;0;1;1;0;0;613453.2383;5979197.7188;10.728756996;53.948697461
121201;1;0;62;60;2018;6;18;5;3;1;5;0;0;1;0;0;0;0;0;582966.5814;5929526.9751;10.25103649;53.508134574
121202;1;0;2;0;2018;6;18;7;3;5;2;0;0;1;0;1;0;0;0;574331.9242;6018312.22;10.142434632;54.307277006
121203;1;0;56;49;2018;7;15;1;3;4;6;0;1;0;0;0;0;0;0;546261.4624;5949298.3558;9.700564541;53.690347268
121204;1;0;62;6;2018;6;17;5;3;6;7;0;0;1;1;0;0;0;0;583429.1542;5954187.8201;10.26461676;53.729671444
121205;1;0;3;0;2018;7;7;6;3;3;6;0;1;1;0;0;0;0;0;611384.7168;5967836.6884;10.693120514;53.847077778
121206;1;0;3;0;2018;6;11;5;3;5;3;0;0;1;0;0;0;0;0;609265.64;5969231.734;10.661420675;53.860061442
121207;1;0;3;0;2018;6;8;5;3;5;3;0;1;0;0;0;0;0;0;612635.4022;5969441.6193;10.712711219;53.861226981
121208;1;0;56;44;2018;7;10;3;3;5;3;0;0;1;0;0;0;0;0;555980.64;5940478.938;9.846143116;53.610131951
121209;1;0;55;46;2018;6;16;5;3;0;1;0;1;0;0;0;0;0;0;642701.8225;6033796.2385;11.200010902;54.431814162
121210;1;0;54;149;2018;6;9;7;3;0;3;0;0;1;0;1;0;0;0;456301.2995;6087026.7898;8.318081745;54.928310714
121211;1;0;2;0;2018;6;10;5;2;6;7;0;0;1;1;0;0;0;0;571827.2792;6020945.3814;10.104581569;54.331296348
121212;1;0;55;44;2018;7;20;1;3;0;1;0;1;0;0;0;0;0;0;615133.147;5987653.5337;10.757537944;54.024291087
121213;1;0;58;22;2018;6;17;5;3;5;3;0;1;1;0;0;0;0;0;566529.0683;6004271.866;10.019416433;54.182184675
121214;1;0;53;20;2018;7;14;5;3;1;7;0;1;1;0;0;0;0;0;607839.1209;5926480.9331;10.62489116;53.476253708
121215;1;0;4;0;2018;6;20;5;2;0;7;0;1;0;0;0;0;0;0;562877.636;5992336.2962;9.960989448;54.075386677
121216;1;0;4;0;2018;7;15;3;3;1;6;0;0;1;0;1;0;0;0;562603.9775;5991389.8618;9.956612091;54.066914823
121217;1;0;2;0;2018;6;20;5;3;5;3;0;0;1;0;1;0;0;1;573836.9788;6021148.098;10.135530897;54.332831064
121218;1;0;58;81;2018;6;22;5;3;7;7;2;0;0;0;1;0;0;0;543077.3494;6025617.5149;9.663175964;54.376520777
121219;1;0;57;9;2018;6;16;5;3;8;1;0;0;1;0;0;0;0;0;595847.3509;5998884.0573;10.46680579;54.129138064
121220;1;0;62;60;2018;7;12;7;2;5;3;0;1;1;0;0;0;0;0;581768.2164;5930691.4523;10.233275054;53.518786932
121221;1;0;55;12;2018;7;11;3;3;5;3;0;0;1;0;0;0;0;0;605848.7452;5998988.7558;10.619835049;54.128116918
121222;1;0;2;0;2018;6;13;5;3;5;3;0;1;1;0;0;0;0;0;574733.5391;6019154.4584;10.148816615;54.314786454
121223;1;0;62;16;2018;6;17;6;3;4;6;0;0;1;0;0;0;0;0;584643.5186;5958106.945;10.284092546;53.764693231
121224;1;0;57;73;2018;7;10;1;3;1;6;0;0;1;0;1;0;0;0;589176.0921;6027898.2732;10.373382999;54.391030059
121225;1;0;57;74;2018;6;9;5;3;5;2;0;0;1;0;0;0;0;0;578311.5447;6020703.3686;10.204211645;54.328167908
121226;1;0;57;57;2018;7;19;5;3;9;1;0;0;0;0;1;0;0;0;593571.8515;6002163.9781;10.433012076;54.159026982
121227;1;0;2;0;2018;6;7;5;2;9;6;0;1;0;0;0;0;1;0;572155.8624;6019885.3827;10.109377197;54.32172512
121228;1;0;54;138;2018;7;6;2;2;5;3;0;0;1;0;1;0;0;0;496760.406;6019544.157;8.95019065;54.323748162
121229;1;0;58;4;2018;7;16;3;3;2;6;0;1;0;0;0;0;0;0;559416.8262;6033514.986;9.916272649;54.445845095
121230;1;0;3;0;2018;7;18;1;3;3;7;0;1;0;0;0;0;1;0;622744.8267;5980499.0022;10.870781938;53.958266919
121231;1;0;57;25;2018;6;16;5;3;0;3;0;0;1;0;1;0;0;0;578201.6042;6026435.2451;10.204026491;54.379687983
121232;1;0;54;56;2018;6;14;5;3;5;3;0;1;0;0;0;0;0;0;503585.1856;6036440.7318;9.055326855;54.47560066
121233;1;0;55;31;2018;7;13;7;3;0;7;0;1;0;0;0;0;0;0;633948.8033;6022733.1838;11.060182953;54.334832389
121234;1;0;59;75;2018;6;18;5;3;0;1;0;1;0;0;0;0;0;0;536271.2335;6040953.6726;9.560280125;54.514874098
121235;1;0;56;50;2018;7;19;4;3;2;6;0;0;1;0;1;0;0;0;548810.9742;5937618.2992;9.737336916;53.585138219
121236;1;0;54;160;2018;6;20;5;3;3;6;0;1;0;0;0;0;0;0;460400.7317;6053309.2969;8.386650249;54.625659438
121237;1;0;56;41;2018;6;6;4;3;0;1;0;1;0;0;0;0;0;0;559234.3666;5954096.876;9.897915122;53.732162834
121238;1;0;56;18;2018;7;14;4;3;5;3;0;0;1;0;0;0;0;0;556329.548;5941073.5653;9.851523722;53.61543877
121239;1;0;56;39;2018;6;12;4;3;3;6;0;1;0;0;0;0;1;0;553357.9647;5945772.0085;9.807413823;53.657977507
121240;1;0;56;39;2018;7;18;1;3;0;1;0;1;0;0;0;0;0;0;552290.2906;5946184.1932;9.791328856;53.661789886
121241;1;0;2;0;2018;7;17;1;3;0;7;0;1;0;0;0;0;0;0;576636.7213;6022407.2341;10.178901613;54.343732246
121242;1;0;56;39;2018;6;18;4;3;0;1;0;0;0;0;1;0;0;0;553690.5048;5944283.0104;9.812188037;53.644561045
121243;1;0;62;53;2018;6;16;4;3;0;2;0;1;0;0;0;0;0;1;578717.4739;5933307.6432;10.187930923;53.542763543
121244;1;0;54;91;2018;7;13;7;3;0;1;0;1;0;0;0;0;0;0;491587.4049;6037137.6782;8.870156511;54.481807188
121245;1;0;3;0;2018;6;15;4;3;0;1;0;1;0;0;0;0;0;0;610622.959;5969961.9207;10.682312654;53.866334198
121246;1;0;58;135;2018;7;11;4;3;6;3;0;0;1;1;0;0;0;0;542554.2835;6017489.6937;9.653963593;54.303521473
121247;1;0;2;0;2018;7;16;3;3;5;3;0;0;1;0;0;0;0;0;573612.342;6015968.174;10.130800165;54.286318283
121248;1;0;3;0;2018;7;7;3;3;5;2;0;1;1;0;0;0;0;0;611372.655;5967428.982;10.692789442;53.843417439
121249;1;0;3;0;2018;6;16;4;3;3;2;0;1;0;0;0;0;0;0;609525.1352;5970200.3457;10.665710294;53.868709084
121250;1;0;59;75;2018;6;14;7;3;8;1;0;1;0;0;0;0;0;0;537300.7413;6041302.161;9.576226089;54.517931139
121251;1;0;62;86;2018;7;8;1;3;5;3;0;1;1;0;0;0;0;0;588954.5706;5936384.6823;10.343251379;53.568780117
121252;1;0;3;0;2018;7;12;1;3;6;7;0;0;1;1;0;0;0;0;623439.7223;5982212.3442;10.882060211;53.97349274
121253;1;0;55;32;2018;6;16;7;3;4;6;0;0;1;0;0;0;1;0;619398.5916;5995446.0515;10.825683397;54.093324243
121254;1;0;51;65;2018;7;8;1;3;9;1;0;1;0;0;0;0;0;0;501945.2709;6020859.0943;9.029917476;54.33557263
121255;1;0;58;50;2018;6;1;4;3;8;7;2;0;1;0;0;0;0;0;558933.4006;6017561.1236;9.905657892;54.302536346
121256;1;0;58;43;2018;6;19;4;3;6;2;0;0;1;1;0;0;0;0;554276.0256;6035702.2277;9.83740679;54.466075332
121257;1;0;56;21;2018;7;18;6;3;5;3;0;0;1;0;0;0;0;0;561039.2564;5950425.8181;9.924547215;53.698962302
121258;1;0;2;0;2018;6;10;4;3;0;6;0;1;0;0;0;0;0;0;573274.8125;6019164.1281;10.12640004;54.315084757
121259;1;0;60;63;2018;7;19;3;3;1;5;0;0;1;0;0;1;0;0;567087.5709;5953265.974;10.016759761;53.723744633
121260;1;0;2;0;2018;7;16;3;3;0;7;0;1;0;0;0;0;0;0;575330.6253;6016656.5363;10.157363202;54.292253324
121261;1;0;57;91;2018;6;7;4;3;0;1;0;1;0;0;0;0;0;0;578394.7323;6018541.5082;10.204922717;54.30872985
121262;1;0;56;32;2018;6;16;6;3;5;3;0;1;0;0;0;0;1;0;552318.796;5948892.73;9.792216782;53.686130143
121263;1;0;54;168;2018;6;3;5;2;8;1;2;1;0;0;0;0;0;0;455500.4634;6085361.3433;8.305843377;54.913274471
121264;1;0;4;0;2018;7;2;1;3;0;7;2;1;0;0;0;0;0;0;564874.9824;5994550.5427;9.991985381;54.095037191
121265;1;0;59;45;2018;6;11;4;2;5;3;0;1;0;0;0;1;0;0;559494.242;6058302.522;9.922479953;54.668574909
121266;1;0;3;0;2018;7;10;5;3;5;3;0;1;0;0;0;0;1;0;619623.8767;5975308.2155;10.821209359;53.912366723
121267;1;0;2;0;2018;7;6;3;3;0;7;0;1;0;0;0;0;0;0;575125.3189;6015642.2938;10.153954828;54.283169907
121268;1;0;51;74;2018;6;15;3;3;7;7;0;1;0;1;0;0;0;0;502416.9975;5993824.8835;9.036954897;54.092598111
121269;1;0;60;63;2018;6;8;3;3;2;2;0;0;1;0;0;0;0;0;565844.7128;5953168.7119;9.997905842;53.723028871
121270;1;0;51;13;2018;7;10;5;2;6;7;0;0;0;1;0;0;1;0;490965.6123;5997771.1568;8.861750189;54.127992527
121271;1;0;56;39;2018;6;13;3;3;0;1;0;1;0;0;0;0;0;0;552669.4773;5945907.5327;9.797019711;53.659265328
121272;1;0;2;0;2018;7;13;3;3;1;5;0;1;1;0;0;0;0;0;573516.0644;6021624.9601;10.130714227;54.337162321
121273;1;0;55;21;2018;6;15;3;3;9;1;0;0;0;0;1;0;0;0;628435.6008;6026753.3146;10.977178328;54.372358776
121274;1;0;55;32;2018;6;7;3;3;5;3;0;1;1;0;0;0;0;0;619423.1221;5996115.3713;10.826322458;54.099331189
121275;1;0;59;158;2018;7;0;1;2;6;4;2;0;1;1;0;0;0;0;511374.221;6068396.6927;9.176767887;54.762672401
121276;1;0;55;46;2018;6;12;3;3;0;7;0;1;0;0;0;0;0;0;642210.4085;6034502.2734;11.192779767;54.438292505
121277;1;0;1;0;2018;7;13;5;3;5;3;0;1;1;0;0;0;0;0;529428.0622;6072053.1368;9.45770835;54.794797612
121278;1;0;54;149;2018;7;13;3;3;0;7;0;1;0;0;0;0;0;0;456728.5461;6087124.8125;8.324733657;54.929228752
121279;1;0;58;43;2018;6;16;3;3;0;1;0;1;0;0;0;0;0;0;555643.0971;6036800.998;9.858703048;54.47580114
121280;1;0;54;61;2018;7;14;2;2;0;1;0;1;0;0;0;0;0;0;458234.9214;6090784.0564;8.347707282;54.962238725
121281;1;0;54;56;2018;7;12;3;3;5;3;0;1;1;0;0;0;0;0;504969.7096;6038287.4395;9.076723978;54.492185693
121282;1;0;58;43;2018;7;14;1;3;5;3;0;1;1;0;0;0;0;0;554198.326;6035605.744;9.836190452;54.465216603
121283;1;0;58;43;2018;6;16;3;3;0;2;0;1;1;0;0;0;0;0;554256.7516;6035353.9602;9.837045577;54.462947769
121284;1;0;57;25;2018;6;15;3;3;5;3;0;0;1;0;0;0;0;0;578677.6431;6026400.0949;10.211344688;54.379298845
121285;1;0;57;91;2018;7;10;2;2;2;6;0;0;1;0;0;0;0;0;580225.2797;6016119.4795;10.232400838;54.286682726
121286;1;0;57;49;2018;6;15;3;3;5;2;0;1;1;0;0;0;0;0;582644;6028743.192;10.273047205;54.39972382
121287;1;0;57;62;2018;6;14;3;3;0;7;0;1;0;0;0;0;0;0;583557.235;6009159.4561;10.281630718;54.223611157
121288;1;0;3;0;2018;7;1;7;3;4;6;2;1;0;0;0;0;0;0;610296.4207;5970057.8893;10.677383631;53.867265892
121289;1;0;57;62;2018;6;20;3;3;0;1;1;1;0;0;0;0;0;0;583295.0328;6010191.6165;10.277896533;54.232928162
121290;1;0;60;63;2018;7;13;4;3;8;1;0;1;0;0;0;0;0;0;565670.5351;5951377.1941;9.994886532;53.70695047
121291;1;0;54;149;2018;7;13;3;2;2;6;0;1;0;0;0;0;0;0;456726.005;6087118.047;8.324695023;54.929167738
121292;1;0;2;0;2018;6;0;3;2;8;1;2;1;0;0;0;0;0;0;574098.726;6022124.8809;10.139798168;54.341570134
121293;1;0;53;104;2018;7;16;1;3;8;1;0;0;0;0;1;0;0;0;606530.3567;5933007.6064;10.607397185;53.535163146
121294;1;0;56;50;2018;6;16;7;3;0;1;0;1;0;0;0;0;0;0;546803.8357;5935901.6285;9.706762354;53.569891999
121295;1;0;2;0;2018;6;12;3;3;1;6;0;0;1;0;0;0;0;0;575121.4725;6018889.9745;10.15471211;54.312352978
121296;1;0;1;0;2018;6;10;3;3;0;7;0;0;1;0;0;0;0;0;530728.7195;6071544.5929;9.47788341;54.790149643
121297;1;0;54;56;2018;7;15;7;3;2;2;0;0;1;0;0;0;0;0;504380.232;6038549.389;9.067627326;54.49454531
121298;1;0;54;168;2018;6;23;3;2;0;7;2;1;0;0;0;0;0;0;455845.5836;6084880.0983;8.31130037;54.908980676
121299;1;0;56;15;2018;7;17;3;3;5;3;0;1;1;0;0;0;0;0;543077.67;5956804.262;9.653399049;53.758080723
121300;1;0;3;0;2018;7;16;7;3;4;6;0;1;0;0;0;0;0;0;610358.8046;5970667.7909;10.678551348;53.872732143
121301;1;0;54;88;2018;6;10;3;2;5;2;0;1;1;0;0;0;0;0;488881.4125;6071116.8684;8.827100707;54.78712357
121302;1;0;56;49;2018;7;18;4;3;4;6;0;1;0;0;0;0;0;0;546294.8739;5949935.6014;9.701165635;53.696071684
121303;1;0;61;46;2018;7;10;2;3;4;6;0;1;0;0;0;0;0;0;533853.858;5974255.2408;9.515422348;53.915607526
121304;1;0;61;46;2018;6;12;2;2;5;3;0;0;1;0;1;0;0;0;533541.056;5976019.204;9.510853701;53.931481799
121305;1;0;57;91;2018;6;12;7;3;5;3;0;0;1;0;0;0;0;0;579932.4418;6016115.7331;10.227902479;54.28669494
121306;1;0;60;39;2018;7;8;1;3;5;3;0;0;1;0;0;0;0;0;565694.9576;5956545.4553;9.99635414;53.753394381
121307;1;0;60;39;2018;6;16;2;3;2;6;0;0;1;0;1;0;0;0;564855.1659;5958490.6091;9.984028262;53.770980559
121308;1;0;56;41;2018;6;15;2;3;0;7;0;1;0;0;0;0;0;0;560066.9741;5953812.2426;9.910479339;53.72950956
121309;1;0;60;5;2018;7;14;6;3;0;7;0;1;0;0;0;0;0;0;585779.4808;5977685.088;10.306790436;53.940432902
121310;1;0;3;0;2018;6;17;2;3;1;5;0;1;1;0;0;0;0;0;610905.2438;5969641.6165;10.686487714;53.863396278
121311;1;0;51;71;2018;7;17;2;3;0;7;0;1;0;0;0;0;0;0;502026.5486;6019643.9743;9.031159237;54.32465152
121312;1;0;58;70;2018;6;13;2;3;5;3;0;0;0;0;0;0;1;0;534378.9275;6008825.5331;9.527338634;54.226271121
121313;1;0;56;44;2018;6;7;6;3;5;3;0;0;1;0;0;1;0;0;555439.5738;5939153.2828;9.837730099;53.598275091
121314;1;0;51;13;2018;7;15;2;3;5;3;0;0;1;0;1;0;0;0;490943.331;5998180.204;8.861396957;54.131668526
121315;1;0;58;58;2018;6;10;2;3;5;3;0;0;1;0;1;0;0;0;564426.7973;6028991.9272;9.992536835;54.404590738
121316;1;0;1;0;2018;6;23;7;3;8;1;2;0;0;0;1;0;0;0;526827.5007;6071586.4754;9.417218673;54.79074977
121317;1;0;55;24;2018;7;14;1;3;8;1;0;0;0;0;1;0;0;0;609622.9574;6006256.1612;10.680209404;54.192615096
121318;1;0;58;135;2018;6;12;2;3;6;4;0;1;0;1;0;0;0;0;543615.3406;6016513.9291;9.670126013;54.294662926
121319;1;0;53;116;2018;7;7;5;3;9;1;0;0;1;0;0;0;0;0;597920.5815;5930266.2488;10.476679866;53.512205633
121320;1;0;51;44;2018;7;14;2;3;5;2;0;0;1;0;0;1;0;0;506397.7581;6005221.5575;9.09806073;54.194993778
121321;1;0;2;0;2018;6;16;2;3;0;7;0;1;0;0;0;0;0;0;577131.9828;6016938.0377;10.185105022;54.294514067
121322;1;0;60;44;2018;7;17;2;3;1;5;0;1;1;0;0;0;0;0;562876.1109;5966112.6211;9.955561722;53.839721954
121323;1;0;3;0;2018;7;8;3;3;3;6;0;1;0;0;0;0;0;0;610559.4804;5969954.3163;10.681345013;53.866279402
121324;1;0;2;0;2018;6;10;2;3;1;5;0;1;0;0;0;0;1;0;574342.4111;6025236.5955;10.144322541;54.369495273
121325;1;0;54;138;2018;6;7;2;3;5;3;0;0;1;0;0;0;0;0;496282.5509;6019507.5665;8.942844001;54.323416051
121326;1;0;54;14;2018;7;12;1;2;4;6;0;1;0;0;0;0;1;0;499743.4831;6055736.3054;8.996024578;54.649024002
121327;1;0;54;168;2018;6;9;2;3;5;3;0;1;1;0;0;0;0;0;457170.4749;6084268.3834;8.332054815;54.903599179
121328;1;0;60;4;2018;7;13;4;2;5;3;0;0;0;0;1;1;0;0;558364.845;5975831.803;9.888862045;53.927594734
121329;1;0;56;1;2018;7;20;2;3;5;3;0;1;1;0;0;0;0;0;548595.915;5946174.069;9.735424138;53.662055272
121330;1;0;57;56;2018;7;12;1;3;0;2;0;1;1;0;0;0;0;0;585986.6633;6024473.8597;10.323288065;54.360810443
121331;1;0;51;74;2018;6;10;1;2;0;1;0;1;0;0;0;0;0;0;504873.607;5993016.0274;9.074502395;54.085310897
121332;1;0;57;32;2018;7;19;5;3;0;7;0;1;0;0;0;0;0;0;583600.3183;5997420.7639;10.279032952;54.118127123
121333;1;0;56;39;2018;7;11;2;3;5;3;0;1;1;0;0;0;0;0;552933.6426;5946476.7564;9.801113771;53.664354582
121334;1;0;56;39;2018;6;9;1;3;6;4;0;0;1;1;0;0;0;0;552633.281;5946208.1559;9.796522971;53.661970841
121335;1;0;54;56;2018;7;17;2;3;7;7;0;1;0;0;0;0;0;0;503177.3452;6036444.5921;9.049033075;54.47563807
121336;1;0;60;19;2018;7;7;2;3;0;1;0;1;0;0;0;0;0;0;562141.7355;5956767.4862;9.942517581;53.755825561
121337;1;0;3;0;2018;7;19;1;3;0;7;0;1;0;0;0;0;0;0;608650.4181;5969231.387;10.652070195;53.860187434
121338;1;0;56;49;2018;6;11;1;3;0;7;0;1;0;0;0;0;0;0;545018.8186;5949201.1595;9.681733828;53.689582263
121339;1;0;60;63;2018;6;11;1;2;8;6;0;0;1;0;0;0;0;0;564475.6482;5951481.2585;9.976808981;53.708034639
121340;1;0;3;0;2018;7;13;7;3;5;2;0;1;1;0;0;0;0;0;610254.8618;5973681.7061;10.678055536;53.899831954
121341;1;0;62;23;2018;7;11;3;3;1;5;0;0;1;0;0;0;0;0;584752.5154;5945387.7802;10.282265408;53.650379833
121342;1;0;62;1;2018;6;12;1;3;1;5;0;1;1;0;0;0;0;0;581671.4216;5944682.5282;10.235476777;53.644532266
121343;1;0;60;63;2018;7;11;4;3;8;7;0;0;1;0;0;0;0;0;567990.1941;5951308.7472;10.030007421;53.706038404
121344;1;0;60;5;2018;7;6;2;3;1;5;0;0;1;0;1;0;0;0;584853.342;5977002.2688;10.292495669;53.934449917
121345;1;0;53;32;2018;6;13;1;3;0;7;0;0;1;0;0;0;0;0;588977.009;5922375.769;10.339614431;53.44288946
121346;1;0;53;107;2018;7;12;1;3;7;7;0;0;1;0;0;0;0;0;623030.7181;5945545.8361;10.861175307;53.644199493
121347;1;0;60;63;2018;7;7;2;3;5;2;0;1;1;0;0;0;0;0;565414.0951;5946850.3276;9.990047358;53.66629951
121348;1;0;3;0;2018;6;2;7;3;4;6;2;1;0;0;0;0;0;0;610446.778;5969973.528;10.679638807;53.866475997
121349;1;0;54;168;2018;7;13;2;3;0;2;0;1;1;0;0;0;0;0;455637.1758;6084627.4565;8.308088924;54.906691998
121350;1;0;3;0;2018;6;13;1;3;3;6;0;0;1;0;1;0;0;0;611714.7253;5970132.3304;10.698969876;53.86763137
121351;1;0;58;54;2018;6;11;1;2;8;1;0;0;0;0;1;0;0;0;538705.163;6017353.772;9.594797365;54.302606105
121352;1;0;56;15;2018;7;5;1;3;0;3;2;1;1;0;0;0;0;0;543565.4785;5955066.0104;9.660552431;53.742417292
121353;1;0;60;92;2018;7;12;2;3;8;1;0;1;0;0;0;0;0;0;579103.5753;5978629.1675;10.205358135;53.949979625
121354;1;0;58;107;2018;7;15;1;2;0;7;0;1;0;0;0;0;0;0;569915.7489;6015223.9311;10.073852112;54.280149577
121355;1;0;61;49;2018;6;17;7;3;5;3;0;1;1;0;0;0;0;1;547419.3392;5977997.8296;9.722521027;53.948179355
121356;1;0;56;50;2018;6;11;7;3;5;3;0;0;1;0;0;0;0;1;547188.1299;5936987.473;9.71272902;53.579616998
121357;1;0;2;0;2018;7;19;7;3;2;6;0;1;1;0;0;0;0;0;574161.6974;6021552.7604;10.14062426;54.336420122
121358;1;0;60;63;2018;6;10;7;3;5;3;0;0;1;0;0;0;0;1;565028.5134;5951655.0913;9.985220055;53.709528305
121359;1;0;58;96;2018;7;9;4;3;5;3;0;0;1;0;0;0;1;0;561807.126;6028054.262;9.951990248;54.396489695
121360;1;0;62;23;2018;7;8;2;3;0;7;0;1;0;0;0;0;0;0;584804.1878;5946167.1151;10.283259655;53.657374706
121361;1;0;60;63;2018;6;12;7;3;2;2;0;0;1;0;0;0;0;1;565966.3282;5952443.9624;9.999594202;53.716500207
121362;1;0;2;0;2018;6;18;7;2;5;3;0;0;1;0;0;0;1;0;577133.9151;6017056.2358;10.185165206;54.29557585
121363;1;0;53;100;2018;7;13;1;3;6;4;0;0;1;1;0;0;0;0;616524.6865;5951523.465;10.765050382;53.699392592
121364;1;0;3;0;2018;6;17;7;3;5;2;0;0;1;0;0;0;0;1;608802.1927;5968541.8844;10.654132542;53.853960894
121365;1;0;54;149;2018;7;13;6;3;0;6;0;1;1;0;0;0;0;0;456341.4775;6088131.0143;8.318540935;54.938236663
121366;1;0;3;0;2018;6;17;7;3;5;3;0;1;1;0;0;0;0;0;609233.1965;5970476.1801;10.66137064;53.871248794
121367;1;0;56;15;2018;7;10;6;3;3;6;0;1;0;0;0;0;0;0;544596.0357;5954394.1678;9.676079936;53.736291854
121368;1;0;58;135;2018;6;18;7;3;2;6;0;0;1;0;0;0;0;0;543318.243;6016515.783;9.66556188;54.294704859
121369;1;0;60;63;2018;7;15;3;3;5;2;0;1;1;0;0;0;0;0;564566.819;5949500.348;9.977777277;53.690220809
121370;1;0;62;9;2018;7;15;2;3;0;7;0;1;0;0;0;0;0;0;577534.1796;5936189.9448;10.17079281;53.568841974
121371;1;0;59;75;2018;6;16;7;3;0;1;0;1;0;0;0;0;0;1;536513.5923;6041328.1643;9.564070003;54.518222144
121372;1;0;51;44;2018;6;9;6;3;6;6;1;1;0;1;0;0;0;0;506530.852;6005254.826;9.100101427;54.195291105
121373;1;0;56;43;2018;6;7;4;3;5;2;0;1;1;0;0;0;0;0;555188.6252;5944193.2571;9.834831892;53.64359852
121374;1;0;58;127;2018;7;17;1;3;4;6;0;0;1;0;0;0;0;0;537951.845;6028191.942;9.584602411;54.400064422
121375;1;0;54;168;2018;6;14;7;3;1;7;0;0;1;0;0;0;0;0;459400.6129;6083588.794;8.366928172;54.897678554
121376;1;0;55;42;2018;7;11;5;3;2;7;0;0;0;0;1;1;0;0;616213.697;5985546.314;10.773218763;54.005118518
121377;1;0;55;16;2018;7;19;2;3;5;3;0;0;1;0;0;0;0;0;629826.1387;6003046.5924;10.988292946;54.159070856
121378;1;0;61;46;2018;6;15;6;3;5;3;0;0;1;0;0;0;0;0;533348.8728;5975142.9657;9.507831137;53.923618869
121379;1;0;3;0;2018;7;7;2;3;5;2;0;0;1;0;0;0;0;0;607610.2478;5967296.8535;10.635583224;53.8430233
121380;1;0;56;50;2018;6;12;6;3;0;1;0;1;0;0;0;0;0;0;546098.6201;5937047.6075;9.696283308;53.580254374
121381;1;0;60;39;2018;6;20;6;3;5;3;0;1;1;0;0;0;0;0;564898.3523;5961026.7213;9.985217197;53.793767007
121382;1;0;62;1;2018;6;8;6;3;0;7;0;1;0;0;0;0;0;1;581609.944;5945831.496;10.23484869;53.654866893
121383;1;0;53;90;2018;6;17;6;3;0;7;0;1;0;0;0;0;0;0;612004.733;5942693.5476;10.69343456;53.621049224
121384;1;0;54;168;2018;7;16;1;3;7;7;0;1;0;0;0;0;0;0;456472.586;6086655.247;8.320810709;54.924987032
121385;1;0;53;32;2018;6;16;6;3;2;6;0;0;1;0;0;0;0;0;589630.8934;5921726.7189;10.349271339;53.43694614
121386;1;0;57;62;2018;7;15;5;3;5;3;0;1;1;0;0;0;0;0;582589.5305;6010561.5043;10.267177618;54.236365993
121387;1;0;62;18;2018;6;7;6;3;5;3;0;1;1;0;0;0;0;0;581347.2161;5933197.4552;10.227578051;53.541372603
121388;1;0;59;183;2018;7;15;2;3;8;1;0;1;0;0;0;0;0;0;527803.7528;6067101.0211;9.431971184;54.750388055
121389;1;0;58;127;2018;7;16;1;3;5;3;0;1;0;0;0;0;0;0;537938.8389;6027850.8568;9.584358511;54.39700011
121390;1;0;55;33;2018;6;16;6;3;0;1;0;1;0;0;0;0;0;0;622669.5808;6017559.6371;10.884687639;54.291196848
121391;1;0;55;21;2018;6;22;6;3;9;1;2;0;1;0;0;0;0;0;628556.9225;6026569.8223;10.978965478;54.370680057
121392;1;0;55;32;2018;7;15;7;2;0;7;0;0;1;0;0;0;0;0;618962.5197;5995876.9076;10.819188683;54.097295679
121393;1;0;3;0;2018;6;8;6;3;2;6;0;1;1;0;0;0;0;0;610967.741;5970342.0539;10.687690971;53.869675804
121394;1;0;58;135;2018;6;7;6;3;5;3;0;1;1;0;0;0;0;1;543448.811;6017042.266;9.66764438;54.299425203
121395;1;0;55;33;2018;7;12;7;3;7;7;0;0;1;0;0;0;1;0;624364.9942;6018258.9358;10.911010856;54.297068556
121396;1;0;58;135;2018;6;7;6;3;5;3;0;1;0;0;1;0;0;0;544495.8186;6017462.5784;9.68379428;54.303112362
121397;1;0;60;5;2018;7;18;4;3;5;3;0;1;1;0;0;0;0;0;585763.091;5977791.253;10.306570633;53.941389581
121398;1;0;58;135;2018;6;23;6;3;0;1;2;1;0;0;0;0;0;0;541618.7457;6019071.4446;9.639807941;54.317813575
121399;1;0;56;50;2018;7;14;1;3;0;1;0;1;0;0;0;0;0;0;546880.0318;5936518.7322;9.708005507;53.575431647
121400;1;0;60;63;2018;6;11;7;3;9;1;0;0;1;0;0;0;0;0;565412.8006;5946317.8596;9.989915614;53.661514339
121401;1;0;2;0;2018;6;14;6;3;3;6;0;1;0;0;0;0;0;0;574291.566;6023219.847;10.143036816;54.351381022
121402;1;0;54;88;2018;6;12;6;3;0;1;0;1;0;0;0;0;0;0;488656.3757;6070712.75;8.823617102;54.783486844
121403;1;0;54;113;2018;7;10;7;2;0;1;0;1;0;0;0;0;0;0;474716.1099;6018270.4931;8.611368331;54.311685524