OBJECTID_1;ULAND;UREGBEZ;UKREIS;UGEMEINDE;UJAHR;UMONAT;USTUNDE;UWOCHENTAG;UKATEGORIE;UART;UTYP1;ULICHTVERH;IstRad;IstPKW;IstFuss;IstKrad;IstGkfz;IstSonstig;STRZUSTAND;LINREFX;LINREFY;XGCSWGS84;YGCSWGS84
121404;1;0;56;50;2018;6;11;5;3;6;7;0;0;1;1;0;0;0;1;546672.2848;5936797.5376;9.704909953;53.577956041
121405;1;0;59;168;2018;7;8;4;3;0;1;0;1;0;0;0;0;0;0;557956.0425;6061834.7477;9.899334345;54.700493946
121406;1;0;55;12;2018;7;14;3;3;0;5;0;1;1;0;0;0;0;0;605298.5768;6000056.3064;10.611791715;54.137820934
121407;1;0;56;50;2018;6;10;5;3;0;2;0;1;1;0;0;0;0;1;546596.882;5936990.5932;9.703800028;53.579697904
121408;1;0;60;63;2018;7;11;4;3;6;4;0;0;1;1;0;0;0;0;566277.0984;5950600.7766;10.003908122;53.699896167
121409;1;0;56;48;2018;6;19;5;3;5;3;0;0;1;0;0;0;0;1;550380.2529;5952057.0476;9.763380554;53.714760202
121410;1;0;3;0;2018;6;14;7;3;0;7;0;1;0;0;0;0;0;0;611150.9469;5969308.0766;10.69010142;53.860347136
121411;1;0;56;15;2018;7;10;1;3;6;7;0;1;0;1;0;0;0;0;543176.9267;5956281.0295;9.654831309;53.753369853
121412;1;0;53;100;2018;6;21;5;3;5;3;1;1;1;0;0;0;0;1;616960.7278;5951497.8533;10.771642157;53.699065023
121413;1;0;53;90;2018;6;7;5;3;0;1;0;1;0;0;0;0;0;1;610861.4245;5942576.0368;10.676114857;53.620236691
121414;1;0;56;43;2018;7;21;6;3;8;1;1;1;0;0;0;0;0;1;555969.8142;5944400.4883;9.846684743;53.64537803
121415;1;0;57;48;2018;6;11;5;3;5;3;0;1;1;0;0;0;0;0;602520.6125;6017442.604;10.575222232;54.294584648
121416;1;0;2;0;2018;6;8;5;3;0;7;0;1;0;0;0;0;0;1;569169.0035;6020421.4439;10.063588255;54.326955549
121417;1;0;60;5;2018;6;14;6;3;5;3;0;1;1;0;0;0;0;0;585784.3545;5977640.006;10.306852;53.940027002
121418;1;0;60;5;2018;6;16;4;3;5;2;0;1;0;0;0;1;0;0;586141.5824;5976614.1826;10.312003256;53.930749986
121419;1;0;57;9;2018;7;12;1;2;0;1;0;0;0;0;1;0;0;0;594428.1953;5997896.7944;10.444786677;54.120530254
121420;1;0;2;0;2018;7;6;2;3;5;3;0;0;1;0;0;1;0;0;575547.7734;6015047.4957;10.160292228;54.277763003
121421;1;0;54;56;2018;7;19;2;3;2;6;0;1;0;0;0;0;0;0;504604.9463;6037283.3773;9.071076997;54.483165449
121422;1;0;60;63;2018;7;14;1;3;0;1;0;1;0;0;0;0;0;0;565889.8237;5953193.6761;9.998594719;53.723247529
121423;1;0;1;0;2018;7;16;2;3;4;6;0;0;1;0;0;0;0;0;529999.8947;6071563.2887;9.466551313;54.790361756
121424;1;0;62;61;2018;7;18;5;3;5;3;0;0;1;0;1;0;0;0;598209.3855;5965761.8408;10.492263653;53.831093307
121425;1;0;58;96;2018;7;13;6;3;4;6;0;0;1;0;0;0;1;0;561595.9183;6028334.384;9.948795686;54.399032494
121426;1;0;2;0;2018;8;18;5;3;2;1;0;0;1;0;0;0;0;0;573233.0965;6018857.0343;10.125683583;54.312331285
121427;1;0;54;168;2018;7;10;3;3;0;1;0;1;0;0;0;0;0;0;455782.9119;6084910.317;8.310318284;54.909246676
121428;1;0;3;0;2018;8;17;4;2;0;7;0;1;1;0;0;0;0;0;610474.387;5969177.8895;10.679772042;53.859321901
121429;1;0;60;5;2018;7;15;1;3;5;3;0;1;1;0;0;0;0;0;585671.7054;5978644.9623;10.305418343;53.94907586
121430;1;0;55;2;2018;7;17;1;2;0;1;0;1;0;0;0;0;0;0;612776.1624;5999935.4771;10.726149509;54.135149125
121431;1;0;56;39;2018;7;11;7;2;6;4;0;0;1;1;0;0;0;0;553495.7916;5944321.3202;9.809249483;53.6449253
121432;1;0;56;50;2018;7;18;1;3;0;1;0;1;0;0;0;0;0;0;545868.369;5936229.5163;9.692685626;53.572921641
121433;1;0;3;0;2018;7;16;5;2;5;2;0;1;1;0;0;0;0;0;612245.1314;5972762.2093;10.707995316;53.891144049
121434;1;0;53;98;2018;7;20;1;3;1;5;0;1;1;0;0;0;0;0;612895.8397;5955208.4892;10.711453822;53.73329716
121435;1;0;1;0;2018;7;20;5;3;0;1;0;0;0;0;1;0;0;0;529275.0288;6072853.0991;9.455409043;54.801995377
121436;1;0;60;63;2018;7;18;5;3;5;3;0;0;1;0;0;0;0;0;564305.0021;5947006.962;9.973296277;53.667844789
121437;1;0;51;16;2018;7;17;3;2;0;7;0;0;1;0;0;0;0;0;517257.349;5983100.1401;9.263246406;53.995923138
121438;1;0;61;41;2018;7;13;2;3;0;1;0;0;0;0;1;0;0;0;541125.4111;5966159.4948;9.625038436;53.842320334
121439;1;0;56;39;2018;7;17;2;3;5;2;0;1;0;0;0;0;0;0;551900.8341;5942214.4408;9.784773018;53.626150101
121440;1;0;59;113;2018;8;16;4;3;0;7;0;1;0;0;0;0;0;0;535760.9209;6076555.5766;9.556757683;54.83484632
121441;1;0;55;21;2018;7;17;1;3;4;6;0;1;1;0;0;0;0;0;627522.4246;6026508.9563;10.963025046;54.370393266
121442;1;0;51;16;2018;7;15;7;2;5;2;0;1;1;0;0;0;0;0;516901.7663;5983374.8292;9.257837605;53.998403754
121443;1;0;3;0;2018;7;2;7;3;2;6;2;1;1;0;0;0;0;0;610651.5707;5970331.5981;10.682880903;53.869649369
121444;1;0;3;0;2018;7;18;1;2;0;1;0;1;0;0;0;0;0;0;610590.7223;5969957.9233;10.681821202;53.866305153
121445;1;0;54;168;2018;7;2;5;3;0;7;2;1;0;0;0;0;0;0;455564.8277;6084471.9596;8.306984629;54.905288289
121446;1;0;55;32;2018;7;11;1;3;2;6;0;0;1;0;0;0;0;0;620580.6501;5996439.4388;10.84414349;54.101972445
121447;1;0;54;149;2018;7;10;3;3;5;2;0;1;0;0;0;0;0;0;456202.9274;6087653.2976;8.31645131;54.93393182
121448;1;0;58;53;2018;7;9;1;2;8;7;0;1;0;0;0;0;0;0;570405.5401;6011749.3923;10.080556559;54.248860438
121449;1;0;53;100;2018;7;7;2;2;5;3;0;1;1;0;0;0;0;0;618562.1046;5950807.1445;10.795621532;53.69249864
121450;1;0;60;92;2018;7;9;3;3;8;1;0;1;0;0;0;0;0;0;580111.4181;5979321.9914;10.220893408;53.956050259
121451;1;0;58;43;2018;7;9;1;2;5;3;0;0;1;0;1;0;0;0;553990.188;6036633.472;9.833167238;54.474474208
121452;1;0;60;63;2018;7;18;6;3;2;2;0;0;1;0;0;0;0;0;566637.729;5952362.531;10.009748745;53.715683091
121453;1;0;54;113;2018;7;10;7;3;0;1;0;1;0;0;0;0;0;0;474467.4139;6018280.0192;8.607544978;54.311758763
121454;1;0;57;88;2018;7;3;1;2;2;6;2;1;0;0;0;0;0;0;587093.193;6029845.786;10.341885645;54.408888687
121455;1;0;55;16;2018;7;15;4;3;2;2;0;1;0;0;0;0;0;0;628156.087;6001959.4293;10.962270612;54.149724963
121456;1;0;59;75;2018;7;12;1;3;0;1;0;1;0;0;0;0;0;0;536261.9658;6040977.4186;9.560139895;54.51508816
121457;1;0;53;116;2018;7;10;2;3;5;3;0;0;1;0;0;0;0;0;598269.032;5930040.064;10.481861791;53.510108208
121458;1;0;54;113;2018;7;16;1;2;0;1;0;1;0;0;0;0;0;0;474405.8829;6018622.4687;8.606569869;54.314833357
121459;1;0;54;113;2018;7;9;6;3;5;3;0;0;1;0;0;0;0;0;476756.654;6017100.826;8.642823288;54.301270351
121460;1;0;55;16;2018;7;19;6;3;2;6;0;1;0;0;0;0;0;0;628083.326;6001731.448;10.961060432;54.147695283
121461;1;0;3;0;2018;7;15;6;3;8;1;0;0;0;0;1;0;0;0;614247.6041;5973901.0503;10.73887576;53.900938057
121462;1;0;55;33;2018;7;19;6;3;2;6;0;1;0;0;0;0;0;0;623008.6505;6017027.0239;10.889674867;54.286331109
121463;1;0;54;113;2018;7;13;1;3;0;1;0;1;0;0;0;0;0;0;476065.0961;6017324.3754;8.632178559;54.303247519
121464;1;0;3;0;2018;7;17;3;3;3;6;0;1;0;0;0;0;1;0;609916.265;5968740.286;10.671133047;53.855508791
121465;1;0;54;56;2018;8;12;5;3;5;3;0;0;1;0;0;0;0;0;504380.232;6038549.389;9.067627326;54.49454531
121466;1;0;60;63;2018;7;15;2;3;5;3;0;0;1;0;0;0;0;0;567550.2642;5953317.3414;10.023782192;53.724146567
121467;1;0;61;46;2018;7;15;7;3;3;6;0;1;1;0;0;0;0;0;533088.588;5973505.354;9.503690567;53.908917206
121468;1;0;54;168;2018;7;12;2;2;0;7;0;1;0;0;0;0;0;0;463507.3697;6080845.1773;8.431309026;54.873340744
121469;1;0;55;1;2018;7;16;1;3;8;1;0;0;0;0;1;0;0;1;603509.347;5985018.554;10.579279195;54.003079465
121470;1;0;51;11;2018;7;14;7;3;9;5;0;1;0;0;0;0;0;0;508543.5133;5971613.294;9.130003292;53.892897231
121471;1;0;3;0;2018;7;19;5;3;5;3;0;1;1;0;0;0;0;0;612831.358;5969582.251;10.715741117;53.86244788
121472;1;0;2;0;2018;7;9;6;3;5;2;0;0;1;0;1;0;0;0;571758.599;6018451.421;10.102925953;54.308895857
121473;1;0;56;39;2018;7;16;3;3;5;3;0;1;1;0;0;0;0;0;552539.8693;5945764.6576;9.795034464;53.657994266
121474;1;0;62;1;2018;7;16;2;3;6;4;0;0;1;1;0;0;0;0;581840.1097;5947679.3209;10.238817384;53.671436083
121475;1;0;61;28;2018;7;19;2;3;8;1;0;1;0;0;0;0;0;0;548988.7438;5983886.7461;9.747378156;54.000957986
121476;1;0;57;62;2018;8;5;4;3;0;3;0;0;1;0;1;0;0;1;582882.3048;6009629.7734;10.27141109;54.22794676
121477;1;0;56;24;2018;7;22;7;3;0;1;2;0;0;0;1;0;0;0;545098.762;5944177.4927;9.68221465;53.644423751
121478;1;0;57;79;2018;7;14;1;3;4;6;0;1;0;0;0;0;0;0;582589.545;6028888.883;10.272249125;54.401041706
121479;1;0;3;0;2018;8;15;5;3;5;2;0;0;1;0;1;0;0;0;605945.0151;5969132.1534;10.610917423;53.859854972
121480;1;0;2;0;2018;7;15;3;3;5;3;0;1;1;0;0;0;0;0;573593.099;6020789.0337;10.131692507;54.329639863
121481;1;0;62;9;2018;7;15;4;3;2;6;0;0;0;0;0;1;1;0;576779.7962;5935204.4539;10.159161742;53.560096562
121482;1;0;60;63;2018;8;19;4;3;3;6;0;1;0;1;0;0;0;0;565980.9363;5952342.0939;9.999793811;53.715582871
121483;1;0;60;63;2018;7;13;7;3;5;3;0;1;1;0;0;0;0;0;564833.7419;5949868.9231;9.981895889;53.693500156
121484;1;0;60;63;2018;7;2;1;2;1;5;2;0;1;0;1;0;0;0;566066.7722;5952655.7046;10.001161175;53.718390422
121485;1;0;51;44;2018;7;14;7;3;5;2;0;0;1;0;0;0;0;0;508111.9656;6005245.5029;9.124335587;54.19518474
121486;1;0;62;53;2018;7;13;7;3;5;3;0;0;1;0;0;0;1;0;576441.9914;5933573.9685;10.153664301;53.545493076
121487;1;0;3;0;2018;7;11;4;3;0;7;0;1;0;0;0;0;0;0;610928.0091;5969603.1051;10.686819809;53.863045419
121488;1;0;62;60;2018;7;16;5;3;0;1;0;1;0;0;0;0;0;0;581754.9565;5930045.4316;10.232906552;53.512983487
121489;1;0;56;15;2018;7;21;3;3;4;6;0;1;1;0;0;0;0;0;544262.1716;5955435.372;9.671168002;53.745678319
121490;1;0;62;61;2018;7;9;2;2;5;3;0;0;1;0;1;0;0;0;598516.7984;5965685.8672;10.496908607;53.830352497
121491;1;0;59;183;2018;8;18;4;3;5;3;0;1;1;0;0;0;0;0;523967.0888;6065364.4909;9.372221496;54.734980167
121492;1;0;60;28;2018;7;14;7;3;0;7;0;0;0;0;1;0;0;0;568181.5741;5987496.3048;10.040949987;54.031218075
121493;1;0;60;63;2018;7;18;7;3;2;6;0;0;1;0;0;0;0;1;564520.8567;5951382.9288;9.977473299;53.70714536
121494;1;0;54;56;2018;7;8;7;2;0;1;0;1;0;0;0;0;0;0;504097.0233;6038090.5204;9.063248444;54.490423745
121495;1;0;58;170;2018;7;16;7;3;0;7;0;1;0;0;0;0;0;0;568591.999;6003157.1514;10.050766696;54.171896068
121496;1;0;60;39;2018;7;20;4;3;5;2;0;1;1;0;0;0;0;0;565806.0403;5956499.4432;9.998028778;53.75296686
121497;1;0;60;63;2018;7;10;7;3;6;3;0;0;1;1;0;0;0;0;565966.4559;5951799.5553;9.999458844;53.710708917
121498;1;0;2;0;2018;7;16;7;3;6;7;0;0;1;1;0;0;0;0;574566.3636;6018754.5874;10.146147471;54.311217794
121499;1;0;54;56;2018;7;9;5;3;0;1;0;1;0;0;0;0;0;0;503584.1033;6035432.9606;9.055297937;54.46654362
121500;1;0;55;46;2018;7;11;2;3;0;1;0;1;0;0;0;0;0;0;642968.4893;6033208.1656;11.203835134;54.426457997
121501;1;0;3;0;2018;7;17;3;3;0;1;0;1;0;0;0;0;0;0;608009.1612;5968650.9371;10.642119831;53.855106217
121502;1;0;61;46;2018;7;12;6;3;5;3;0;1;1;0;0;0;0;0;533598.447;5977876.863;9.511932126;53.948174065
121503;1;0;60;19;2018;7;10;6;3;0;1;0;1;0;0;0;0;0;0;562213.2922;5956715.6647;9.943592297;53.7553513
121504;1;0;62;76;2018;7;20;6;3;0;7;0;1;0;0;0;0;0;0;569943.3058;5955745.1147;10.060593199;53.745649109
121505;1;0;60;63;2018;7;11;6;3;2;6;0;0;1;0;0;0;0;0;566561.5751;5952062.2554;10.008530442;53.712994246
121506;1;0;55;32;2018;7;17;3;3;0;7;0;1;0;0;0;0;0;0;618553.9384;5996626.5948;10.813237901;54.104124583
121507;1;0;4;0;2018;7;6;4;3;0;7;0;0;0;0;1;0;0;0;563149.2672;5990069.914;9.964668098;54.054986505
121508;1;0;1;0;2018;7;11;4;3;5;3;0;0;1;0;0;0;0;0;530370.5675;6072022.5178;9.47236382;54.794466285
121509;1;0;59;75;2018;8;11;5;3;2;6;0;1;0;0;0;0;0;0;536936.16;6041363.808;9.57060203;54.518511843
121510;1;0;56;41;2018;7;11;6;3;0;1;0;1;0;0;0;0;0;0;560418.3257;5953370.1763;9.915717952;53.725496054
121511;1;0;53;100;2018;7;17;2;3;5;3;0;0;1;0;0;0;0;0;618599.735;5951004.7009;10.79626671;53.694264936
121512;1;0;56;49;2018;7;5;6;3;0;1;0;1;0;0;0;0;0;0;544073.755;5949150.387;9.667416302;53.689206521
121513;1;0;60;63;2018;7;15;2;3;1;1;0;0;1;0;0;0;1;0;564729.73;5948176.7707;9.979967731;53.678305557
121514;1;0;56;50;2018;7;20;6;3;3;6;0;1;1;0;0;0;0;0;546997.4058;5937146.3534;9.709872492;53.581062118
121515;1;0;3;0;2018;7;21;6;3;5;2;2;0;1;0;0;0;0;0;614053.946;5975382.988;10.736482013;53.914294317
121516;1;0;3;0;2018;7;13;6;3;4;6;0;0;1;0;0;0;0;0;622702.5706;5980628.3576;10.870190305;53.959438967
121517;1;0;56;14;2018;7;16;6;3;5;3;0;1;1;0;0;0;0;0;549255.428;5953467.8066;9.746562925;53.727546871
121518;1;0;3;0;2018;7;13;3;3;5;3;0;1;1;0;0;0;0;0;610540.4559;5968878.9735;10.680668505;53.8566223
121519;1;0;55;44;2018;7;10;3;3;1;5;0;0;1;0;0;0;0;0;614687.0538;5987474.7279;10.75066425;54.022784075
121520;1;0;56;50;2018;8;15;4;3;4;1;0;1;1;0;0;0;0;0;546437.8021;5936302.1796;9.701295078;53.573524633
121521;1;0;55;39;2018;7;18;2;3;0;1;0;1;0;0;0;0;0;0;615449.775;5992046.819;10.764039881;54.06368784
121522;1;0;56;43;2018;7;13;6;3;5;3;0;1;1;0;0;0;0;0;557929.985;5942720.3296;9.876020605;53.630064403
121523;1;0;51;13;2018;7;11;1;3;3;6;0;1;0;0;0;0;0;0;490590.8817;5997899.1969;8.856011858;54.12913659
121524;1;0;59;113;2018;7;12;1;3;2;3;0;1;1;0;0;0;0;0;534340.8541;6077278.7437;9.534735822;54.841444258
121525;1;0;53;32;2018;7;20;6;3;5;3;0;1;1;0;0;0;0;0;589744.4699;5921458.7824;10.350904184;53.43451907
121526;1;0;2;0;2018;7;16;5;3;5;3;0;1;1;0;0;0;0;0;573840.6729;6022222.3068;10.135853757;54.342482986
121527;1;0;57;20;2018;7;12;3;3;5;6;0;0;1;0;0;0;0;0;587892.1156;6026992.5863;10.353347082;54.383115861
121528;1;0;60;39;2018;7;16;5;3;5;3;0;0;1;0;0;0;0;0;564236.1982;5960907.1484;9.975141768;53.792774566
121529;1;0;56;45;2018;7;14;1;2;8;1;0;1;0;0;0;0;0;0;537407.5973;5949621.4692;9.566532305;53.69396047
121530;1;0;3;0;2018;7;10;6;3;1;5;0;0;1;0;0;0;0;0;614342.7884;5967817.942;10.738055658;53.846266648
121531;1;0;60;4;2018;7;17;5;3;5;3;0;0;1;0;0;0;1;0;558144.1597;5975589.3324;9.885455459;53.925440486
121532;1;0;4;0;2018;7;15;6;3;5;3;0;1;1;0;0;0;0;0;564127.042;5992262.987;9.980066152;54.074573857
121533;1;0;54;113;2018;7;16;3;3;6;3;0;0;1;1;0;0;0;0;476438.9764;6017379.9515;8.637919682;54.303764379
121534;1;0;57;55;2018;8;12;5;3;8;1;0;0;0;0;1;0;0;1;600739.6004;6021540.5199;10.549250861;54.331755192
121535;1;0;54;56;2018;7;15;3;3;0;1;0;1;0;0;0;0;0;0;504670.0547;6037357.405;9.072083109;54.483830154
121536;1;0;55;42;2018;8;12;4;3;9;1;0;1;0;0;0;0;0;0;615604.5188;5984015.6421;10.763347254;53.991504201
121537;1;0;55;42;2018;7;17;6;3;8;1;0;1;0;0;0;0;0;0;615993.414;5983908.5183;10.769235256;53.990454686
121538;1;0;62;6;2018;7;11;1;3;9;7;0;0;1;0;0;0;0;0;583821.5341;5954836.8282;10.270738733;53.735440599
121539;1;0;51;14;2018;7;12;7;3;6;6;0;0;1;1;0;0;0;0;492773.171;5998508.502;8.889392859;54.134648153
121540;1;0;55;44;2018;7;13;6;3;5;2;0;0;1;0;0;0;0;0;609772.1401;5989870.8982;10.676541852;54.04538005
121541;1;0;3;0;2018;7;17;4;2;5;2;0;1;1;0;0;0;0;0;610295.3211;5971612.6793;10.677926128;53.881234749
121542;1;0;51;44;2018;7;14;2;3;5;2;0;1;1;0;0;0;0;0;506365.111;6005101.689;9.0975578;54.193916853
121543;1;0;55;46;2018;7;17;5;2;0;1;0;1;0;0;0;0;0;0;642720.0308;6033930.2619;11.200355911;54.433012667
121544;1;0;51;13;2018;7;10;2;3;5;3;0;1;1;0;0;0;0;0;491221.639;5998410.573;8.865649463;54.13374384
121545;1;0;53;124;2018;7;14;2;2;8;1;0;0;1;0;0;0;0;0;594302.68;5955419.7325;10.429759802;53.738888518
121546;1;0;61;46;2018;7;11;3;3;5;3;0;1;1;0;0;0;0;0;533771.0569;5975082.3789;9.51425311;53.92304698
121547;1;0;56;49;2018;7;15;2;3;2;7;0;1;1;0;0;0;0;0;543724.7497;5949281.3698;9.662150117;53.690413095
121548;1;0;2;0;2018;8;17;4;3;5;3;0;1;1;0;0;0;0;0;570039.3688;6023860.3243;10.077777096;54.35773799
121549;1;0;3;0;2018;7;13;6;2;5;7;0;0;1;0;0;0;0;0;606935.8968;5969199.0338;10.626000646;53.860252721
121550;1;0;61;49;2018;7;20;7;3;1;5;0;1;1;0;0;0;0;1;547072.7036;5978864.1539;9.717373475;53.955996905
121551;1;0;56;2;2018;7;13;7;3;1;5;0;1;1;0;0;0;0;0;550660.6109;5960599.5174;9.769029294;53.791508344
121552;1;0;55;46;2018;7;12;6;2;5;3;0;0;1;0;1;0;0;0;645486.9405;6037111.0369;11.244540666;54.460793007
121553;1;0;56;43;2018;7;17;2;3;5;3;0;0;1;0;1;0;0;0;557930.802;5942722.066;9.876033281;53.630079918
121554;1;0;59;75;2018;7;13;5;3;2;6;0;0;1;0;0;0;0;0;536250.8251;6041625.7013;9.560047518;54.520914886
121555;1;0;2;0;2018;7;9;2;3;0;7;0;0;1;0;0;0;0;0;576990.6107;6017339.5327;10.183036827;54.298143041
121556;1;0;2;0;2018;7;17;3;3;2;2;0;1;1;0;0;0;0;0;573403.159;6019774.737;10.128522752;54.320553068
121557;1;0;57;48;2018;7;11;6;3;4;6;0;0;1;0;0;0;0;0;602295.683;6018301.949;10.572061794;54.302350151
121558;1;0;55;46;2018;7;14;6;3;0;6;0;1;0;0;0;0;0;0;632150.2469;6039508.7664;11.040008483;54.48597326
121559;1;0;55;21;2018;7;8;6;3;0;7;0;1;0;0;0;0;0;0;628943.239;6025883.7491;10.984611121;54.36442017
121560;1;0;54;168;2018;7;12;6;3;5;3;0;1;1;0;0;0;0;0;456443.7721;6085706.2056;8.320504857;54.916456521
121561;1;0;54;56;2018;7;14;6;3;0;7;0;0;0;0;1;0;0;0;504995.669;6038262.92;9.077124332;54.491965077
121562;1;0;55;28;2018;7;21;7;3;4;6;1;0;1;0;0;0;0;1;600687.021;6004733.973;10.542794791;54.180771186
121563;1;0;54;113;2018;7;10;7;3;0;1;0;1;0;0;0;0;0;0;474633.9676;6018404.5375;8.610094389;54.31288614
121564;1;0;51;11;2018;7;6;5;3;5;2;0;1;0;0;0;0;1;0;509077.4457;5971946.6747;9.138137789;53.895884601
121565;1;0;56;44;2018;7;8;2;3;1;7;0;0;1;0;0;0;0;0;555573.6897;5940538.5067;9.840003448;53.610710653
121566;1;0;3;0;2018;7;6;4;3;1;5;0;1;1;0;0;0;0;0;610323.7242;5972247.3727;10.678586495;53.886930943
121567;1;0;51;44;2018;7;11;5;2;2;2;0;0;1;0;0;0;1;0;506370.5386;6004945.4247;9.097637679;54.192512342
121568;1;0;60;44;2018;7;8;2;3;0;7;0;1;0;0;0;0;0;0;563463.6097;5965800.6108;9.964424432;53.836846522
121569;1;0;56;15;2018;7;17;5;3;4;7;0;1;1;0;0;0;0;0;543593.573;5954651.5356;9.660919925;53.738689764
121570;1;0;1;0;2018;7;18;6;3;7;1;0;1;0;0;0;0;0;0;527041.073;6072700.477;9.420643957;54.800749262
121571;1;0;3;0;2018;7;22;6;3;5;3;2;1;1;0;0;0;0;0;623212.5159;5980920.3623;10.878076057;53.961940886
121572;1;0;60;63;2018;7;16;2;2;5;3;0;1;1;0;0;0;0;0;565176.698;5946767.477;9.986437531;53.665584572
121573;1;0;58;155;2018;7;8;3;3;4;7;0;0;1;0;0;0;0;0;543382.65;6002729.539;9.664557984;54.170802962
121574;1;0;60;5;2018;8;21;4;3;5;3;1;1;1;0;0;0;0;0;584800.7566;5976772.1455;10.29163104;53.932390706
121575;1;0;53;116;2018;7;13;2;3;9;7;0;0;1;0;0;0;0;0;597918.1612;5930306.352;10.47665591;53.512566437
121576;1;0;56;39;2018;7;16;3;3;6;7;0;1;0;1;0;0;0;0;552314.4026;5946530.2785;9.791752012;53.664897939
121577;1;0;54;56;2018;8;21;5;3;5;2;2;0;1;0;1;0;0;0;505181.2722;6038061.7435;9.079986186;54.490155207
121578;1;0;56;44;2018;7;7;5;3;5;2;0;1;0;0;0;0;1;0;555483.3716;5940142.4397;9.838567911;53.607160557
121579;1;0;54;163;2018;7;15;2;3;0;1;0;1;0;0;0;0;0;0;470929.9702;6060952.6379;8.548969917;54.695063609
121580;1;0;55;38;2018;7;13;1;3;8;1;0;0;0;0;1;0;0;0;615273.0396;6007528.8848;10.767252632;54.20280981
121581;1;0;56;41;2018;7;18;5;3;5;3;0;1;1;0;0;0;0;0;562709.6174;5957098.4237;9.951196675;53.758731686
121582;1;0;3;0;2018;7;11;5;3;0;1;0;0;0;0;1;0;0;0;614575.7359;5970556.8546;10.742617106;53.870821635
121583;1;0;53;90;2018;7;15;2;3;0;1;0;1;1;0;0;0;0;0;611577.2938;5942211.9219;10.686802495;53.61681325
121584;1;0;2;0;2018;7;10;6;2;5;3;0;1;1;0;0;0;0;0;575835.3324;6018562.0574;10.165599262;54.309300939
121585;1;0;3;0;2018;7;16;2;2;5;3;0;1;1;0;0;0;0;0;610998.7273;5972158.5251;10.688819649;53.88598871
121586;1;0;59;120;2018;8;10;5;3;0;1;0;1;0;0;0;0;0;0;525398.6986;6072673.3277;9.395093922;54.800591141
121587;1;0;54;113;2018;7;10;3;3;0;1;0;1;0;0;0;0;0;0;473998.2338;6019901.572;8.600192249;54.32630834
121588;1;0;61;46;2018;7;12;3;3;5;3;0;1;1;0;0;0;0;0;533617.5389;5974798.265;9.511884259;53.920503442
121589;1;0;58;43;2018;8;12;4;3;5;3;0;0;1;0;1;0;0;0;554077.7237;6037024.3904;9.834589429;54.47797778
121590;1;0;53;100;2018;7;11;5;2;1;5;0;0;1;0;0;0;1;0;616955.1258;5951366.1686;10.771507654;53.697883213
121591;1;0;58;102;2018;7;11;1;3;0;6;0;0;1;1;0;0;0;0;552858.9391;6031002.8545;9.814706799;54.423994663
121592;1;0;60;63;2018;7;14;7;3;0;7;0;1;1;0;0;0;0;0;567450.7807;5955301.3848;10.022707423;53.741989812
121593;1;0;2;0;2018;7;17;5;3;5;3;0;1;1;0;0;0;0;0;573196.575;6021033.66;10.125656222;54.331895024
121594;1;0;55;46;2018;7;18;2;3;8;1;0;1;0;0;0;0;0;0;643859.0776;6041241.1763;11.221457472;54.498347132
121595;1;0;57;48;2018;7;16;5;3;1;5;0;0;1;0;0;0;0;0;603774.4872;6017676.7676;10.594561021;54.296435282
121596;1;0;56;5;2018;7;13;1;3;6;4;0;0;1;1;0;0;0;0;559942.4407;5946095.7049;9.907099734;53.660173447
121597;1;0;59;186;2018;7;17;1;2;8;1;0;0;0;0;1;0;0;0;546241.4061;6065800.9112;9.718199795;54.737346759
121598;1;0;2;0;2018;7;21;5;2;0;1;0;1;0;0;0;0;0;0;576734.0914;6028411.7368;10.181947699;54.397670763
121599;1;0;51;44;2018;7;12;4;3;5;4;0;0;1;1;0;0;0;0;506488.4491;6006349.114;9.099475118;54.205126669
121600;1;0;55;16;2018;7;12;2;3;2;2;0;1;1;0;0;0;0;0;627772.2573;6002107.0324;10.956459906;54.151146402
121601;1;0;62;18;2018;7;12;5;3;0;1;0;1;0;0;0;0;0;0;581321.6474;5933353.3072;10.227232815;53.542777134
121602;1;0;55;4;2018;7;10;2;3;3;6;0;1;1;0;0;0;0;0;612099.6385;5975898.1374;10.706930981;53.919348919
121603;1;0;56;29;2018;7;8;2;3;5;3;0;0;1;0;0;0;0;0;543521.3333;5952599.0829;9.659536005;53.720248911
121604;1;0;54;88;2018;8;12;4;3;5;3;0;1;1;0;0;0;0;0;488730.0679;6071503.3122;8.82473222;54.790593046
121605;1;0;2;0;2018;7;10;5;3;0;7;0;0;0;0;0;0;1;0;569613.12;6023102.823;10.071042125;54.350989606
121606;1;0;55;16;2018;7;12;4;3;0;1;0;1;0;0;0;0;0;0;627274.9071;6000626.1785;10.948224565;54.137968091
121607;1;0;56;15;2018;7;15;7;3;5;3;0;0;1;0;0;0;0;0;543535.5507;5955229.3236;9.660121695;53.743887603
121608;1;0;3;0;2018;7;19;7;3;0;7;0;1;0;0;0;0;0;0;611377.6927;5967381.1006;10.692848617;53.842986181
121609;1;0;54;113;2018;7;13;5;3;0;1;0;1;0;0;0;0;0;0;474826.1762;6018132.1573;8.61307175;54.310447704