OBJECTID_1;ULAND;UREGBEZ;UKREIS;UGEMEINDE;UJAHR;UMONAT;USTUNDE;UWOCHENTAG;UKATEGORIE;UART;UTYP1;ULICHTVERH;IstRad;IstPKW;IstFuss;IstKrad;IstGkfz;IstSonstig;STRZUSTAND;LINREFX;LINREFY;XGCSWGS84;YGCSWGS84
121610;1;0;3;0;2018;7;21;2;3;9;1;0;1;0;0;0;0;0;0;608251.5191;5969222.714;10.64600449;53.860192835
121611;1;0;61;49;2018;7;17;4;3;5;3;0;0;1;0;0;0;0;0;546910.3106;5977992.2105;9.714764844;53.948175248
121612;1;0;58;22;2018;7;17;2;2;5;3;0;1;1;0;0;0;0;0;567690.2308;6003306.406;10.036988499;54.17335701
121613;1;0;54;168;2018;7;21;5;2;7;1;1;1;0;0;0;0;0;0;456378.385;6084040.2066;8.319737354;54.901480276
121614;1;0;57;74;2018;7;18;5;3;5;2;0;0;1;0;1;0;0;0;578302.599;6020770.224;10.204091668;54.328770006
121615;1;0;2;0;2018;7;6;2;3;7;1;0;0;1;0;0;0;0;0;574008.8069;6020297.6061;10.137961827;54.32516395
121616;1;0;55;32;2018;7;14;2;3;5;2;0;0;0;0;1;0;1;0;617085.6464;5995391.9327;10.790315255;54.093369319
121617;1;0;55;42;2018;7;13;3;3;0;7;0;1;0;0;0;0;0;0;618833.0416;5984131.0146;10.812610998;53.991808261
121618;1;0;61;46;2018;7;11;4;3;6;4;0;0;1;1;0;0;0;1;533672.3622;5975949.902;9.512845861;53.930850414
121619;1;0;60;5;2018;7;14;6;2;5;3;0;1;1;0;0;0;0;0;585070.8329;5976841.2854;10.29576276;53.932967677
121620;1;0;61;42;2018;7;13;6;3;5;3;0;1;0;0;1;0;0;0;541479.9529;5980187.7689;9.6323278;53.96837145
121621;1;0;62;53;2018;7;16;4;2;0;1;0;1;0;0;0;0;0;1;577440.5228;5933401.4871;10.168688036;53.543796733
121622;1;0;54;5;2018;7;7;2;2;0;7;0;1;0;0;0;0;0;0;468737.4938;6062309.833;8.514808776;54.707128752
121623;1;0;54;54;2018;7;8;4;3;0;7;0;1;0;0;0;0;0;0;513871.723;6026762.6596;9.213615766;54.388444945
121624;1;0;53;129;2018;7;11;4;2;0;1;0;1;0;0;0;0;0;1;583062.7193;5927645.1382;10.251987377;53.491208225
121625;1;0;62;60;2018;7;15;2;3;5;3;0;1;1;0;0;0;0;0;582007.328;5931860.122;10.23718657;53.529251978
121626;1;0;62;6;2018;7;16;4;3;5;2;0;0;1;0;1;0;0;1;582908.156;5954122.666;10.256704118;53.729169024
121627;1;0;60;39;2018;7;8;5;3;1;7;0;0;1;0;0;0;0;0;564515.1924;5961669.993;9.979536122;53.799595672
121628;1;0;59;113;2018;7;13;3;3;5;3;0;1;0;0;0;0;1;0;535073.2234;6076692.1925;9.546068117;54.836122607
121629;1;0;55;42;2018;7;17;4;3;5;3;0;0;1;0;0;0;0;1;619992.6991;5984191.5871;10.830313708;53.992084412
121630;1;0;55;35;2018;7;20;6;3;9;6;0;0;1;0;0;0;0;0;612513.6974;5976906.6329;10.713603846;53.928319495
121631;1;0;3;0;2018;7;13;6;3;5;2;0;1;1;0;0;0;0;0;610428.4633;5969398.5256;10.679153484;53.861313924
121632;1;0;58;123;2018;7;22;4;3;8;1;2;1;0;0;0;0;0;0;549717.8287;6034663.4364;9.76691263;54.457207078
121633;1;0;51;72;2018;7;21;1;2;0;1;0;1;0;0;0;0;0;0;501029.2813;5977872.5688;9.015683263;53.949225178
121634;1;0;3;0;2018;7;14;3;3;6;4;0;1;0;1;0;0;0;0;611152.6246;5970703.0669;10.690632319;53.872879654
121635;1;0;51;11;2018;8;17;4;2;5;3;0;0;1;0;0;0;0;0;507054.7831;5971404.6047;9.10734511;53.89104391
121636;1;0;3;0;2018;7;8;2;3;1;5;0;1;1;0;0;0;0;0;609664.193;5969176.857;10.667458377;53.85948438
121637;1;0;57;43;2018;7;13;4;1;8;7;0;0;1;0;0;0;0;0;579538.2056;6029599.1481;10.225447229;54.407909568
121638;1;0;59;45;2018;7;17;2;2;8;1;0;1;0;0;0;0;0;0;559948.4339;6057678.4202;9.929393292;54.662913079
121639;1;0;2;0;2018;7;10;1;3;6;3;0;0;1;1;0;0;0;0;572508.043;6015138.535;10.113638885;54.279021159
121640;1;0;2;0;2018;7;15;4;3;2;6;0;0;1;0;1;0;0;0;575134.138;6021734.5873;10.1556231;54.337911669
121641;1;0;55;32;2018;7;21;5;3;4;6;0;0;1;0;0;0;1;0;620849.2107;5996384.2781;10.848226421;54.101413939
121642;1;0;61;46;2018;7;1;1;3;0;7;2;1;0;0;0;0;0;0;532184.2326;5976550.1473;9.490245115;53.936339863
121643;1;0;54;56;2018;7;11;6;2;6;4;0;1;0;1;0;0;0;0;503190.3609;6036573.0786;9.049235321;54.476792722
121644;1;0;51;68;2018;7;15;1;2;2;2;0;0;0;0;1;0;1;0;512945.991;6012015.0842;9.198720349;54.25592727
121645;1;0;56;39;2018;7;9;2;3;0;1;0;1;0;0;0;0;0;0;552428.8972;5945986.9412;9.793392926;53.660003192
121646;1;0;57;62;2018;8;15;4;3;1;5;0;1;1;0;0;0;0;0;583294.3748;6010162.8505;10.277878456;54.232669797
121647;1;0;3;0;2018;7;16;6;3;5;2;0;1;1;0;0;0;0;0;623393.374;5981853.97;10.881208914;53.970284487
121648;1;0;58;43;2018;8;15;5;3;0;7;0;0;0;0;1;0;0;0;554706.2628;6036982.2841;9.84428081;54.477532048
121649;1;0;54;149;2018;7;18;3;3;5;3;0;1;1;0;0;0;0;0;456893.962;6087739.182;8.327222693;54.934763727
121650;1;0;53;32;2018;8;9;4;3;5;2;0;0;1;1;0;0;0;0;591165.5019;5921406.8011;10.372272944;53.433808175
121651;1;0;2;0;2018;7;19;4;3;1;5;0;1;1;0;0;0;0;0;574450.385;6021739.9449;10.145110107;54.338060047
121652;1;0;56;50;2018;7;10;1;3;0;5;0;1;1;0;0;0;0;0;546287.9183;5936085.2308;9.698999586;53.571587967
121653;1;0;51;34;2018;7;11;7;2;0;7;0;1;0;0;0;0;0;0;491867.599;5984539.843;8.87590799;54.009087276
121654;1;0;61;17;2018;7;5;3;3;5;3;1;1;1;0;0;0;0;0;532882.1889;5972786.9022;9.5004716;53.902473103
121655;1;0;55;44;2018;7;20;4;2;0;1;0;1;0;0;0;0;0;0;614730.8461;5987542.2009;10.751357854;54.023380498
121656;1;0;62;53;2018;7;11;5;3;5;3;0;1;0;0;0;1;0;0;576507.6784;5933620.8735;10.154666904;53.545905035
121657;1;0;62;60;2018;7;7;2;3;6;4;0;0;1;1;0;0;0;0;583560.3043;5931573.7347;10.260532627;53.526433708
121658;1;0;59;106;2018;8;13;4;3;5;3;0;1;1;0;0;0;0;0;543085.6175;6071083.3806;9.669972973;54.785096246
121659;1;0;51;44;2018;7;12;3;3;5;3;0;1;1;0;0;0;0;0;505791.0345;6004721.0743;9.088751637;54.190502837
121660;1;0;3;0;2018;7;0;7;3;1;5;2;1;1;0;0;0;0;0;610360.3499;5971961.135;10.679040412;53.884351527
121661;1;0;54;76;2018;7;8;7;3;5;3;0;0;1;0;0;0;0;0;498792.0824;6069610.5113;8.981222535;54.77370804
121662;1;0;60;44;2018;7;14;3;3;5;3;0;0;0;0;1;1;0;1;564334.1885;5964798.375;9.977442329;53.827732508
121663;1;0;54;164;2018;7;18;1;3;5;3;0;1;0;0;0;0;0;0;471995.721;6060805.062;8.565518986;54.693797802
121664;1;0;62;76;2018;7;15;7;3;5;2;0;1;1;0;0;0;0;0;567493.261;5955525.4086;10.023400328;53.743997588
121665;1;0;60;92;2018;7;20;3;3;8;1;0;0;1;1;0;0;0;0;579825.4949;5979268.3869;10.216523016;53.955612766
121666;1;0;59;120;2018;7;15;5;3;8;1;0;1;0;0;0;0;0;0;526916.5895;6075537.2381;9.418971301;54.826248394
121667;1;0;3;0;2018;7;6;2;3;5;2;0;1;1;0;0;0;0;0;609053.658;5967267.0465;10.657501191;53.842454519
121668;1;0;57;57;2018;7;9;3;3;5;3;0;1;1;0;0;0;0;0;592684.614;6002081.593;10.419403717;54.158447652
121669;1;0;53;90;2018;7;14;3;3;2;6;0;0;1;0;1;0;0;0;611908.6775;5941980.0933;10.691726596;53.614659676
121670;1;0;3;0;2018;7;10;6;3;0;7;0;0;0;0;1;0;0;0;611462.6246;5970277.2454;10.695190406;53.86898751
121671;1;0;60;63;2018;7;17;6;2;0;1;0;1;0;0;0;0;0;0;567220.7074;5948693.8572;10.017785189;53.682638139
121672;1;0;3;0;2018;7;16;3;3;5;3;0;1;1;0;0;0;0;0;609264.9851;5969232.6084;10.661411033;53.860069435
121673;1;0;54;36;2018;7;18;4;3;0;1;0;1;0;0;0;0;0;0;485115.2176;6020379.7544;8.77110302;54.331051223
121674;1;0;56;45;2018;7;11;3;3;5;3;0;1;0;0;0;0;0;0;536549.0164;5951373.0301;9.553736523;53.709764193
121675;1;0;59;26;2018;8;18;5;3;0;3;0;1;1;0;0;0;0;0;538807.6589;6039171.2243;9.599223432;54.498667983
121676;1;0;55;40;2018;7;7;3;3;5;3;0;0;1;0;0;0;1;0;603356.315;5976339.977;10.574004274;53.925136821
121677;1;0;62;90;2018;7;11;4;3;9;7;0;1;0;0;0;0;0;0;576342.5127;5948149.8714;10.155735047;53.676496514
121678;1;0;58;140;2018;7;16;3;2;5;3;0;1;1;0;0;0;0;0;547718.0429;6019362.0046;9.733611361;54.319891124
121679;1;0;56;50;2018;7;12;2;3;5;2;0;1;0;0;0;1;0;0;547004.5515;5938117.5369;9.710126722;53.589790331
121680;1;0;4;0;2018;7;14;3;3;5;3;0;1;1;0;0;0;0;0;565970.6648;5991003.0739;10.007963579;54.063018937
121681;1;0;4;0;2018;7;11;6;3;0;7;0;0;0;0;0;0;1;0;564173.5527;5991571.5472;9.980630425;54.068354447
121682;1;0;55;27;2018;7;14;6;3;0;6;0;1;1;0;0;0;0;0;623607.8932;6009287.4337;10.895683078;54.216664853
121683;1;0;4;0;2018;7;11;3;2;0;7;0;1;0;0;0;0;0;0;566957.7799;5989574.6339;10.022727665;54.050055096
121684;1;0;60;39;2018;8;9;4;3;0;1;0;1;0;0;0;0;0;0;564136.5528;5960761.5623;9.973599035;53.791478483
121685;1;0;55;16;2018;7;17;2;3;5;3;0;1;0;0;0;0;0;0;628376.1269;6001922.5864;10.965621896;54.14933909
121686;1;0;56;23;2018;7;11;1;3;0;1;0;1;0;0;0;0;0;0;543710.5302;5951580.3617;9.662259108;53.71107709
121687;1;0;54;164;2018;7;12;1;3;0;7;0;1;0;0;0;0;0;0;471258.3505;6060289.3702;8.554130012;54.689121934
121688;1;0;61;46;2018;8;13;6;3;4;6;0;1;1;0;0;0;0;1;535453.5094;5975956.1203;9.539972994;53.930787414
121689;1;0;60;63;2018;8;16;6;3;5;3;0;1;1;0;0;0;0;1;565893.7725;5952748.8154;9.998559837;53.71924908
121690;1;0;56;48;2018;8;10;6;2;0;7;0;1;0;0;0;0;0;0;547400.1508;5950194.866;9.717943987;53.698302724
121691;1;0;60;63;2018;8;12;6;3;5;3;0;1;1;0;0;0;0;1;564579.6196;5949337.3449;9.977937145;53.688754306
121692;1;0;2;0;2018;8;16;2;3;2;6;0;0;1;0;0;0;0;1;577034.1096;6016443.8187;10.183474242;54.290087996
121693;1;0;55;16;2018;8;11;6;3;5;7;0;0;1;0;0;0;0;0;625436.492;6003677.011;10.921370228;54.165824563
121694;1;0;56;15;2018;8;15;5;2;2;6;0;0;1;0;0;0;0;0;543812.094;5954211.929;9.664170374;53.734720394
121695;1;0;3;0;2018;8;15;6;3;0;3;0;0;1;0;0;0;1;0;618586.5745;5974514.5207;10.805118102;53.905474905
121696;1;0;58;172;2018;8;13;6;3;4;6;0;1;0;0;0;0;0;0;542343.8545;6015444.3268;9.650440253;54.285157462
121697;1;0;61;72;2018;8;17;3;2;5;3;0;1;1;0;0;0;0;0;535208.9306;5972570.3488;9.535858383;53.900373971
121698;1;0;4;0;2018;8;12;6;3;5;3;0;0;1;0;0;0;1;1;565240.905;5995437.209;9.997770904;54.102958884
121699;1;0;2;0;2018;8;13;6;3;5;2;0;0;1;0;1;0;0;1;574685.9851;6019045.7465;10.148058574;54.313816566
121700;1;0;3;0;2018;8;19;7;3;5;2;0;1;1;0;0;0;0;0;611408.2396;5966435.6312;10.69296993;53.834485314
121701;1;0;2;0;2018;8;13;6;3;0;6;0;0;1;0;1;0;0;1;577170.1286;6020588.6799;10.1866344;54.327311236
121702;1;0;2;0;2018;8;9;6;3;6;4;0;1;0;1;0;0;0;0;568500.821;6019729.3004;10.05315687;54.320826125
121703;1;0;55;46;2018;8;14;1;3;1;2;0;1;1;0;0;0;0;0;643394.3506;6031733.5838;11.209681583;54.413095483
121704;1;0;54;113;2018;8;7;3;2;0;7;0;1;0;0;0;0;0;0;476571.4088;6017207.2419;8.639968372;54.30221828
121705;1;0;53;32;2018;8;14;5;3;1;5;0;1;1;0;0;0;0;0;591676.83;5921488.377;10.379991042;53.434452576
121706;1;0;2;0;2018;8;13;6;3;5;3;0;1;1;0;0;0;0;0;573087.51;6019220.257;10.123535131;54.315615959
121707;1;0;4;0;2018;8;10;5;3;5;3;0;0;1;0;0;0;1;0;567838.866;5989772.138;10.036227316;54.051714763
121708;1;0;54;113;2018;8;12;6;3;0;7;0;0;0;0;0;0;1;0;475668.1935;6017692.748;8.626049266;54.30653943
121709;1;0;61;79;2018;8;15;5;3;1;5;0;0;1;0;1;0;0;0;537169.813;5975703.289;9.566080949;53.928394717
121710;1;0;55;33;2018;8;7;3;3;0;7;0;1;0;0;0;1;0;1;622512.9882;6017512.2399;10.882263777;54.290808656
121711;1;0;56;39;2018;8;17;5;3;5;2;0;1;1;0;0;0;0;0;552076.2604;5944669.9327;9.787836401;53.648201697
121712;1;0;60;4;2018;8;16;5;3;6;7;0;0;1;1;0;0;0;0;557902.9429;5974827.1364;9.881638196;53.918617677
121713;1;0;60;44;2018;8;18;6;3;5;3;0;0;1;0;1;0;0;0;562522.7239;5965279.6193;9.950022472;53.832278475
121714;1;0;56;50;2018;8;12;5;3;5;3;0;0;1;0;0;1;0;0;547832.48;5937128.758;9.722482085;53.580828476
121715;1;0;3;0;2018;8;23;4;3;6;6;2;1;0;1;0;0;0;0;610296.4428;5970059.1934;10.677384436;53.867277604
121716;1;0;53;37;2018;8;12;5;3;4;6;0;0;1;0;0;0;0;0;612043.3347;5935929.5419;10.691588434;53.560269023
121717;1;0;53;100;2018;8;15;5;3;5;2;0;0;1;0;0;0;0;0;615104.229;5951493.25;10.743533896;53.699436139
121718;1;0;61;46;2018;8;6;4;3;4;6;0;1;1;0;0;0;0;0;535249.8158;5975517.9655;9.536820263;53.926863348
121719;1;0;3;0;2018;8;19;5;2;9;1;0;1;0;0;0;0;0;0;607898.7033;5967129.1042;10.639906614;53.841456332
121720;1;0;55;4;2018;8;17;5;3;0;1;0;1;0;0;0;0;0;0;611193.503;5975815.46;10.693109948;53.918801409
121721;1;0;2;0;2018;8;10;3;3;6;6;0;1;0;1;0;0;0;0;573567.2899;6022731.617;10.131775089;54.347098968
121722;1;0;3;0;2018;8;9;5;3;3;7;0;0;1;0;0;1;0;0;612185.3771;5972313.9483;10.706922365;53.88712976
121723;1;0;59;75;2018;8;17;5;2;0;7;0;1;0;0;0;0;0;0;536397.9116;6043073.3269;9.562498579;54.533913709
121724;1;0;53;90;2018;8;14;6;3;0;7;0;1;0;0;0;0;0;0;611970.1395;5941844.3758;10.69260649;53.613427178
121725;1;0;59;53;2018;8;16;5;3;6;5;0;0;1;1;0;0;0;0;533110.3411;6029438.7382;9.510167449;54.411607278
121726;1;0;61;72;2018;8;7;4;3;5;2;0;0;1;0;0;0;0;0;535295.055;5972799.8073;9.537195535;53.902430411
121727;1;0;56;43;2018;8;15;4;3;5;3;0;0;1;0;1;0;0;0;558763.978;5942467.023;9.888582809;53.627694887
121728;1;0;55;42;2018;8;10;2;3;0;1;0;1;0;0;0;0;0;1;616175.4811;5985759.9424;10.772717542;54.007046269
121729;1;0;60;63;2018;8;13;4;3;5;3;0;1;0;0;0;0;0;0;565637.3103;5950801.1469;9.994261223;53.701777707
121730;1;0;60;63;2018;8;6;2;3;5;3;1;1;1;0;0;0;0;1;565410.233;5946855.112;9.989989923;53.666342991
121731;1;0;3;0;2018;8;14;4;2;3;6;0;1;1;0;0;0;0;0;608685.4567;5968031.9166;10.652178108;53.849403584
121732;1;0;58;82;2018;8;19;4;3;4;6;0;0;1;0;0;0;0;0;558905.466;6045835.215;9.910846832;54.556614598
121733;1;0;2;0;2018;8;14;6;3;5;2;0;0;1;0;0;0;0;0;572736.851;6019139.007;10.118125981;54.314935941
121734;1;0;53;43;2018;8;11;5;2;0;7;0;1;0;0;0;0;0;0;614389.2564;5959616.6134;10.735714351;53.772575109
121735;1;0;2;0;2018;8;19;4;3;5;3;0;1;1;0;0;0;0;0;569841.77;6023563.663;10.074667428;54.35509936
121736;1;0;59;120;2018;8;16;4;3;8;1;0;0;0;0;0;0;1;0;524212.1505;6074564.6221;9.376794935;54.81764596
121737;1;0;59;142;2018;8;17;4;3;0;7;0;1;0;0;0;0;0;0;564172.5861;6061997.5148;9.995820136;54.701202467
121738;1;0;61;46;2018;8;5;3;3;4;6;1;0;1;0;0;0;0;1;532077.3722;5975939.298;9.488553301;53.930856371
121739;1;0;51;44;2018;8;7;1;2;8;1;0;0;1;0;0;0;0;1;506389.7186;6004869.7396;9.097930031;54.191831875
121740;1;0;54;164;2018;8;18;3;3;0;1;0;1;0;0;0;0;0;0;472017.4971;6059361.2187;8.565995288;54.680823729
121741;1;0;53;83;2018;8;21;5;3;6;6;0;1;0;1;0;0;0;0;603321.0454;5914680.9178;10.552972614;53.371131033
121742;1;0;51;127;2018;8;8;3;3;9;1;0;0;1;0;0;0;0;1;494888.422;6005958.8545;8.921640455;54.201634749
121743;1;0;53;12;2018;8;13;5;3;5;3;0;0;1;0;1;0;0;0;585456.9162;5927186.5492;10.287939876;53.486703765
121744;1;0;56;50;2018;8;10;3;3;9;7;0;0;1;0;0;0;0;0;547419.8971;5936464.2214;9.716149845;53.574893186
121745;1;0;56;44;2018;8;17;3;3;5;3;0;1;1;0;0;0;0;0;555230.7576;5938504.0821;9.834460126;53.592462398
121746;1;0;55;4;2018;8;16;3;3;5;2;0;1;1;0;0;0;0;0;611714.4407;5975968.559;10.70109419;53.920064796
121747;1;0;59;45;2018;8;11;6;3;6;7;0;0;0;1;0;0;1;0;559958.3893;6057620.4099;9.929535708;54.662390629
121748;1;0;3;0;2018;8;16;3;3;0;1;0;1;0;0;0;0;0;1;610908.056;5969876.0928;10.686615209;53.865502265
121749;1;0;55;33;2018;8;17;3;3;5;3;0;0;1;0;0;0;0;0;622686.724;6017422.944;10.884894781;54.289964872
121750;1;0;58;43;2018;8;17;3;3;5;3;0;1;1;0;0;0;0;0;553367.8629;6038088.2357;9.823827448;54.487612909
121751;1;0;59;75;2018;8;10;3;3;6;7;0;0;1;1;0;0;0;0;535180.2057;6039753.6556;9.543284813;54.504166746
121752;1;0;56;39;2018;8;14;7;3;2;6;0;0;1;0;0;0;0;1;554126.1929;5944604.2339;9.818833975;53.647403164
121753;1;0;59;75;2018;8;20;3;3;0;1;0;1;0;0;0;0;0;0;535043.1566;6039560.7337;9.541145572;54.502442493
121754;1;0;61;46;2018;8;15;2;3;5;3;0;0;1;0;0;0;0;0;533059.7558;5976221.9916;9.503545418;53.93333534
121755;1;0;58;54;2018;8;11;5;2;8;6;0;0;1;0;0;0;0;0;539237.6345;6017831.7448;9.603042347;54.306861006
121756;1;0;51;44;2018;8;18;2;3;5;2;0;1;1;0;0;0;0;0;506978.7521;6005269.8723;9.106966938;54.195420435
121757;1;0;56;32;2018;8;15;2;3;2;2;0;0;1;0;0;0;0;0;552218.7757;5949502.8301;9.790805166;53.691623442
121758;1;0;58;124;2018;8;10;3;3;5;3;0;0;0;0;1;0;1;0;546525.5077;6016687.8664;9.714862493;54.295969376
121759;1;0;62;60;2018;8;10;2;3;5;3;0;0;1;0;0;0;0;0;582647.502;5933620.306;10.247306792;53.544969544
121760;1;0;3;0;2018;8;13;2;3;3;6;0;0;1;0;1;0;0;0;610313.5062;5968978.652;10.677255389;53.857566102
121761;1;0;56;49;2018;8;15;6;3;2;6;0;0;1;0;0;0;0;0;545126.3267;5948522.4826;9.683262975;53.683473209
121762;1;0;58;169;2018;8;17;2;3;5;3;0;0;1;0;1;0;0;0;558626.02;5991948.3913;9.895943961;54.072402135
121763;1;0;56;39;2018;8;11;3;3;0;1;0;1;0;0;0;0;0;0;552604.0232;5947134.5246;9.796237185;53.670299572
121764;1;0;2;0;2018;8;6;2;2;8;1;0;0;1;0;0;0;0;1;572769.2575;6023165.0129;10.119606456;54.351107811
121765;1;0;54;168;2018;8;13;2;3;0;7;0;1;1;0;0;0;0;1;456046.0105;6085060.376;8.314398754;54.91061831
121766;1;0;59;45;2018;8;13;7;3;0;1;0;0;0;0;1;0;0;1;558905.7069;6058481.6875;9.913391924;54.670253975
121767;1;0;1;0;2018;8;18;2;3;0;7;0;1;0;0;0;0;0;0;528282.1056;6070703.6499;9.439753731;54.782736399
121768;1;0;56;39;2018;8;20;4;3;5;2;0;1;1;0;0;0;0;0;551436.2285;5945104.5422;9.778226583;53.652171116
121769;1;0;2;0;2018;8;14;1;3;5;3;0;0;1;0;0;0;0;0;575611.0511;6027965.8119;10.164539817;54.393831961
121770;1;0;57;43;2018;8;13;1;3;2;6;0;1;1;0;0;0;0;0;579133.5157;6028998.9513;10.219053757;54.402579728
121771;1;0;54;168;2018;8;18;3;3;0;7;0;1;0;0;0;0;0;0;455507.5246;6085402.6725;8.305947127;54.913646479
121772;1;0;57;43;2018;8;13;1;3;2;6;0;1;1;0;0;0;0;0;579133.5157;6028998.9513;10.219053757;54.402579728
121773;1;0;51;44;2018;8;8;2;3;6;4;0;0;1;1;0;0;0;0;505948.1984;6005219.3305;9.091170134;54.194979174
121774;1;0;53;129;2018;8;14;3;3;0;1;0;1;0;0;0;0;0;0;584013.5295;5927800.9662;10.266356645;53.492457619
121775;1;0;54;164;2018;8;14;1;2;5;3;0;1;1;0;0;0;0;1;471885.665;6060319.479;8.563858341;54.68942792
121776;1;0;58;135;2018;8;13;6;3;1;5;0;1;1;0;0;0;0;1;543643.7776;6016542.5591;9.670567079;54.294917792
121777;1;0;59;188;2018;8;0;1;2;0;1;2;1;0;0;0;0;0;1;514697.7061;6022355.4867;9.226117582;54.348813218
121778;1;0;51;11;2018;8;8;7;3;6;6;0;0;1;1;0;0;0;0;512691.3716;5975563.2849;9.193283146;53.92831482
121779;1;0;2;0;2018;8;22;4;3;5;3;2;0;1;0;0;0;0;0;574655.4787;6018985.7574;10.147574739;54.313281986
121780;1;0;51;12;2018;8;19;7;2;9;1;0;0;1;0;0;0;0;0;514545.9845;5982492.8169;9.221858167;53.990548065
121781;1;0;56;49;2018;8;18;7;2;6;7;0;0;1;1;0;0;0;0;544564.9882;5948596.8763;9.674775024;53.684190021
121782;1;0;62;6;2018;8;13;2;3;0;7;0;1;0;0;0;0;0;0;583020.6988;5954300.2702;10.258457233;53.730747104
121783;1;0;60;63;2018;8;18;7;2;8;1;0;0;0;0;1;0;0;0;564796.0734;5950927.3759;9.981546799;53.703017201
121784;1;0;56;36;2018;8;13;2;3;5;3;0;1;1;0;0;0;0;0;545185.4727;5946760.9333;9.683901951;53.667635705
121785;1;0;62;90;2018;8;9;7;3;0;7;0;1;0;0;0;0;0;0;575972.5176;5948166.0664;10.15013897;53.676695965
121786;1;0;59;75;2018;8;21;6;3;2;2;2;0;1;0;0;0;0;1;535419.7786;6040690.9356;9.547096858;54.512573164
121787;1;0;53;129;2018;8;8;5;3;5;3;0;0;1;0;0;0;0;0;583393.243;5927638.647;10.256966255;53.491097612
121788;1;0;53;90;2018;8;19;7;2;5;3;0;1;1;0;0;0;0;0;611381.831;5943147.878;10.684183734;53.625264043
121789;1;0;3;0;2018;8;17;7;3;0;1;0;1;0;0;0;0;0;1;610826.4226;5970176.1352;10.685482763;53.868215349
121790;1;0;3;0;2018;8;15;7;3;5;3;0;1;1;0;0;0;0;1;613297.3972;5970097.1407;10.723014419;53.866972181
121791;1;0;56;50;2018;8;16;2;3;9;1;0;0;1;0;1;0;0;0;548707.316;5939127.7811;9.736006931;53.598714766
121792;1;0;57;57;2018;8;11;7;3;5;3;0;1;1;0;0;0;0;0;592908.7114;6002253.8491;10.422887553;54.159954864
121793;1;0;56;49;2018;8;14;1;3;3;6;0;1;0;0;0;0;0;0;545411.883;5949732.786;9.687763526;53.694326358
121794;1;0;59;75;2018;8;19;7;3;5;3;0;0;1;0;0;0;0;0;538057.807;6041906.256;9.587998637;54.523303653
121795;1;0;54;56;2018;8;20;7;3;5;3;0;1;1;0;0;0;0;0;502990.199;6038705.984;9.046167908;54.495962755
121796;1;0;62;60;2018;8;19;6;3;1;5;0;1;1;0;0;0;0;0;582759.5684;5930343.2236;10.248131337;53.515502427
121797;1;0;57;74;2018;8;14;2;2;5;3;0;1;1;0;0;0;0;0;578318.6842;6020687.88;10.204317337;54.328027641
121798;1;0;56;2;2018;8;8;2;3;5;7;0;1;1;0;0;0;0;0;551110.734;5960450.386;9.775836754;53.79012403
121799;1;0;3;0;2018;8;17;6;3;5;2;0;1;1;0;0;0;0;1;608631.068;5970210.784;10.652122847;53.86899076
121800;1;0;56;43;2018;8;8;5;3;5;3;0;1;1;0;0;0;0;0;555482.4499;5944063.6021;9.839252886;53.642402175
121801;1;0;4;0;2018;8;3;6;3;9;7;2;0;1;0;0;0;0;0;564309.4775;6000638.2042;9.984635904;54.149814357
121802;1;0;2;0;2018;8;7;6;3;0;1;0;1;0;0;0;0;0;1;573735.5724;6025579.5612;10.135068757;54.372665191
121803;1;0;2;0;2018;8;7;4;3;6;4;0;1;0;1;0;0;0;0;572934.5785;6024159.2007;10.122392983;54.360017624
121804;1;0;60;5;2018;8;19;5;2;5;3;1;1;1;0;0;0;0;0;584995.248;5976958.206;10.294644332;53.934030706
121805;1;0;56;2;2018;8;17;2;3;0;7;0;1;0;0;0;0;0;0;550623.2958;5960178.4831;9.76839375;53.78772796
121806;1;0;3;0;2018;8;14;5;3;6;4;0;0;0;1;0;0;1;0;607165.3781;5967097.9146;10.628755216;53.841327887
121807;1;0;3;0;2018;8;22;7;3;5;3;2;1;0;0;0;0;0;0;613956.5084;5968516.4271;10.732446184;53.852626744
121808;1;0;62;27;2018;8;12;2;3;0;7;0;0;0;0;1;0;0;1;587125.0298;5952029.1494;10.320015087;53.709669552
121809;1;0;3;0;2018;8;15;5;3;4;6;0;1;0;0;0;0;0;0;611425.4938;5971258.05;10.694982332;53.8778072
121810;1;0;54;56;2018;8;16;5;3;5;3;0;0;1;0;1;0;0;0;505053.407;6037766.56;9.078007211;54.487503631
121811;1;0;55;32;2018;8;20;5;3;5;3;1;1;1;0;0;0;0;0;619274.19;5996413.977;10.824163879;54.102048161
121812;1;0;58;5;2018;8;15;5;3;6;7;0;1;0;1;0;0;0;0;573804.4649;6026742.1466;10.136417559;54.383101722
121813;1;0;58;34;2018;8;17;5;3;5;2;0;0;1;0;0;0;0;0;542993.77;6018566.543;9.660872039;54.313162162
121814;1;0;2;0;2018;8;8;5;3;5;3;0;0;1;0;0;0;0;0;569978.0183;6024616.0003;10.07701084;54.364536758
121815;1;0;53;32;2018;8;13;3;3;2;1;0;1;0;0;0;0;1;0;590233.82;5922139.683;10.358463165;53.440554288