OBJECTID_1;ULAND;UREGBEZ;UKREIS;UGEMEINDE;UJAHR;UMONAT;USTUNDE;UWOCHENTAG;UKATEGORIE;UART;UTYP1;ULICHTVERH;IstRad;IstPKW;IstFuss;IstKrad;IstGkfz;IstSonstig;STRZUSTAND;LINREFX;LINREFY;XGCSWGS84;YGCSWGS84
121816;1;0;1;0;2018;8;11;5;3;2;6;0;0;0;0;1;0;1;0;526904.0442;6070554.7121;9.418313323;54.78147373
121817;1;0;58;58;2018;8;19;2;3;5;3;0;1;1;0;0;0;0;0;563815.7037;6029150.2276;9.983158108;54.406090215
121818;1;0;54;61;2018;8;16;5;3;0;1;0;1;0;0;0;0;0;0;457820.4138;6090053.178;8.341341355;54.95563624
121819;1;0;56;41;2018;8;15;6;3;5;3;0;0;1;0;0;0;0;0;559151.0969;5954152.8637;9.896663741;53.732675458
121820;1;0;61;30;2018;8;17;4;3;5;3;0;0;1;0;1;0;0;1;533375.4839;5965549.7254;9.507191764;53.837395566
121821;1;0;3;0;2018;8;15;4;3;6;6;0;0;1;1;0;0;0;0;611164.2477;5966472.952;10.689277481;53.834872863
121822;1;0;60;89;2018;8;20;4;2;0;1;0;0;0;0;1;0;0;0;579669.2852;5988595.9489;10.21658457;54.039453359
121823;1;0;56;48;2018;8;12;4;3;3;2;0;1;1;0;0;0;0;0;546674.506;5949837.444;9.706900146;53.695155686
121824;1;0;51;19;2018;8;14;2;3;8;1;0;0;1;0;0;0;0;1;525051.3524;6009109.1895;9.384290787;54.229361526
121825;1;0;53;90;2018;8;15;4;3;3;6;0;1;1;0;0;0;0;0;612112.5576;5941515.0583;10.694639823;53.610437944
121826;1;0;55;10;2018;8;11;4;3;5;2;0;1;1;0;0;0;0;0;636136.529;6010015.348;11.08802088;54.220028049
121827;1;0;55;16;2018;8;12;4;3;8;7;0;1;0;0;0;0;0;0;627722.205;6001867.73;10.955592648;54.149009326
121828;1;0;2;0;2018;8;14;3;3;5;2;0;1;1;0;0;0;0;0;573536.6719;6025695.8004;10.132036324;54.373738414
121829;1;0;55;21;2018;8;9;4;3;6;3;0;0;1;1;0;0;0;0;628441.6623;6026425.3414;10.977130005;54.369411391
121830;1;0;57;1;2018;8;13;2;3;5;3;0;1;1;0;0;0;0;0;587509.242;6000974.769;10.33984971;54.14941055
121831;1;0;55;16;2018;8;15;4;3;0;6;0;1;1;0;0;0;0;0;630183.1071;6002861.4641;10.993676326;54.15731763
121832;1;0;53;116;2018;8;17;6;3;5;3;0;1;1;0;0;0;0;0;597734.6817;5928913.0084;10.473455599;53.500080426
121833;1;0;2;0;2018;8;17;4;2;0;7;0;1;0;0;0;0;0;0;576222.0317;6030230.6977;10.174529195;54.414091815
121834;1;0;60;11;2018;8;18;3;3;4;7;0;1;1;0;0;0;0;0;566373.8712;5985170.7555;10.012848162;54.010555298
121835;1;0;54;89;2018;8;13;4;2;4;6;0;1;0;0;0;0;0;0;456888.784;6059609.7684;8.331328991;54.681989825
121836;1;0;1;0;2018;8;17;4;3;0;1;0;0;0;0;1;0;0;1;530672.5923;6071523.8238;9.477008374;54.789966437
121837;1;0;3;0;2018;8;7;2;3;5;3;0;1;1;0;0;0;0;1;611307.41;5971650.477;10.693329415;53.881358176
121838;1;0;57;62;2018;8;7;2;3;5;3;0;1;1;0;0;0;0;1;583408.0781;6009476.0151;10.279431485;54.22647985
121839;1;0;54;85;2018;8;15;4;3;5;3;0;1;1;0;0;0;0;0;458214.2592;6055070.9358;8.352535063;54.641313971
121840;1;0;59;75;2018;8;15;6;3;5;2;0;0;1;0;0;0;0;0;536885.0658;6042157.6675;9.569912089;54.525649733
121841;1;0;57;91;2018;8;19;2;3;6;5;0;0;1;1;0;0;0;0;578175.9133;6018928.0724;10.201661498;54.312236853
121842;1;0;54;168;2018;8;13;4;3;0;7;0;1;0;0;0;0;0;0;455588.0268;6085214.3871;8.307231863;54.911961731
121843;1;0;57;25;2018;8;9;6;2;5;3;0;0;1;0;0;0;0;0;578664.3638;6026405.1735;10.21114163;54.379346529
121844;1;0;54;164;2018;8;11;4;3;0;7;0;1;1;0;0;0;0;0;471837.5337;6059455.4121;8.563195083;54.681660182
121845;1;0;61;29;2018;8;17;3;2;5;3;0;0;1;0;1;0;0;0;527500.5869;5960047.3983;9.417424907;53.788285036
121846;1;0;62;9;2018;8;16;3;3;5;2;0;1;1;0;0;0;0;0;579085.8255;5937138.8209;10.19445798;53.577137573
121847;1;0;60;63;2018;8;2;1;3;7;1;2;0;1;0;0;0;0;0;564480.8744;5951567.9154;9.976906187;53.708812784
121848;1;0;55;31;2018;8;15;3;3;4;6;0;0;1;0;0;0;0;0;631836.4435;6022949.6512;11.027812478;54.337326762
121849;1;0;2;0;2018;8;14;2;3;5;3;0;0;1;0;0;0;0;1;573954.2202;6019754.5567;10.136988096;54.320292204
121850;1;0;56;44;2018;8;14;1;3;5;3;0;1;1;0;0;0;0;0;555954.549;5939658.304;9.845601449;53.602759265
121851;1;0;3;0;2018;8;11;3;3;1;5;0;1;1;0;0;0;0;0;618083.332;5971627.3817;10.796348979;53.87965273
121852;1;0;59;147;2018;8;10;3;3;2;6;0;1;0;0;0;0;0;0;560508.73;6069759.688;9.940588198;54.771403993
121853;1;0;62;82;2018;8;15;5;3;0;1;0;1;0;0;0;0;0;0;592576.54;5942683.322;10.399797076;53.624752187
121854;1;0;58;22;2018;8;1;3;3;9;1;2;0;0;0;1;0;0;0;568264.5648;6003386.2889;10.045803573;54.173998785
121855;1;0;2;0;2018;8;21;3;3;5;3;1;1;1;0;0;0;0;0;574576.727;6018267.075;10.146184992;54.306835663
121856;1;0;51;141;2018;8;14;3;3;5;3;0;1;1;0;0;0;0;0;509682.6462;6009892.3979;9.148559817;54.236921749
121857;1;0;2;0;2018;8;14;3;3;0;3;0;1;0;0;0;0;0;0;575456.282;6028134.199;10.162199419;54.395367959
121858;1;0;57;22;2018;8;13;1;3;8;1;0;1;0;0;0;0;0;0;599267.547;6007401.893;10.521933689;54.205017554
121859;1;0;1;0;2018;8;9;3;3;0;1;0;1;0;0;0;0;0;0;524997.0984;6067966.3274;9.388441393;54.758311656
121860;1;0;51;44;2018;8;14;2;3;5;3;0;0;1;0;0;0;0;0;507011.9947;6005871.815;9.107490502;54.200830004
121861;1;0;60;5;2018;8;17;2;3;5;3;0;1;1;0;0;0;0;0;585908.8061;5976880.5189;10.30853379;53.933181866
121862;1;0;54;85;2018;8;15;1;3;0;7;0;1;0;0;0;0;0;0;458053.083;6057017.8871;8.349758595;54.658796609
121863;1;0;56;50;2018;8;11;2;3;5;2;0;1;1;0;0;0;0;0;547185.5982;5936597.1047;9.712631776;53.576108651
121864;1;0;54;149;2018;8;18;1;3;3;6;0;1;0;0;0;0;0;0;456047.9929;6087350.8028;8.314079671;54.931200019
121865;1;0;51;21;2018;8;18;7;3;6;4;0;0;1;1;0;0;0;0;501195.889;5977338.895;9.01821979;53.944428162
121866;1;0;60;63;2018;8;15;2;3;5;3;0;1;1;0;0;0;0;0;565608.445;5951138.5809;9.993895506;53.704813858
121867;1;0;58;34;2018;8;19;5;3;5;3;0;1;1;0;0;0;0;0;542993.77;6018566.543;9.660872039;54.313162162
121868;1;0;56;15;2018;8;10;2;3;2;6;0;0;1;0;0;1;0;0;544264.333;5955446.1725;9.671202321;53.745775207
121869;1;0;60;30;2018;8;9;3;3;5;3;0;0;1;0;0;0;0;0;586013.2883;5981190.7765;10.311339526;53.971894923
121870;1;0;62;61;2018;8;10;2;3;8;1;0;1;0;0;0;0;0;0;598406.546;5966425.7963;10.495470879;53.837021723
121871;1;0;3;0;2018;8;15;3;3;5;3;0;0;1;0;0;0;0;0;612361.4274;5967098.6301;10.707689989;53.840236593
121872;1;0;55;21;2018;8;10;2;2;5;2;0;0;1;0;1;0;0;0;627898.116;6026960.408;10.968998569;54.374354081
121873;1;0;56;15;2018;8;18;7;3;4;5;0;0;1;0;0;0;0;0;543931.7226;5954162.6138;9.665976745;53.7342671
121874;1;0;3;0;2018;8;15;2;3;5;3;0;1;1;0;0;0;0;0;612380.1926;5969657.2788;10.708911432;53.863219798
121875;1;0;56;44;2018;8;18;6;3;8;1;0;0;0;0;1;0;0;1;554551.6947;5938376.779;9.824179336;53.591389351
121876;1;0;60;63;2018;8;17;7;3;4;6;0;1;0;0;0;0;0;0;566350.4863;5953374.8237;10.005613965;53.724817115
121877;1;0;58;22;2018;8;17;2;3;5;2;0;0;1;0;1;0;0;0;568255.8404;6003940.8434;10.045795665;54.178983258
121878;1;0;3;0;2018;8;17;4;3;0;7;0;1;0;0;0;0;0;0;610650.526;5970331.5959;10.682865022;53.869649572
121879;1;0;58;135;2018;8;16;2;3;0;7;0;0;0;0;1;0;0;0;543339.6591;6017243.4664;9.665996435;54.301242634
121880;1;0;55;33;2018;8;12;7;3;1;5;0;1;1;0;0;0;0;1;623160.7288;6018167.4921;10.892479483;54.296538832
121881;1;0;62;83;2018;8;16;7;2;8;1;0;1;0;0;0;0;0;0;601312.1083;5960979.567;10.537816426;53.787529216
121882;1;0;2;0;2018;8;15;2;3;0;7;0;1;0;0;0;0;0;0;577162.4225;6016807.2449;10.185538844;54.293334226
121883;1;0;56;18;2018;8;16;4;3;4;6;0;1;0;0;0;0;0;0;556921.1079;5941742.0878;9.860587324;53.621383152
121884;1;0;2;0;2018;8;13;2;2;5;2;0;1;1;0;0;0;0;0;571957.232;6018616.578;10.106018098;54.310351974
121885;1;0;59;183;2018;8;10;2;3;5;3;0;1;0;0;0;1;0;0;521614.361;6070282.66;9.33604901;54.779284572
121886;1;0;54;168;2018;8;19;3;3;2;6;0;1;0;0;0;0;0;0;455178.7077;6084572.2642;8.300947544;54.906155127
121887;1;0;59;75;2018;8;18;2;3;5;3;0;1;0;0;0;0;1;0;538057.129;6041907.1201;9.587988274;54.523311469
121888;1;0;55;12;2018;8;14;7;3;5;3;0;0;1;0;0;0;0;0;605448.9679;5999409.7851;10.613866865;54.131981659
121889;1;0;59;45;2018;8;13;2;3;3;2;0;0;1;0;1;0;0;0;560103.5891;6058237.3062;9.931913304;54.667916604
121890;1;0;3;0;2018;8;20;6;2;0;1;1;1;0;0;0;0;0;0;623535;5979816.4666;10.882541705;53.951947539
121891;1;0;54;168;2018;8;9;2;3;5;3;0;1;1;0;0;0;0;0;455919.469;6084702.821;8.312479855;54.907394203
121892;1;0;54;168;2018;8;20;2;3;6;3;1;1;0;1;0;0;0;0;455342.7424;6085428.2949;8.303372869;54.913862014
121893;1;0;61;29;2018;8;4;1;3;7;7;2;1;0;0;0;0;0;0;527572.0434;5961063.8745;9.41860045;53.797417333
121894;1;0;60;63;2018;8;16;1;2;2;6;0;0;1;0;1;0;0;0;569120.9891;5948492.9194;10.046507276;53.680584417
121895;1;0;62;9;2018;8;13;2;2;4;6;0;1;0;0;0;0;0;0;577072.399;5936534.141;10.163906291;53.572003198
121896;1;0;3;0;2018;8;14;1;3;1;5;0;1;1;0;0;0;0;0;612820.8712;5969895.9556;10.715697072;53.865268509
121897;1;0;4;0;2018;8;16;7;3;0;7;0;1;0;0;0;0;0;0;563530.5443;5993268.1197;9.971162063;54.083680401
121898;1;0;56;39;2018;8;18;7;3;6;4;0;0;1;1;0;0;0;0;552433.4465;5945961.7642;9.793457512;53.659776456
121899;1;0;2;0;2018;8;19;6;3;5;2;0;1;1;0;0;0;0;0;573566.5932;6021585.3166;10.131481436;54.336798815
121900;1;0;3;0;2018;8;20;5;3;0;1;1;1;0;0;0;0;0;0;613094.8758;5970136.6789;10.719950602;53.86737156
121901;1;0;56;39;2018;8;5;7;3;4;6;0;1;1;0;0;0;0;0;552819.8767;5944014.7033;9.798973696;53.642238225
121902;1;0;62;61;2018;8;10;7;3;5;3;0;0;1;0;0;0;0;0;598151.8477;5966372.104;10.491584563;53.836587464
121903;1;0;53;45;2018;8;16;7;2;9;1;0;0;1;0;0;0;0;0;598889.7111;5932295.11;10.491929807;53.530254774
121904;1;0;57;7;2018;8;17;7;3;4;6;0;0;1;0;1;0;0;0;609238.2811;6013662.4595;10.677011405;54.259233358
121905;1;0;55;46;2018;8;17;7;2;0;7;0;1;0;0;0;0;0;0;639031.7906;6040476.1055;11.146613801;54.49282223
121906;1;0;51;27;2018;8;9;1;3;1;5;0;1;1;0;0;0;0;1;502691.3703;5991576.4609;9.041129957;54.072388397
121907;1;0;59;120;2018;8;0;7;3;8;7;2;0;1;0;0;0;0;0;527044.5243;6075262.7419;9.420936957;54.823774762
121908;1;0;3;0;2018;8;13;7;3;0;7;0;1;0;0;0;0;0;0;609620.0612;5969116.028;10.666765936;53.858947192
121909;1;0;55;4;2018;8;19;5;3;0;6;0;1;1;0;0;0;0;0;611086.0678;5976206.866;10.691617035;53.922340894
121910;1;0;55;12;2018;8;11;7;3;5;2;0;1;1;0;0;0;0;0;605086.5348;5999816.9815;10.608464101;54.135714198
121911;1;0;58;135;2018;8;20;2;3;0;7;0;1;0;0;0;0;0;0;541785.8227;6018464.861;9.642291344;54.312348634
121912;1;0;58;34;2018;8;9;7;3;1;5;0;1;1;0;0;0;0;0;543027.4375;6018565.4722;9.661389361;54.313149703
121913;1;0;51;130;2018;8;11;5;3;5;3;0;0;1;0;1;0;0;0;505746.3023;6006598.6191;9.088101971;54.207377976
121914;1;0;57;91;2018;8;16;7;2;0;1;0;0;0;0;1;0;0;0;577643.4505;6017201.5268;10.193030105;54.296804196
121915;1;0;2;0;2018;8;2;7;3;1;5;2;1;1;0;0;0;0;0;573825.9394;6021421.9795;10.135428967;54.335293664
121916;1;0;54;168;2018;8;12;7;3;0;1;0;0;0;0;1;0;0;0;455421.5666;6083853.9046;8.30484618;54.899721745
121917;1;0;54;149;2018;8;13;7;3;0;1;0;1;0;0;0;0;0;0;456244.6946;6088004.5143;8.317049649;54.937091474
121918;1;0;56;39;2018;8;13;7;3;2;6;0;0;1;0;0;0;1;1;551184.0739;5945761.5237;9.774520111;53.658100547
121919;1;0;54;113;2018;8;20;7;3;0;1;0;1;0;0;0;0;0;0;477395.7403;6016473.2272;8.652691293;54.295658609
121920;1;0;1;0;2018;8;15;5;2;1;3;0;0;1;0;1;0;0;0;530967.913;6073949.6009;9.48186016;54.811747301
121921;1;0;54;168;2018;8;14;7;3;6;4;0;0;0;1;1;0;0;0;459230.4741;6083422.1266;8.364298945;54.896167027
121922;1;0;56;50;2018;8;21;6;3;0;1;1;0;0;0;1;0;0;0;547001.632;5938127.06;9.710084054;53.589876185
121923;1;0;58;43;2018;8;7;3;3;0;7;0;1;0;0;0;0;0;0;554136.043;6033900.0152;9.834917619;54.449895098
121924;1;0;56;43;2018;8;9;6;3;6;6;0;0;1;1;0;0;0;0;558081.1937;5942509.6202;9.878267571;53.628153915
121925;1;0;53;100;2018;8;18;6;3;5;3;0;1;1;0;0;0;0;0;615580.0007;5950598.6949;10.750403387;53.691294219
121926;1;0;56;49;2018;8;13;3;3;4;6;0;1;0;0;0;0;0;0;543563.1772;5948833.3681;9.659640568;53.686400049
121927;1;0;62;1;2018;8;7;6;3;5;3;0;1;0;0;0;0;0;0;580831.835;5947213.7988;10.223437731;53.667409612
121928;1;0;62;65;2018;8;10;6;3;1;5;0;1;1;0;0;0;0;0;589044.4166;5960681.4916;10.351580021;53.78709389
121929;1;0;60;51;2018;8;15;6;3;8;1;0;0;1;0;0;0;0;0;580774.3861;5974268.9338;10.22965863;53.910540684
121930;1;0;53;20;2018;8;5;6;3;5;3;0;0;1;0;1;0;0;0;606088.064;5927689.071;10.598926271;53.487464819
121931;1;0;55;44;2018;8;13;4;3;4;6;0;1;1;0;0;0;0;0;613974.5463;5988715.2847;10.740258982;54.03408673
121932;1;0;3;0;2018;8;18;6;2;5;3;0;1;0;0;0;0;1;0;610079.5117;5969931.7745;10.674041191;53.866178888
121933;1;0;55;1;2018;8;13;6;2;6;4;0;0;1;1;0;0;0;0;603004.0147;5981124.4086;10.570255482;53.968193315
121934;1;0;59;26;2018;8;18;3;3;4;6;0;1;0;0;0;0;0;0;538846.3527;6039372.3574;9.599847331;54.500472539
121935;1;0;3;0;2018;8;14;6;3;4;6;0;1;0;0;0;0;0;0;611186.3563;5969781.8472;10.690811233;53.864596008
121936;1;0;3;0;2018;8;15;3;3;4;6;0;0;0;0;1;0;1;0;611154.9642;5969301.3317;10.690160033;53.860285678
121937;1;0;2;0;2018;8;13;6;3;5;3;0;0;1;0;0;0;1;0;571958.9991;6018614.4043;10.10604473;54.310332193
121938;1;0;58;135;2018;8;20;6;3;4;6;1;0;1;0;1;0;0;1;541928.3627;6019298.6765;9.644599295;54.319830345
121939;1;0;54;149;2018;8;16;6;3;0;7;0;1;0;0;0;0;0;0;456250.9082;6088005.8804;8.317146418;54.937104294
121940;1;0;54;168;2018;8;11;6;3;0;1;0;1;0;0;0;0;0;0;456416.1393;6086544.904;8.319946724;54.923990576
121941;1;0;60;5;2018;8;14;6;3;6;7;0;1;0;1;0;0;0;0;586013.1696;5977152.0304;10.310199397;53.935604252
121942;1;0;54;168;2018;8;14;6;3;0;7;0;1;0;0;0;0;0;0;456216.4403;6085675.6828;8.316963312;54.916162369
121943;1;0;59;142;2018;8;13;4;3;3;6;0;1;0;0;0;0;0;0;564009.0799;6060016.3035;9.99284857;54.683421051
121944;1;0;56;48;2018;8;11;5;3;5;3;0;0;1;0;0;0;0;0;547808.0978;5949830.1344;9.724066135;53.694987454
121945;1;0;56;44;2018;8;15;5;3;5;2;0;1;0;0;0;0;1;0;555160.753;5938400.0753;9.833384183;53.591534999
121946;1;0;55;12;2018;8;8;2;3;5;2;0;1;1;0;0;0;0;1;605374.934;5999473.846;10.612756653;54.132572373
121947;1;0;56;15;2018;8;9;5;3;5;3;0;1;1;0;0;0;0;0;543338.5872;5956533.696;9.657318366;53.755627324
121948;1;0;1;0;2018;8;12;6;3;0;1;0;1;0;0;0;0;0;1;527056.4293;6070041.2703;9.42063471;54.77685149
121949;1;0;55;40;2018;8;22;5;3;0;1;2;0;0;0;1;0;0;0;608211.0572;5973349.7915;10.646846267;53.897280534
121950;1;0;54;149;2018;8;15;7;3;0;7;0;1;0;0;0;0;0;0;456617.6473;6088266.5542;8.322830823;54.939478693
121951;1;0;2;0;2018;9;18;2;3;5;3;0;1;1;0;0;0;0;0;577016.1337;6017134.7044;10.183376137;54.296298699
121952;1;0;61;109;2018;9;16;1;3;5;3;0;1;1;0;0;0;0;0;540589.5449;5974030.6437;9.617936822;53.913105052
121953;1;0;56;50;2018;9;16;1;3;8;1;0;0;1;0;0;0;0;0;547995.3269;5936746.2357;9.724882759;53.577375552
121954;1;0;53;32;2018;9;16;1;3;0;1;0;1;0;0;0;0;0;0;589440.5977;5922463.2611;10.346616856;53.44359723
121955;1;0;3;0;2018;9;16;1;3;5;2;0;1;1;0;0;0;0;0;609715.047;5969595.892;10.668381062;53.863238378
121956;1;0;55;33;2018;9;9;5;3;8;1;0;0;0;0;1;0;0;0;622446.0102;6018352.4178;10.881579498;54.298371711
121957;1;0;54;168;2018;9;16;1;3;0;1;0;1;0;0;0;0;0;0;455323.5067;6084396.3071;8.303233011;54.904586964
121958;1;0;2;0;2018;9;14;4;3;5;3;0;1;0;0;0;0;1;0;573283.8515;6019964.1696;10.126735394;54.322272392
121959;1;0;58;135;2018;9;18;3;3;1;7;0;1;1;0;0;0;0;0;543554.0434;6016233.7479;9.669143463;54.292150204
121960;1;0;60;63;2018;9;20;7;3;6;2;1;0;1;1;0;0;0;0;567153.4373;5953229.0455;10.017749825;53.723404286
121961;1;0;56;48;2018;9;9;7;3;0;1;0;1;0;0;0;0;0;0;546768.3104;5950487.2026;9.708418779;53.70098712
121962;1;0;3;0;2018;9;14;7;2;6;4;0;1;0;1;0;0;0;1;610581.7479;5969956.8147;10.681684388;53.866297105
121963;1;0;56;18;2018;9;16;7;3;2;6;0;0;1;0;0;0;0;0;555423.1019;5943386.8668;9.83823467;53.636326307
121964;1;0;60;43;2018;9;3;7;3;9;1;2;0;1;0;0;0;0;0;576730.8859;5962743.2032;10.165235897;53.807581911
121965;1;0;56;39;2018;9;7;4;3;0;7;0;1;1;0;0;0;0;1;552108.623;5944770.635;9.78834283;53.649103546
121966;1;0;53;133;2018;9;20;7;3;9;1;1;0;1;0;0;0;0;0;585837.9702;5930358.1039;10.294549286;53.515142533
121967;1;0;53;90;2018;9;13;7;3;5;2;0;0;1;0;0;0;0;0;611594.4001;5942684.1712;10.68723021;53.621052573
121968;1;0;2;0;2018;9;11;5;3;0;7;0;1;0;0;0;0;0;0;573471.7606;6022866.8241;10.130339104;54.348327661
121969;1;0;56;44;2018;9;8;3;3;0;1;0;1;0;0;0;0;0;0;555577.1851;5940619.8133;9.84007078;53.611441028
121970;1;0;60;63;2018;8;14;4;3;2;6;0;0;1;0;0;0;0;0;565883.9938;5952794.6623;9.998421433;53.719662339
121971;1;0;2;0;2018;9;16;7;3;0;1;0;1;0;0;0;0;0;0;573732.959;6022652.2063;10.134303575;54.346361489
121972;1;0;60;5;2018;9;18;3;3;0;7;0;1;0;0;0;0;0;0;586238.8526;5976812.6588;10.31354034;53.932517235
121973;1;0;59;75;2018;9;13;3;3;6;6;0;1;0;1;0;0;0;0;535678.4049;6041574.3063;9.551198302;54.520493638
121974;1;0;2;0;2018;9;9;7;3;2;6;0;0;1;0;0;0;0;0;571482.224;6019068.3964;10.098826648;54.314478628
121975;1;0;1;0;2018;9;11;7;2;6;2;0;0;1;1;0;0;0;1;528077.3714;6071140.7556;9.436612769;54.786675936
121976;1;0;60;63;2018;9;21;6;3;1;5;2;0;1;0;0;0;0;0;565089.7251;5951956.9145;9.986210737;53.712233167
121977;1;0;54;56;2018;9;15;7;3;9;1;0;0;0;0;1;0;0;0;502024.1234;6038943.0765;9.031253577;54.498098321
121978;1;0;59;75;2018;9;18;7;2;4;1;0;0;1;0;0;1;0;0;537863.2891;6041157.4914;9.584897316;54.516589326
121979;1;0;2;0;2018;9;14;4;3;5;2;0;0;1;0;1;0;0;1;577193.8065;6020470.5958;10.18696785;54.326246611
121980;1;0;56;43;2018;9;17;6;3;0;3;0;1;1;0;0;0;0;1;554639.5573;5945152.7527;9.826695817;53.652279621
121981;1;0;55;42;2018;9;17;2;3;5;3;0;0;1;0;0;0;1;0;616080.0067;5984615.3261;10.770824838;53.996784943
121982;1;0;56;44;2018;9;19;6;3;1;5;0;1;1;0;0;0;0;1;555147.5116;5939351.4577;9.833352408;53.600087013
121983;1;0;60;63;2018;9;11;6;2;5;3;0;0;1;0;1;0;0;0;566740.4103;5951147.1494;10.011042464;53.704747392
121984;1;0;60;63;2018;9;16;2;3;5;2;0;0;1;1;0;0;0;0;565947.0735;5951662.2539;9.999135992;53.70947744
121985;1;0;60;39;2018;9;6;6;3;0;6;1;1;1;0;0;0;0;0;564254.7227;5958608.147;9.974943852;53.772111287
121986;1;0;56;50;2018;9;19;6;3;5;2;0;0;1;0;1;0;0;1;546888.263;5936697.109;9.708156599;53.577034139
121987;1;0;53;32;2018;9;13;6;3;4;6;0;1;0;0;0;0;0;0;590430.2884;5922051.6681;10.36139478;53.4397297
121988;1;0;53;32;2018;9;15;6;3;6;2;0;0;1;1;0;0;0;0;591202.3354;5921538.0883;10.372865234;53.434981577
121989;1;0;3;0;2018;9;13;6;3;4;6;0;1;0;0;0;0;0;0;610450.388;5969926.059;10.679676592;53.866048756
121990;1;0;55;4;2018;9;8;6;3;4;1;0;0;1;0;0;0;1;1;611265.3062;5975198.6389;10.693978378;53.913244404
121991;1;0;54;168;2018;9;16;2;3;0;1;0;1;0;0;0;0;0;0;455298.2178;6085126.0091;8.302725325;54.911141726
121992;1;0;55;32;2018;9;18;6;3;2;2;0;0;1;0;0;0;0;1;617002.4498;5995554.6069;10.789106708;54.0948496
121993;1;0;2;0;2018;9;9;6;2;0;1;0;1;0;0;0;0;0;1;577207.691;6020692.954;10.187238842;54.32824251
121994;1;0;62;18;2018;9;16;5;3;0;7;0;1;0;0;0;0;0;0;579986.182;5933171.935;10.207037759;53.541352298
121995;1;0;2;0;2018;9;16;6;3;1;5;0;0;1;0;0;0;1;1;568419.844;6019550.867;10.051871226;54.319233596
121996;1;0;54;168;2018;9;13;6;3;0;7;0;1;0;0;0;0;0;0;456244.6649;6086644.2734;8.317256244;54.924868502
121997;1;0;59;75;2018;9;17;6;3;5;3;0;1;1;0;0;0;0;1;536320.7428;6041016.9904;9.561052651;54.515439572
121998;1;0;59;101;2018;9;17;6;3;0;7;0;1;0;0;0;0;0;1;530820.5352;6068694.6404;9.479008547;54.764533089
121999;1;0;56;41;2018;8;7;4;3;1;5;0;1;1;0;0;0;0;0;559757.8686;5954023.6172;9.905835483;53.731444728
122000;1;0;54;168;2018;9;12;6;2;0;7;0;1;0;0;0;0;0;0;455767.7818;6085006.4831;8.31006753;54.910109476
122001;1;0;51;82;2018;9;16;5;3;6;6;0;0;1;1;0;0;0;0;512052.1;6002657.076;9.184623767;54.171843548
122002;1;0;62;9;2018;9;15;1;2;2;6;0;0;1;0;0;0;0;0;580845.1242;5936126.9717;10.220760701;53.56777637
122003;1;0;61;19;2018;9;13;5;3;8;7;0;0;0;0;1;0;0;0;553871.8297;5982930.2008;9.821697728;53.991875288
122004;1;0;60;44;2018;9;7;5;3;2;6;0;0;1;0;0;0;0;0;563039.9273;5965239.0965;9.957871778;53.831851819
122005;1;0;3;0;2018;9;14;5;3;5;3;0;0;1;0;0;0;0;0;611289.4582;5968186.2106;10.691799866;53.850238382
122006;1;0;53;32;2018;9;19;3;3;8;7;2;1;0;0;0;0;0;0;589884.606;5923121.8994;10.353487954;53.449440385
122007;1;0;53;129;2018;8;17;4;3;5;3;0;1;1;0;0;0;0;0;584045.3265;5927652.893;10.26679614;53.491121883
122008;1;0;56;44;2018;9;16;5;3;5;2;0;0;1;0;1;0;0;0;555480.7152;5940140.774;9.838527471;53.607145867
122009;1;0;54;164;2018;9;10;4;3;5;2;0;0;1;0;1;0;0;0;471751.858;6060065.053;8.561807273;54.687134002
122010;1;0;58;43;2018;9;16;3;3;5;3;0;1;1;0;0;0;0;0;554032.9463;6033975.8023;9.833341619;54.450587117
122011;1;0;60;63;2018;9;16;5;3;5;3;0;1;1;0;0;0;0;0;565910.3151;5948831.9118;9.997977286;53.684045773
122012;1;0;56;41;2018;9;16;5;3;2;6;0;0;1;0;0;1;0;0;562119.8877;5953329.2792;9.941495337;53.724928679
122013;1;0;56;15;2018;9;9;3;3;5;3;0;0;1;0;0;0;0;0;545367.3066;5955596.9638;9.687948092;53.747035648
122014;1;0;62;4;2018;9;19;4;3;0;6;0;0;1;0;1;0;0;0;592213.1965;5962981.8151;10.400351016;53.807211862
122015;1;0;3;0;2018;9;9;3;3;5;2;0;1;1;0;0;0;0;0;611851.3392;5971946.3351;10.701708212;53.883899219
122016;1;0;53;100;2018;9;11;5;2;0;7;0;1;0;0;0;0;0;0;618653.1227;5950603.8861;10.796921472;53.690651909
122017;1;0;53;100;2018;9;16;5;2;2;2;0;0;1;0;0;0;0;0;615096.6343;5951543.6898;10.743437647;53.699890974
122018;1;0;56;50;2018;9;19;7;3;5;3;0;0;1;0;0;0;1;0;546757.868;5936111.2513;9.706099662;53.571780163
122019;1;0;53;90;2018;9;12;5;3;8;1;0;1;0;0;0;0;0;0;611432.3693;5941388.6772;10.684318122;53.609447565
122020;1;0;55;12;2018;9;7;5;3;2;6;0;0;1;0;0;0;0;0;605138.756;5999743.22;10.609237362;54.135040833
122021;1;0;61;40;2018;9;13;4;3;0;1;0;0;0;0;1;0;0;1;534263.0839;5982448.0938;9.522572313;53.989214837