OBJECTID_1;ULAND;UREGBEZ;UKREIS;UGEMEINDE;UJAHR;UMONAT;USTUNDE;UWOCHENTAG;UKATEGORIE;UART;UTYP1;ULICHTVERH;IstRad;IstPKW;IstFuss;IstKrad;IstGkfz;IstSonstig;STRZUSTAND;LINREFX;LINREFY;XGCSWGS84;YGCSWGS84
122433;1;0;57;62;2018;10;9;6;3;0;1;0;1;0;0;0;0;0;0;584353.0313;6011495.0923;10.294490176;54.244467076
122434;1;0;61;46;2018;10;16;4;3;5;3;0;1;1;0;0;0;0;0;533597.2582;5977875.9333;9.511913911;53.948165786
122435;1;0;60;63;2018;10;15;2;3;2;6;0;0;1;0;0;0;0;0;565178.3147;5946767.9563;9.986462096;53.665588678
122436;1;0;57;91;2018;10;6;2;3;5;3;2;1;1;0;0;0;0;1;579440.314;6016731.5429;10.220508045;54.292304984
122437;1;0;3;0;2018;10;8;2;3;5;2;0;1;1;0;0;0;0;0;609158.44;5971885.138;10.660735803;53.883923058
122438;1;0;1;0;2018;10;19;6;3;1;5;2;0;1;0;0;0;1;0;528870.2818;6071183.8738;9.448946675;54.787018427
122439;1;0;55;32;2018;9;11;7;3;5;3;0;0;1;0;0;0;0;0;619996.9859;5996626.042;10.835296119;54.10378515
122440;1;0;58;43;2018;10;15;6;3;0;7;0;1;0;0;0;0;0;0;554534.278;6037007.786;9.841631595;54.477779721
122441;1;0;2;0;2018;9;7;7;3;1;1;0;1;1;0;0;0;0;1;573405.886;6020166.1;10.128660941;54.324069342
122442;1;0;61;46;2018;9;8;6;3;5;2;0;1;0;0;1;0;0;0;533970.0513;5976111.7976;9.517397601;53.932286032
122443;1;0;51;26;2018;10;23;5;3;8;1;2;0;1;0;0;0;0;1;517253.2118;5988553.3542;9.263492865;54.044935628
122444;1;0;62;82;2018;10;6;4;3;5;3;2;0;1;0;0;0;0;0;592576.5994;5942685.3554;10.399798579;53.624770448
122445;1;0;56;15;2018;10;20;2;3;5;3;2;1;1;0;0;0;0;0;543478.0502;5955497.1086;9.659287564;53.746299174
122446;1;0;53;96;2018;9;21;7;3;0;1;2;1;0;0;0;0;0;0;604375.1388;5946425.9262;10.579382717;53.656160951
122447;1;0;56;15;2018;10;21;1;2;8;1;2;0;1;0;1;0;0;0;542959.8174;5955484.413;9.651428041;53.746228034
122448;1;0;56;50;2018;9;18;4;3;5;2;0;1;1;0;0;0;0;0;547334.0923;5936619.8974;9.714877708;53.57630013
122449;1;0;51;44;2018;9;12;6;3;2;2;0;0;1;0;0;0;0;1;506143.4646;6004942.0404;9.094157379;54.192484695
122450;1;0;53;21;2018;10;11;1;3;6;7;0;1;0;1;0;0;0;0;595493.0488;5938593.1151;10.442627503;53.587475256
122451;1;0;62;19;2018;10;13;7;3;8;7;0;0;0;0;1;0;0;0;582448.9772;5963812.2107;10.252335181;53.816313167
122452;1;0;53;100;2018;10;13;2;3;6;6;0;1;0;1;0;0;0;0;615028.0668;5950637.6861;10.74206334;53.691766347
122453;1;0;56;41;2018;9;16;6;3;3;6;0;1;1;0;0;0;0;1;560193.9971;5953602.7358;9.912363685;53.727612041
122454;1;0;4;0;2018;10;7;5;3;5;2;0;1;0;0;0;1;0;0;564404.4896;5988794.3421;9.983569016;54.043368258
122455;1;0;51;24;2018;10;13;3;3;7;7;0;1;0;0;0;0;1;0;510138.356;5977479.4082;9.154465785;53.945593172
122456;1;0;55;40;2018;10;17;2;3;1;7;0;1;1;0;0;0;0;0;608265.4455;5973343.8143;10.647671504;53.897215479
122457;1;0;62;76;2018;9;16;6;3;5;3;0;0;1;0;0;0;0;0;569696.086;5955709.598;10.056837147;53.745363038
122458;1;0;53;100;2018;10;16;5;3;5;2;0;0;1;0;0;0;0;1;615034.7185;5951878.4458;10.74262452;53.702912133
122459;1;0;58;135;2018;10;20;4;3;5;3;2;1;1;0;0;0;0;0;543576.8193;6016453.4332;9.669525379;54.294122544
122460;1;0;62;4;2018;9;7;6;3;8;1;0;1;0;0;0;0;0;0;590687.042;5962912.068;10.377161703;53.806853447
122461;1;0;56;41;2018;10;16;7;2;6;4;0;0;1;1;0;0;0;0;560162.2171;5954409.2008;9.91203893;53.734863556
122462;1;0;53;32;2018;9;16;6;3;4;6;0;0;1;0;0;0;1;1;591136.1025;5921118.9314;10.371747236;53.431226404
122463;1;0;53;12;2018;9;16;6;3;2;2;0;0;1;0;0;0;0;1;585347.288;5926156.0886;10.286007991;53.477461391
122464;1;0;60;63;2018;10;12;7;2;5;3;0;1;1;0;0;0;0;0;564582.4887;5949332.8509;9.977979649;53.688713563
122465;1;0;62;1;2018;10;6;6;3;0;1;1;1;0;0;0;0;0;0;581545.891;5948393.294;10.234552517;53.677898053
122466;1;0;3;0;2018;9;13;6;3;2;2;0;0;1;0;0;0;0;1;611290.4724;5966035.8603;10.691036469;53.830918905
122467;1;0;1;0;2018;10;19;5;3;0;7;1;1;0;0;0;0;0;1;525549.3321;6067993.7405;9.39702499;54.758530223
122468;1;0;58;43;2018;10;16;3;3;1;5;0;1;1;0;0;0;0;0;554386.0113;6036260.4502;9.839206176;54.47107989
122469;1;0;60;63;2018;10;18;6;3;4;6;0;0;1;0;1;0;0;0;563595.7482;5948776.1728;9.962925518;53.683831683
122470;1;0;55;21;2018;9;12;6;3;5;3;0;1;1;0;0;0;0;0;628807.3725;6026525.2103;10.982798962;54.370216113
122471;1;0;3;0;2018;9;9;6;3;5;3;0;1;1;0;0;0;0;0;611271.7706;5967414.5794;10.691251587;53.84330966
122472;1;0;58;43;2018;9;0;6;2;7;1;2;1;0;0;0;0;0;0;554268.0129;6036079.9956;9.837352495;54.469470907
122473;1;0;2;0;2018;10;13;7;2;1;5;0;0;1;0;0;0;0;0;575588.3609;6019389.3725;10.162013587;54.316771471
122474;1;0;57;43;2018;9;18;6;3;0;3;0;0;1;0;0;0;1;0;579934.8923;6029675.0628;10.231577873;54.408529522
122475;1;0;61;46;2018;9;14;5;3;4;6;2;0;1;0;0;0;1;0;533328.6627;5975403.0229;9.507551747;53.92595748
122476;1;0;55;46;2018;10;14;7;3;0;7;0;1;0;0;0;0;0;0;635216.8927;6035505.2466;11.085483919;54.449208808
122477;1;0;56;50;2018;10;9;5;3;0;7;0;1;0;0;0;0;0;0;547113.7904;5937348.2454;9.711660754;53.582866251
122478;1;0;56;50;2018;9;11;5;3;3;6;0;1;1;0;0;0;0;0;546514.6647;5936750.4391;9.702522533;53.577546727
122479;1;0;62;35;2018;10;18;3;2;0;1;1;0;0;0;1;0;0;1;586689.242;5946075.756;10.311750732;53.656244702
122480;1;0;60;63;2018;10;13;2;3;2;6;0;0;1;0;0;0;0;0;566576.3867;5952112.4013;10.008765609;53.713443015
122481;1;0;3;0;2018;10;12;6;2;1;5;0;1;1;0;0;0;0;0;609818.4799;5969940.9488;10.670076677;53.866316602
122482;1;0;62;4;2018;9;18;5;3;0;1;0;1;0;0;0;0;0;0;592881.4655;5961318.2918;10.409994383;53.79214539
122483;1;0;62;1;2018;9;10;5;3;1;5;0;0;1;0;0;0;0;0;580895.3659;5948440.5949;10.224718801;53.678424212
122484;1;0;51;14;2018;10;13;5;3;8;1;0;0;1;0;0;0;0;1;493837.8023;5999074.441;8.905675535;54.139748509
122485;1;0;56;49;2018;10;17;4;3;2;6;0;0;1;0;0;0;0;0;545052.5071;5948408.5002;9.682128796;53.682455133
122486;1;0;57;73;2018;10;17;5;3;5;3;0;0;1;0;0;0;1;0;589227.453;6027925.6073;10.374181954;54.391266652
122487;1;0;2;0;2018;10;20;2;3;6;4;2;0;1;1;0;0;0;0;573412.8084;6019600.3395;10.128628175;54.318984598
122488;1;0;58;135;2018;10;11;2;3;1;5;0;0;1;0;0;0;0;0;543330.7256;6017041.8044;9.665829921;54.299431084
122489;1;0;54;96;2018;10;12;7;3;8;1;0;0;0;0;0;0;1;0;511345.6017;6033098.5243;9.174957618;54.44544949
122490;1;0;58;58;2018;10;11;5;1;5;3;0;1;1;0;0;0;0;1;563319.5637;6029314.7208;9.975550789;54.407630324
122491;1;0;55;33;2018;10;15;2;3;5;3;0;1;0;0;0;0;0;0;623731.5617;6018666.7683;10.901452235;54.30088569
122492;1;0;60;63;2018;10;11;2;3;6;2;0;0;1;1;0;0;0;0;565668.0013;5951361.6743;9.994844862;53.706811312
122493;1;0;2;0;2018;10;12;6;3;0;1;0;1;0;0;0;0;0;0;573431.573;6019509.6676;10.128894288;54.31816715
122494;1;0;58;22;2018;9;17;5;3;5;3;0;0;1;0;1;0;0;0;567550.4695;6003311.0834;10.034848845;54.173417455
122495;1;0;58;44;2018;9;11;5;3;5;3;0;0;0;0;0;0;1;0;557455.717;5989742.725;9.877643282;54.052712179
122496;1;0;60;44;2018;10;17;5;3;1;7;0;0;1;0;0;0;0;0;563369.6213;5965760.785;9.962988148;53.836500083
122497;1;0;3;0;2018;10;9;4;3;5;2;0;0;1;0;0;0;0;0;609942.7258;5969905.9545;10.671952735;53.865975903
122498;1;0;58;135;2018;9;17;5;3;5;3;0;0;1;0;0;0;0;0;543519.3577;6016458.1927;9.668643284;54.294170214
122499;1;0;58;96;2018;10;10;1;3;8;1;0;0;0;0;1;0;0;0;558883.792;6027391.875;9.906838437;54.390883878
122500;1;0;54;56;2018;9;12;5;3;5;3;0;1;1;0;0;0;0;0;505044.1231;6038202.0547;9.077871338;54.49141759
122501;1;0;56;24;2018;9;20;4;2;9;7;2;1;0;0;0;0;0;0;543696.0347;5945726.8183;9.661214833;53.658467869
122502;1;0;2;0;2018;11;7;2;3;5;3;0;0;1;0;0;0;0;1;576528.2162;6017120.9109;10.175877359;54.296248066
122503;1;0;56;44;2018;11;7;4;3;0;1;1;0;0;0;1;0;0;1;557009.4864;5940177.5824;9.861636998;53.607312575
122504;1;0;2;0;2018;10;16;4;3;0;1;0;1;0;0;0;0;0;1;571631.3243;6021132.0828;10.101613577;54.333001544
122505;1;0;3;0;2018;11;12;5;3;0;7;0;1;0;0;0;0;0;0;610952.9574;5970024.0973;10.687351237;53.866822374
122506;1;0;59;120;2018;11;16;1;3;6;3;0;0;1;1;0;0;0;0;524457.8443;6071830.8088;9.380387567;54.793066584
122507;1;0;60;63;2018;11;14;2;3;2;2;0;0;1;0;0;0;0;1;565367.523;5946920.81;9.98935744;53.666938765
122508;1;0;2;0;2018;10;10;3;3;3;6;0;0;1;0;0;0;1;1;574282.8143;6018741.0737;10.141786679;54.311137687
122509;1;0;51;130;2018;11;11;4;3;5;3;0;0;1;0;0;0;0;0;505629.4376;6006498.7089;9.086308339;54.20648132
122510;1;0;60;63;2018;11;18;6;3;2;6;2;0;1;0;0;0;0;0;565840.7337;5953201.5482;9.997852533;53.723324472
122511;1;0;54;36;2018;10;19;6;2;5;2;2;1;1;0;0;0;0;1;485805.0286;6020189.7299;8.781719834;54.32936306
122512;1;0;60;39;2018;11;12;7;3;5;3;0;1;0;0;1;0;0;0;566693.9296;5956010.1302;10.011386772;53.748456596
122513;1;0;60;44;2018;11;11;3;3;5;3;0;1;1;0;0;0;0;1;563465.3476;5965710.4339;9.964432216;53.8360359
122514;1;0;3;0;2018;11;7;4;3;5;3;1;1;1;0;0;0;0;1;610179.4362;5973732.1301;10.676926262;53.900301009
122515;1;0;60;63;2018;11;22;6;3;2;6;2;0;1;0;0;0;0;0;565830.0177;5951325.6348;9.99729128;53.706467021
122516;1;0;57;62;2018;11;14;2;3;4;6;0;0;1;0;0;0;1;1;583041.6079;6010028.7155;10.273964518;54.231505594
122517;1;0;3;0;2018;10;9;1;3;5;3;0;0;1;0;0;0;1;1;613721.584;5971147.523;10.729851635;53.876316068
122518;1;0;51;44;2018;11;15;4;2;5;3;0;1;1;0;0;0;0;0;506402.9757;6004643.2928;9.098128391;54.189796492
122519;1;0;3;0;2018;11;10;7;3;5;2;0;1;1;0;0;0;0;0;609787.358;5969772.6568;10.66954339;53.8648112
122520;1;0;3;0;2018;11;23;2;2;5;3;2;1;1;0;0;0;0;1;610431.6121;5969383.9282;10.679196088;53.861182107
122521;1;0;1;0;2018;10;16;2;3;5;2;1;1;1;0;0;0;0;1;528274.3264;6070701.8512;9.439632602;54.782720673
122522;1;0;56;15;2018;10;17;3;2;5;3;0;1;1;0;0;0;0;1;543109.9221;5955668.7055;9.653729726;53.74787201
122523;1;0;3;0;2018;10;11;3;3;0;1;0;0;0;0;1;0;0;1;610474.5905;5970642.9705;10.68030267;53.872484515
122524;1;0;56;39;2018;11;11;4;3;6;4;0;0;1;1;0;0;0;0;552753.1149;5945483.9353;9.798213292;53.655449791
122525;1;0;4;0;2018;11;12;6;3;0;4;0;1;0;1;0;0;0;0;562750.4595;5992475.5985;9.959074906;54.076654031
122526;1;0;53;100;2018;10;12;5;3;2;1;0;0;1;0;0;0;0;0;615483.5396;5950247.1734;10.748812367;53.688157414
122527;1;0;56;50;2018;11;19;6;3;0;6;2;0;1;0;0;0;1;0;547754.9026;5936446.832;9.721206102;53.574706502
122528;1;0;55;12;2018;11;8;3;3;5;3;0;1;1;0;0;0;0;1;606050.223;5999086.341;10.62295123;54.128952116
122529;1;0;59;120;2018;11;18;4;3;9;7;2;0;1;0;0;0;0;1;524986.6942;6072264.7916;9.388649856;54.796940519
122530;1;0;2;0;2018;11;12;6;3;5;3;0;0;1;0;0;0;0;1;574447.179;6018507.684;10.144254357;54.309016593
122531;1;0;53;32;2018;11;11;1;3;5;2;0;0;1;0;0;0;0;1;591226.163;5921254.7084;10.373141698;53.43243095
122532;1;0;56;15;2018;10;16;7;3;2;6;0;0;1;0;0;0;0;0;543509.752;5956378.4229;9.659892367;53.754217515
122533;1;0;56;39;2018;11;13;2;3;5;2;0;1;1;0;0;0;0;0;553404.367;5945895.91;9.808137207;53.65908634
122534;1;0;53;100;2018;11;15;5;3;2;6;0;0;1;0;1;0;0;0;617000.3552;5951336.3703;10.77218113;53.697605373
122535;1;0;56;50;2018;10;7;4;3;5;2;0;1;1;0;0;0;0;1;546698.2328;5936746.8691;9.705294243;53.577498329
122536;1;0;57;74;2018;11;12;6;3;1;5;0;0;1;0;0;0;1;0;579603.6871;6021757.7618;10.224357635;54.337442115
122537;1;0;56;15;2018;11;12;2;3;0;4;0;0;1;1;0;0;0;0;543394.073;5955482.0024;9.658012131;53.746170401
122538;1;0;56;15;2018;11;9;3;3;6;4;0;0;1;1;0;0;0;0;542957.4008;5956107.1823;9.651477988;53.751825505
122539;1;0;56;44;2018;11;10;5;3;5;3;0;0;1;0;0;0;0;0;555954.549;5939658.304;9.845601449;53.602759265
122540;1;0;57;91;2018;10;10;5;3;5;3;0;1;1;0;0;0;0;1;578615.3069;6017075.5701;10.20792638;54.295523812
122541;1;0;3;0;2018;11;10;6;2;6;7;0;0;0;1;0;0;1;0;610470.3445;5970259.4632;10.680099994;53.869039896
122542;1;0;2;0;2018;11;7;3;3;6;2;1;0;1;1;0;0;0;1;574729.1217;6019158.6572;10.148749776;54.314824829
122543;1;0;56;18;2018;11;7;3;3;5;3;1;0;1;0;0;0;0;0;556836.0331;5942866.0633;9.859506486;53.631494086
122544;1;0;2;0;2018;11;14;5;3;5;3;0;1;1;0;0;0;0;0;573810.6885;6019932.5522;10.134825912;54.321912385
122545;1;0;60;63;2018;11;14;7;3;0;1;0;1;0;0;0;0;0;1;564725.1418;5949020.8951;9.980074404;53.685892339
122546;1;0;51;44;2018;10;7;6;2;5;2;2;1;1;0;0;0;0;1;508014.8797;6005991.8821;9.122867411;54.201894423
122547;1;0;3;0;2018;11;10;2;3;1;5;0;1;1;0;0;0;0;1;609379.7516;5969160.0192;10.663129418;53.859393104
122548;1;0;54;168;2018;11;16;5;2;0;7;0;1;0;0;0;0;0;0;459627.007;6083390.063;8.370485982;54.89591109
122549;1;0;55;1;2018;10;17;4;2;5;3;1;0;1;0;0;0;0;1;603683.747;5986013.44;10.582278069;54.011983015
122550;1;0;53;90;2018;11;10;5;3;0;1;0;0;0;0;1;0;0;0;611591.5905;5944362.9717;10.687789678;53.636136482
122551;1;0;55;21;2018;11;7;1;3;1;7;0;0;1;0;0;0;0;1;628445.662;6026386.7102;10.977174858;54.369063397
122552;1;0;51;11;2018;11;16;2;3;3;2;1;0;1;0;0;0;0;1;508712.248;5973122.007;9.132613788;53.906454802
122553;1;0;3;0;2018;10;17;3;3;3;6;2;1;0;0;0;0;0;1;610378.6133;5969922.8694;10.678584445;53.866035367
122554;1;0;55;4;2018;11;17;3;3;0;1;2;1;0;0;0;0;0;1;611403.0988;5975901.8025;10.696331311;53.919532093
122555;1;0;51;46;2018;10;11;3;3;0;7;0;1;1;0;0;0;0;1;499322.5427;5978576.977;8.989675951;53.955556972
122556;1;0;51;11;2018;11;17;6;2;0;7;2;1;0;0;0;0;0;1;508468.8585;5971611.3072;9.128867248;53.892880598
122557;1;0;3;0;2018;10;17;6;3;5;3;0;1;1;0;0;0;0;1;609203.0825;5969316.9743;10.660500237;53.860840432
122558;1;0;55;35;2018;10;8;3;3;2;2;0;0;1;0;0;0;0;1;613936.1581;5979265.4695;10.736137111;53.949200033
122559;1;0;2;0;2018;11;19;2;3;7;7;2;1;0;0;0;0;0;1;575364.0567;6026717.2668;10.160419949;54.382649792
122560;1;0;56;44;2018;11;9;4;3;5;2;0;1;1;0;0;0;0;0;555540.5461;5940243.782;9.83945;53.608065318
122561;1;0;2;0;2018;10;10;4;3;0;7;0;1;0;0;0;0;0;1;573424.6849;6019618.1563;10.128815105;54.319142987
122562;1;0;3;0;2018;11;15;5;3;6;6;0;0;1;1;0;0;0;0;608527.8189;5968187.4495;10.649837842;53.850833918
122563;1;0;60;63;2018;11;11;7;3;3;2;0;1;1;0;0;0;0;0;565817.0731;5951302.4437;9.997090281;53.706260235
122564;1;0;60;47;2018;11;9;2;3;0;7;0;0;1;0;0;0;0;1;567130.985;5963024.0819;10.019540208;53.811433665
122565;1;0;1;0;2018;10;16;3;2;0;1;0;1;0;0;0;0;0;1;524321.053;6068361.724;9.377969375;54.761898106
122566;1;0;56;15;2018;10;19;3;3;0;1;2;1;0;0;0;0;0;1;544388.1809;5954720.2621;9.672975896;53.739240422
122567;1;0;3;0;2018;10;8;3;3;1;5;1;1;1;0;0;0;0;1;608661.1365;5970161.1916;10.652562369;53.868538909
122568;1;0;60;63;2018;11;9;4;3;6;4;0;0;1;1;0;0;0;0;565785.7957;5953916.7423;9.997172132;53.729758828
122569;1;0;53;100;2018;11;19;6;3;6;2;2;0;1;1;0;0;0;1;618584.2988;5951118.003;10.796076387;53.695286342
122570;1;0;60;101;2018;10;13;5;3;6;4;0;0;1;1;0;0;0;1;580203.1781;5975592.4387;10.221312155;53.922522418
122571;1;0;55;40;2018;11;11;7;3;0;1;0;1;0;0;0;0;0;0;608310.4886;5972706.5434;10.648131337;53.891480604
122572;1;0;60;44;2018;11;18;3;3;6;2;2;0;1;1;0;0;0;0;563376.4832;5965787.9433;9.963098008;53.836743314
122573;1;0;61;29;2018;10;12;3;3;5;3;0;1;1;0;0;0;0;1;528238.3674;5960491.813;9.428663883;53.792239924
122574;1;0;56;50;2018;11;7;6;3;1;5;1;1;0;0;0;0;1;0;548281.9054;5938640.7751;9.729503797;53.594377017
122575;1;0;57;62;2018;10;12;6;3;7;1;0;0;1;0;0;1;0;1;584537.2644;6012423.7626;10.297578539;54.252781011
122576;1;0;2;0;2018;11;13;1;3;6;7;0;1;0;1;0;0;0;0;573675.5466;6023783.2849;10.133700293;54.356533238
122577;1;0;2;0;2018;11;16;4;3;0;7;0;1;0;0;0;0;0;1;573713.4089;6019358.0574;10.133188693;54.316764216
122578;1;0;56;18;2018;11;6;4;3;0;1;2;1;0;0;0;0;0;1;555750.1082;5941582.1952;9.842856538;53.620072085
122579;1;0;4;0;2018;11;17;7;3;5;3;1;0;1;0;0;0;0;0;565125.178;5994154.418;9.995725161;54.091445855
122580;1;0;3;0;2018;11;7;2;3;5;3;0;1;1;0;0;0;0;1;612703.571;5970091.4877;10.713985963;53.867050669
122581;1;0;59;75;2018;10;15;2;3;0;7;0;0;0;0;1;0;0;0;536581.8178;6041097.3311;9.56509527;54.516142795
122582;1;0;53;12;2018;10;16;3;3;4;6;0;0;0;0;0;1;1;1;585274.0378;5925927.7105;10.28484256;53.475420954
122583;1;0;58;135;2018;11;7;4;3;5;3;0;1;1;0;0;0;0;0;542483.0614;6017933.2849;9.652932237;54.3075139
122584;1;0;59;120;2018;11;13;6;3;5;3;0;0;1;0;0;0;0;1;525667.5152;6072632.1134;9.399271783;54.800207084
122585;1;0;3;0;2018;10;10;5;2;5;3;0;1;1;0;0;0;0;1;611751.664;5968181.632;10.698821163;53.850098004
122586;1;0;60;44;2018;11;16;6;3;0;1;2;0;1;0;0;0;0;0;563152.2327;5964713.1499;9.959469933;53.827111548
122587;1;0;58;135;2018;11;8;3;3;5;3;0;1;0;0;0;0;1;1;540581.2104;6018198.0831;9.623740183;54.310048274
122588;1;0;56;5;2018;11;12;3;3;1;7;0;0;1;0;0;0;0;1;559781.998;5948071.779;9.905052631;53.677951373
122589;1;0;60;63;2018;11;16;5;2;5;3;2;0;1;0;1;0;0;0;565797.3949;5951265.5844;9.996784388;53.705931461
122590;1;0;4;0;2018;11;7;4;3;5;2;0;1;1;0;0;0;0;1;563312.9734;5993555.6157;9.967896806;54.086290782
122591;1;0;4;0;2018;11;21;6;3;5;3;2;0;1;0;0;0;0;1;564919.0605;5992279.6063;9.992172296;54.074623999
122592;1;0;59;185;2018;11;7;2;3;2;6;1;0;1;0;0;0;0;0;538918.1017;6060730.2262;9.603787912;54.692400079
122593;1;0;57;91;2018;10;17;1;3;5;3;1;0;1;0;0;0;0;0;579378.0671;6016307.4204;10.219439335;54.288503728
122594;1;0;3;0;2018;11;16;3;3;2;6;2;0;1;0;1;0;0;0;617051.6502;5971819.5054;10.780736216;53.8816125
122595;1;0;60;4;2018;11;13;5;3;3;6;0;1;0;0;0;0;0;0;558544.142;5975450.3141;9.891519205;53.924146079
122596;1;0;54;168;2018;10;21;5;3;7;7;2;1;0;0;0;0;0;0;455026.084;6084604.627;8.2985623;54.906432221
122597;1;0;3;0;2018;11;7;6;3;5;3;0;1;1;0;0;0;0;0;608796.7846;5968542.7619;10.654050671;53.853969911
122598;1;0;61;46;2018;11;13;2;3;0;3;0;1;1;0;0;0;0;1;533891.843;5975112.118;9.516095611;53.923306375
122599;1;0;53;90;2018;11;11;3;3;5;3;0;1;1;0;0;0;0;1;611559.093;5943400.283;10.686953263;53.627494063
122600;1;0;2;0;2018;11;8;5;3;6;4;0;0;1;1;0;0;0;0;573678.5256;6022082.9369;10.133325616;54.341254104
122601;1;0;58;43;2018;10;13;3;2;0;7;0;1;0;0;0;0;0;1;553954.0202;6035423.1379;9.832388355;54.463601672
122602;1;0;54;164;2018;10;13;4;3;8;1;0;0;0;0;1;0;0;1;472437.977;6060717.9877;8.572388517;54.693039699
122603;1;0;56;18;2018;11;20;7;3;5;3;2;0;1;0;0;0;0;1;555549.3;5943380.243;9.840141917;53.636253397
122604;1;0;56;50;2018;10;11;6;3;0;7;0;1;1;0;0;0;0;0;546574.2207;5937076.673;9.703470625;53.580473591
122605;1;0;58;22;2018;11;10;2;3;5;3;0;0;1;0;0;0;0;1;567501.8671;6003313.1334;10.034104868;54.173442271
122606;1;0;56;15;2018;11;12;4;3;5;3;0;1;1;0;0;0;0;0;542676.6168;5954614.1017;9.647013818;53.73842917
122607;1;0;4;0;2018;10;18;4;3;5;3;1;1;1;0;0;0;0;0;565649.7491;5992424.3492;10.003369059;54.075832116
122608;1;0;2;0;2018;11;2;1;2;0;1;2;1;0;0;0;0;0;1;573653.1397;6019822.7885;10.132377062;54.320948839
122609;1;0;60;63;2018;10;15;7;3;5;3;0;0;1;0;0;0;0;0;567205.913;5951446.859;10.018158112;53.707381153
122610;1;0;55;42;2018;11;13;2;3;2;2;2;1;1;0;0;0;0;1;615981.3275;5984463.982;10.769262595;53.995447485
122611;1;0;3;0;2018;11;13;5;3;0;3;0;1;1;0;0;0;0;0;610695.057;5970632.1815;10.683650446;53.872340606
122612;1;0;62;11;2018;10;18;4;3;5;3;2;0;1;0;0;0;1;0;581913.6382;5941912.4794;10.23841071;53.619601723
122613;1;0;61;49;2018;11;15;5;3;5;3;0;1;1;0;0;0;0;0;547085.882;5977920.293;9.717428673;53.947512959
122614;1;0;55;4;2018;11;7;2;3;0;7;0;0;0;0;1;0;0;1;610223.3104;5974785.0566;10.677972873;53.909751389
122615;1;0;58;34;2018;11;18;3;3;5;2;2;1;1;0;0;0;0;1;544065.3955;6019293.278;9.677450384;54.319601843
122616;1;0;62;18;2018;10;8;3;3;5;3;2;1;1;0;0;0;0;0;579801.5793;5933525.9704;10.204342988;53.54456196
122617;1;0;2;0;2018;10;13;3;3;6;4;0;0;1;1;0;0;0;1;576279.6605;6020274.0274;10.17286454;54.324617774
122618;1;0;58;92;2018;10;13;6;3;5;3;0;0;1;0;0;0;0;1;570259.4164;6021917.6015;10.080704399;54.340250808
122619;1;0;3;0;2018;10;15;3;3;6;2;0;1;0;1;0;0;0;1;610957.6357;5970335.7285;10.687535066;53.869621136
122620;1;0;60;5;2018;11;17;1;3;0;7;2;1;0;0;0;0;0;0;585015.6177;5978471.0881;10.295375646;53.947621679
122621;1;0;58;9;2018;11;20;4;3;8;1;2;0;0;0;1;0;0;1;552138.519;5991894.645;9.79680163;54.072616573
122622;1;0;51;44;2018;11;2;4;3;8;1;2;0;1;0;0;0;0;1;506078.9215;6003168.8377;9.093132343;54.176548578
122623;1;0;55;35;2018;11;23;7;3;8;7;2;0;1;0;0;0;0;2;611727.8389;5982435.6704;10.703665033;53.978162585
122624;1;0;2;0;2018;10;10;3;3;5;3;0;0;1;0;0;0;0;1;577050.819;6016461.242;10.183735378;54.290242036
122625;1;0;62;1;2018;11;12;5;3;1;5;0;1;1;0;0;0;0;0;581330.278;5948191.7341;10.231236278;53.676120367
122626;1;0;58;54;2018;11;16;1;3;3;7;1;0;1;0;0;0;0;0;539321.362;6017911.034;9.604339513;54.307567135
122627;1;0;56;44;2018;11;2;2;3;8;7;2;0;1;0;0;0;0;1;555464.4754;5940108.8767;9.838276376;53.606860908
122628;1;0;58;135;2018;10;7;3;3;5;2;0;1;1;0;0;0;0;1;545204.1378;6017400.529;9.694669184;54.302492546
122629;1;0;57;70;2018;10;15;3;2;8;7;0;0;1;0;0;0;0;1;585497.0402;6009586.0557;10.311497124;54.227124214
122630;1;0;2;0;2018;11;0;5;3;0;7;2;1;0;0;0;0;0;0;572004.1939;6020723.8322;10.10724817;54.329280632
122631;1;0;56;39;2018;11;7;6;3;5;3;1;1;0;0;0;0;1;1;553277.1254;5944305.1836;9.805939239;53.644802582
122632;1;0;54;56;2018;10;12;6;3;5;3;0;0;1;0;0;0;0;1;503972.9451;6038226.6431;9.061334799;54.491648091
122633;1;0;61;46;2018;11;10;7;3;5;3;0;1;1;0;0;0;0;0;533839.669;5974641.289;9.515249046;53.91907813
122634;1;0;59;75;2018;11;12;4;3;5;3;0;0;1;0;0;0;0;0;536698.9995;6040919.7878;9.566883234;54.514538795
122635;1;0;53;32;2018;11;9;4;3;5;3;0;1;1;0;0;0;0;0;591219.9609;5921581.033;10.373142908;53.435364437
122636;1;0;56;39;2018;11;17;6;3;2;6;2;0;1;0;0;0;0;0;553833.2824;5944339.5608;9.814357417;53.645054624