OBJECTID_1;ULAND;UREGBEZ;UKREIS;UGEMEINDE;UJAHR;UMONAT;USTUNDE;UWOCHENTAG;UKATEGORIE;UART;UTYP1;ULICHTVERH;IstRad;IstPKW;IstFuss;IstKrad;IstGkfz;IstSonstig;STRZUSTAND;LINREFX;LINREFY;XGCSWGS84;YGCSWGS84
123053;1;0;51;44;2018;12;17;7;3;5;2;2;0;1;0;0;0;1;1;506101.0216;6003165.2935;9.093470856;54.176516462
123054;1;0;54;56;2018;12;15;7;3;5;3;1;1;1;0;0;0;0;0;504497.7076;6038142.4213;9.069434856;54.490886793
123055;1;0;56;15;2018;11;12;2;3;5;3;0;0;1;0;0;0;0;0;545837.5348;5955501.77;9.695063919;53.746138946
123057;1;0;56;50;2018;12;15;3;3;5;2;1;1;1;0;0;0;0;0;547171.284;5936599.4639;9.712415968;53.576131143
123058;1;0;56;44;2018;11;8;2;3;5;3;0;1;1;0;0;0;0;1;555179.4395;5940299.8274;9.834002731;53.608607184
123059;1;0;3;0;2018;12;17;7;3;6;2;2;0;1;1;0;0;0;1;611008.7446;5970503.4027;10.688372684;53.871116627
123060;1;0;60;63;2018;11;13;2;3;2;6;0;0;1;0;0;0;0;0;569148.697;5948468.647;10.046921293;53.680362617
123061;1;0;61;46;2018;12;17;7;3;5;3;2;1;1;0;0;0;0;1;534061.3413;5975351.2048;9.518703207;53.925444088
123062;1;0;2;0;2018;12;20;3;3;0;7;2;1;0;0;0;0;0;0;571615.5116;6018772.6018;10.100804182;54.311802005
123063;1;0;62;4;2018;11;11;2;3;1;5;0;1;1;0;0;0;0;0;590939.1959;5962901.6088;10.380986567;53.806715445
123064;1;0;61;46;2018;12;22;7;2;6;4;2;0;1;1;0;0;0;1;534148.409;5974975.1476;9.519987051;53.92205848
123065;1;0;57;62;2018;12;15;6;3;5;3;0;1;1;0;0;0;0;1;582874.5262;6009635.2613;10.271293314;54.227997329
123066;1;0;53;116;2018;11;17;2;3;5;3;2;0;1;0;0;0;0;0;599130.6485;5930502.6474;10.494996136;53.514103067
123067;1;0;55;16;2018;11;17;2;2;7;1;2;0;0;0;0;0;1;0;627800.4015;6002037.1679;10.956860967;54.150511848
123068;1;0;3;0;2018;12;11;6;3;6;4;0;1;0;1;0;0;0;0;622778.238;5980462.106;10.871276021;53.957927546
123069;1;0;55;33;2018;11;16;2;3;5;2;2;0;1;0;1;0;0;0;624373.5119;6017724.4112;10.910919268;54.292265131
123070;1;0;4;0;2018;11;7;2;3;0;5;2;0;1;0;1;0;0;1;565061.4778;5992065.3954;9.994302526;54.072681035
123072;1;0;4;0;2018;11;7;2;3;2;6;1;1;0;0;0;0;1;0;565121.4486;5994364.9073;9.995713447;54.093337872
123073;1;0;55;12;2018;12;17;6;2;6;2;2;0;1;1;0;0;0;1;606049.0761;5999082.4801;10.62293233;54.128917666
123074;1;0;2;0;2018;11;15;2;3;3;5;0;0;0;0;1;0;1;1;572365.122;6021406.299;10.112962807;54.335362038
123075;1;0;62;35;2018;12;5;2;3;8;1;2;0;1;0;0;0;0;2;589085.1177;5944646.5582;10.347583774;53.642999416
123076;1;0;57;62;2018;11;17;2;2;6;4;2;0;1;1;0;0;0;1;584145.85;6011067.266;10.291191592;54.240657038
123077;1;0;56;44;2018;12;17;5;3;5;3;2;0;1;0;0;0;0;0;555210.0541;5939674.5981;9.834354631;53.602984674
123078;1;0;54;65;2018;11;11;2;2;7;1;0;1;0;0;0;1;0;0;479165.5404;6079661.0824;8.675401089;54.863597146
123079;1;0;1;0;2018;11;16;2;3;6;4;1;0;0;1;0;0;1;0;527585.8388;6071969.6444;9.42904837;54.79415199
123080;1;0;56;39;2018;12;22;7;3;5;3;2;0;1;0;0;0;0;1;553494.2784;5944311.0389;9.809224826;53.644833051
123081;1;0;61;46;2018;11;10;1;3;6;6;0;1;0;1;0;0;0;0;533117.0828;5975980.428;9.504392368;53.931160582
123082;1;0;3;0;2018;12;12;5;3;3;6;0;1;0;0;0;0;0;1;614423.4614;5968334.2436;10.739473646;53.850887338
123083;1;0;62;61;2018;11;18;1;3;5;3;2;1;1;0;0;0;0;0;598204.4753;5965748.0332;10.492184661;53.830970172
123084;1;0;56;49;2018;12;5;2;3;0;1;2;1;0;0;0;0;0;1;544423.0353;5949171.1823;9.672708092;53.689363839
123085;1;0;61;46;2018;11;7;6;2;5;2;1;0;1;0;1;0;0;1;533592.8269;5977872.4678;9.511846014;53.948134927
123086;1;0;54;2;2018;12;16;6;2;8;7;2;0;1;0;0;0;0;1;506233.4031;6046525.8738;9.096407549;54.56621146
123087;1;0;56;44;2018;11;15;6;3;4;6;0;0;1;0;0;0;0;0;556155.1036;5940245.5851;9.848737746;53.608016016
123088;1;0;54;33;2018;12;23;2;3;8;1;2;0;1;0;0;0;0;2;506188.1189;6025404.4905;9.095265144;54.376389971
123089;1;0;56;15;2018;11;14;6;3;4;6;0;0;1;0;0;0;0;0;545534.4745;5955018.6897;9.690397615;53.741823748
123090;1;0;4;0;2018;12;10;5;3;0;1;0;1;0;0;0;0;0;2;563312.881;5993555.7256;9.967895417;54.086291781
123091;1;0;60;4;2018;11;18;6;3;0;5;2;1;1;0;0;0;0;0;557291.0165;5974176.3031;9.872200211;53.912836671
123092;1;0;3;0;2018;11;7;6;3;5;7;0;0;1;0;0;0;0;0;608763.6736;5969025.6845;10.653718605;53.858315611
123093;1;0;2;0;2018;12;15;6;2;6;6;0;1;0;1;0;0;0;1;573204.4776;6020501.9416;10.125647229;54.327116036
123094;1;0;3;0;2018;11;12;6;3;5;3;0;0;1;0;0;0;0;0;616804.9672;5972606.5617;10.77728534;53.888738826
123095;1;0;56;39;2018;12;18;4;3;5;2;2;0;1;0;0;0;0;1;554370.5356;5944719.8411;9.822550253;53.648416851
123096;1;0;58;135;2018;11;18;6;3;2;6;2;0;1;0;0;0;0;0;541912.0305;6019089.3973;9.644318835;54.317950921
123097;1;0;3;0;2018;12;11;4;3;6;4;0;0;0;1;0;0;1;1;610989.2295;5970119.5632;10.68793713;53.867672306
123098;1;0;3;0;2018;12;0;7;2;0;1;2;1;0;0;0;0;0;0;611151.5587;5969307.0495;10.690110346;53.860337778
123099;1;0;2;0;2018;11;10;6;3;4;6;0;0;1;0;0;0;0;0;570798.2185;6017045.9599;10.087834868;54.29640064
123100;1;0;1;0;2018;11;17;6;3;2;2;2;0;1;0;1;0;0;1;527328.9332;6072453.0425;9.425098365;54.798510097
123101;1;0;51;13;2018;12;18;7;3;2;6;2;1;1;0;0;0;0;0;490886.6997;5998068.8975;8.860533636;54.130667137
123102;1;0;51;44;2018;11;18;5;3;6;7;2;0;1;1;0;0;0;1;506608.0516;6005788.3782;9.101296426;54.200085473
123103;1;0;59;6;2018;12;13;5;1;8;1;0;0;1;0;0;0;0;1;543951.8151;6054524.9589;9.680943434;54.636223598
123104;1;0;60;39;2018;11;17;5;3;1;5;2;0;1;0;0;1;0;1;563964.5338;5962781.076;9.971407584;53.809648872
123105;1;0;56;39;2018;11;6;5;3;5;3;2;0;1;0;1;0;0;1;554378.6565;5944725.1244;9.822674021;53.648463491
123106;1;0;60;63;2018;12;14;5;3;2;6;0;0;1;0;0;0;0;0;565059.989;5945491.0226;9.9844041;53.654127482
123107;1;0;62;22;2018;11;19;5;3;1;5;2;0;1;0;0;0;1;0;588782.1958;5941593.5307;10.34213191;53.615616372
123108;1;0;58;43;2018;12;9;4;3;5;2;0;1;1;0;0;0;0;0;553585.7271;6037858.7561;9.827148554;54.485527786
123109;1;0;62;18;2018;11;12;5;3;5;3;0;0;1;0;0;0;0;0;581477.7274;5931191.5937;10.229024937;53.523326594
123110;1;0;56;43;2018;12;12;6;3;7;5;0;0;1;0;0;0;0;0;555544.3141;5944361.7446;9.840241822;53.645075164
123111;1;0;62;6;2018;11;14;5;3;1;5;0;1;1;0;0;0;0;0;584187.1354;5954159.6269;10.276095422;53.72929632
123113;1;0;56;30;2018;12;11;3;3;6;4;0;0;1;0;0;0;1;0;544865.6336;5959836.2893;9.680957587;53.785180576
123114;1;0;60;63;2018;12;20;6;3;6;4;2;0;1;1;0;0;0;1;565932.0085;5948687.0455;9.998274908;53.682741119
6023;2;2;5;215;2018;5;17;2;3;5;2;0;1;1;0;0;0;0;0;560890.0455;5935408.4642;9.919348735;53.564014088
6024;2;2;5;216;2018;4;20;4;3;4;3;2;1;0;0;0;0;0;1;560700.5465;5935454.4498;9.91649692;53.564449333
6025;2;6;1;601;2018;1;6;5;3;2;6;2;0;0;0;0;0;1;1;575350.2703;5931403.0628;10.136668922;53.526141261
6036;2;7;10;711;2018;2;11;1;2;8;1;0;0;1;0;0;0;0;1;561233.4085;5923019.1248;9.922112105;53.452625058
6042;2;4;7;417;2018;4;18;6;3;5;2;0;1;1;0;0;0;0;0;568506.3236;5935520.3181;10.034348241;53.564080372
6045;2;3;4;316;2018;3;14;1;2;2;7;0;0;1;0;0;0;0;0;563889.4944;5937334.403;9.965023091;53.58096646
6056;2;1;16;136;2018;4;12;7;3;3;6;0;0;1;0;1;0;0;0;567299.8185;5930315.6523;10.015015313;53.517461129
6058;2;7;14;715;2018;1;18;2;3;3;6;2;0;1;0;0;0;0;1;557233.6944;5925061.8739;9.86226021;53.471434338
6070;2;1;12;130;2018;3;8;7;3;2;2;0;0;1;0;0;0;0;0;572923.4283;5932833.4355;10.10040046;53.539338338
6076;2;3;6;318;2018;5;9;3;3;5;3;0;1;0;0;0;0;0;0;562071.2325;5942222.8731;9.938536649;53.625119005
6077;2;1;6;115;2018;4;6;3;3;3;6;0;0;1;0;0;0;0;0;567862.3918;5933143.3659;10.024111524;53.542802004
6079;2;1;6;115;2018;1;6;1;3;1;6;2;0;1;0;0;0;1;1;567276.9513;5933509.4541;10.015356911;53.54616743
6091;2;2;5;215;2018;2;21;2;2;5;7;2;0;1;0;0;1;0;0;561544.0508;5935358.4441;9.929211965;53.563488247
6096;2;2;3;209;2018;1;19;4;2;3;6;2;1;0;0;0;0;1;1;562581.2876;5935324.7867;9.94486344;53.563063091
6097;2;7;1;702;2018;5;10;6;3;3;6;0;0;1;0;0;1;0;0;565888.4311;5923632.1441;9.992329264;53.457572973
6100;2;1;6;115;2018;3;14;6;3;3;6;0;0;1;0;0;0;1;0;566837.9922;5933683.8365;10.008770454;53.547790695
6101;2;1;16;136;2018;1;6;2;3;9;1;2;0;1;0;0;0;0;2;570230.1975;5929444.6674;10.059007952;53.509250159
6112;2;3;1;306;2018;2;7;6;3;1;6;0;0;1;0;0;0;1;0;563522.3051;5936606.2372;9.959329539;53.574466823
6116;2;7;10;711;2018;4;7;4;3;6;2;0;0;1;1;0;0;0;1;562752.4191;5925089.0593;9.945396687;53.471049889
6119;2;1;14;132;2018;3;11;4;3;1;6;0;0;1;0;0;0;0;0;568426.9766;5932782.0051;10.032551124;53.539481145
6130;2;3;5;317;2018;4;20;4;3;6;3;0;1;0;1;0;0;0;0;563907.3962;5939173.9582;9.965670307;53.597496839
6132;2;7;14;715;2018;1;13;6;3;5;3;0;1;1;0;0;0;0;0;556903.7268;5925086.6879;9.857294156;53.471693122
6146;2;3;9;321;2018;3;8;6;3;1;6;0;0;1;0;0;0;0;0;562340.5853;5936396.1281;9.941443638;53.572720264
6152;2;3;6;318;2018;5;21;6;3;9;1;1;0;1;0;0;0;0;0;564609.125;5944645.8006;9.9774076;53.646587242
6160;2;4;5;409;2018;4;9;6;2;6;4;0;0;0;1;0;0;1;0;566084.9561;5938864.726;9.998503307;53.594447695
6162;2;3;9;321;2018;1;17;2;3;2;6;2;0;1;0;0;0;1;1;561808.7929;5937609.994;9.933654243;53.583692637
6174;2;1;16;136;2018;5;12;5;3;2;6;0;0;1;0;0;0;0;0;567997.675;5930245.4502;10.025523301;53.516740402
6178;2;3;9;321;2018;3;14;6;3;2;6;0;0;1;0;0;0;0;0;561147.8719;5938848.1226;9.923914816;53.594897636
6184;2;1;16;136;2018;5;18;7;2;2;6;0;0;1;0;0;0;0;0;568699.6875;5927919.0802;10.035599202;53.495741594
6186;2;2;5;217;2018;4;10;2;3;2;2;0;0;1;0;0;0;0;0;558318.4664;5935908.6468;9.880620262;53.568801563
6188;2;1;3;106;2018;1;15;6;3;2;6;0;0;1;0;0;0;0;1;564690.5423;5933832.8557;9.976395569;53.549398928
6199;2;4;7;417;2018;2;15;5;3;5;2;0;1;1;0;0;0;0;1;568524.5044;5935516.442;10.034621846;53.564043164
6204;2;2;3;208;2018;1;3;2;3;6;4;2;0;1;1;0;0;0;1;563226.4772;5935145.9442;9.95456696;53.561378441
6205;2;1;4;111;2018;5;14;6;3;0;1;0;0;0;0;1;0;0;0;564043.4523;5934160.9816;9.966697572;53.552427225
6208;2;3;9;321;2018;3;17;4;3;2;6;0;0;1;0;0;0;0;1;561446.1015;5938597.2697;9.928370847;53.59260826
6218;2;1;19;140;2018;2;10;3;3;3;6;0;0;1;0;0;1;0;0;561854.8681;5931933.2888;9.933226622;53.532668447
6222;2;1;6;115;2018;4;9;3;3;2;6;0;0;0;0;0;1;1;0;567344.3315;5933424.1694;10.016355287;53.545392324
6225;2;1;1;101;2018;3;14;3;3;3;2;0;1;0;0;0;0;1;0;565862.9765;5933618.3409;9.994043423;53.547325272
6235;2;1;19;140;2018;4;10;3;3;2;6;0;0;1;0;0;1;1;0;561472.034;5930842.9183;9.927237425;53.522913728
6237;2;7;10;711;2018;1;20;4;3;6;4;2;0;1;1;0;0;0;0;563373.0796;5925036.6897;9.954735267;53.470504885
6250;2;2;3;208;2018;2;8;4;3;3;6;0;0;0;0;0;1;1;0;563172.0207;5935166.3819;9.953749056;53.561568679
6256;2;4;4;407;2018;5;15;3;3;2;6;0;0;1;0;0;0;0;0;565970.5371;5940750.403;9.997173901;53.611408977
6257;2;3;8;320;2018;4;20;6;3;3;6;2;0;1;0;0;1;0;0;560661.108;5940570.2644;9.916896243;53.610431709
6259;2;2;7;219;2018;1;10;3;3;1;6;0;0;0;0;0;1;0;0;560682.4225;5932953.5718;9.915737874;53.541974934
6269;2;2;7;219;2018;2;10;3;3;2;6;0;0;0;0;0;1;0;0;560677.6094;5932956.6442;9.915665847;53.542003103
6274;2;1;1;102;2018;5;12;4;3;2;6;0;0;1;0;0;0;0;0;565311.5927;5933671.8309;9.985734139;53.547874871
6277;2;3;5;317;2018;3;10;3;3;3;6;0;0;1;0;0;0;0;0;563785.8106;5939436.691;9.963887131;53.599872895
6282;2;4;2;403;2018;4;18;7;3;5;3;0;1;1;0;0;0;0;0;565120.9356;5938845.9208;9.983935998;53.594399334
6284;2;3;8;320;2018;1;8;4;3;2;6;0;0;1;0;0;0;0;1;560403.473;5941031.986;9.913092149;53.614611134
6294;2;2;9;221;2018;2;15;4;3;5;3;0;0;1;0;0;0;0;0;556526.6023;5936258.2101;9.853629386;53.572139391
6300;2;1;14;132;2018;5;19;4;3;3;6;0;0;1;0;0;1;0;0;568440.7725;5932928.6861;10.032791351;53.540797591
6303;2;1;14;132;2018;3;9;3;2;9;1;0;0;1;0;0;0;0;0;568423.4942;5932900.4118;10.032524479;53.540545737
6313;2;1;16;136;2018;2;15;6;3;2;6;0;0;1;0;0;0;0;1;567875.0498;5925754.7391;10.022702544;53.47639714
6319;2;1;16;136;2018;3;16;5;3;2;6;0;0;1;0;0;0;0;0;568934.3465;5928663.9095;10.039299584;53.502404823
6324;2;7;9;710;2018;3;20;6;3;3;6;2;0;1;0;0;1;0;0;561203.159;5921556.0628;9.921372052;53.439479172
6330;2;3;5;317;2018;4;14;2;3;3;2;0;0;1;0;0;0;1;0;563663.2515;5939800.097;9.962109609;53.603153817
6332;2;3;7;319;2018;1;9;4;3;5;3;0;0;1;0;0;0;0;1;560237.7846;5943548.3113;9.91107484;53.637245297
6344;2;3;9;321;2018;2;5;3;3;2;6;2;0;1;0;0;0;0;2;561428.8669;5938593.9972;9.928109848;53.592580869
6350;2;1;16;136;2018;5;8;2;3;3;6;0;0;1;0;0;1;0;0;570421.3789;5929456.1528;10.061892832;53.50932781
6351;2;3;8;320;2018;4;6;5;3;3;6;1;0;1;0;0;1;0;1;560486.3475;5941033.7476;9.914345092;53.614617403
6352;2;1;19;140;2018;1;7;6;3;2;6;1;0;0;0;1;0;1;1;561056.221;5930239.2992;9.920848585;53.517537184
6363;2;2;5;216;2018;2;16;2;3;2;2;1;0;1;0;0;0;1;1;559529.1469;5935521.5619;9.898825559;53.56518669
6368;2;1;14;133;2018;4;7;7;2;9;1;0;0;1;0;0;0;0;0;568348.6018;5932601.7969;10.031329309;53.53787179
6371;2;3;8;320;2018;3;21;2;3;4;2;2;0;1;0;0;0;0;0;560070.5683;5941671.326;9.908183799;53.620395399
6381;2;6;1;601;2018;4;13;1;3;2;6;0;0;1;0;0;0;0;0;579474.3551;5927786.9254;10.197949882;53.493036652
6383;2;3;1;307;2018;1;14;3;3;2;6;0;0;1;0;0;1;0;1;563264.1217;5936167.5557;9.95534211;53.570555456
6389;2;4;2;403;2018;3;11;2;3;5;2;0;0;1;0;0;0;0;1;565123.3212;5938628.3558;9.983926606;53.592443737
6395;2;1;1;101;2018;3;19;3;3;6;4;2;0;1;1;0;0;0;0;566070.1143;5933645.1783;9.997174821;53.547540445
6401;2;1;6;117;2018;5;6;4;3;5;3;0;0;1;0;0;0;0;0;567973.6467;5934164.0737;10.026012028;53.551960879
6402;2;3;1;304;2018;4;12;4;3;3;6;0;0;1;0;0;1;1;0;562128.0843;5936774.435;9.93831028;53.576145451
6404;2;1;3;107;2018;1;18;2;3;4;2;2;0;1;0;0;0;0;1;564794.8978;5933829.8397;9.977969764;53.549358955
6411;2;4;4;407;2018;4;23;3;3;5;3;2;1;1;0;0;0;0;1;565365.4067;5939877.5307;9.987845487;53.603640176
6413;2;4;2;405;2018;2;15;5;3;2;6;0;0;1;0;0;0;0;0;565115.4564;5939185.2145;9.983924075;53.597449315
6419;2;7;13;714;2018;3;15;3;2;6;4;0;0;1;1;0;0;0;0;559355.9528;5925122.4391;9.894240561;53.471743717
6425;2;4;5;409;2018;3;10;5;3;3;6;0;0;1;0;0;0;0;1;566568.5221;5938571.9114;10.005745962;53.591754943
6431;2;4;2;404;2018;4;10;6;3;5;7;0;0;1;0;1;0;0;0;565624.1247;5938683.5303;9.991503449;53.592877149
6433;2;3;9;321;2018;1;8;3;3;2;6;0;0;1;0;0;0;0;1;561103.4676;5939034.3995;9.923280485;53.596576952
6445;2;1;16;136;2018;2;22;6;3;9;1;2;0;1;0;0;0;0;0;568092.0111;5926648.965;10.026164937;53.484405762
6451;2;7;14;715;2018;5;10;1;3;9;7;0;0;1;1;0;0;0;0;555353.2817;5925069.3916;9.83393533;53.471702943
6454;2;2;9;221;2018;4;14;3;3;2;6;0;0;1;0;0;0;0;0;557156.9513;5936234.2778;9.863142961;53.571856001
6455;2;4;2;403;2018;1;17;5;2;6;4;2;0;1;1;0;0;0;1;565119.4318;5938604.1449;9.983862797;53.592226631
6466;2;7;9;710;2018;2;11;7;3;2;6;0;0;1;0;0;0;0;0;563963.6755;5922613.762;9.963138447;53.448657506
6471;2;1;3;107;2018;4;3;6;2;6;7;2;0;1;1;0;0;0;0;564874.8503;5933817.1976;9.979173696;53.549235464
6474;2;3;4;316;2018;3;19;7;3;2;6;2;0;1;0;0;0;0;0;563802.9514;5937167.0474;9.96368189;53.579472924
6485;2;2;5;215;2018;4;10;7;3;2;6;0;0;1;0;0;0;0;0;561136.9667;5935390.9596;9.92307292;53.563828059
6487;2;1;12;130;2018;1;21;2;2;2;6;2;0;1;0;0;0;0;1;572647.4806;5932903.338;10.096253532;53.540004788
6500;2;3;7;319;2018;3;15;7;3;2;6;0;0;1;0;0;0;0;0;561497.8586;5944528.0753;9.930324032;53.645904162
6506;2;2;5;215;2018;5;16;2;3;5;3;0;1;1;0;0;0;0;0;561069.662;5935396.5602;9.922057963;53.56388623
6508;2;7;8;709;2018;4;16;2;2;2;6;0;0;1;0;0;0;0;0;562431.4054;5921569.3616;9.939862403;53.439454665
6510;2;2;9;221;2018;1;13;1;3;5;3;0;0;1;0;0;0;0;0;556849.8721;5936236.1302;9.858506584;53.571906015
6522;2;7;10;711;2018;2;2;7;3;3;6;2;0;1;0;0;0;1;0;562254.134;5925079.2618;9.937888939;53.471020981
6527;2;1;8;124;2018;1;7;3;3;5;2;2;0;1;0;0;0;0;0;568946.1899;5934253.2551;10.040708875;53.552635546
6528;2;4;6;414;2018;5;23;6;3;2;2;2;0;1;0;0;0;1;0;567791.5667;5936505.2453;10.023772102;53.573024862
6531;2;2;9;221;2018;3;11;5;3;2;6;0;0;1;0;0;1;0;1;556421.7247;5936279.6731;9.852049661;53.57234358
6532;2;3;1;304;2018;1;17;1;3;2;6;2;0;1;0;0;0;0;0;562513.9425;5936409.7367;9.944063947;53.572821941
6553;2;7;13;714;2018;2;10;4;3;5;7;0;0;1;0;0;0;0;0;559205.0425;5925129.6606;9.891968651;53.471825611
6558;2;3;4;316;2018;1;18;5;3;1;2;2;0;1;0;0;0;0;0;563795.6554;5937150.3106;9.963568287;53.579323393
6559;2;4;3;406;2018;5;10;7;3;5;3;0;1;1;0;0;0;0;0;565922.4718;5940710.9846;9.996439152;53.611060769
6562;2;3;1;304;2018;3;20;7;3;4;1;2;0;1;0;0;0;0;1;562776.9126;5936477.6608;9.94804829;53.573400995
6563;2;3;4;316;2018;1;17;3;3;2;6;2;0;1;0;0;0;0;0;563882.342;5937326.023;9.964913359;53.580892018
6574;2;6;2;602;2018;2;11;6;3;6;7;0;0;0;1;0;0;1;0;580451.3977;5927097.517;10.212496914;53.486692676
6578;2;3;7;319;2018;4;9;5;3;2;6;0;0;1;0;0;0;0;0;561362.1434;5944012.7692;9.928169568;53.641288899
6581;2;3;5;317;2018;3;7;5;3;3;2;0;0;1;0;0;1;0;1;563792.8128;5939426.2816;9.963990797;53.599778491
6592;2;3;6;318;2018;4;11;6;3;0;3;0;1;1;0;0;0;1;0;562019.2094;5942288.5211;9.93776324;53.625715167
6594;2;2;5;215;2018;1;4;1;3;9;1;2;0;1;0;0;1;0;1;560358.0019;5936909.8284;9.911606966;53.577568951
6606;2;2;5;215;2018;5;7;5;3;2;6;0;0;1;0;0;0;0;0;561824.0642;5935383.3547;9.933444012;53.563679215
6610;2;3;7;319;2018;3;16;6;3;1;6;0;0;1;0;0;0;1;0;561249.2046;5943753.6808;9.926410465;53.638973628
6616;2;4;5;409;2018;5;18;7;3;0;7;0;1;1;0;0;0;0;0;566047.5406;5938858.0508;9.997936663;53.59439242
6617;2;1;6;115;2018;4;19;1;3;3;2;0;0;1;0;0;0;0;0;567336.105;5933430.4629;10.016232509;53.54544994
6619;2;7;1;702;2018;1;12;5;3;2;6;0;0;1;0;0;0;1;2;565644.2907;5923670.4935;9.988660935;53.457948112
6630;2;7;14;715;2018;2;7;4;3;1;6;0;0;1;0;0;0;0;1;558093.2784;5925124.7006;9.875220335;53.471904868
6636;2;1;7;120;2018;5;6;5;3;1;5;0;0;1;0;0;0;0;0;568828.44;5934944.524;10.039084034;53.558863505
6639;2;1;1;102;2018;3;10;4;3;5;2;0;1;1;0;0;0;0;1;565961.7863;5933630.6031;9.995537059;53.547423073
6649;2;1;1;101;2018;2;10;3;3;2;6;0;0;1;0;0;0;0;0;566414.8086;5933633.8668;10.002373906;53.547395302
6655;2;3;8;320;2018;3;7;2;3;2;6;0;0;1;0;0;0;0;0;559791.1858;5941697.6927;9.903965565;53.620664337
6665;2;3;8;320;2018;4;12;2;3;3;6;0;0;1;0;0;1;0;0;560827.9668;5940049.9058;9.919316385;53.605735717
6667;2;7;8;709;2018;1;7;4;3;6;4;2;0;1;1;0;0;0;1;562099.6892;5921223.3019;9.934801105;53.436383611
6673;2;6;2;603;2018;2;6;3;3;0;3;1;0;1;1;0;0;0;0;580843.0447;5926918.3245;10.218351882;53.485022316
6677;2;2;5;215;2018;4;1;4;2;8;1;2;0;0;0;0;1;0;1;560651.9213;5937691.2722;9.916197367;53.584558194
6680;2;7;11;712;2018;3;7;3;3;9;1;0;0;0;0;0;1;0;1;560598.3004;5928093.0882;9.913528318;53.498301067
6691;2;1;15;134;2018;4;8;3;3;2;6;0;0;1;0;0;0;0;0;568048.926;5930652.173;10.026384466;53.520389069
6693;2;1;16;136;2018;1;13;5;3;3;6;0;0;1;0;0;1;0;0;570292.7879;5929459.211;10.059954843;53.5093725
6707;2;3;9;321;2018;3;14;5;2;3;6;0;0;1;0;0;1;0;0;560646.5213;5938276.7851;9.916229623;53.589821052
6713;2;1;12;130;2018;5;9;4;3;2;6;0;0;0;0;0;1;0;0;574861.9798;5931193.5881;10.129254494;53.524328522
6714;2;7;10;711;2018;4;22;6;3;0;1;2;0;0;0;1;0;0;0;561552.2373;5924963.5614;9.927293384;53.470063636
6716;2;7;14;715;2018;1;18;3;3;2;6;2;0;1;0;0;0;0;1;557662.2642;5925092.5081;9.868721685;53.47166291
6726;2;1;16;136;2018;2;16;3;3;2;6;0;0;1;0;0;0;0;0;570310.6997;5929458.8667;10.06022481;53.509367011
6732;2;3;6;318;2018;5;8;4;3;4;2;0;0;1;0;0;0;0;0;563346.2524;5944740.3465;9.958325082;53.647591367
6735;2;3;9;321;2018;3;14;3;3;2;6;0;0;1;0;0;0;0;0;560964.7115;5938632.2812;9.92110555;53.592979124
6746;2;4;5;409;2018;2;7;5;3;2;6;1;0;1;0;0;0;0;1;566401.9069;5938634.7457;10.003242469;53.592340775
6752;2;3;7;319;2018;3;7;5;3;5;3;0;0;1;0;0;0;1;0;561348.2985;5943979.8847;9.927953692;53.64099498
6758;2;2;6;218;2018;3;12;6;3;2;6;0;0;1;0;0;0;0;0;557525.6977;5936167.5779;9.868698515;53.571216231
6765;2;3;5;317;2018;4;18;2;3;5;3;0;1;1;0;0;0;0;0;563784.9922;5939437.9078;9.963875015;53.59988393
6768;2;1;3;107;2018;1;12;4;3;3;6;0;0;1;0;0;1;0;0;564847.5956;5933822.7563;9.978763552;53.549288789
6780;2;4;2;405;2018;2;21;7;3;5;3;2;1;1;0;0;0;0;0;565114.4257;5939254.0479;9.983922879;53.598068063
6786;2;1;8;124;2018;5;17;2;3;5;3;0;1;1;0;0;0;0;0;569424.9836;5934218.2989;10.047926945;53.552258296
6787;2;1;12;130;2018;4;16;4;3;2;6;0;0;1;0;0;0;0;0;573774.723;5935815.5965;10.113947395;53.566019822
6788;2;6;10;611;2018;1;8;5;3;2;7;1;0;1;0;0;0;1;1;572985.3142;5929646.5309;10.100591371;53.510689117
6799;2;1;3;107;2018;2;9;2;3;5;3;0;1;1;0;0;0;0;1;565227.9636;5933702.8829;9.984478624;53.548164339
6807;2;6;2;602;2018;2;14;3;3;4;6;0;0;1;0;0;0;1;2;580509.5351;5927065.0189;10.213364562;53.486391735
6813;2;1;4;111;2018;5;15;3;3;3;2;0;1;1;0;0;0;0;0;563985.7582;5934237.8387;9.96584258;53.553124999
6814;2;7;10;711;2018;4;13;5;3;5;2;0;1;1;0;0;0;0;0;561237.1288;5925022.9335;9.922558478;53.470633985
6815;2;3;7;319;2018;1;17;3;3;6;2;2;0;1;1;0;0;0;1;560167.8048;5942455.7792;9.909805296;53.627434392
6825;2;6;11;612;2018;2;9;2;3;3;6;0;0;1;0;0;1;1;1;570988.6902;5929397.648;10.070432508;53.50872574
6830;2;4;7;417;2018;4;16;2;3;3;6;0;0;1;0;0;0;0;0;568381.513;5935301.546;10.032416233;53.56213052
6833;2;1;3;107;2018;3;14;3;3;5;3;0;1;1;0;0;0;0;0;564803.3275;5933829.3221;9.978096868;53.549353263
6843;2;1;14;132;2018;4;17;2;3;1;6;0;0;1;0;0;0;0;0;568478.5435;5933051.0801;10.033388015;53.541892641
6845;2;1;12;130;2018;1;9;4;3;3;6;0;0;1;0;0;1;0;0;574720.5376;5930994.8838;10.127073958;53.522562916