OBJECTID_1;ULAND;UREGBEZ;UKREIS;UGEMEINDE;UJAHR;UMONAT;USTUNDE;UWOCHENTAG;UKATEGORIE;UART;UTYP1;ULICHTVERH;IstRad;IstPKW;IstFuss;IstKrad;IstGkfz;IstSonstig;STRZUSTAND;LINREFX;LINREFY;XGCSWGS84;YGCSWGS84
6851;2;1;6;115;2018;3;15;3;2;6;4;0;0;1;1;0;0;0;0;567291.5968;5933520.3791;10.015580256;53.546263739
6857;2;1;3;107;2018;3;20;5;3;9;7;2;0;1;0;0;0;0;1;565158.3533;5933727.0309;9.983433205;53.548390007
6864;2;4;5;411;2018;4;7;5;3;2;6;0;0;1;0;0;0;0;0;567309.78;5938120.3436;10.016845841;53.587602003
6866;2;3;6;318;2018;1;13;3;3;5;2;0;1;1;0;0;0;0;0;562565.2614;5941640.4603;9.945888364;53.619825913
6878;2;3;4;316;2018;2;18;6;3;6;4;2;0;1;1;0;0;0;0;564129.7184;5937854.3317;9.968757849;53.585609875
6884;2;1;4;111;2018;1;22;6;3;5;3;2;1;1;0;0;0;0;1;564246.7386;5933995.1729;9.969731503;53.550912214
6885;2;6;9;610;2018;5;14;1;3;9;1;0;0;1;0;0;0;0;0;579107.7712;5925524.3113;10.191855408;53.472758349
6888;2;4;7;417;2018;4;0;1;3;6;7;2;0;1;1;0;0;0;1;568425.5276;5935382.8284;10.033098442;53.562855278
6889;2;4;4;407;2018;1;19;4;3;2;6;2;0;1;0;0;0;0;0;566185.171;5940987.5625;10.000468032;53.613513289
6900;2;4;7;417;2018;2;20;7;3;6;4;2;0;1;1;0;0;0;0;568256.5302;5935166.2548;10.03050004;53.560930911
6905;2;7;10;711;2018;4;10;5;3;2;6;0;0;1;0;0;1;0;1;562183.4015;5925075.4048;9.936822712;53.470994674
6908;2;4;6;414;2018;3;8;5;3;5;2;0;1;1;0;0;0;0;1;567708.5476;5936620.9778;10.022543683;53.574075686
6920;2;3;1;304;2018;4;11;7;3;1;5;0;0;1;0;0;0;1;0;562531.1246;5936125.6958;9.94426651;53.57026712
6922;2;1;6;115;2018;1;15;2;3;3;6;0;0;1;0;0;0;0;1;567034.433;5933715.4739;10.011741564;53.548049985
6939;2;1;6;115;2018;4;1;6;3;9;1;2;0;1;0;0;0;0;1;567101.8379;5933676.5918;10.01275038;53.547691935
6942;2;3;7;319;2018;3;15;1;3;2;6;0;0;1;0;0;0;0;0;560011.9588;5944611.6704;9.907864995;53.646827996
6953;2;3;8;320;2018;4;18;1;3;2;6;0;0;1;0;0;0;0;0;560481.0848;5941705.2699;9.914395968;53.620653216
6955;2;1;1;102;2018;1;8;3;3;5;2;0;1;1;0;0;0;0;0;565346.3841;5933660.9167;9.986256872;53.547772454
6961;2;4;6;414;2018;3;12;7;3;6;2;0;0;1;1;0;0;0;0;567793.001;5936503.3148;10.02379334;53.573007327
6967;2;6;2;603;2018;3;4;1;3;9;1;2;0;1;0;0;0;0;0;581786.1283;5926305.9718;10.2324016;53.479373629
6974;2;4;5;412;2018;5;17;3;3;4;7;0;0;1;0;0;0;0;0;567362.1371;5937995.0378;10.017609606;53.586469141
6975;2;1;12;130;2018;4;14;3;3;8;6;0;0;1;0;0;0;1;0;574412.7891;5931801.7005;10.122624634;53.529857363
6977;2;1;8;124;2018;1;16;1;3;2;6;1;0;1;0;0;0;0;1;568990.275;5934250.7884;10.041373653;53.552607586
6990;2;2;3;209;2018;2;15;3;3;2;6;0;0;1;0;0;0;0;0;562336.4721;5935379.7974;9.941178696;53.563586629
6995;2;3;1;306;2018;1;15;4;3;3;6;0;0;1;0;0;0;0;1;563390.4896;5936300.5512;9.957277077;53.571735474
6996;2;7;2;703;2018;5;17;6;3;2;6;0;0;1;0;0;1;0;0;568246.724;5923472.9041;10.027806202;53.455841611
6999;2;1;16;136;2018;3;11;6;3;2;6;0;0;1;0;0;0;0;0;568922.5706;5928478.4609;10.039081317;53.500739705
7000;2;7;2;703;2018;1;5;2;3;9;6;2;0;1;0;0;1;0;1;567889.1721;5925513.6346;10.02286318;53.474228446
7011;2;3;9;321;2018;2;17;6;3;5;3;2;0;1;0;0;0;0;0;562064.2048;5936895.0421;9.937369638;53.577236951
7015;2;7;10;711;2018;4;16;4;3;6;7;0;0;1;1;0;0;0;0;564215.467;5924791.2778;9.967373968;53.468197206
7018;2;6;1;601;2018;3;17;4;3;2;6;0;0;1;0;0;0;0;0;577504.6549;5930046.0727;10.168825036;53.513632985
7030;2;2;5;216;2018;4;14;5;3;2;6;0;0;1;0;0;0;1;0;559795.0709;5936182.1593;9.902966641;53.571093543
7032;2;6;2;603;2018;1;18;7;3;2;2;2;0;1;0;0;0;0;0;582347.7828;5926140.629;10.240819413;53.477800199
7046;2;3;7;319;2018;3;11;6;3;3;3;0;0;1;0;0;1;0;0;561064.5327;5943143.5065;9.923497872;53.633511391
7053;2;1;4;111;2018;5;17;7;3;2;6;0;0;1;0;0;0;1;0;563978.1736;5934249.088;9.965730413;53.553227024
7054;2;2;5;215;2018;4;13;7;3;2;6;0;0;1;0;0;0;0;0;561031.6646;5935399.6294;9.921484942;53.563918235
7056;2;4;5;409;2018;1;8;4;3;3;2;0;1;1;0;0;0;0;1;566401.2189;5938635.0102;10.003232133;53.592343239
7066;2;4;6;415;2018;2;11;4;3;2;6;0;0;1;0;0;0;1;0;568026.2443;5936184.5206;10.027245657;53.570112094
7072;2;1;6;115;2018;5;19;4;3;2;6;0;0;1;0;0;0;0;0;567888.9023;5933134.9775;10.024509703;53.54272319
7077;2;4;6;414;2018;3;12;6;3;2;6;0;0;1;0;0;0;0;0;567509.2134;5937463.8648;10.01971612;53.581676511
7083;2;3;7;319;2018;5;12;1;3;2;6;0;0;1;0;0;0;0;0;562368.1833;5944874.5431;9.943557647;53.648914929
7084;2;3;8;320;2018;4;9;2;3;3;6;0;0;1;0;0;1;0;0;560538.7774;5940840.395;9.915099962;53.612873619
7086;2;2;6;218;2018;1;20;6;3;2;5;2;0;1;0;0;0;1;1;559210.9237;5935644.3565;9.894044653;53.566326306
7097;2;7;14;715;2018;2;11;6;3;2;6;0;0;1;0;0;0;1;1;556333.5865;5925196.0851;9.848725254;53.472737661
7102;2;1;12;130;2018;1;2;2;3;1;7;2;0;1;0;0;0;0;1;574214.7137;5935876.6674;10.120604068;53.566506615
7103;2;2;5;216;2018;5;16;6;3;0;7;0;1;0;0;0;0;0;0;560086.6444;5935597.1271;9.907256547;53.565802289
7106;2;7;4;705;2018;3;15;4;3;9;1;0;0;1;0;0;0;0;1;565560.4944;5922952.3811;9.987249387;53.451504581
7116;2;1;12;130;2018;2;13;3;2;2;6;0;0;1;0;0;0;0;0;574924.2331;5931619.3652;10.130295229;53.528146059
7120;2;1;8;125;2018;4;15;3;3;2;6;0;0;1;0;0;0;0;0;570153.9048;5934085.7283;10.058897758;53.550969981
7123;2;3;7;319;2018;3;15;3;3;2;6;0;0;1;0;0;0;0;0;562388.9361;5944878.6961;9.943872399;53.648949779
7135;2;2;5;215;2018;4;16;3;3;4;2;0;1;1;0;0;0;0;0;560962.0957;5935405.2233;9.920435799;53.563976596
7137;2;7;14;715;2018;1;18;4;3;5;4;2;0;1;1;0;0;0;0;554886.4071;5924985.7969;9.826887746;53.471000486
7151;2;7;10;711;2018;2;13;4;3;2;6;0;0;1;0;0;0;0;0;560865.6847;5925000.9303;9.916959071;53.470479296
7157;2;3;7;319;2018;5;6;3;3;3;2;0;1;0;0;0;1;0;0;560167.2384;5942450.6878;9.909795748;53.627388699
7158;2;4;5;410;2018;4;13;6;3;2;6;0;0;1;0;0;0;0;0;567143.1131;5938329.9535;10.014373559;53.589507163
7160;2;1;7;120;2018;1;18;3;3;2;6;2;0;1;0;0;0;0;1;567977.615;5934360.529;10.026114633;53.553725938
7170;2;4;6;415;2018;2;14;3;3;5;3;0;1;0;0;0;0;1;0;568175.017;5935992.91;10.02945001;53.568370757
7175;2;2;3;209;2018;5;8;4;3;1;5;0;1;1;0;0;0;0;0;562444.7987;5935354.9093;9.942809033;53.563350072
7178;2;2;7;219;2018;3;12;3;3;2;6;0;0;0;0;0;1;0;0;560674.9702;5932958.3288;9.915626352;53.542018549
7188;2;3;9;321;2018;4;9;3;3;3;6;0;0;1;0;0;1;0;0;560636.5464;5938183.6669;9.916060846;53.588985316
7190;2;3;8;320;2018;2;9;5;3;0;2;0;0;0;0;0;0;1;0;560070.9979;5941674.544;9.908190914;53.620424271
7196;2;2;6;218;2018;3;16;4;3;0;7;0;1;0;0;0;0;0;0;557960.4952;5936110.9538;9.875253067;53.570659466
7202;2;7;10;711;2018;3;22;5;2;6;4;2;0;1;1;0;0;0;1;562754.5473;5925088.8379;9.9454287;53.471047645
7203;2;1;6;115;2018;3;11;3;3;2;6;0;0;1;0;0;0;0;0;568015.5426;5933093.5443;10.026411483;53.542334437
7213;2;6;1;601;2018;2;19;7;3;3;6;2;0;1;0;0;0;0;1;578217.7549;5929416.0213;10.179419365;53.507865264
7219;2;6;11;612;2018;3;16;6;2;1;7;0;0;1;0;0;1;0;0;572616.2413;5929485.6948;10.094989746;53.509294781
7230;2;2;7;219;2018;4;20;2;2;2;6;2;0;1;0;1;0;0;0;560681.7564;5932953.997;9.915727906;53.541978833
7232;2;3;9;321;2018;1;3;4;3;5;3;2;0;1;0;0;1;0;1;561051.652;5938793.347;9.922450463;53.594416563
7244;2;4;7;417;2018;2;13;3;3;2;6;0;0;1;0;0;0;0;1;568701.1393;5935214.5602;10.037221922;53.561307027
7250;2;1;3;106;2018;5;17;3;3;1;6;0;0;1;0;0;0;0;1;564620.6945;5933838.9061;9.975342751;53.549461906
7251;2;7;13;714;2018;4;5;5;3;1;6;2;0;1;0;0;0;0;1;558809.7032;5925151.4654;9.886017433;53.472065889
7252;2;1;19;140;2018;1;6;6;3;3;6;2;0;1;0;0;0;0;1;561772.3632;5931301.8805;9.931857436;53.527003412
7263;2;1;14;133;2018;2;16;2;3;2;6;0;0;1;0;0;0;1;1;568187.4321;5932295.411;10.02883105;53.535139195
7268;2;5;14;522;2018;4;11;1;2;0;1;0;0;0;0;1;0;0;0;571068.7637;5952218.7843;10.076845727;53.713806705
7271;2;3;9;321;2018;3;1;2;3;4;2;2;1;1;0;0;0;0;0;561813.0319;5937585.5698;9.933713428;53.583472629
7281;2;3;1;306;2018;4;18;2;3;2;6;0;0;1;0;0;0;1;0;563496.8411;5936537.9975;9.958931157;53.573856615
7283;2;1;16;136;2018;1;16;3;3;3;6;1;0;1;0;0;1;0;0;568611.4618;5929091.9327;10.034526098;53.506293772
7289;2;2;5;217;2018;3;16;2;3;3;6;0;0;1;0;0;1;0;1;559330.9088;5935590.2838;9.895845833;53.565826777
7295;2;3;9;321;2018;3;16;3;3;1;6;0;0;1;0;0;0;1;0;561108.5332;5938930.6291;9.92333668;53.595643739
7302;2;1;6;117;2018;5;17;4;2;6;7;0;1;0;1;0;0;0;0;568268.8972;5933442.9735;10.030310401;53.545441939
7303;2;2;5;215;2018;4;17;4;3;2;6;0;0;1;0;0;0;0;0;560616.3839;5938059.1144;9.915732085;53.587868246
7305;2;7;12;713;2018;1;19;2;2;3;1;2;0;1;0;0;1;1;1;560598.5516;5929500.2932;9.91380408;53.510948323
7317;2;7;12;713;2018;2;1;5;3;2;6;2;0;1;0;0;1;0;1;560553.4867;5929460.8257;9.913116988;53.5105988
7322;2;1;8;124;2018;1;20;5;3;4;2;2;0;1;0;0;0;0;1;568954.9528;5934248.9496;10.040840173;53.552595701
7323;2;7;10;711;2018;5;7;7;3;2;6;0;0;1;0;0;0;0;0;561908.9594;5925063.1699;9.932686302;53.470917051
7326;2;1;8;125;2018;3;10;7;3;2;6;0;0;1;0;0;0;0;1;570575.67;5934015.9866;10.065246903;53.550286685
7327;2;6;11;612;2018;1;11;3;3;3;7;0;0;1;0;0;1;0;0;572334.8504;5929346.6473;10.090715375;53.508083941
7336;2;4;8;419;2018;4;19;6;3;2;6;1;0;1;0;0;0;0;0;567511.1843;5937457.2403;10.019744452;53.581616722
7338;2;1;6;117;2018;1;16;3;3;2;6;1;0;1;0;0;0;0;1;568167.3697;5933694.7577;10.028833305;53.54771795
7350;2;1;16;136;2018;2;15;6;3;2;6;0;0;1;0;0;0;0;0;567863.8319;5925952.6061;10.022576306;53.478176871
7356;2;3;1;306;2018;5;17;2;3;3;2;0;1;0;0;0;0;0;0;563524.3974;5936612.3091;9.959362368;53.574521139
7358;2;7;2;703;2018;4;2;3;3;2;6;2;0;1;0;0;1;0;1;568253.9086;5923322.0423;10.02788164;53.454484841
7359;2;3;7;319;2018;1;0;5;3;9;7;2;0;0;0;0;1;0;0;560233.1569;5943046.3972;9.910907677;53.632734962
7370;2;7;13;714;2018;2;18;7;3;3;7;2;0;1;0;0;0;0;0;559376.0286;5925120.9752;9.8945427;53.471728297
7376;2;1;19;140;2018;4;17;6;3;2;6;0;0;1;0;0;0;1;0;561206.4838;5930440.5757;9.923153847;53.519328678
7379;2;1;12;130;2018;3;14;7;2;2;6;0;0;1;0;0;1;0;0;575902.8525;5933070.3078;10.145407187;53.541044976
7391;2;3;9;321;2018;4;12;7;3;2;6;0;0;1;0;0;0;0;0;560675.7809;5938288.5556;9.916673896;53.589923452
7393;2;6;2;602;2018;1;17;2;3;2;6;2;0;1;0;0;0;0;1;580493.6046;5927073.9218;10.213126814;53.486474179
7405;2;3;6;318;2018;3;20;7;3;2;6;2;0;1;0;0;0;0;1;563289.8397;5944745.6031;9.957472851;53.647645436
7412;2;2;13;226;2018;5;17;2;3;4;2;0;0;1;0;0;0;0;0;553121.5839;5937037.9406;9.802347319;53.579503187
7413;2;3;7;319;2018;4;11;3;3;0;3;0;0;1;0;0;0;1;0;560200.19;5943725.752;9.910540657;53.63884434
7415;2;4;5;409;2018;1;15;1;3;2;6;0;0;1;0;0;0;0;1;566130.1196;5938873.0917;9.99918736;53.594517184
7428;2;1;3;107;2018;2;0;1;3;2;6;2;0;1;0;0;0;0;0;564918.7075;5933804.4702;9.979832896;53.549115659
7433;2;1;14;132;2018;1;16;3;2;5;2;2;1;1;0;0;0;0;0;568396.948;5932898.4063;10.032123525;53.540531171
7434;2;1;6;117;2018;5;18;6;3;0;7;0;0;1;0;0;0;0;0;568089.8628;5933854.955;10.0276986;53.549167724
7437;2;7;14;715;2018;3;16;5;3;2;6;0;0;1;0;0;0;0;0;556828.5651;5925121.2123;9.856168177;53.472011534
7438;2;2;5;216;2018;1;9;2;3;3;6;0;0;0;0;0;1;1;0;560443.8866;5935552.9222;9.912641293;53.565363972
7449;2;4;2;403;2018;2;17;4;2;5;3;2;1;1;0;0;0;0;0;565063.4052;5938358.202;9.982965149;53.590023247
7453;2;1;12;130;2018;4;10;4;3;2;6;0;0;1;0;0;1;0;0;575490.9102;5932140.9764;10.138967964;53.532752595
7456;2;2;5;215;2018;3;11;4;3;1;6;0;0;1;0;0;0;0;0;561544.8779;5935358.4125;9.929224445;53.563487866
7476;2;1;16;136;2018;2;13;6;3;2;6;0;0;1;0;0;1;0;0;568609.8386;5927731.5914;10.034204032;53.494068317
7480;2;2;5;216;2018;4;11;5;3;1;6;0;0;1;0;0;0;0;1;559605.807;5935498.0064;9.899978392;53.564966284
7483;2;1;19;140;2018;3;11;5;3;0;7;0;0;1;0;0;0;1;1;561883.8835;5931955.2098;9.933668658;53.532862043
7495;2;3;9;321;2018;4;17;6;3;0;1;0;0;0;0;1;0;0;0;560661.7369;5938256.7987;9.916455577;53.589639666
7497;2;2;5;217;2018;1;11;2;3;5;3;0;0;1;0;0;0;0;1;558842.2867;5935819.2777;9.888512174;53.567939876
7509;2;6;11;612;2018;5;17;5;3;0;6;0;0;1;0;1;0;0;0;571782.9024;5928930.3907;10.082299047;53.504418654
7512;2;2;5;215;2018;3;18;6;3;2;6;2;0;1;0;0;0;1;0;560962.6469;5935405.1789;9.920444111;53.563976133
7519;2;4;13;432;2018;5;7;7;2;9;1;0;0;1;0;0;0;0;0;565263.283;5944705.081;9.987314547;53.647038814
7520;2;2;3;208;2018;4;11;2;3;2;6;0;0;1;0;0;0;0;0;562961.3089;5935219.0504;9.950578897;53.562067349
7522;2;7;1;701;2018;1;18;5;3;2;2;2;0;1;0;0;0;0;1;564946.9808;5924418.0455;9.97831497;53.464753104
7533;2;3;1;306;2018;2;16;5;3;6;4;0;1;0;1;0;0;0;1;563462.4635;5936456.3362;9.958395468;53.57312686
7539;2;7;14;715;2018;5;18;5;3;4;2;0;0;1;0;0;0;0;0;555748.595;5925137.6436;9.83990241;53.472274668
7542;2;3;5;317;2018;3;10;4;3;0;2;0;1;0;0;1;0;0;1;563974.1863;5938794.5497;9.96660154;53.594078854
7553;2;1;4;110;2018;2;13;3;3;1;5;0;1;1;0;0;0;0;0;563671.6158;5934945.2141;9.961245542;53.559520602
7557;2;4;4;407;2018;4;8;3;3;2;6;0;0;1;0;0;0;0;0;566810.259;5941772.185;10.010083701;53.620485417
7560;2;6;9;610;2018;3;7;2;3;2;6;0;0;1;0;0;0;0;0;578628.2312;5925530.4752;10.184633794;53.472885572
7571;2;1;3;106;2018;4;22;3;3;3;6;2;0;1;0;0;0;0;0;564333.2047;5933925.4029;9.971022049;53.550274582
7573;2;7;8;709;2018;1;9;4;3;2;2;0;0;1;0;0;0;0;1;562185.1932;5921431.8782;9.936129229;53.438248126
7585;2;1;1;102;2018;2;17;4;3;2;6;0;0;1;0;0;0;0;1;565332.8994;5933664.851;9.986054206;53.547809491
7592;2;3;5;317;2018;5;5;3;3;3;2;0;1;1;0;0;0;0;0;564111.1649;5937936.512;9.968494506;53.58635072
7593;2;4;2;403;2018;4;7;6;3;1;6;0;0;1;0;0;0;0;0;565122.9757;5938715.6557;9.983939616;53.593228362
7595;2;2;6;218;2018;1;18;3;3;5;3;2;0;1;0;0;0;0;1;558113.7923;5936021.5726;9.877551054;53.569839194
7599;2;3;4;316;2018;4;6;4;3;4;2;0;0;1;0;1;0;0;0;564183.3482;5937674.9598;9.96953097;53.583991253
7601;2;7;1;701;2018;1;10;5;3;1;1;0;0;1;0;0;0;0;0;564552.7018;5924619.1053;9.972418073;53.466608588
7615;2;1;6;115;2018;3;7;5;3;8;7;0;0;1;0;0;0;0;0;567415.3572;5933401.7336;10.01742218;53.545181576
7622;2;6;9;610;2018;5;8;4;2;2;6;0;0;1;0;0;0;0;0;576798.8655;5926125.0939;10.157223721;53.478499342
7623;2;4;4;407;2018;4;8;7;3;5;3;0;0;1;0;0;0;0;0;565353.7046;5939852.0988;9.987663334;53.603413075
7625;2;2;6;218;2018;1;8;4;3;6;4;2;0;1;1;0;0;0;1;557617.3359;5936164.5367;9.870081612;53.571178842
7635;2;3;6;318;2018;2;15;4;3;5;3;0;1;1;0;0;0;0;0;563040.1361;5940895.1154;9.952915766;53.613070366
7641;2;2;14;227;2018;5;13;4;3;1;6;0;0;1;0;0;1;0;0;549935.4425;5937428.3682;9.754291102;53.583325289
7644;2;3;9;321;2018;3;14;3;3;2;6;0;0;1;0;0;1;0;0;560791.8357;5938450.7128;9.918458578;53.591367377
7654;2;1;8;124;2018;2;19;6;3;2;6;2;0;1;0;0;0;0;1;569543.3148;5934196.166;10.049707829;53.552043725
7660;2;3;9;321;2018;3;10;5;3;0;1;0;0;0;0;1;0;0;0;561462.6923;5938579.3619;9.928617947;53.592445371
7666;2;6;1;601;2018;3;8;6;2;6;5;0;0;0;1;0;0;1;0;577390.0924;5930129.9596;10.167118464;53.514403734
7673;2;3;1;307;2018;4;15;2;3;2;6;0;0;1;0;0;0;0;1;563179.2546;5936208.3444;9.954068992;53.570932263
7675;2;4;2;405;2018;1;8;4;3;2;2;1;0;1;0;0;0;0;1;565134.9989;5939581.5446;9.984302127;53.601008783
7687;2;3;6;318;2018;2;6;1;1;9;1;2;0;1;0;0;0;0;0;562398.735;5941751.342;9.943393344;53.620842305
7693;2;6;9;610;2018;5;7;2;3;2;6;0;0;1;0;0;0;0;0;577329.5278;5925868.613;10.165154907;53.476116703
7694;2;1;16;137;2018;4;7;4;3;2;6;0;0;1;0;0;0;1;0;566258.7212;5929260.6498;9.999093077;53.508111779
7695;2;2;5;216;2018;1;11;6;3;6;3;0;0;1;1;0;0;0;0;560026.6777;5935588.2651;9.906349523;53.565729505
7706;2;4;2;405;2018;2;20;2;2;0;7;2;1;0;0;0;0;0;2;565116.6029;5939101.2689;9.983923866;53.596694737
7711;2;7;10;711;2018;4;4;6;3;5;2;1;0;0;0;0;1;0;1;563912.5248;5924931.6799;9.962839563;53.469495916
7714;2;3;7;319;2018;3;14;2;3;3;3;0;0;1;0;0;1;0;0;561349.1292;5943981.8348;9.92796664;53.641012409
7724;2;6;9;610;2018;4;13;1;3;0;6;0;0;1;0;0;0;0;0;578445.2947;5925542.2939;10.18188122;53.47301907
7726;2;4;3;406;2018;1;14;3;3;3;2;0;1;1;0;0;0;0;0;565295.49;5939840.266;9.986781225;53.603313988
7733;2;1;3;106;2018;2;13;3;3;3;6;0;0;1;0;0;1;0;0;564399.61;5933890.6253;9.972017026;53.549953885
7738;2;2;3;209;2018;5;21;3;3;0;5;2;1;1;0;0;0;0;0;562590.1465;5935395.4401;9.945011327;53.563697022
7741;2;1;1;102;2018;3;16;3;3;2;6;0;0;1;0;1;0;0;0;565391.2588;5933649.61;9.98693168;53.547665251
7751;2;7;13;714;2018;4;18;2;3;2;6;0;0;1;0;0;0;0;0;558788.9507;5925152.6209;9.885705036;53.472078592
7753;2;1;4;111;2018;2;12;5;3;0;3;0;1;0;0;0;0;1;0;564027.1937;5934181.8681;9.966456474;53.552616922
7759;2;7;9;710;2018;3;12;3;2;8;7;0;0;1;0;0;0;0;0;562965.4385;5921849.2585;9.947956701;53.441906731
7765;2;3;7;319;2018;3;15;5;3;2;6;0;0;1;0;0;0;0;0;561575.7558;5944528.3775;9.93150233;53.645897716
7772;2;1;4;110;2018;4;8;6;3;5;3;0;1;0;1;0;0;0;0;563579.1196;5935008.6103;9.959862247;53.560101576
7774;2;2;7;219;2018;1;7;3;3;2;6;2;0;1;0;0;0;1;0;560821.627;5932975.693;9.917842567;53.542157645
7786;2;3;8;320;2018;2;9;6;3;3;6;0;0;1;0;0;1;0;0;560554.2449;5940809.7436;9.915327776;53.612596356
7792;2;7;13;714;2018;1;12;6;2;6;4;0;0;1;1;0;0;0;1;559287.0754;5925126.4233;9.893203763;53.471787285
7793;2;1;16;136;2018;5;14;1;3;2;6;0;0;1;0;0;0;0;0;568254.6049;5926980.3323;10.028686891;53.48736278
7796;2;4;2;404;2018;4;8;3;3;3;7;0;0;1;0;0;0;1;1;565523.1783;5938708.5854;9.989983781;53.593114951
7797;2;1;6;117;2018;1;22;4;3;2;6;2;0;1;0;0;0;1;0;568377.056;5933222.8351;10.031894315;53.543449451
7808;2;1;8;121;2018;2;15;7;3;0;7;0;0;0;1;0;0;1;1;568860.9058;5934804.6717;10.039543258;53.55760238
7813;2;1;1;102;2018;4;10;6;3;3;6;0;0;1;0;0;1;0;0;565369.7847;5933655.11;9.98660878;53.547717355
7816;2;1;6;117;2018;3;13;6;3;3;6;0;0;1;0;0;0;0;0;568091.5967;5933809.715;10.027714914;53.54876092
7828;2;3;7;319;2018;4;12;7;3;2;6;0;0;1;0;0;0;0;0;561142.4622;5943541.3357;9.924754447;53.637077703
7830;2;1;6;115;2018;1;14;2;3;2;6;0;0;1;0;0;0;0;1;567911.4682;5933127.8373;10.024848634;53.542656102
7842;2;1;6;115;2018;3;15;6;3;2;6;0;0;1;0;0;0;0;0;567524.3413;5933318.9338;10.01904879;53.544423437
7849;2;4;5;409;2018;5;15;1;3;4;6;0;1;0;0;0;0;0;0;566051.3057;5938858.5981;9.997993657;53.594396864
7850;2;1;12;130;2018;4;7;2;3;8;1;0;0;1;0;0;0;0;0;576388.3206;5934792.7613;10.153152242;53.5564539
7852;2;1;1;102;2018;1;18;7;3;2;6;2;0;1;0;0;0;1;1;565310.1688;5933672.3016;9.98571275;53.547879279
7866;2;3;6;318;2018;3;5;1;3;8;1;2;0;1;0;0;0;0;1;562838.3876;5941417.4286;9.949971973;53.617788771
7872;2;3;7;319;2018;3;16;2;2;5;3;0;0;1;0;1;0;0;0;562231.2252;5944847.3473;9.941480494;53.648686823
7878;2;2;12;225;2018;5;13;4;3;5;2;0;1;1;0;0;0;0;0;554481.9917;5936713.792;9.822836017;53.57645031
7879;2;1;3;107;2018;4;1;4;3;0;7;2;1;0;0;0;0;0;0;564947.7242;5933795.4555;9.980268909;53.549031053
7881;2;1;1;102;2018;1;13;2;3;2;6;0;0;1;0;0;0;0;1;565395.5032;5933648.578;9.986995513;53.547655448
7893;2;7;13;714;2018;2;7;3;2;2;2;0;0;1;0;0;0;0;0;558500.248;5925149.345;9.881355443;53.472081305
7898;2;2;12;225;2018;1;15;4;3;6;2;0;0;1;1;0;0;0;1;554482.6033;5936713.6729;9.822845232;53.576449176
7899;2;2;3;209;2018;5;10;7;3;2;6;0;0;1;0;0;0;0;0;562066.9432;5935390.1554;9.937111908;53.563711666
7902;2;1;4;111;2018;3;4;7;3;3;6;2;0;1;0;0;0;0;0;563891.486;5934530.6393;9.96447964;53.555767971
7903;2;7;2;703;2018;1;5;2;3;2;6;2;0;1;0;0;0;1;1;567899.0215;5925444.8909;10.022996692;53.473609357
7914;2;3;9;321;2018;2;19;6;3;3;6;2;0;1;0;0;0;1;0;561037.2782;5939484.1052;9.922368539;53.600626329
7918;2;3;4;316;2018;4;14;5;3;5;2;0;1;1;0;0;0;0;1;563793.333;5937145.0451;9.963532139;53.579276353
7921;2;2;3;209;2018;3;20;5;3;5;3;2;1;1;0;0;0;0;0;562521.1055;5935958.9318;9.944081853;53.568769549
7932;2;6;11;612;2018;4;17;5;2;2;6;0;0;1;0;0;1;0;0;571114.6443;5929339.5656;10.072318218;53.50818673
7934;2;3;1;306;2018;1;17;1;3;2;6;2;0;1;0;0;0;0;1;563521.3085;5936603.345;9.959313902;53.57444095
7946;2;6;3;604;2018;5;10;4;2;0;1;0;0;0;0;1;0;0;0;582345.5138;5925899.0383;10.24072189;53.475629475
7949;2;3;7;319;2018;3;12;6;3;2;6;0;0;1;0;0;0;0;0;561507.1773;5944647.8069;9.930488672;53.646979126
7955;2;2;3;209;2018;5;12;7;3;2;3;0;0;1;0;0;0;0;0;562214.2589;5935383.9547;9.939334578;53.563638495
7956;2;7;10;711;2018;4;11;7;2;3;6;0;0;1;0;0;0;0;0;562875.8623;5925078.7548;9.94725408;53.470942551
7958;2;1;14;132;2018;1;18;5;3;2;2;2;0;1;0;0;0;0;2;568402.4259;5932894.831;10.032205391;53.540498326
7968;2;1;11;128;2018;2;9;4;3;2;6;0;0;1;0;0;0;1;0;571970.1404;5933329.8728;10.086132593;53.5439313
7974;2;7;7;708;2018;5;9;4;1;2;6;0;0;1;0;0;1;0;0;564998.5299;5918870.1465;9.977945689;53.414885275
7977;2;1;6;117;2018;3;17;3;3;5;3;0;0;1;0;0;0;0;0;568277.9842;5933424.1004;10.030443398;53.545271142
7987;2;3;9;321;2018;2;8;2;2;5;3;0;1;1;0;0;0;0;0;561880.5514;5937248.9126;9.934666438;53.580439009
7996;2;3;9;321;2018;2;17;7;3;3;2;2;0;1;0;0;0;0;0;561075.808;5938969.975;9.922849986;53.596001169
8001;2;4;2;403;2018;1;12;3;3;5;3;0;1;1;0;0;0;0;0;565040.8641;5938325.403;9.982617819;53.589731273
8002;2;2;5;217;2018;5;14;6;3;1;5;0;1;1;0;0;0;0;0;557603.5777;5936165.399;9.869874034;53.571188103
8005;2;3;7;319;2018;3;12;5;3;0;4;0;0;1;1;0;0;0;1;559999.5966;5944668.2506;9.907688925;53.647337918
8016;2;6;1;601;2018;2;15;3;3;2;6;0;0;1;0;0;0;0;0;579758.8641;5927595.2754;10.202188654;53.491271298
8020;2;1;16;136;2018;4;16;3;3;3;6;0;0;1;0;0;1;0;0;570131.7197;5929446.9069;10.057523775;53.509283429
8023;2;3;6;318;2018;3;7;3;3;5;2;0;1;1;0;0;0;0;1;563319.7718;5940659.9919;9.957094306;53.610923527