OBJECTID_1;ULAND;UREGBEZ;UKREIS;UGEMEINDE;UJAHR;UMONAT;USTUNDE;UWOCHENTAG;UKATEGORIE;UART;UTYP1;ULICHTVERH;IstRad;IstPKW;IstFuss;IstKrad;IstGkfz;IstSonstig;STRZUSTAND;LINREFX;LINREFY;XGCSWGS84;YGCSWGS84
8034;2;1;6;115;2018;4;16;3;3;2;6;0;0;1;0;0;0;0;0;567909.0811;5933128.5926;10.024812781;53.542663199
8036;2;6;9;610;2018;1;7;5;3;2;6;2;0;1;0;0;0;0;1;577007.0637;5926015.1309;10.160333232;53.477480705
8050;2;3;4;316;2018;3;9;5;3;0;6;0;0;1;0;0;0;0;0;564180.7782;5937698.6655;9.96949703;53.584204617
8056;2;7;14;715;2018;5;12;3;3;0;7;0;1;0;0;0;0;0;0;555265.3026;5925052.5011;9.832607047;53.471560376
8057;2;1;8;124;2018;4;9;6;3;1;6;0;0;1;0;0;0;0;0;569578.6401;5934189.3474;10.050239424;53.551977765
8059;2;7;10;711;2018;1;16;3;3;1;6;2;0;1;0;0;0;0;1;563985.2309;5924907.2491;9.963929732;53.469267516
8069;2;1;14;132;2018;2;6;3;3;3;6;2;0;1;0;0;1;0;1;568488.0712;5933025.96;10.03352627;53.54166564
8074;2;3;6;318;2018;5;6;4;3;5;3;0;1;0;0;0;0;1;0;562684.3226;5944954.0253;9.948355775;53.649591469
8077;2;2;5;216;2018;3;13;3;3;2;6;0;0;1;0;0;0;0;0;559565.2135;5935264.9366;9.899321124;53.562876186
8087;2;4;7;417;2018;4;16;3;2;5;2;0;1;0;0;0;0;1;1;568505.9905;5935519.8048;10.0343431;53.564075803
8089;2;3;9;321;2018;2;8;5;3;3;6;0;0;1;0;0;1;0;0;561077.0386;5938856.6772;9.922846387;53.594982778
8095;2;1;4;111;2018;3;17;5;3;6;2;0;0;0;1;0;0;1;0;564076.532;5934121.4397;9.967188708;53.552067814
8101;2;1;3;106;2018;3;15;6;3;6;4;0;0;1;1;0;0;0;0;564325.9378;5933931.2199;9.970913579;53.550327752
8107;2;1;6;117;2018;4;13;6;3;4;2;0;0;1;0;0;0;0;1;568383.4404;5933209.3832;10.031987705;53.543327725
8110;2;1;6;117;2018;1;18;3;3;2;6;2;0;1;0;0;0;1;1;568134.9569;5933721.9215;10.028350111;53.547966282
8122;2;1;16;136;2018;2;14;6;3;3;6;0;0;1;0;0;0;0;0;567841.0168;5925925.3839;10.022226706;53.477935158
8123;2;3;1;307;2018;3;21;7;2;3;7;2;0;1;0;0;0;0;0;562970.2329;5936355.8933;9.95094279;53.572283462
8133;2;2;5;217;2018;4;17;2;3;5;2;0;1;1;0;0;0;0;1;558029.688;5936071.4258;9.876290458;53.570296559
8135;2;1;7;119;2018;1;15;4;3;5;3;0;0;1;0;0;0;0;0;568940.176;5934441.291;10.040659581;53.554326235
8147;2;1;8;125;2018;2;19;3;3;3;6;2;0;1;0;0;0;0;2;569937.6921;5934122.3117;10.055643052;53.551327604
8153;2;2;1;206;2018;5;11;3;3;2;6;0;0;1;0;1;0;0;0;563369.5542;5935096.5787;9.956716735;53.560917521
8154;2;7;14;715;2018;4;12;5;3;5;3;0;1;1;0;0;0;0;0;555918.3284;5925170.98;9.842465226;53.472556288
8155;2;1;1;101;2018;1;13;2;3;2;6;0;0;1;0;0;0;1;0;566398.5412;5933637.3489;10.002129169;53.547428653
8166;2;6;11;612;2018;2;9;2;3;2;6;0;0;1;0;0;0;1;1;570953.079;5929408.7818;10.069898153;53.508830607
8171;2;3;8;320;2018;4;20;2;3;2;6;1;0;1;0;0;0;0;0;560057.6083;5941578.4726;9.907969979;53.619562378
8174;2;1;6;117;2018;3;6;2;3;2;6;1;0;1;0;0;0;0;0;568010.1416;5934103.2179;10.026549557;53.551409232
8184;2;1;14;132;2018;4;8;2;3;2;6;0;0;0;0;1;1;1;0;568484.0047;5932931.6298;10.033444266;53.540818411
8186;2;7;14;715;2018;1;14;3;3;6;7;0;0;1;1;0;0;0;0;555655.6224;5925123.9177;9.838499427;53.472161139
8192;2;1;16;136;2018;3;18;2;2;2;6;2;0;1;0;0;0;0;1;568522.415;5929737.7006;10.033324854;53.512109024
8198;2;1;19;140;2018;3;13;4;3;3;6;0;0;1;0;0;0;0;1;561531.7709;5930922.9074;9.928154076;53.523625636
8204;2;1;16;136;2018;4;17;4;3;3;6;0;0;1;0;0;1;0;0;568495.0198;5927491.8;10.032421249;53.491928219
8206;2;1;4;111;2018;1;17;3;3;2;6;1;0;1;0;0;0;0;1;563861.4138;5934699.7622;9.964060307;53.557291591
8218;2;7;13;714;2018;2;16;5;2;2;6;0;0;1;0;0;0;0;0;558668.2982;5925155.148;9.883888014;53.472114762
8224;2;6;11;612;2018;1;19;5;2;2;6;2;0;1;0;0;1;0;1;572768.1144;5929536.1243;10.097291107;53.509726996
8225;2;1;1;102;2018;5;16;1;3;2;6;0;0;1;0;0;0;0;0;565484.5424;5933624.1086;9.988334013;53.547424439
8229;2;7;10;711;2018;3;11;7;3;6;2;0;0;1;1;0;0;0;1;562752.4435;5925089.0567;9.945397054;53.471049862
8230;2;2;12;225;2018;1;14;4;3;4;2;0;1;1;0;0;0;0;0;554528.906;5936703.4466;9.823542671;53.576352454
8241;2;2;6;218;2018;2;11;7;3;0;3;0;0;1;0;1;0;0;0;557673.8053;5936161.4767;9.870933685;53.571145136
8245;2;4;5;409;2018;4;18;5;3;5;3;0;1;1;0;0;0;0;1;566070.224;5938861.348;9.998280036;53.594419194
8248;2;1;19;140;2018;3;22;5;3;9;1;2;0;1;0;0;0;0;1;561109.8789;5930309.35;9.921671402;53.518160529
8251;2;2;12;225;2018;6;14;6;3;5;2;0;0;1;0;0;0;0;0;553862.1414;5936849.9216;9.813499011;53.57773781
8252;2;6;11;612;2018;9;9;7;2;2;6;0;0;1;0;0;0;1;0;571831.1684;5928911.6955;10.083022347;53.504244049
8253;2;7;13;714;2018;6;15;6;3;2;6;0;0;1;0;0;0;0;0;558387.9967;5925141.4293;9.879663031;53.472022621
8256;2;2;3;209;2018;11;0;3;3;8;1;2;0;1;0;0;0;0;1;562521.9606;5935986.4059;9.944100263;53.569016366
8257;2;3;6;318;2018;12;21;5;3;8;1;2;0;1;0;0;0;0;1;562077.1005;5942216.556;9.938624103;53.625061536
8258;2;7;14;715;2018;10;15;4;3;4;2;0;1;1;0;0;0;0;0;557300.3518;5925063.3478;9.863264588;53.471440335
8259;2;4;2;403;2018;7;16;1;3;4;2;0;0;1;0;0;0;0;0;565089.0957;5938361.4584;9.983353893;53.590049325
8260;2;2;5;215;2018;8;18;2;3;5;2;0;1;1;0;0;0;0;0;561690.4633;5935355.7629;9.931421699;53.563446959
8261;2;4;5;409;2018;9;9;5;3;0;1;0;1;0;0;0;0;0;0;566525.9878;5938587.3823;10.005106744;53.591899382
8262;2;2;7;219;2018;6;8;6;3;2;6;2;0;1;0;0;0;0;1;560796.4105;5932961.187;9.917459266;53.542030193
8263;2;4;7;417;2018;8;0;5;2;5;3;2;1;1;0;0;0;0;0;568362.2723;5935271.4259;10.032119201;53.561862334
8266;2;1;4;110;2018;11;15;6;3;3;6;0;0;1;0;0;1;0;0;563736.2862;5934881.1743;9.962208654;53.558937207
8267;2;3;9;321;2018;6;16;6;3;3;2;0;1;1;0;0;0;0;0;562055.4461;5936912.0273;9.937240749;53.577390639
8268;2;7;8;709;2018;10;8;4;3;2;6;0;0;1;0;0;0;1;0;562111.8724;5921255.5626;9.934990839;53.436672121
8269;2;6;11;612;2018;6;22;5;3;9;7;2;0;1;0;0;0;0;1;572460.4901;5929315.0443;10.092602176;53.507782627
8270;2;1;7;119;2018;7;22;6;3;4;2;1;0;1;0;0;0;0;0;568946.122;5934254.2653;10.040708073;53.552644634
8271;2;4;6;415;2018;11;13;4;3;2;2;0;0;1;0;0;0;0;0;568086.1391;5936106.806;10.02813301;53.569405894
8272;2;3;1;305;2018;8;9;5;3;5;3;0;1;0;0;0;0;0;0;563698.1869;5936981.0722;9.962061818;53.577814246
8273;2;7;10;711;2018;12;10;2;3;3;6;0;0;1;0;0;0;0;0;561315.6294;5924710.833;9.923680043;53.467819831
8275;2;3;1;304;2018;10;17;7;3;3;6;0;0;1;0;0;0;0;0;562774.2679;5936477.3963;9.948008303;53.573398935
8276;2;1;6;115;2018;6;14;5;3;6;4;0;0;0;1;0;0;1;1;566987.553;5933694.1872;10.011029572;53.54786466
8277;2;1;16;136;2018;8;9;7;3;0;7;0;0;1;0;0;1;0;0;568822.5492;5929124.5427;10.037715467;53.506559262
8278;2;2;7;219;2018;9;17;6;3;2;6;0;0;1;0;0;0;1;0;560800.7686;5932958.2046;9.917524444;53.542002884
8279;2;3;7;319;2018;6;14;5;3;0;3;0;1;1;0;0;0;0;1;560195.358;5943749.061;9.910472093;53.639054382
8280;2;4;5;411;2018;7;11;4;2;4;6;0;1;0;0;0;0;0;0;567485.8491;5937563.2066;10.019384749;53.582572315
8282;2;7;1;701;2018;11;20;6;2;5;2;2;0;1;0;0;0;0;0;564759.0558;5924512.5935;9.975504135;53.465625987
8283;2;1;6;117;2018;12;18;5;3;4;2;2;0;1;0;0;0;0;0;568401.6881;5933210.2566;10.032263227;53.543333198
8284;2;6;1;601;2018;7;11;5;3;1;6;0;0;1;0;0;1;0;0;577330.1489;5930168.528;10.166224181;53.51475916
8285;2;1;3;106;2018;8;20;7;3;3;6;0;0;1;0;0;0;0;0;564463.8714;5933874.0258;9.972983381;53.549796814
8286;2;4;5;409;2018;9;17;5;3;2;6;0;0;1;0;0;0;0;0;566185.5453;5938858.017;10.000021471;53.59437471
8287;2;7;14;715;2018;6;15;4;2;3;7;0;0;1;0;0;0;0;0;555564.8736;5925107.6085;9.837129495;53.47202414
8288;2;3;5;317;2018;9;15;4;3;0;7;0;1;0;0;0;0;0;0;563953.0025;5938955.803;9.966314588;53.595530662
8291;2;2;5;216;2018;11;18;2;3;5;3;2;0;1;0;1;0;0;1;559705.22;5935482.7;9.901476284;53.564817417
8292;2;1;7;120;2018;12;8;3;3;2;6;0;0;1;0;0;0;0;1;568814.2357;5934989.0507;10.038879439;53.559265533
8293;2;1;16;137;2018;10;10;2;3;4;6;0;0;1;0;0;0;0;0;566172.3331;5928115.3471;9.997548985;53.497829474
8294;2;1;14;133;2018;7;9;5;3;4;6;0;1;0;0;0;0;0;0;568160.5339;5932189.885;10.028402293;53.534194305
8295;2;6;2;602;2018;8;14;4;3;6;4;0;0;1;1;0;0;0;0;580424.9134;5927112.4078;10.212101678;53.486830543
8298;2;4;4;407;2018;11;14;3;3;2;6;0;0;1;0;0;0;0;0;566825.9087;5941835.3479;10.01033382;53.621051071
8299;2;7;11;712;2018;6;8;4;3;2;6;0;0;0;0;0;1;1;0;560639.458;5927428.97;9.914020317;53.492327539
8300;2;1;15;134;2018;10;13;7;2;0;6;0;0;1;0;1;0;0;0;568149.9317;5930484.1802;10.027871122;53.518866199
8301;2;4;5;409;2018;6;12;4;3;2;6;0;0;1;0;0;0;0;0;566542.8141;5938581.2046;10.005359603;53.591841726
8302;2;6;1;601;2018;7;18;3;2;2;7;0;0;1;0;1;0;0;0;577683.5613;5929890.5002;10.171483889;53.512208486
8304;2;1;12;130;2018;11;18;6;3;3;3;2;0;1;0;0;0;0;0;574952.6708;5931628.8047;10.130726403;53.528226835
8305;2;4;5;410;2018;8;21;7;3;4;7;2;0;1;0;1;0;0;0;567126.6308;5938340.7346;10.014126914;53.589606165
8306;2;3;9;321;2018;12;10;5;3;2;6;0;0;1;0;0;0;1;1;561483.0968;5938560.272;9.928922424;53.592271411
8308;2;1;7;120;2018;10;15;4;3;5;3;0;1;0;0;0;1;0;0;568031.231;5934624.997;10.026981375;53.556095805
8309;2;1;1;101;2018;6;15;4;3;4;6;0;1;0;1;0;0;0;0;566466.487;5933634.076;10.003153782;53.547390643
8310;2;3;9;321;2018;8;10;5;3;4;3;0;0;1;0;0;0;0;0;561159.3062;5938870.5115;9.924091949;53.595097519
8311;2;1;16;136;2018;8;13;3;3;3;6;0;0;1;0;0;1;0;0;569670.2257;5929454.4679;10.050567826;53.509412729
8312;2;1;16;136;2018;9;8;3;3;2;6;0;0;1;0;0;0;0;0;569797.004;5929475.4616;10.052483856;53.50958459
8313;2;7;10;711;2018;6;22;3;3;3;6;2;0;1;0;0;0;0;0;560727.7946;5925884.504;9.915052834;53.478436391
8314;2;1;12;130;2018;7;14;2;3;3;6;0;0;1;0;0;1;1;0;575416.7679;5932049.7335;10.137827602;53.531943257
8315;2;7;8;709;2018;10;12;3;3;2;2;0;0;1;0;0;0;0;0;562004.7815;5920963.3609;9.933321453;53.434058542
8316;2;1;16;136;2018;6;16;3;3;1;6;0;0;0;0;0;1;0;0;567587.3069;5930335.677;10.019354779;53.517604211
8317;2;4;2;403;2018;7;8;5;3;2;6;0;0;1;0;0;0;0;0;565125.2412;5938656.2658;9.983961438;53.592694331
8319;2;1;19;140;2018;11;15;1;3;3;6;0;0;1;0;0;0;0;0;561843.1819;5932087.7333;9.93308085;53.534057881
8320;2;3;8;320;2018;8;11;2;3;2;6;0;0;0;0;0;1;1;0;560395.6835;5941535.1038;9.913071984;53.61913373
8321;2;4;2;405;2018;12;18;7;3;4;7;2;0;1;0;0;0;0;1;565118.3134;5938996.3144;9.983927789;53.595751277
8323;2;1;16;136;2018;10;17;5;3;2;6;0;0;1;0;0;0;1;0;568230.0365;5926939.8377;10.028307876;53.487002031
8324;2;6;9;610;2018;6;15;3;3;3;6;0;0;1;0;0;0;1;0;575696.8257;5926610.6044;10.140738607;53.483022207
8325;2;3;6;318;2018;8;13;6;3;0;7;0;1;0;0;0;0;1;0;563281.634;5940691.039;9.956524239;53.611207163
8326;2;4;6;414;2018;8;16;5;3;6;3;0;1;0;1;0;0;0;0;567784.3522;5936514.9557;10.023665277;53.573113063
8327;2;3;1;304;2018;9;8;5;3;2;6;0;0;1;0;1;0;0;0;562449.1816;5936396.0766;9.943083364;53.572706886
8328;2;1;7;120;2018;6;7;6;3;1;6;0;0;1;0;0;0;1;0;568000.784;5934475.7885;10.026489377;53.554758791
8329;2;1;12;130;2018;6;16;3;3;2;6;0;0;1;0;0;0;0;0;573855.5661;5935829.868;10.115171191;53.566136707
8330;2;4;5;409;2018;7;11;3;3;5;3;0;1;1;0;0;0;0;0;566209.289;5938758.161;10.000358963;53.59347429
8331;2;1;6;117;2018;6;13;5;3;3;6;0;0;1;0;0;0;0;0;568357.3504;5933260.6265;10.031605244;53.543791653
8333;2;1;19;140;2018;11;8;6;3;3;6;0;0;1;0;0;0;1;0;561624.2533;5932410.8143;9.929841784;53.536987276
8334;2;3;9;321;2018;12;5;4;3;3;6;2;0;1;0;0;1;0;1;560820.0793;5938512.8966;9.918897355;53.59192297
8335;2;3;8;320;2018;10;11;2;3;2;6;0;0;0;0;0;1;0;0;560886.5652;5939952.6154;9.920182872;53.604854528
8336;2;7;10;711;2018;7;9;4;3;1;2;0;0;1;0;1;0;0;0;564165.7264;5924817.0522;9.966630031;53.468434915
8337;2;3;8;320;2018;8;8;6;3;3;6;0;0;1;0;0;1;0;0;560721.1198;5940438.3421;9.917777486;53.609239125
8338;2;3;6;318;2018;9;17;4;3;3;2;0;1;0;0;0;0;1;0;563064.5642;5940873.0236;9.953280493;53.612868881
8339;2;2;6;218;2018;6;16;3;3;4;2;0;1;1;0;0;0;0;0;558016.9249;5936078.875;9.876099134;53.570364921
8340;2;4;5;409;2018;9;11;3;3;5;2;0;1;1;0;0;0;0;0;566089.89;5938865.8177;9.998578075;53.594456884
8343;2;3;4;316;2018;11;3;1;3;2;6;2;0;1;0;0;0;0;0;563798.7807;5937157.6891;9.963616992;53.579389326
8344;2;1;3;106;2018;12;10;3;3;3;2;0;1;0;0;0;0;1;1;564323.7232;5933932.9927;9.970880523;53.550343956
8345;2;2;5;216;2018;10;9;2;3;2;6;0;0;1;0;0;0;1;0;559527.9598;5935540.6556;9.898811276;53.565358428
8346;2;1;8;124;2018;7;12;3;3;6;4;0;0;0;1;0;0;1;0;569082.6068;5934253.7775;10.042767763;53.552622308
8347;2;6;1;601;2018;8;17;3;3;5;3;0;1;1;0;0;0;0;0;579619.6715;5927688.5146;10.200114797;53.492130293
8350;2;4;2;405;2018;11;6;1;3;4;1;1;0;1;0;0;0;0;0;565737.1021;5938688.8092;9.993211235;53.592910437
8351;2;7;12;713;2018;6;8;2;3;2;6;0;0;0;0;1;1;0;0;560523.7768;5929223.9817;9.912623307;53.508473581
8352;2;6;11;612;2018;10;18;6;3;2;6;0;0;1;0;0;0;0;0;572420.1185;5929400.8183;10.092013366;53.508559041
8353;2;7;10;711;2018;6;21;2;3;2;6;1;0;1;0;0;0;0;1;561590.0103;5925038.8605;9.927877119;53.470735973
8354;2;4;2;403;2018;7;17;2;3;2;6;0;0;1;0;0;0;0;0;565368.8375;5938629.4199;9.987635649;53.592422744
8356;2;4;7;417;2018;11;14;5;3;3;6;0;0;1;0;0;1;0;1;568186.5923;5935109.0495;10.02943186;53.560425891
8357;2;1;16;136;2018;8;13;6;3;2;6;0;0;1;0;0;0;0;0;568872.903;5928296.7101;10.038292748;53.499112781
8358;2;3;6;318;2018;12;7;4;3;2;2;1;0;1;0;0;0;0;1;563326.4221;5940654.9155;9.95719378;53.6108771
8360;2;3;9;321;2018;7;12;3;3;6;3;0;1;0;1;0;0;0;0;561690.1363;5938033.2183;9.931945811;53.587510275
8361;2;1;19;140;2018;8;7;3;1;2;6;0;0;1;0;0;1;0;0;561183.3226;5932725.8382;9.923251178;53.539870078
8362;2;7;10;711;2018;9;12;2;3;3;7;0;0;1;0;0;0;0;0;562431.7573;5925089.4189;9.940566544;53.471091238
8363;2;1;7;119;2018;6;8;2;3;1;6;0;0;1;0;0;0;1;0;567941.5782;5934272.9977;10.025551734;53.552943946
8364;2;2;5;215;2018;9;15;2;3;5;3;0;0;1;0;0;1;0;0;560629.3266;5937880.4695;9.915892866;53.586261198
8365;2;3;6;318;2018;7;15;1;3;4;6;0;1;0;0;0;0;0;0;562707.948;5944949.8102;9.948712301;53.649550756
8367;2;3;4;316;2018;11;14;4;3;2;6;0;0;1;0;0;0;0;0;563841.8731;5937258.1522;9.964288307;53.580286972
8368;2;1;4;111;2018;12;9;7;3;5;3;0;1;1;0;0;0;0;1;564056.5172;5934144.1979;9.966891309;53.552274791
8369;2;3;8;320;2018;10;14;6;3;2;6;0;0;1;0;0;0;1;0;560774.4741;5940251.2077;9.918547303;53.607551096
8370;2;2;5;216;2018;7;8;2;3;3;2;0;1;1;0;0;0;0;0;560014.496;5935585.1716;9.906165021;53.565703096
8371;2;2;5;215;2018;8;16;4;3;3;6;0;0;1;0;0;1;0;0;560600.3712;5937898.1094;9.915458941;53.586423082
8372;2;2;5;215;2018;9;16;2;3;5;3;0;1;0;0;0;0;0;0;561344.7926;5935376.1193;9.926207404;53.563670431
8373;2;1;6;117;2018;6;9;2;3;5;3;0;0;1;0;0;1;0;0;567962.25;5934184.581;10.025844492;53.552146656
8374;2;1;12;130;2018;9;14;7;3;2;6;0;0;1;0;0;0;0;0;575231.6995;5931483.0807;10.134899876;53.526877359
8377;2;6;1;601;2018;11;7;6;2;3;3;1;0;1;0;0;0;1;0;577364.416;5930146.5552;10.166735424;53.514556654
8378;2;3;9;321;2018;6;16;2;3;2;6;0;0;1;0;0;0;0;0;561103.3272;5939030.2269;9.923277546;53.596539467
8379;2;6;9;610;2018;12;21;1;3;3;6;2;0;1;0;0;0;0;1;573371.3234;5927405.3419;10.105886728;53.490493841
8380;2;1;6;117;2018;10;7;6;3;0;6;1;0;1;0;1;0;0;0;568304.3605;5933369.6724;10.030829509;53.544778559
8382;2;1;16;136;2018;11;6;4;3;2;6;2;0;1;0;0;1;1;0;570655.913;5929451.5714;10.065427699;53.509255175
8383;2;2;3;209;2018;12;7;3;3;4;6;2;1;0;0;0;0;0;0;562813.4083;5935252.0229;9.948352885;53.562381407
8384;2;1;1;102;2018;10;9;2;2;2;6;0;0;1;0;1;0;0;1;565578.3214;5933603.2491;9.989744779;53.547225265
8385;2;7;10;711;2018;7;18;3;2;2;6;0;0;1;0;0;0;1;0;562783.617;5925086.365;9.94586609;53.471021955
8386;2;1;15;134;2018;8;19;5;3;8;1;1;0;1;0;0;0;0;1;567987.8735;5930692.5553;10.025472536;53.520759894
8387;2;1;4;111;2018;9;8;3;3;5;3;0;1;0;0;0;1;0;0;563921.8729;5934359.4072;9.964903262;53.554225356
8388;2;3;7;319;2018;6;23;2;3;3;6;2;0;1;0;0;0;1;0;561499.0218;5945162.976;9.930467242;53.651610043
8389;2;6;2;603;2018;9;11;2;3;2;6;0;0;1;0;0;0;0;0;580646.7224;5927033.3544;10.215423475;53.486086172
8392;2;3;7;319;2018;11;17;7;3;2;6;2;0;1;0;0;0;0;1;561412.748;5944122.1419;9.928956508;53.642265925
8393;2;3;7;319;2018;12;8;2;2;2;2;0;0;1;0;0;0;0;1;560239.4465;5943539.9496;9.911098352;53.637169956
8394;2;4;7;417;2018;10;15;7;3;8;7;0;0;1;0;0;0;0;0;568144.4721;5935074.7796;10.028788599;53.560123373
8395;2;2;6;218;2018;7;17;2;2;3;6;0;0;1;0;0;0;0;0;559027.7213;5935744.5808;9.891297729;53.567247711
8397;2;3;8;320;2018;11;18;6;3;5;3;2;1;1;0;0;0;0;1;560030.289;5941385.821;9.907519875;53.61783408
8398;2;1;15;134;2018;8;9;3;3;2;6;0;0;1;0;0;0;1;0;567946.3263;5931784.8784;10.025082996;53.530582185
8399;2;4;8;418;2018;12;8;2;3;6;7;0;0;0;1;1;0;0;1;567511.3364;5937408.1162;10.019736122;53.581175218
8401;2;7;1;702;2018;10;19;3;3;6;2;2;0;1;1;0;0;0;1;564397.709;5922841.522;9.969719545;53.45065163
8402;2;3;4;316;2018;6;10;2;3;2;6;0;0;1;0;0;0;0;0;564127.972;5937862.106;9.968733069;53.585679959
8403;2;3;9;321;2018;10;14;5;3;3;6;0;0;1;0;0;1;0;1;560870.9734;5938521.8556;9.919667926;53.591997581
8404;2;7;10;711;2018;6;12;1;2;3;2;0;1;1;0;0;0;0;0;563908.2288;5924933.0028;9.962775123;53.469508327
8405;2;3;7;319;2018;7;17;7;3;5;3;0;0;1;0;0;0;0;0;560250.8044;5943260.0085;9.911215892;53.634652726
8407;2;4;5;409;2018;11;14;4;3;5;5;0;1;1;0;0;0;0;0;566190.5587;5938849.6321;10.000095428;53.59429872
8408;2;3;8;320;2018;12;11;2;3;3;6;0;0;1;0;0;1;0;1;560848.9868;5939998.7988;9.919624045;53.60527396
8410;2;3;9;321;2018;7;7;2;3;3;2;0;0;1;0;0;0;0;0;561465.5414;5938576.6963;9.928660462;53.592421081
8411;2;4;5;412;2018;8;15;2;2;3;2;0;1;1;0;0;0;0;0;567401.7613;5937892.9759;10.018186039;53.585546806
8412;2;2;5;216;2018;9;16;2;3;3;2;0;1;1;0;0;0;0;0;560586.8189;5935493.6352;9.914787626;53.564814652
8413;2;6;9;610;2018;6;9;1;3;2;6;0;0;1;0;0;0;0;0;572803.4538;5927942.1399;10.097453819;53.495396939
8414;2;3;7;319;2018;9;11;1;3;2;6;0;0;1;0;0;0;0;0;560140.2072;5942220.3492;9.909342557;53.625321672
8415;2;2;14;227;2018;6;9;7;3;3;6;0;0;1;0;0;0;0;0;549752.8441;5937452.8955;9.751537066;53.58356309
8417;2;1;8;125;2018;11;14;3;3;2;6;0;0;1;0;0;0;1;1;570002.401;5934110.2716;10.056616894;53.551210775
8418;2;6;1;601;2018;12;7;5;3;3;2;1;1;0;0;0;0;1;0;579769.6473;5927586.6509;10.202348955;53.491192158
8419;2;7;13;714;2018;10;13;5;3;5;3;0;1;1;0;0;0;0;1;558672.6989;5925155.148;9.883954306;53.472114272
8420;2;1;16;136;2018;7;15;1;3;8;7;0;0;1;0;0;0;0;0;570549.1362;5929453.3017;10.063818295;53.509285062
8421;2;1;4;110;2018;8;17;3;3;2;6;0;1;0;0;0;1;0;0;563846.2858;5934772.0088;9.963846727;53.557942734
8422;2;1;14;133;2018;9;19;6;2;3;6;1;0;1;0;1;0;0;0;568318.513;5932538.293;10.030861508;53.537304984
8423;2;1;6;117;2018;6;16;1;3;5;2;0;1;1;0;0;0;0;0;567945.2101;5934160.2578;10.025582045;53.551930265
8424;2;2;13;226;2018;8;7;6;3;3;6;0;0;1;0;0;0;0;0;552981.8309;5937071.6293;9.800242438;53.579820106
8427;2;3;6;318;2018;11;17;6;3;2;6;2;0;1;0;0;0;0;1;562817.9355;5944912.6985;9.950368557;53.64920403
8428;2;2;3;209;2018;6;17;1;3;6;4;0;0;0;1;0;0;1;0;562558.4912;5935565.7404;9.944567555;53.565231345
8429;2;1;2;104;2018;10;17;5;3;2;6;1;0;1;0;1;0;0;0;568031.6862;5931999.2295;10.026417149;53.532497552
8430;2;4;7;417;2018;7;15;7;3;0;6;0;1;0;0;0;0;0;0;568281.5636;5935185.7062;10.030882164;53.561102467
8431;2;3;8;320;2018;11;6;5;3;6;2;2;0;1;1;0;0;0;1;560108.4729;5941938.6959;9.908808404;53.622793998
8432;2;4;6;414;2018;8;16;5;3;3;7;0;0;1;0;0;0;0;0;567599.6457;5936775.7054;10.020932819;53.575480288
8433;2;3;8;320;2018;12;11;4;3;2;6;0;0;1;0;0;0;0;1;560314.1462;5941303.3925;9.911794583;53.617060655
8435;2;7;7;708;2018;10;5;7;3;2;6;2;0;0;0;0;1;1;0;563853.3223;5920064.8358;9.960960046;53.425762413
8436;2;7;10;711;2018;6;18;7;3;2;6;0;0;1;0;0;0;1;0;563877.863;5924942.3536;9.962319635;53.469596051
8437;2;3;7;319;2018;9;14;7;3;2;6;0;0;1;0;0;0;0;0;561309.5388;5943891.1939;9.927350012;53.640202433
8438;2;7;9;710;2018;6;9;7;3;3;6;0;0;1;0;0;0;0;0;561010.6963;5922177.0093;9.918595444;53.445082302
8439;2;7;2;703;2018;7;11;4;3;2;6;0;0;1;0;0;0;0;0;567970.6114;5924941.5433;10.023966208;53.469076395
8441;2;7;10;711;2018;11;7;7;3;9;1;1;0;1;0;0;0;0;1;561265.528;5924718.8281;9.922926964;53.467897519
8442;2;1;7;120;2018;7;18;1;3;4;2;0;0;1;0;1;0;0;0;568809.0156;5935003.8968;10.038803914;53.559399641
8443;2;1;1;102;2018;11;23;6;3;2;6;2;0;1;0;0;0;0;0;565332.8416;5933664.8679;9.986053337;53.54780965
8444;2;7;13;714;2018;8;9;7;3;6;4;0;0;1;1;0;0;0;0;558699.9686;5925154.9408;9.884365055;53.47210937
8445;2;3;8;320;2018;12;19;6;3;5;3;2;0;1;0;0;1;0;1;560467.1789;5941682.2984;9.914181297;53.620448369
8447;2;1;1;102;2018;10;16;3;3;2;6;1;0;1;0;0;0;0;0;565326.1859;5933667.0069;9.985953347;53.547829702
8448;2;7;1;701;2018;6;20;7;3;5;3;0;1;1;0;0;0;0;0;564542.5805;5924624.38;9.972266713;53.466657234
8449;2;4;2;405;2018;10;17;3;2;4;6;0;0;1;0;0;0;0;0;565110.2664;5939470.4536;9.983905234;53.60001346
8450;2;3;7;319;2018;6;10;7;3;2;6;0;0;1;0;1;0;0;0;561698.6117;5944610.8327;9.933376956;53.64662429
8451;2;1;16;136;2018;7;16;5;3;3;6;0;0;1;0;0;0;0;0;567639.594;5930334.7898;10.020143046;53.517589512
8453;2;2;5;216;2018;11;17;3;3;5;3;2;0;1;0;0;1;0;0;560590.9749;5935492.1849;9.914850087;53.564801137
8454;2;6;9;610;2018;12;7;6;3;2;6;2;0;1;0;0;0;0;0;574438.87;5926863.1;10.121845318;53.485470793
8456;2;6;11;612;2018;7;5;1;3;2;6;0;0;1;0;0;0;0;0;571265.0894;5929295.5455;10.074576293;53.50777075
8457;2;3;5;317;2018;8;9;2;3;5;3;0;1;1;0;0;0;0;0;564012.132;5938551.519;9.9671249;53.591890044
8458;2;4;12;431;2018;9;17;7;3;3;6;1;0;1;0;0;0;0;0;566844.8797;5942134.4675;10.010684815;53.623736864