OBJECTID_1;ULAND;UREGBEZ;UKREIS;UGEMEINDE;UJAHR;UMONAT;USTUNDE;UWOCHENTAG;UKATEGORIE;UART;UTYP1;ULICHTVERH;IstRad;IstPKW;IstFuss;IstKrad;IstGkfz;IstSonstig;STRZUSTAND;LINREFX;LINREFY;XGCSWGS84;YGCSWGS84
8459;2;4;2;405;2018;6;13;7;3;2;6;0;0;1;0;0;0;0;0;565108.88;5939491.32;9.983888645;53.600201162
8460;2;1;16;136;2018;9;12;6;3;3;6;0;0;1;0;0;1;0;0;568650.2923;5927816.0482;10.034832191;53.494822071
8461;2;6;9;610;2018;6;16;6;2;0;7;0;0;0;0;1;0;1;0;576685.0273;5926174.4111;10.155520806;53.478959145
8463;2;1;4;111;2018;6;16;5;3;2;2;0;1;1;0;0;0;0;0;563869.4141;5934646.9805;9.964170276;53.556816252
8465;2;7;14;715;2018;11;10;2;3;1;6;0;0;1;0;0;0;0;1;554474.7617;5924890.1434;9.820670243;53.47018352
8466;2;1;1;102;2018;12;11;5;3;5;3;0;1;1;0;0;0;0;1;565350.3888;5933659.7483;9.98631706;53.547761455
8467;2;4;8;419;2018;10;7;4;3;3;7;2;0;1;0;0;0;0;1;567497.636;5937503.5181;10.019549851;53.58203437
8468;2;4;13;432;2018;7;17;6;3;3;5;0;0;1;0;1;0;0;0;565601.8966;5944020.8113;9.992291938;53.640846863
8469;2;6;2;602;2018;8;11;1;3;5;2;0;0;1;0;0;0;0;0;580670.8743;5927044.9889;10.215790367;53.486187026
8470;2;1;19;140;2018;9;11;4;3;3;6;0;0;1;0;0;1;0;0;561887.1038;5931741.3996;9.933674965;53.53094006
8471;2;1;19;140;2018;8;14;5;3;2;3;0;0;1;0;0;1;0;1;561188.5416;5930416.6701;9.922878601;53.519115916
8474;2;6;2;603;2018;11;14;5;3;6;7;0;0;1;1;0;0;0;0;580837.84;5927155.465;10.218334535;53.487154217
8475;2;7;1;702;2018;6;8;6;2;8;1;0;0;1;0;0;0;0;0;566087.4797;5925338.2881;9.995685361;53.472881782
8476;2;2;13;226;2018;10;7;4;3;2;6;0;0;1;0;0;0;0;0;552120.4915;5937146.4862;9.787246549;53.580579202
8477;2;2;14;227;2018;6;13;6;3;4;2;0;1;1;0;0;0;0;0;549737.3625;5937464.3192;9.751305053;53.583667232
8478;2;1;15;134;2018;7;11;5;3;3;6;0;0;1;0;0;1;0;0;567799.0816;5931409.1369;10.022780587;53.527224344
8479;2;6;9;610;2018;11;7;3;3;2;6;1;0;1;0;0;0;0;0;577893.964;5925675.2945;10.173609599;53.474296176
8480;2;7;1;701;2018;8;16;4;3;3;5;0;0;1;0;0;0;0;0;564655.8254;5924565.8442;9.973960316;53.466117257
8481;2;7;10;711;2018;12;16;7;2;6;4;2;0;1;1;0;0;0;1;562751.5762;5925089.1469;9.945384008;53.471050776
8483;2;7;14;715;2018;10;17;6;2;5;3;2;0;1;0;0;0;0;1;554649.9124;5924939.9946;9.823317287;53.470613423
8484;2;6;10;611;2018;6;5;5;3;2;6;0;0;0;0;0;1;1;0;573531.969;5929965.1635;10.108907792;53.513476495
8485;2;1;16;136;2018;8;14;6;3;2;6;0;0;1;0;0;0;0;0;568845.8574;5928228.7109;10.03787017;53.498505199
8486;2;7;10;711;2018;9;14;5;3;3;6;0;0;1;0;0;0;1;0;562436.3017;5925089.6538;9.940635044;53.47109281
8487;2;1;19;140;2018;6;14;6;3;2;6;0;0;1;0;0;0;0;0;561048.1887;5930280.6016;9.920735508;53.517909322
8488;2;1;14;132;2018;6;11;5;3;1;6;0;0;1;0;0;0;0;0;568309.8584;5932934.0402;10.03081734;53.540862752
8489;2;7;14;715;2018;7;14;3;3;5;3;0;0;1;0;0;0;0;0;555176.8201;5925037.3797;9.8312715;53.471433748
8490;2;1;3;107;2018;6;0;5;3;2;6;2;0;1;0;0;0;0;0;565213.9488;5933707.9109;9.984268183;53.548211268
8492;2;1;7;119;2018;11;13;6;3;3;6;0;0;1;0;0;1;0;0;567969.4768;5934327.2473;10.025984573;53.553427884
8493;2;1;16;136;2018;12;17;4;3;2;6;2;0;1;0;0;0;1;0;568897.1716;5928365.9964;10.038673763;53.499732292
8494;2;1;6;117;2018;10;8;2;3;5;3;0;0;1;0;0;0;0;1;567973.5418;5934094.6397;10.02599535;53.551336878
8495;2;1;6;117;2018;7;13;5;3;5;3;0;0;1;0;0;0;0;0;568008.148;5934109.5114;10.02652084;53.551466051
8496;2;6;10;611;2018;8;15;6;3;2;6;0;0;1;0;0;1;0;0;574308.2031;5930595.0363;10.12076082;53.519027978
8497;2;7;1;701;2018;9;16;4;2;3;6;0;0;1;0;0;1;0;0;564423.4564;5924685.4066;9.970485027;53.467220292
8498;2;4;7;417;2018;6;17;5;3;2;6;0;0;1;0;0;0;0;0;568179.8088;5935103.3643;10.029328225;53.560375678
8499;2;7;2;703;2018;9;13;3;2;2;6;0;0;1;0;0;1;0;0;568176.0049;5923849.5607;10.026823018;53.459235889
8502;2;3;6;318;2018;11;15;2;2;4;6;0;0;1;0;0;0;0;1;562441.9392;5941729.6209;9.944042085;53.620641942
8503;2;4;4;407;2018;12;9;3;3;1;6;0;0;1;0;0;0;0;1;565591.943;5940257.2078;9.991348402;53.607024091
8504;2;1;7;120;2018;10;13;2;3;0;6;0;0;1;0;0;0;1;0;568024.7658;5934564.5228;10.026870634;53.555553152
8505;2;3;5;317;2018;7;11;5;3;0;6;0;1;0;1;0;0;0;0;563769.4113;5939461.0533;9.963644338;53.60009384
8506;2;3;7;319;2018;12;22;6;2;6;2;2;0;1;1;0;0;0;0;560167.8526;5942456.209;9.909806101;53.627438249
8507;2;3;1;306;2018;6;15;4;3;4;2;0;1;1;0;0;0;0;0;563085.0831;5936263.799;9.952658328;53.571441983
8509;2;4;4;407;2018;7;0;6;2;6;4;2;0;1;1;1;0;0;0;566809.4918;5941769.4137;10.010071509;53.620460609
8510;2;1;12;130;2018;8;13;7;3;3;6;0;0;1;0;0;0;0;0;575232.4702;5931482.6029;10.134911385;53.526872955
8511;2;3;5;317;2018;9;17;6;2;6;4;0;0;1;1;0;0;0;0;564071.2298;5938190.4523;9.967943473;53.588637827
8512;2;2;5;216;2018;6;15;5;2;5;2;0;1;0;0;0;0;1;0;559527.3313;5935522.1942;9.898798269;53.565192579
8513;2;4;2;405;2018;9;8;5;3;1;6;0;0;1;0;0;0;0;0;565115.4356;5939186.7442;9.983924081;53.597463065
8516;2;1;8;121;2018;11;9;2;3;5;3;0;0;1;0;0;0;0;1;568855.5843;5934828.0516;10.039468089;53.557813195
8517;2;3;4;316;2018;12;8;4;3;4;2;0;1;1;0;0;0;0;0;563703.1575;5936990.0614;9.962138714;53.577894431
8518;2;2;7;219;2018;10;17;4;3;3;6;0;0;1;0;0;0;1;0;559439.1877;5934301.8756;9.897235466;53.554234983
8519;2;6;2;603;2018;7;23;5;3;7;7;2;0;1;0;0;0;0;0;581712.8803;5927295.0506;10.231555578;53.488273478
8520;2;3;1;304;2018;8;18;5;3;0;7;1;0;0;0;1;0;0;0;562515.2924;5936387.6895;9.944079916;53.572623634
8523;2;2;5;215;2018;11;6;4;3;3;6;0;0;1;0;0;1;0;0;560623.5594;5937686.7898;9.915768126;53.584521189
8524;2;2;1;206;2018;6;15;5;3;5;3;0;0;1;0;0;0;0;0;563567.827;5935015.654;9.95969322;53.560166248
8525;2;3;9;321;2018;10;1;3;3;2;6;2;0;1;0;0;1;0;0;561070.4276;5938839.2037;9.92274309;53.594826507
8526;2;7;10;711;2018;6;15;4;3;2;4;0;0;1;1;0;0;0;0;564620.991;5924583.8336;9.973439361;53.466283211
8527;2;4;3;406;2018;7;23;4;3;2;6;2;0;1;0;0;0;0;1;566799.8584;5941734.6169;10.009918425;53.620149116
8529;2;3;8;320;2018;11;23;7;3;2;6;2;0;1;0;0;0;0;0;559623.4766;5941806.5242;9.901451205;53.621661567
8530;2;1;3;106;2018;8;8;2;3;3;6;0;1;0;0;0;0;0;1;564613.2988;5933839.8986;9.975231348;53.549471736
8531;2;7;10;711;2018;12;14;6;3;5;3;0;1;1;0;0;0;0;1;563961.3438;5924915.793;9.963571671;53.469347206
8533;2;1;19;140;2018;10;16;5;3;2;6;0;0;1;0;0;0;0;0;561683.5745;5932254.4122;9.930705917;53.535574661
8534;2;6;2;602;2018;6;16;4;3;3;2;0;1;1;0;0;0;0;0;579832.476;5927485.415;10.203269973;53.490272852
8535;2;7;14;715;2018;8;16;5;3;2;6;0;0;1;0;0;0;0;0;555899.3613;5925167.5897;9.842178898;53.472527831
8536;2;4;2;405;2018;8;10;5;3;3;2;0;1;0;0;0;1;0;0;565117.9614;5939014.4671;9.983926262;53.595914463
8537;2;4;7;417;2018;9;7;4;3;3;2;0;1;1;0;0;0;0;0;568511.9173;5935537.5159;10.034436454;53.5642342
8538;2;1;6;117;2018;6;20;5;3;0;1;0;0;0;0;1;0;0;0;567956.6409;5934131.1535;10.025748228;53.551667221
8539;2;2;5;217;2018;6;16;4;3;1;7;0;1;1;0;0;0;0;0;557693.9565;5936160.4583;9.871237762;53.571133767
8540;2;2;5;216;2018;7;22;3;3;0;7;2;0;1;0;0;0;1;0;560847.018;5935414.54;9.918700359;53.564073684
8542;2;2;12;225;2018;11;15;5;3;3;2;0;1;1;0;0;0;0;0;554501.8637;5936709.9212;9.823135432;53.576413456
8543;2;2;7;219;2018;12;11;3;3;2;6;0;0;0;0;0;1;0;0;560529.4204;5933051.238;9.913448192;53.542870362
8544;2;2;5;216;2018;10;14;2;3;5;2;0;1;1;0;0;0;0;0;560590.8634;5935492.2238;9.914848411;53.5648015
8545;2;2;9;221;2018;7;10;4;3;2;6;0;0;0;0;0;0;1;0;556683.177;5936249.215;9.855991957;53.572041653
8546;2;2;5;215;2018;8;9;6;3;2;6;0;0;1;0;0;0;1;0;560637.0953;5937812.8228;9.915997061;53.585652332
8547;2;2;3;208;2018;9;9;4;3;3;6;0;0;1;0;0;0;0;0;563065.9192;5935198.1353;9.952153825;53.561866818
8548;2;2;5;217;2018;6;15;4;3;2;6;0;0;1;0;0;0;0;0;557692.0547;5936160.5544;9.871209065;53.57113484
8549;2;1;3;107;2018;9;8;3;2;2;6;0;1;0;0;0;0;0;0;565215.0097;5933707.534;9.984284114;53.548207749
8552;2;3;9;321;2018;11;22;7;3;2;6;2;0;1;0;0;0;0;1;561817.8538;5937543.7874;9.933777977;53.583096547
8553;2;3;8;320;2018;12;17;2;3;5;2;2;0;1;0;0;0;0;1;560030.289;5941385.821;9.907519875;53.61783408
8554;2;2;5;215;2018;10;19;2;3;2;6;1;0;1;0;0;0;1;0;560606.2943;5938152.0314;9.915597734;53.588704493
8555;2;7;10;711;2018;7;17;2;3;2;6;0;0;1;0;0;0;0;0;560030.1171;5925037.3551;9.904379697;53.470902588
8556;2;1;2;104;2018;8;15;3;3;2;6;0;0;1;0;0;0;0;0;568063.6909;5932004.9942;10.026901184;53.532545215
8559;2;1;4;110;2018;11;14;6;3;0;6;0;0;1;0;0;0;1;0;563639.9855;5934970.6457;9.960773274;53.559753
8560;2;2;5;216;2018;6;14;4;3;1;6;0;0;1;0;1;0;0;0;559558.1891;5935464.5121;9.899253129;53.564670661
8561;2;2;9;221;2018;10;22;6;3;1;6;2;0;1;0;0;0;0;0;555845.3837;5936338.6531;9.843357667;53.572935336
8562;2;3;8;320;2018;6;8;4;3;4;2;0;1;1;0;0;0;0;0;560071.23;5941676.283;9.908194758;53.620439873
8563;2;2;9;221;2018;7;7;1;3;3;6;0;0;1;0;0;0;1;0;556870.1225;5936247.9551;9.858814507;53.572010098
8565;2;3;9;321;2018;11;9;5;3;4;2;0;0;1;0;0;0;1;1;561468.9182;5938551.5849;9.928706524;53.592195
8566;2;3;6;318;2018;12;16;3;3;2;6;2;0;1;0;0;0;0;0;563456.6158;5940444.3972;9.959118509;53.608969367
8567;2;3;9;321;2018;8;22;4;2;5;2;2;0;1;0;1;0;0;0;561463.96;5938556.089;9.928632511;53.592236061
8570;2;6;1;601;2018;11;8;2;3;2;6;0;0;1;0;0;0;1;1;576253.9205;5930822.6383;10.150156288;53.520794742
8571;2;3;5;317;2018;6;14;4;3;5;2;0;1;1;0;0;0;0;0;563658.7555;5939819.3753;9.962045612;53.603327622
8572;2;1;3;106;2018;10;15;7;3;2;6;0;0;1;0;0;0;0;0;564563.8798;5933848.4163;9.974487327;53.549554366
8573;2;7;13;714;2018;6;5;3;2;1;5;1;0;1;0;1;0;0;0;559030.8563;5925137.8364;9.889346289;53.471918649
8574;2;3;4;316;2018;7;9;3;3;3;2;0;1;1;0;0;0;0;1;563792.9457;5937144.2937;9.963526136;53.579269647
8576;2;3;8;320;2018;11;19;6;3;3;6;2;0;1;0;0;1;0;0;560652.9326;5940591.0674;9.916776738;53.610619619
8577;2;3;1;304;2018;8;17;7;3;5;3;0;1;1;0;0;0;0;0;562531.0696;5936416.4362;9.944323897;53.57288011
8578;2;6;1;601;2018;12;10;4;3;6;4;0;0;1;1;0;0;0;1;579842.2733;5927422.6365;10.203401635;53.489707194
8580;2;2;5;216;2018;10;19;4;3;2;6;1;0;1;0;0;0;0;0;559530.9231;5935143.5898;9.898780355;53.561789476
8581;2;7;2;703;2018;6;7;3;3;2;2;0;0;1;0;0;1;0;0;566176.3624;5923557.9397;9.99664939;53.45686998
8582;2;1;7;119;2018;8;13;4;3;1;6;0;0;1;0;0;0;1;0;567946.4443;5934304.9619;10.02563212;53.553230583
8583;2;1;7;119;2018;8;8;3;3;2;6;0;0;1;0;0;0;0;0;567958.3562;5934237.8422;10.025797305;53.552625827
8584;2;1;14;132;2018;9;9;3;3;3;6;0;0;1;0;0;1;0;0;568465.1119;5933027.3921;10.033180175;53.541681504
8585;2;2;9;221;2018;6;14;3;3;2;6;0;1;0;0;0;0;0;0;555845.7202;5936338.6229;9.843362743;53.572935029
8586;2;2;5;215;2018;7;19;2;3;5;3;0;0;1;0;0;0;1;0;561141.0984;5935390.6359;9.92313523;53.563824668
8588;2;1;7;120;2018;11;8;4;3;4;2;0;1;1;0;0;0;0;0;568756.7254;5935115.926;10.038039285;53.560413312
8589;2;2;5;215;2018;12;9;2;3;5;3;0;1;1;0;0;0;0;1;561139.5628;5935390.7562;9.923112072;53.563825928
8590;2;3;7;319;2018;10;11;7;3;5;3;0;1;1;0;0;0;0;0;560190.6677;5942648.8952;9.91018831;53.629167364
8591;2;4;7;417;2018;7;9;3;3;0;5;0;0;1;0;0;0;1;0;568472.1642;5935467.1541;10.033820923;53.563607039
8592;2;3;8;320;2018;8;11;5;3;4;2;0;0;1;0;0;0;0;0;560032.3174;5941400.1484;9.907553298;53.617962613
8593;2;7;10;711;2018;9;9;2;3;2;6;0;0;1;0;0;0;0;0;562788.8388;5925085.9342;9.945944662;53.47101746
8594;2;2;7;219;2018;6;16;3;3;2;6;0;0;1;0;0;0;1;0;560756.8052;5932988.2909;9.916866943;53.542278371
8595;2;3;9;321;2018;9;17;2;3;2;2;0;0;1;0;0;0;0;0;561774.4784;5937762.4552;9.933166162;53.585066903
8598;2;1;3;106;2018;11;19;7;3;4;3;2;0;1;0;0;0;0;1;564494.6358;5933867.0373;9.973446208;53.549730229
8599;2;3;7;319;2018;6;18;3;3;2;6;0;0;1;0;0;0;0;0;561157.177;5943514.2337;9.924971642;53.63683241
8600;2;4;2;403;2018;12;10;2;3;9;1;0;0;1;0;0;0;0;1;565314.3839;5938622.6956;9.986811654;53.592369098
8601;2;7;10;711;2018;10;19;6;3;5;3;2;1;1;0;0;0;0;0;561285.6225;5925025.5669;9.923289462;53.470652011
8602;2;3;4;316;2018;7;22;2;2;4;2;2;0;1;0;1;0;0;0;564184.4997;5937675.3515;9.969548442;53.583994632
8604;2;3;9;321;2018;11;13;6;3;2;6;0;0;1;0;0;0;0;0;561436.4044;5938585.2461;9.928221989;53.592501336
8605;2;7;14;715;2018;8;14;2;3;2;6;0;0;1;0;0;0;1;1;557438.4821;5925076.5603;9.86534776;53.471544035
8606;2;1;1;101;2018;12;14;1;3;5;7;0;0;1;0;0;0;0;0;566064.1189;5933644.4702;9.9970842;53.547534835
8608;2;2;13;226;2018;10;17;3;3;3;6;2;0;1;0;0;0;0;0;552589.55;5937151.071;9.794331404;53.580573584
8609;2;4;2;405;2018;6;16;3;3;0;1;0;1;0;0;0;0;0;0;565696.7245;5938659.441;9.992595091;53.592651561
8610;2;1;4;111;2018;10;23;4;3;5;7;2;0;1;0;0;0;0;1;564027.0246;5934182.0853;9.966453966;53.552618894
8611;2;1;1;102;2018;6;0;3;3;3;6;2;0;1;0;0;1;0;0;566041.4101;5933641.7418;9.996740944;53.547513171
8612;2;3;9;321;2018;7;15;6;3;0;6;0;0;1;0;1;0;0;0;561010.4202;5939580.0396;9.921981507;53.601491653
8613;2;4;5;409;2018;6;18;3;3;6;4;0;0;0;1;0;0;1;0;566089.0377;5938865.6334;9.99856516;53.594455336
8614;2;7;14;715;2018;6;20;6;3;5;3;0;0;1;0;0;0;0;1;555674.1817;5925126.584;9.838779479;53.472183141
8616;2;2;5;215;2018;11;16;4;3;2;6;1;0;1;0;0;0;0;0;561783.6519;5935373.1116;9.932831915;53.563591916
8617;2;1;4;110;2018;12;8;2;3;3;2;2;1;1;0;0;0;0;0;563703.6716;5934912.0931;9.961722659;53.559219043
8619;2;2;5;216;2018;7;17;2;3;2;6;0;0;1;0;0;0;0;0;559826.66;5936260.5758;9.903458626;53.571794706
8620;2;2;12;225;2018;8;20;2;2;8;1;2;0;1;0;0;0;0;1;554421.0137;5936726.9236;9.821917465;53.576574662
8621;2;6;2;602;2018;9;15;1;3;1;7;0;0;1;1;0;0;0;0;580238.4597;5927218.3842;10.209319373;53.48781138
8622;2;7;9;710;2018;6;18;2;2;3;6;0;0;1;0;0;1;1;0;561437.2207;5921267.7594;9.924838921;53.436860791
8623;2;7;13;714;2018;9;15;7;2;8;7;0;0;1;0;0;1;0;0;558381.7238;5925141.0152;9.87956846;53.472019595
8624;2;3;1;304;2018;6;11;7;3;2;6;0;0;1;0;0;0;1;0;562358.4357;5936371.1435;9.941708179;53.572493598
8626;2;3;7;319;2018;11;7;3;3;2;6;1;0;1;0;0;0;0;1;561852.2341;5944673.9013;9.935713165;53.647172965
8627;2;1;19;140;2018;12;16;5;3;2;6;2;0;1;0;0;0;0;1;561257.8708;5930509.0423;9.923942176;53.519938033
8628;2;7;14;715;2018;10;22;4;3;2;6;2;0;1;0;0;0;0;0;557333.1101;5925066.1836;9.863758568;53.471462257
8629;2;2;5;216;2018;7;11;1;3;3;6;0;0;1;0;0;0;0;0;559563.161;5935488.8278;9.899332824;53.564888633
8630;2;1;6;115;2018;8;18;2;3;2;6;0;0;1;0;0;0;0;0;568191.1271;5933015.859;10.029043798;53.541613499
8631;2;3;9;321;2018;9;17;6;2;2;6;0;0;1;0;0;0;0;0;562099.8501;5936826.896;9.937894362;53.576620279
8633;2;3;1;304;2018;7;5;3;3;0;6;1;0;1;0;1;0;0;0;562772.763;5936477.2458;9.947985549;53.573397762
8634;2;1;1;102;2018;8;8;3;3;5;3;0;1;1;0;0;0;0;0;565923.042;5933624.865;9.994951193;53.547376369
8635;2;1;11;129;2018;9;17;2;3;2;6;0;0;1;0;0;0;0;0;570991.4957;5935163.7899;10.07178272;53.560545951
8636;2;6;2;603;2018;6;17;2;3;2;6;0;0;1;0;0;0;1;0;583822.2526;5925529.6713;10.262867865;53.472077106
8637;2;1;6;117;2018;9;1;1;3;1;6;2;0;1;0;0;0;0;1;568304.9175;5933410.9672;10.030846932;53.545149609
8638;2;7;14;715;2018;6;14;7;3;0;2;0;0;1;0;1;0;0;0;556418.1374;5925191.2774;9.849998085;53.472685397
8640;2;1;16;136;2018;11;7;3;3;2;6;0;0;1;0;0;0;0;1;570228.4738;5929444.7068;10.058981974;53.509250743
8641;2;2;9;221;2018;12;18;6;2;5;3;2;0;1;0;0;0;0;1;555452.5204;5936426.3891;9.837441062;53.573765546
8642;2;2;5;216;2018;10;5;6;3;2;6;2;0;1;0;0;0;0;0;559536.818;5935538.069;9.898944514;53.565334176
8643;2;3;7;319;2018;7;16;2;3;5;2;0;0;1;0;1;0;0;0;559960.7559;5944854.3749;9.907137317;53.64901513
8644;2;1;3;107;2018;8;22;4;3;6;7;2;1;0;1;0;0;0;0;565238.7775;5933698.7666;9.984640952;53.548126002
8645;2;3;9;321;2018;9;0;1;3;2;6;2;0;1;0;0;0;0;0;561442.7054;5938577.9305;9.928315734;53.59243485
8646;2;1;12;130;2018;6;10;2;3;2;6;0;0;0;0;0;1;0;0;575214.8809;5931663.5317;10.134689563;53.528501455
8647;2;3;9;321;2018;9;13;7;3;4;2;0;0;1;0;0;0;0;0;561160.7353;5938868.8226;9.924113207;53.595082174
8650;2;4;8;418;2018;11;13;6;3;0;1;0;0;0;0;1;0;0;1;567479.6514;5936953.7441;10.019159386;53.577095795
8651;2;2;9;221;2018;6;18;2;3;3;2;0;1;1;0;0;0;0;0;557288.9385;5936213.9432;9.865132157;53.571658847
8652;2;3;5;317;2018;12;0;1;3;6;4;2;1;0;1;0;0;0;1;564070.1996;5938197.8893;9.967929439;53.588704791
8653;2;3;4;316;2018;10;16;6;3;7;1;0;1;0;0;0;0;0;0;564130.3028;5937851.7305;9.968766141;53.585586426
8654;2;4;7;417;2018;7;18;1;3;3;6;0;0;1;0;0;0;0;0;568394.6769;5935325.5404;10.032620197;53.562344445
8655;2;1;14;132;2018;11;8;5;3;2;6;0;0;1;0;0;0;0;1;568456.2619;5933098.2052;10.033062143;53.542319066
8656;2;3;7;319;2018;8;13;7;3;2;6;0;0;1;0;0;0;0;1;560975.9819;5942657.5159;9.922063645;53.629153966
8657;2;2;3;209;2018;12;14;6;3;2;6;0;0;1;0;0;0;0;0;561973.8154;5935393.6557;9.935706727;53.563754131
8659;2;7;1;702;2018;10;18;1;3;3;2;2;0;1;0;0;0;0;1;565676.542;5923603.8485;9.989132668;53.457345128
8660;2;2;6;218;2018;6;20;2;3;2;6;1;0;1;0;0;0;0;0;559524.2426;5935523.2699;9.898751845;53.565202597
8661;2;1;11;128;2018;9;2;1;1;6;4;2;0;1;1;0;0;0;0;572048.1719;5933281.8821;10.087298914;53.543489309
8662;2;2;3;209;2018;6;8;2;3;3;6;0;1;1;0;0;1;0;0;562699.1124;5935291.0538;9.946635344;53.562745858
8663;2;4;8;418;2018;7;18;5;3;3;7;0;0;1;0;1;0;0;0;567960.3221;5936274.3799;10.026269914;53.570928213
8664;2;4;6;415;2018;6;14;3;3;4;6;0;1;0;0;0;0;0;0;567902.0404;5936355.7545;10.02540765;53.571667083
8666;2;7;2;703;2018;11;5;2;3;2;2;2;0;1;0;0;0;0;0;566316.5848;5923478.3859;9.998744081;53.456137369
8667;2;4;4;407;2018;12;8;6;3;5;3;0;0;1;0;0;0;0;0;566307.1367;5941139.5354;10.002343731;53.614863664
8669;2;7;9;710;2018;7;15;6;3;2;6;0;0;1;0;0;0;0;0;563775.4558;5922496.3317;9.960280945;53.447624915
8670;2;1;16;136;2018;8;15;1;3;2;6;0;0;1;0;0;0;0;0;568728.7074;5927979.567;10.03604983;53.496281411
8671;2;6;1;601;2018;9;17;6;3;2;6;0;0;1;0;0;0;0;1;578502.393;5929227.7382;10.183663177;53.506130798
8672;2;1;2;104;2018;6;14;1;2;1;6;0;0;0;0;1;0;0;0;568130.491;5932185.5983;10.027948154;53.534159677
8673;2;3;4;316;2018;9;22;6;2;6;7;2;1;0;1;0;0;0;0;563840.4009;5937254.2386;9.964265274;53.580251979
8674;2;6;2;603;2018;6;11;6;3;3;2;0;1;1;0;0;0;0;0;581036.2182;5927213.7366;10.22133866;53.487647373
8676;2;7;14;715;2018;6;19;4;2;5;7;0;0;1;0;1;0;0;0;557122.6272;5925056.9476;9.860586227;53.471402123
8678;2;6;2;603;2018;11;6;2;3;2;6;2;0;1;0;0;0;0;1;580508.4494;5925968.9085;10.213067147;53.476541504
8679;2;3;8;320;2018;12;10;4;3;3;6;0;0;1;0;0;1;0;0;560699.8714;5940456.7985;9.917459965;53.609407461
8680;2;3;8;320;2018;10;16;4;3;9;1;0;0;1;0;0;0;0;0;560891.6608;5939898.617;9.920249322;53.604368633
8681;2;2;5;216;2018;7;17;6;3;0;1;0;0;0;0;1;0;0;0;559434.6254;5935554.3129;9.89740481;53.565491752
8682;2;7;14;715;2018;8;12;7;3;2;2;0;0;1;0;0;0;0;0;556121.1626;5925194.8561;9.845525026;53.4727493
8683;2;1;1;102;2018;9;8;4;3;4;2;0;1;0;0;0;0;1;1;565921.0488;5933624.6485;9.994921069;53.547374673
8684;2;4;1;402;2018;8;21;5;3;4;6;2;1;0;0;1;0;0;0;564232.55;5937693.6269;9.97027792;53.584152995
8687;2;3;5;317;2018;11;21;5;3;5;3;2;0;1;0;0;0;0;0;563675.6513;5939743.5398;9.962285418;53.602644017
8688;2;3;9;321;2018;6;20;1;3;3;2;0;0;1;0;1;0;0;0;561637.7638;5938201.4387;9.931187977;53.58902829
8689;2;4;2;403;2018;10;22;4;3;5;3;2;1;0;0;1;0;0;0;565107.4996;5938522.5955;9.983665525;53.591495212
8690;2;7;14;715;2018;6;14;7;3;2;6;0;0;1;0;0;0;1;0;556450.8594;5925188.6221;9.85049054;53.472658025
8691;2;2;6;218;2018;7;16;5;3;0;2;0;1;1;0;0;0;0;0;558082.0931;5936040.8394;9.877076023;53.570015865
8692;2;2;14;227;2018;6;11;3;3;2;6;0;0;1;0;0;0;0;0;549864.1888;5937439.5647;9.753216683;53.5834327
8694;2;1;19;140;2018;11;6;2;3;0;1;2;0;0;0;1;0;0;1;561752.7214;5932222.3698;9.931742759;53.535278558
8695;2;2;9;221;2018;8;18;3;3;5;3;0;0;1;0;0;0;0;0;556525.1772;5936258.4197;9.853607906;53.572141428
8696;2;2;5;216;2018;12;11;7;3;2;6;0;0;1;0;0;0;0;1;559683.0116;5935481.6635;9.901140811;53.564810627
8698;2;2;3;208;2018;10;19;6;3;6;6;2;1;0;1;0;0;0;1;563192.4349;5935159.0918;9.954055741;53.561500703
8699;2;4;5;409;2018;6;16;7;3;4;6;0;1;1;0;0;0;0;0;566042.0784;5938857.2569;9.997853978;53.594385973
8700;2;3;8;320;2018;8;11;6;3;2;6;0;0;1;0;1;0;0;0;560681.5006;5940580.0731;9.917206345;53.610517501
8701;2;1;3;106;2018;8;19;6;3;2;6;1;0;1;0;0;0;0;0;564723.7116;5933830.7985;9.976895698;53.549376352
8702;2;3;9;321;2018;6;1;7;2;4;2;2;0;1;0;0;0;0;0;561159.3864;5938870.4167;9.924093142;53.595096658
8703;2;1;16;136;2018;8;7;5;2;0;1;0;0;0;0;1;0;0;1;567928.9461;5930286.2125;10.024495769;53.517115627
8706;2;3;4;316;2018;11;11;6;3;0;3;0;1;0;0;0;0;1;0;564176.8038;5937707.6656;9.969438854;53.584285989
8707;2;1;16;136;2018;6;13;6;2;2;6;0;0;1;0;1;0;1;0;568922.0266;5928474.9692;10.03907235;53.500708395
8708;2;3;1;306;2018;10;16;5;3;1;5;0;1;1;0;0;0;1;0;563510.4103;5936574.1841;9.959143409;53.574180192
8709;2;2;3;209;2018;6;10;6;3;2;6;0;0;1;0;0;0;0;0;562394.9036;5935367.2291;9.942058275;53.563466729
8710;2;7;2;703;2018;7;13;6;3;2;6;0;0;1;0;0;0;0;0;567970.405;5924943.0119;10.023963417;53.469089621
8711;2;1;1;102;2018;11;11;5;3;5;3;0;0;1;0;0;0;1;1;566039.4466;5933641.499;9.996711263;53.547511236
8712;2;3;7;319;2018;8;11;5;3;2;6;0;0;1;0;0;0;1;0;561354.5137;5944036.135;9.928058787;53.641499788
8713;2;2;3;208;2018;12;21;4;3;6;4;2;0;0;1;0;0;1;0;562823.2387;5935248.584;9.94850059;53.562349323
8715;2;7;9;710;2018;10;6;7;3;2;6;2;0;1;0;0;1;0;1;561225.8487;5921519.4835;9.921706466;53.439147777