OBJECTID_1;ULAND;UREGBEZ;UKREIS;UGEMEINDE;UJAHR;UMONAT;USTUNDE;UWOCHENTAG;UKATEGORIE;UART;UTYP1;ULICHTVERH;IstRad;IstPKW;IstFuss;IstKrad;IstGkfz;IstSonstig;STRZUSTAND;LINREFX;LINREFY;XGCSWGS84;YGCSWGS84
8716;2;7;10;711;2018;6;6;5;3;5;3;0;0;1;0;0;0;0;0;559338.5218;5925123.7718;9.893978237;53.47175766
8717;2;4;8;418;2018;9;17;6;3;2;6;0;0;1;0;1;0;0;1;567639.1398;5936718.6354;10.021516816;53.574962301
8718;2;1;6;115;2018;6;5;5;3;2;6;0;0;1;0;0;0;0;0;567106.8315;5933694.0841;10.012829487;53.547848504
8719;2;1;6;117;2018;7;13;4;3;6;4;0;1;0;1;0;0;0;0;567953.4882;5933132.8618;10.025483736;53.542695823
8720;2;1;3;107;2018;6;17;3;3;2;6;0;0;1;0;0;0;0;0;565198.9078;5933713.2531;9.984042321;53.548261148
8722;2;1;1;101;2018;11;11;7;3;2;6;0;0;1;0;0;0;0;0;566355.476;5933647.3495;10.001481432;53.547523975
8723;2;1;6;115;2018;12;18;5;3;5;3;2;1;1;0;0;0;0;0;567313.3407;5933452.8692;10.015893833;53.545654228
8724;2;7;7;708;2018;7;11;5;3;2;6;0;0;1;0;0;0;0;0;563849.53;5920066.2;9.960903259;53.425775133
8725;2;4;2;405;2018;8;12;7;3;9;1;0;0;1;0;0;0;0;1;565110.7393;5939463.2714;9.983910879;53.599948853
8726;2;7;14;715;2018;9;18;5;3;2;6;0;0;1;0;0;0;0;0;555901.484;5925167.973;9.842210943;53.472531051
8727;2;2;12;225;2018;6;19;5;3;5;3;0;1;1;0;0;0;0;0;554230.5337;5936774.0183;9.819049161;53.577017659
8728;2;3;5;317;2018;9;15;4;3;5;3;0;1;0;0;0;0;0;0;563973.2095;5938801.5498;9.966588219;53.594141884
8731;2;3;9;321;2018;11;11;2;3;3;6;0;0;1;0;1;0;0;1;561425.7256;5938620.5399;9.928067621;53.592819785
8732;2;1;15;134;2018;12;17;3;3;6;4;2;0;1;1;0;0;0;0;567920.3876;5931787.0491;10.024692207;53.530605047
8733;2;7;10;711;2018;10;13;2;3;5;2;0;1;1;0;0;0;0;0;562153.242;5925073.7046;9.936368075;53.470982954
8734;2;1;12;130;2018;7;7;5;3;2;6;0;0;1;0;0;0;0;0;575262.5792;5931774.364;10.135435626;53.52949066
8735;2;2;1;206;2018;8;12;5;3;2;6;0;0;1;0;0;0;1;1;563552.836;5935023.5799;9.959468546;53.560239296
8738;2;1;4;111;2018;11;14;4;3;5;3;0;1;1;0;0;0;0;0;564249.8622;5933992.9422;9.969778184;53.550891784
8739;2;2;6;218;2018;6;19;5;3;5;2;0;1;1;0;0;0;0;0;559414.6585;5935559.8488;9.897104423;53.565543767
8740;2;4;8;418;2018;10;17;2;3;4;6;1;1;0;0;0;0;0;0;567696.9649;5936637.1114;10.022372288;53.574222176
8741;2;3;4;316;2018;6;5;5;3;5;3;0;1;0;0;0;0;0;0;564161.9209;5937686.1595;9.96920965;53.58409453
8742;2;3;1;306;2018;7;18;4;3;2;6;0;0;1;0;0;0;1;1;563516.6661;5936590.8935;9.95924127;53.574329607
8743;2;1;1;102;2018;6;8;3;3;4;6;0;1;0;0;0;0;0;0;565686.8786;5933601.5809;9.991382566;53.547196704
8745;2;1;3;106;2018;11;19;7;3;3;6;2;0;1;0;0;0;1;0;564275.3909;5933971.682;9.97015908;53.550697588
8746;2;7;2;703;2018;8;12;7;3;2;6;0;0;1;0;0;0;0;0;568315.3816;5922987.9538;10.028734672;53.451474323
8747;2;2;9;221;2018;12;16;6;3;6;2;2;0;1;1;0;0;0;1;557293.2989;5936213.2632;9.865197871;53.571652259
8749;2;1;12;130;2018;10;9;4;3;2;6;0;0;1;0;0;0;0;1;575080.7348;5931574.6323;10.132644956;53.527721712
8750;2;2;3;208;2018;6;16;5;3;5;2;0;0;1;0;1;0;0;0;562844.2307;5935241.6439;9.948816082;53.562284437
8751;2;1;6;117;2018;8;7;5;3;5;3;0;1;1;0;0;0;0;0;568011.7389;5934098.1756;10.026572566;53.551363709
8752;2;2;5;215;2018;8;13;4;3;8;7;0;0;1;0;0;0;0;0;561402.8469;5935370.3053;9.927082661;53.563611388
8753;2;1;1;102;2018;9;14;4;3;3;6;0;0;1;0;1;0;0;0;565880.6823;5933620.264;9.994311011;53.547340335
8754;2;7;14;715;2018;6;16;4;3;5;2;0;1;0;0;0;0;1;0;555763.4097;5925140.2614;9.840126045;53.472296627
8755;2;7;13;714;2018;7;11;2;3;1;6;0;0;1;0;0;0;1;0;558312.1543;5925137.3046;9.878519785;53.471993954
8756;2;7;14;715;2018;6;17;2;3;5;3;0;1;1;0;0;0;0;0;556123.4711;5925194.9884;9.845559825;53.472750243
8758;2;1;16;136;2018;11;17;4;3;3;6;2;0;1;0;0;1;0;0;570260.5324;5929443.9743;10.059465134;53.509239877
8759;2;3;6;318;2018;12;11;3;2;0;1;0;0;0;0;1;0;0;1;563341.6788;5944741.7639;9.95825619;53.647604659
8760;2;1;3;106;2018;10;15;2;3;2;6;0;0;1;0;0;0;1;0;564510.1266;5933862.4613;9.973679036;53.5496872
8761;2;2;3;208;2018;7;10;4;3;3;2;0;1;1;0;0;0;0;0;562845.2916;5935241.3158;9.948832031;53.562281361
8762;2;7;10;711;2018;8;14;5;3;2;6;0;0;1;0;0;0;0;0;563074.9406;5925061.6953;9.95024941;53.47076542
8763;2;3;7;319;2018;9;15;3;3;2;6;0;0;1;0;0;1;0;0;562054.2003;5944784.1993;9.938790118;53.648140324
8764;2;6;11;612;2018;6;5;3;3;3;6;0;0;1;0;0;1;0;0;572817.7923;5929561.0948;10.098045864;53.509944529
8765;2;1;16;136;2018;9;13;2;3;9;7;0;0;1;0;0;0;0;0;567867.337;5926271.933;10.022698128;53.481046296
8767;2;4;2;403;2018;9;14;5;3;5;3;0;0;1;0;0;0;0;0;565091.4689;5938380.2893;9.98339367;53.590218267
8768;2;6;9;610;2018;6;14;3;3;0;7;0;0;1;0;0;0;0;0;576153.2974;5926442.2331;10.14757521;53.481443225
8769;2;1;16;136;2018;7;9;3;3;1;6;0;0;1;0;0;0;0;0;568727.8979;5927977.9016;10.036037264;53.496266549
8771;2;2;7;219;2018;11;16;6;3;2;6;1;0;1;0;0;0;0;0;560677.9731;5932956.412;9.91567129;53.542000975
8772;2;1;6;117;2018;12;15;4;3;3;6;0;0;1;0;1;0;0;1;568236.5804;5933551.9086;10.029846531;53.546425155
8773;2;4;6;415;2018;10;14;2;3;2;6;0;0;1;0;1;0;0;0;567799.2242;5936494.716;10.023885437;53.572929244
8774;2;1;4;111;2018;7;19;5;3;6;3;0;1;0;1;0;0;0;0;563833.0848;5934793.078;9.963651774;53.558133695
8775;2;4;7;417;2018;8;16;6;3;6;4;0;0;1;1;0;0;0;0;568464.6101;5935601.3049;10.033736287;53.564813653
8776;2;2;5;215;2018;9;11;4;3;3;6;0;0;1;0;0;1;0;0;560623.824;5937594.5752;9.915754207;53.583692389
8777;2;3;6;318;2018;6;19;3;3;5;3;0;1;1;0;0;0;0;0;563038.3957;5940896.7068;9.952889784;53.613084878
8778;2;6;10;611;2018;9;8;3;3;2;6;0;0;1;0;0;0;0;0;573021.3593;5929683.6503;10.101143455;53.511017704
8781;2;3;8;320;2018;11;18;1;3;4;2;2;0;1;0;0;0;0;1;560071.23;5941676.283;9.908194758;53.620439873
8782;2;1;4;111;2018;12;12;3;3;2;6;0;0;1;0;0;0;1;0;563835.2256;5934790.2261;9.963683505;53.558107804
8783;2;3;8;320;2018;10;20;2;2;4;2;2;1;1;0;0;0;0;0;560032.7036;5941402.8769;9.907559662;53.617987091
8784;2;1;1;102;2018;7;17;4;2;3;7;0;1;1;0;0;0;0;0;565420.5973;5933642.477;9.987372913;53.547597491
8785;2;2;3;209;2018;8;11;4;3;3;2;0;1;1;0;0;0;0;0;562617.598;5935316.5051;9.945409919;53.56298433
8788;2;1;3;106;2018;11;14;2;3;4;2;0;0;1;0;0;0;1;0;564783.907;5933830.0255;9.977803941;53.549361981
8789;2;4;4;407;2018;6;20;3;2;5;3;0;1;1;0;0;0;0;0;565503.0291;5940131.7737;9.989978423;53.605907917
8790;2;1;16;136;2018;10;13;6;3;2;6;0;0;1;0;0;0;0;0;568628.0421;5927769.5977;10.034486691;53.494407514
8791;2;1;2;104;2018;6;10;2;3;3;6;0;0;1;0;0;1;0;0;568028.4936;5931939.129;10.026355929;53.531957831
8792;2;6;2;602;2018;7;17;2;3;2;6;0;0;1;0;0;0;1;0;580292.3061;5927191.1442;10.210123756;53.48755837
8793;2;7;13;714;2018;6;19;2;3;5;2;0;0;1;0;0;1;0;1;559825.3944;5925044.9079;9.901297319;53.470993769
8795;2;3;7;319;2018;11;8;6;3;5;3;0;0;1;0;0;1;0;0;560195.4252;5943748.746;9.910473049;53.639051543
8796;2;7;9;710;2018;8;13;6;3;2;6;0;0;1;0;0;0;0;0;563533.9309;5922323.4898;9.956609907;53.446100672
8797;2;4;7;417;2018;12;18;4;2;5;3;2;0;1;0;0;0;0;1;568339.8139;5935770.1264;10.031889276;53.566347138
8799;2;3;7;319;2018;10;21;4;2;3;6;2;0;1;0;0;0;0;1;561126.4485;5943412.6626;9.924486996;53.63592315
8800;2;1;6;115;2018;6;9;2;3;6;4;0;0;1;1;0;0;0;0;567550.5612;5933323.1289;10.019445327;53.544457767
8801;2;1;2;104;2018;7;8;3;3;3;6;0;1;0;0;0;0;0;0;568125.4243;5932175.9364;10.027869619;53.534073501
8802;2;3;8;320;2018;8;19;3;3;5;3;0;0;1;0;0;1;0;0;560436.4158;5941627.4836;9.913705626;53.61995928
8803;2;7;7;708;2018;9;12;2;3;9;1;0;0;1;0;0;0;0;1;563819.243;5920067.098;9.960447707;53.425786869
8804;2;4;4;407;2018;6;8;2;3;2;6;0;0;1;0;0;0;0;0;565373.043;5939896.513;9.987964855;53.603809821
8805;2;1;12;130;2018;9;19;2;3;2;6;0;0;1;0;0;0;0;0;574272.6507;5935947.5208;10.12149555;53.567135166
8806;2;2;5;215;2018;7;13;2;3;2;6;0;0;1;0;0;0;0;0;560581.3079;5937243.3972;9.915043899;53.580541125
8808;2;3;7;319;2018;11;6;4;3;2;6;2;0;1;0;0;1;0;0;561258.3179;5943775.0435;9.926552494;53.639164555
8809;2;2;3;209;2018;12;12;2;3;2;6;0;0;1;0;0;0;0;1;562446.0412;5935354.6204;9.942827732;53.563347328
8810;2;1;14;132;2018;10;22;6;3;2;6;2;0;1;0;0;0;0;0;568406.3288;5932872.5607;10.032259407;53.540297671
8811;2;4;6;415;2018;7;7;2;3;2;6;0;0;1;0;1;0;0;0;567824.3667;5936461.9859;10.024257957;53.572631845
8812;2;7;10;711;2018;8;12;4;3;0;6;0;0;1;0;1;0;0;0;562434.1699;5925089.5436;9.94060291;53.471092072
8813;2;3;9;321;2018;9;16;2;3;0;7;0;0;1;0;1;0;0;0;561609.3278;5938297.6773;9.930777451;53.589896562
8814;2;2;3;209;2018;6;14;2;3;3;6;0;1;0;0;0;0;1;0;562046.8255;5935391.0742;9.93680839;53.563722303
8815;2;7;10;711;2018;9;17;7;3;5;3;0;0;1;0;0;0;0;0;564528.364;5924631.789;9.972054112;53.466725564
8818;2;7;9;710;2018;11;17;6;3;4;6;2;0;1;0;0;0;1;0;563042.6157;5921906.9166;9.949129993;53.44241571
8819;2;4;3;406;2018;6;20;1;2;3;7;0;0;1;0;1;0;0;0;566871.7741;5942036.7;10.011070384;53.622854786
8820;2;1;1;102;2018;12;17;2;3;5;3;2;1;1;0;0;0;0;1;565511.4374;5933616.319;9.988738231;53.547351077
8821;2;1;16;136;2018;10;12;6;3;2;6;0;0;1;0;0;0;1;0;568196.5856;5926914.9564;10.027798414;53.486782752
8822;2;1;16;136;2018;7;10;1;3;2;6;0;0;1;0;0;0;1;0;568847.4345;5928232.2694;10.037894722;53.498536973
8823;2;3;4;316;2018;11;15;6;3;0;3;0;1;1;0;0;0;0;0;564007.5129;5937514.7062;9.96684241;53.582572503
8824;2;6;11;612;2018;8;10;1;3;2;6;0;0;1;0;0;0;0;0;571260.6049;5929316.8271;10.074513524;53.507962617
8825;2;3;8;320;2018;12;16;6;3;2;6;2;0;1;0;0;0;0;1;560695.7765;5940541.6384;9.917414608;53.610170422
8827;2;3;1;307;2018;10;6;3;3;4;2;2;0;1;0;0;0;0;1;563311.9749;5936150.5836;9.956061183;53.57039715
8828;2;3;1;306;2018;6;22;7;3;0;7;2;1;0;0;0;0;0;0;563497.165;5936538.8504;9.958936222;53.573864241
8829;2;1;7;120;2018;10;17;3;3;6;6;0;1;0;1;0;0;0;1;567996.6886;5934457.826;10.026423659;53.55459789
8831;2;3;8;320;2018;11;13;7;2;4;2;0;0;1;0;0;1;0;1;560071.0424;5941674.8775;9.908191651;53.620427263
8832;2;3;7;319;2018;12;14;2;3;5;3;0;0;1;0;0;0;0;1;560230.1635;5943004.8031;9.910854362;53.632361486
8833;2;1;4;111;2018;10;10;2;3;3;2;0;1;0;0;0;0;1;0;563893.6726;5934518.1509;9.96451009;53.555655468
8834;2;1;14;133;2018;7;16;2;3;5;3;0;0;0;0;0;0;1;0;568294.0577;5932567.4665;10.030498933;53.537570351
8835;2;7;2;703;2018;11;12;6;3;2;6;0;0;1;0;0;1;0;0;568346.9592;5922915.5572;10.029194372;53.450819578
8836;2;1;6;117;2018;8;8;3;3;3;6;0;0;1;0;0;0;0;0;567968.0473;5934106.6633;10.025915044;53.551445648
8837;2;6;2;603;2018;12;13;2;3;2;6;0;0;1;0;0;0;0;1;581025.1401;5927211.7525;10.221171226;53.487631248
8839;2;1;3;107;2018;11;18;5;3;2;6;2;0;1;0;0;0;0;0;565165.2222;5933724.9102;9.983536418;53.548370095
8840;2;1;16;136;2018;6;12;6;3;2;6;0;0;1;0;0;0;0;0;568727.121;5927976.303;10.036025205;53.496252284
8841;2;4;13;432;2018;10;14;5;3;8;1;0;0;1;0;0;0;0;1;565360.1437;5944454.2615;9.988726902;53.64477258
8842;2;6;9;610;2018;6;7;6;3;3;6;0;0;1;0;0;1;0;0;576809.6155;5926118.8698;10.157384146;53.478441839
8843;2;3;9;321;2018;7;18;7;3;3;6;0;0;1;0;0;0;1;0;561167.321;5938883.015;9.924215484;53.595208958
8844;2;2;7;219;2018;6;12;2;3;2;6;0;0;1;0;0;0;0;0;560148.2605;5933407.168;9.907765356;53.546113065
8846;2;7;13;714;2018;11;6;4;3;4;7;2;0;1;0;0;0;1;0;558878.4383;5925147.4071;9.887052088;53.472021733
8847;2;1;12;130;2018;12;8;2;3;2;6;0;0;1;0;0;0;0;1;574199.5688;5931958.0008;10.119445618;53.531292173
8849;2;4;7;417;2018;7;9;2;3;5;3;0;1;1;0;0;0;0;0;567965.298;5934938.0814;10.026054325;53.558918079
8850;2;7;9;710;2018;8;6;2;3;3;6;0;0;1;0;0;1;0;0;561036.2393;5922140.3267;9.918972857;53.444749656
8851;2;3;8;320;2018;9;15;2;3;2;6;0;0;1;0;0;0;0;0;560425.8271;5941606.2366;9.91354144;53.619769548
8852;2;4;5;410;2018;6;14;6;3;3;2;0;1;1;0;0;0;0;0;567064.7747;5938380.4004;10.013201101;53.589970562
8853;2;1;19;140;2018;9;11;1;3;2;6;0;0;1;0;0;0;0;0;561862.0561;5931444.4559;9.933238456;53.528274248
8854;2;1;16;137;2018;6;11;7;3;2;6;0;0;1;0;0;0;0;0;566929.382;5930193.6638;10.009403288;53.516412083
8856;2;1;8;125;2018;11;17;3;3;2;6;2;0;1;0;0;0;1;1;569859.058;5934138.5098;10.054459985;53.551483646
8857;2;1;1;102;2018;12;17;6;3;1;6;1;0;1;0;0;1;0;1;565335.8039;5933664.0036;9.986097858;53.547801513
8858;2;7;14;715;2018;10;15;5;3;2;6;0;0;1;0;0;0;0;0;556117.7556;5925194.6609;9.845473667;53.472747908
8859;2;7;2;703;2018;7;20;1;3;2;6;0;0;1;0;1;0;0;0;566172.9869;5923559.3902;9.996598867;53.456883441
8860;2;2;9;221;2018;8;8;3;3;1;6;0;0;1;0;0;0;0;0;555813.8766;5936343.8637;9.842882846;53.57298552
8861;2;7;14;715;2018;9;9;7;3;5;3;0;1;1;0;0;0;0;0;555919.0025;5925171.0997;9.842475402;53.472557293
8862;2;2;9;221;2018;6;10;6;3;5;7;0;0;1;0;0;0;0;0;556683.177;5936249.215;9.855991957;53.572041653
8863;2;3;9;321;2018;8;10;6;3;2;6;0;0;1;0;0;0;0;0;560668.6038;5938272.7051;9.916562399;53.589781828
8866;2;2;5;216;2018;11;19;6;3;3;2;2;1;0;0;0;0;1;1;559528.2015;5935521.8911;9.898811349;53.565189756
8867;2;3;1;306;2018;6;19;6;3;5;3;0;1;1;0;0;0;0;0;562926.8136;5936397.3518;9.950295548;53.572661273
8868;2;1;12;130;2018;10;13;5;3;2;6;0;0;1;0;0;0;1;0;575092.0187;5931548.1475;10.132808793;53.527482084
8869;2;1;16;136;2018;7;19;7;3;8;1;0;0;1;0;0;0;1;0;570511.5328;5929454.1154;10.063251559;53.509297418
8870;2;2;7;219;2018;11;11;5;3;2;6;0;0;0;0;0;1;0;0;560821.8719;5932975.5239;9.917846229;53.542156097
8871;2;1;7;119;2018;8;10;5;3;2;6;0;0;1;0;0;0;0;0;567958.5917;5934243.9325;10.025802183;53.552680531
8872;2;1;16;136;2018;12;11;4;3;2;6;0;0;1;0;0;0;1;1;568610.7478;5927733.4896;10.03421815;53.494085258
8874;2;3;9;321;2018;10;11;1;3;4;6;0;0;1;0;0;0;0;0;561149.0145;5938902.0499;9.923942652;53.595382167
8875;2;1;3;106;2018;6;19;6;3;4;6;0;1;0;0;0;0;0;0;564708.4243;5933831.7466;9.976665195;53.549386757
8876;2;7;10;711;2018;9;13;7;3;2;6;0;0;1;0;0;0;0;0;563792.1232;5924961.887;9.961032131;53.469782001
8877;2;7;2;703;2018;5;15;5;3;2;6;0;0;1;0;0;0;1;0;568065.0573;5924442.7904;10.025280743;53.464581763
8878;2;7;7;708;2018;7;15;4;3;1;7;0;0;0;0;1;1;0;0;564070.6702;5919849.8915;9.9641868;53.42380424
8879;2;3;1;304;2018;6;16;2;3;5;3;0;1;1;0;0;0;0;0;562530.57;5936416.2408;9.944316315;53.572878414
8881;2;2;9;221;2018;11;12;2;3;5;2;0;1;1;0;0;0;0;0;555815.4332;5936343.5576;9.842906296;53.572982603
8882;2;2;12;225;2018;12;12;6;3;5;3;0;1;1;0;0;0;0;0;554391.5703;5936733.8833;9.821474046;53.576640267
8884;2;1;12;130;2018;7;7;6;2;3;6;0;0;0;0;1;1;0;0;576035.5474;5933533.0259;10.147521641;53.545184139
8885;2;1;16;136;2018;8;11;7;3;2;6;0;0;1;0;0;0;0;0;568741.1366;5928005.1399;10.036242764;53.496509616
8886;2;2;5;216;2018;9;10;6;3;2;6;0;0;1;0;0;0;0;0;559538.2392;5935193.4125;9.89890029;53.562236426
8887;2;3;5;317;2018;5;13;5;3;2;6;0;0;1;0;0;0;0;0;563736.1805;5939523.6798;9.963155057;53.600660723
8888;2;2;9;221;2018;9;12;5;2;3;2;0;1;0;0;0;1;0;0;556586.2185;5936248.5766;9.854527817;53.572046382
8891;2;1;8;124;2018;11;13;2;3;4;2;0;0;1;0;0;0;0;1;568948.1201;5934248.5939;10.040736978;53.552593402
8892;2;4;2;403;2018;5;11;5;3;1;5;0;1;1;0;0;0;0;0;564719.8785;5938088.1933;9.977720031;53.587639136
8893;2;1;16;136;2018;7;17;5;3;2;6;0;0;1;0;0;1;0;0;567633.8644;5930334.9052;10.020056672;53.517591287
8894;2;4;2;405;2018;6;9;2;3;5;2;0;1;0;0;0;0;1;0;565112.0003;5939424.0146;9.983921732;53.599595888
8896;2;3;8;320;2018;11;12;3;3;3;6;0;0;1;0;0;1;0;0;560890.6665;5939900.9252;9.920234748;53.604389494
8897;2;2;9;221;2018;12;11;7;3;3;2;0;1;1;0;0;0;0;0;556553.1132;5936253.8525;9.854028899;53.572097369
8899;2;7;8;709;2018;7;13;1;3;8;1;0;0;1;0;0;0;0;0;563436.9424;5920280.8196;9.954738193;53.42775382
8900;2;3;6;318;2018;8;18;2;3;2;6;1;0;1;0;0;0;0;1;563315.2076;5944736.8951;9.957854794;53.647564106
8901;2;7;10;711;2018;9;16;7;3;2;6;0;0;1;0;0;0;0;1;560055.9187;5925037.2507;9.904768336;53.470898707
8902;2;7;1;702;2018;5;15;4;3;3;6;0;0;0;0;1;1;0;0;565657.4526;5923632.5819;9.988851216;53.457605746
8903;2;3;1;306;2018;9;17;7;3;2;6;0;0;1;0;0;0;0;0;562991.7132;5936336.0574;9.951263123;53.572102612
8904;2;1;16;136;2018;6;11;6;3;2;6;0;0;1;0;0;0;1;0;568861.7827;5928268.1338;10.03811886;53.498857416
8907;2;7;14;715;2018;11;17;2;3;0;6;2;0;1;0;1;0;0;1;555487.3297;5925094.7476;9.835959099;53.471916727
8908;2;3;7;319;2018;12;7;5;3;2;6;1;0;1;0;0;0;1;1;561508.8147;5945298.081;9.930642126;53.652823115
8909;2;7;1;701;2018;10;20;4;3;2;6;2;0;1;0;0;0;0;0;564619.7676;5924584.4654;9.973421065;53.466289039
8910;2;1;6;115;2018;7;20;6;3;5;2;1;0;1;0;0;0;1;0;567712.0226;5933207.6056;10.021856604;53.543398746
8911;2;3;4;316;2018;8;16;2;2;2;7;0;0;1;0;1;0;0;0;563916.4032;5937365.7975;9.965435903;53.581245332
8912;2;1;6;117;2018;9;7;4;3;2;6;0;0;1;0;0;0;1;1;567947.5401;5934152.1865;10.025615454;53.551857426
8913;2;3;6;318;2018;5;21;4;3;3;6;1;0;1;0;0;0;0;0;562285.429;5941900.3879;9.941710366;53.622195309
8914;2;2;13;226;2018;8;8;5;3;2;6;0;0;1;0;0;0;0;1;552672.3093;5937141.807;9.795579735;53.580482017
8917;2;1;4;111;2018;11;4;6;3;5;3;2;0;1;0;0;0;0;0;564260.657;5933985.233;9.969939509;53.550821178
8918;2;3;7;319;2018;5;9;4;3;0;7;0;0;0;0;1;0;0;0;560232.7907;5943034.1742;9.910899773;53.632625152
8919;2;1;12;130;2018;10;13;4;3;3;6;0;0;1;0;0;1;0;0;576148.0225;5933975.1763;10.149326387;53.549141355
8920;2;3;4;316;2018;5;8;4;3;3;7;0;0;1;0;0;0;1;0;564126.0075;5937870.8698;9.968705199;53.585758961
8921;2;3;9;321;2018;7;18;6;3;2;6;0;0;1;0;0;0;0;0;561439.9929;5938581.0798;9.928275378;53.592463472
8922;2;4;2;405;2018;6;19;2;3;0;1;0;0;0;0;1;0;0;1;565108.9392;5939512.7368;9.983894012;53.600393632
8923;2;2;7;219;2018;11;11;4;3;9;1;0;0;0;0;0;1;0;0;559680.4792;5933679.2971;9.900758433;53.548612195
8924;2;7;14;715;2018;8;7;4;3;6;2;0;0;1;1;0;0;0;0;557292.1104;5925063.1655;9.863140409;53.471439593
8925;2;4;3;406;2018;12;15;2;3;3;6;0;0;1;0;0;0;0;0;566861.601;5942003.884;10.01090955;53.622561164
8927;2;4;2;405;2018;10;23;7;3;4;6;2;0;1;0;0;0;0;1;565108.6325;5939497.7457;9.983886248;53.600258942
8928;2;4;2;404;2018;5;15;4;3;3;2;0;0;0;0;0;0;1;0;565470.4275;5938698.8081;9.989184852;53.593033671
8929;2;2;7;219;2018;8;10;7;3;1;6;0;0;1;0;0;0;0;0;559469.852;5934261.237;9.897690551;53.553866272
8930;2;7;14;715;2018;9;12;5;3;5;3;0;1;0;0;0;0;1;0;555750.6357;5925137.9538;9.839933206;53.47227724
8931;2;1;4;111;2018;5;12;4;3;3;2;0;1;1;0;0;0;0;0;563986.768;5934236.341;9.965857514;53.553111415
8932;2;2;3;209;2018;7;19;4;3;2;6;0;0;1;0;1;0;0;0;562216.7927;5935383.8788;9.939372813;53.563637512
8933;2;2;1;206;2018;6;12;2;3;3;6;0;0;1;0;0;0;1;0;563465.8316;5935065.3961;9.958163719;53.56062564
8935;2;6;1;601;2018;11;10;6;3;2;6;0;0;1;0;0;0;0;0;578273.0287;5929385.0809;10.180244901;53.507578986
8936;2;2;9;221;2018;12;16;5;3;5;3;2;0;1;0;0;0;1;0;556257.1771;5936313.3377;9.84957112;53.572663814
8937;2;1;3;106;2018;6;8;4;3;5;3;0;1;1;0;0;0;0;0;564599.8703;5933841.7007;9.975029072;53.549489584
8938;2;3;5;317;2018;10;14;4;3;3;2;0;1;1;0;0;0;0;0;564114.34;5937922.6425;9.968539613;53.586225683
8939;2;1;16;136;2018;7;16;5;3;2;6;0;0;1;0;1;0;0;0;570246.512;5929460.1005;10.059257373;53.509386679
8940;2;7;8;709;2018;8;17;6;2;3;6;0;0;1;0;1;0;0;0;561948.5715;5920648.6317;9.932413564;53.431236494
8941;2;3;1;305;2018;9;8;5;3;4;6;0;1;0;0;0;0;0;0;563577.6682;5936729.3755;9.960190593;53.575566796
8942;2;1;1;102;2018;5;19;4;3;3;2;0;1;1;0;0;0;0;0;565345.5718;5933661.1537;9.986244664;53.547774685
8943;2;7;9;710;2018;9;15;3;3;3;6;0;0;1;0;0;1;0;0;561036.1824;5922140.9143;9.918972114;53.444754944
8946;2;3;8;320;2018;11;17;2;3;4;2;0;0;1;0;0;0;0;1;560071.0466;5941674.9092;9.908191721;53.620427547
8947;2;4;4;407;2018;12;21;3;3;9;1;2;0;1;0;0;0;0;1;566150.3385;5940948.6454;9.999933321;53.613167935
8948;2;6;1;601;2018;10;17;2;3;5;3;0;1;1;0;0;0;0;0;579761.3989;5927593.3159;10.202226353;53.491253305
8949;2;4;5;412;2018;7;6;5;3;0;1;0;1;0;0;0;0;0;0;567357.3517;5938006.9952;10.017539909;53.586577218
8950;2;1;12;130;2018;8;18;4;3;2;6;0;0;1;0;0;0;0;0;574945.1384;5931614.269;10.130609315;53.528097279
8953;2;7;10;711;2018;11;10;2;3;2;6;0;0;1;0;0;0;0;0;564177.8637;5924810.7627;9.966811561;53.468376909
8954;2;7;13;714;2018;5;18;3;3;2;6;0;0;1;0;0;0;1;1;559844.8847;5925042.746;9.901590498;53.470972124
8955;2;4;2;405;2018;10;12;7;3;2;6;0;0;1;0;0;0;0;0;565145.7761;5939598.8118;9.984468571;53.601162627
8956;2;1;6;116;2018;5;13;3;3;2;6;0;0;1;0;0;0;0;0;567728.1834;5933197.7361;10.02209831;53.543307963
8957;2;2;7;219;2018;7;6;3;3;5;3;0;0;1;0;0;0;0;1;559425.6043;5934478.6957;9.897064067;53.555825689
8958;2;6;2;603;2018;6;10;1;2;9;1;0;0;0;0;1;0;0;1;580221.8685;5925884.9212;10.208728672;53.475830482
8959;2;2;5;216;2018;12;20;4;3;5;3;2;0;1;0;0;0;0;0;559705.22;5935482.7;9.901476284;53.564817417
8960;2;2;5;215;2018;10;21;4;3;4;6;2;1;0;0;0;0;0;0;561653.4111;5935355.5053;9.930862303;53.563448998
8961;2;1;4;111;2018;7;15;6;3;5;2;0;1;1;0;0;0;0;0;564257.3946;5933987.5629;9.969890754;53.550842517
8962;2;6;2;602;2018;9;7;3;3;1;6;0;0;1;0;0;0;0;1;579946.5936;5927262.0129;10.204932677;53.488247879
8963;2;3;5;317;2018;8;12;5;3;2;6;0;0;1;0;0;0;0;1;564097.0569;5938007.2491;9.968295949;53.586988177
8966;2;6;1;601;2018;11;18;4;3;6;4;2;0;1;1;0;0;0;0;577391.9252;5930128.775;10.167145805;53.514392818
8967;2;3;8;320;2018;5;6;3;3;2;6;0;0;1;0;0;1;0;0;560365.9071;5941334.8745;9.912583068;53.617337632
8968;2;4;8;418;2018;10;9;3;3;0;3;0;1;0;0;1;0;0;0;567869.7129;5936400.8898;10.024929359;53.572076902
8969;2;3;9;321;2018;5;18;3;3;4;2;0;1;1;0;0;0;0;0;561815.5728;5937564.9954;9.933747728;53.58328742