OBJECTID_1;ULAND;UREGBEZ;UKREIS;UGEMEINDE;UJAHR;UMONAT;USTUNDE;UWOCHENTAG;UKATEGORIE;UART;UTYP1;ULICHTVERH;IstRad;IstPKW;IstFuss;IstKrad;IstGkfz;IstSonstig;STRZUSTAND;LINREFX;LINREFY;XGCSWGS84;YGCSWGS84
8970;2;1;6;115;2018;7;21;4;3;2;2;1;0;1;0;0;0;0;1;567726.6997;5933221.7963;10.022081133;53.543524388
8971;2;1;6;117;2018;6;13;1;3;3;6;0;0;1;0;0;0;0;0;568401.6686;5933210.297;10.032262941;53.543333564
8973;2;6;11;612;2018;11;16;7;3;3;6;2;0;1;0;0;0;0;1;571582.4762;5929385.7313;10.079381699;53.508538148
8974;2;3;9;321;2018;8;17;2;3;5;3;0;1;1;0;0;0;0;0;562107.07;5936813.54;9.938000731;53.57649939
8975;2;7;13;714;2018;12;7;6;3;4;2;2;0;1;0;0;0;0;1;559818.8441;5925045.9235;9.901198842;53.471003641
8977;2;4;5;412;2018;10;18;5;2;6;4;1;0;1;1;0;0;0;0;567438.7167;5937794.6501;10.018722947;53.584658389
8978;2;3;8;320;2018;5;17;3;2;3;6;0;0;1;0;0;1;0;0;560837.869;5940024.975;9.919461153;53.605510506
8979;2;3;1;306;2018;8;7;6;3;5;3;0;1;0;0;0;0;0;0;563325.202;5936166.3146;9.956264082;53.570536933
8980;2;2;5;215;2018;8;15;5;3;1;6;0;0;1;0;0;0;0;0;561399.8511;5935370.5506;9.927037484;53.563613944
8981;2;7;10;711;2018;9;13;4;3;2;6;0;0;0;0;0;0;1;0;562605.1008;5925098.2651;9.943179428;53.471150162
8982;2;3;1;304;2018;5;13;3;3;5;3;0;0;1;0;0;0;1;0;562023.4231;5936974.0313;9.936769487;53.577951679
8983;2;3;8;320;2018;7;13;3;3;2;6;0;0;1;0;0;0;1;0;560424.6218;5941603.7382;9.913522736;53.619747233
8984;2;1;6;115;2018;6;0;1;3;9;1;2;0;1;0;0;0;0;1;567099.49;5933677.4488;10.012715133;53.547699937
8986;2;7;13;714;2018;11;16;5;3;2;2;1;0;1;0;0;0;0;0;558982.3902;5925140.4123;9.888616689;53.471947232
8987;2;3;9;321;2018;12;17;3;3;2;2;2;0;1;0;0;0;0;0;561716.3383;5937949.4317;9.932325009;53.586754172
8988;2;2;5;215;2018;10;16;2;3;5;3;0;1;1;0;0;0;0;0;561347.2734;5935375.9184;9.926244815;53.563668335
8989;2;4;7;417;2018;7;18;4;3;3;2;0;1;1;0;0;0;0;1;568524.8076;5935515.942;10.034626313;53.56403863
8990;2;2;6;218;2018;8;15;6;3;2;6;0;0;1;0;0;0;1;1;558879.2851;5935794.8242;9.889066162;53.56771595
8991;2;3;6;318;2018;9;15;4;3;8;1;0;1;1;0;0;0;0;0;562855.9436;5941401.6603;9.950234157;53.61764495
8992;2;7;14;715;2018;5;16;2;3;5;2;0;0;1;0;0;0;1;0;554870.699;5924983.704;9.826650758;53.470983312
8993;2;4;3;406;2018;9;19;3;3;3;2;1;1;1;0;0;0;0;0;565295.49;5939840.266;9.986781225;53.603313988
8996;2;4;5;409;2018;11;11;7;3;2;6;0;0;1;0;1;0;0;1;566408.8826;5938632.0458;10.00334727;53.592315627
8997;2;7;10;711;2018;12;17;2;3;2;6;2;0;1;0;0;1;0;1;562252.0543;5925079.1408;9.937857588;53.471020139
8998;2;4;5;409;2018;6;8;6;3;2;6;0;0;1;0;1;0;0;1;566035.869;5938856.3543;9.997759982;53.594378643
8999;2;2;5;216;2018;10;19;2;3;5;3;2;0;1;0;0;0;0;0;560592.2915;5935491.7255;9.914869874;53.564796857
9000;2;7;14;715;2018;7;12;2;3;0;1;0;0;0;0;1;0;0;0;557956.0323;5925113.6908;9.873150848;53.47182104
9001;2;1;16;136;2018;8;12;3;3;2;6;0;0;1;0;0;0;0;0;570190.5941;5929461.1753;10.058414577;53.509403805
9004;2;4;1;402;2018;11;7;6;3;5;2;0;1;1;0;0;0;0;0;564211.3987;5937684.8287;9.969956655;53.584076513
9005;2;1;12;130;2018;5;11;2;3;3;6;0;0;1;0;0;1;0;0;576779.8609;5935246.3238;10.159173006;53.560472827
9006;2;4;8;418;2018;10;10;6;3;5;3;0;1;1;0;0;0;0;0;567474.708;5937332.8984;10.019166698;53.58050394
9007;2;7;2;703;2018;5;11;1;3;6;4;0;0;1;1;0;0;0;0;566179.5485;5923556.5706;9.996697078;53.456857276
9008;2;3;9;321;2018;7;13;1;2;2;6;0;0;1;0;0;0;0;0;560810.71;5938472.5;9.918747943;53.591560997
9009;2;3;9;321;2018;6;6;1;3;4;2;1;0;1;0;0;0;0;1;561962.4888;5937093.7847;9.935873074;53.579035147
9011;2;4;6;415;2018;11;16;5;3;6;3;2;1;0;1;0;0;0;0;568098.0305;5936092.1245;10.028309343;53.569272407
9012;2;3;1;306;2018;12;15;4;3;2;6;0;0;1;0;0;0;1;1;562901.9469;5936419.5331;9.949924546;53.572863606
9014;2;3;6;318;2018;7;13;3;3;2;6;0;0;1;0;0;0;0;0;562971.1791;5940979.5224;9.951890633;53.613837248
9015;2;3;7;319;2018;8;19;3;3;1;6;0;0;1;0;0;0;0;0;561775.8035;5942479.5975;9.934121277;53.627461198
9016;2;6;11;612;2018;9;2;2;3;2;6;2;0;1;0;0;0;0;1;572286.7164;5929311.4157;10.089981597;53.507773933
9017;2;1;6;117;2018;5;12;1;3;3;6;0;0;1;0;1;0;0;0;567972.487;5934097.131;10.025979973;53.551359405
9018;2;1;3;106;2018;9;15;2;3;3;6;0;0;1;0;0;1;0;0;564567.598;5933847.613;9.974543273;53.549546689
9019;2;3;1;307;2018;7;15;1;3;2;6;0;0;1;0;0;0;0;0;563280.104;5936161.9819;9.95558229;53.570503435
9020;2;2;5;216;2018;6;6;1;3;0;6;0;0;1;0;0;0;1;1;559995.1659;5936573.9373;9.906063139;53.57459178
9022;2;7;10;711;2018;11;14;3;3;2;6;0;0;1;0;0;0;0;1;562476.7729;5925092.1639;9.941245173;53.471110569
9023;2;1;6;115;2018;12;22;6;3;2;6;2;0;1;0;0;0;0;1;567271.9152;5933519.2225;10.015283019;53.546255866
9024;2;2;14;227;2018;10;15;6;3;5;2;0;1;1;0;0;0;0;0;551459.6826;5937130.4916;9.777263834;53.580500701
9026;2;1;6;117;2018;11;11;6;3;5;3;0;1;1;0;0;0;0;0;568163.1428;5933703.482;10.028771422;53.547796906
9027;2;3;7;319;2018;8;11;7;3;5;6;0;0;1;0;1;0;0;0;560029.155;5944521.9831;9.908107786;53.646019975
9028;2;3;1;304;2018;12;18;5;3;4;6;2;1;0;0;0;0;0;1;562415.442;5936396.026;9.942573907;53.572710446
9030;2;3;8;320;2018;10;4;4;3;4;2;2;0;1;0;0;0;0;1;560032.5975;5941402.1272;9.907557913;53.617980365
9031;2;6;11;612;2018;5;19;7;3;2;6;0;0;1;0;0;0;1;0;571392.3713;5929262.6578;10.076487662;53.507457921
9032;2;2;5;216;2018;8;16;5;3;2;6;0;0;1;0;0;0;0;0;559544.5958;5935517.2465;9.899057966;53.565146152
9033;2;1;12;130;2018;8;15;3;3;8;7;0;0;1;0;0;0;0;0;576365.7609;5934684.2386;10.152785245;53.555481914
9034;2;1;6;117;2018;9;14;3;3;3;6;0;0;1;0;0;1;0;0;567945.6347;5934182.2282;10.025593228;53.552127662
9035;2;1;4;111;2018;5;5;7;3;5;3;1;0;1;0;0;0;0;0;563985.6286;5934238.0309;9.965840663;53.553126742
9036;2;2;14;227;2018;7;12;2;3;2;6;0;0;1;0;0;0;0;0;548975.9248;5937608.4384;9.739826879;53.585034212
9037;2;3;1;304;2018;6;3;1;3;1;5;2;0;0;0;0;0;1;1;562877.4403;5936439.5308;9.949558538;53.573046269
9039;2;1;12;130;2018;11;6;4;3;2;6;1;0;1;0;0;0;1;0;574832.8845;5931648.6948;10.128924462;53.528422658
9040;2;4;6;414;2018;12;7;2;3;5;2;1;1;1;0;0;0;0;1;567514.93;5937444.65;10.019798296;53.581503089
9041;2;3;8;320;2018;10;16;7;3;2;6;0;0;1;0;0;0;0;0;560765.652;5940282.264;9.918420041;53.607831233
9042;2;6;1;601;2018;7;14;3;3;5;3;0;1;0;0;0;0;1;0;579763.4061;5927591.7283;10.202256196;53.491238733
9043;2;6;1;601;2018;8;18;5;3;3;6;0;0;1;0;0;0;0;0;577328.9416;5930169.2996;10.166206168;53.514766272
9044;2;7;14;715;2018;9;15;2;3;5;3;0;1;1;0;0;0;0;0;555673.8329;5925126.5339;9.838774215;53.472182727
9045;2;7;10;711;2018;5;13;6;3;5;3;0;0;1;0;0;0;0;0;562091.0257;5925070.1972;9.935430201;53.470958771
9046;2;1;14;133;2018;9;8;2;2;3;2;0;1;1;0;0;0;0;0;568363.4313;5932776.7218;10.031591253;53.539441937
9049;2;4;2;405;2018;11;11;7;3;6;4;0;0;1;1;0;0;0;0;565677.7792;5938659.365;9.992308883;53.592653252
9050;2;4;4;407;2018;12;22;2;3;5;3;2;0;1;0;0;0;0;1;565342.5955;5939834.3836;9.98749176;53.60325525
9051;2;3;9;321;2018;10;16;7;3;2;6;0;0;1;0;0;0;0;0;561709.8041;5937970.1282;9.932230408;53.586940948
9052;2;3;7;319;2018;7;14;2;3;1;2;0;0;1;0;0;1;0;0;561583.0732;5942667.4837;9.931244575;53.629172491
9054;2;3;9;321;2018;11;14;6;3;2;6;0;0;1;0;0;0;1;0;561701.8403;5937996.3204;9.932115298;53.587177284
9055;2;1;3;107;2018;8;15;3;3;4;6;0;1;0;0;0;0;0;0;565133.3093;5933735.0239;9.983056942;53.548464949
9056;2;3;9;321;2018;12;17;1;3;1;5;2;0;1;0;0;0;1;1;562192.5674;5936654.5736;9.939260137;53.575060573
9058;2;7;2;703;2018;10;6;3;3;2;6;1;0;1;0;0;0;0;1;567938.9938;5925306.2244;10.023568837;53.472357967
9059;2;4;5;409;2018;5;17;6;2;4;2;0;1;1;0;1;0;0;0;566825.2123;5938474.7991;10.009602682;53.590849525
9060;2;4;2;405;2018;10;8;5;3;5;3;0;1;1;0;0;0;0;1;565125.9841;5939564.8026;9.984162422;53.600859439
9061;2;4;8;418;2018;5;16;6;3;1;7;0;0;1;0;0;0;0;0;567544.5882;5936854.3813;10.020118472;53.576194451
9062;2;3;5;317;2018;7;9;7;2;5;3;0;1;1;0;0;0;0;0;563653.6638;5939840.5415;9.961972998;53.603518466
9063;2;1;6;117;2018;6;17;7;3;2;6;0;0;1;0;0;0;0;1;567974.4213;5934092.5624;10.026008171;53.551318095
9065;2;2;13;226;2018;11;7;4;3;0;6;1;0;1;0;1;0;0;1;552878.0544;5937096.9502;9.798679445;53.580058155
9066;2;4;2;403;2018;12;16;2;2;4;2;2;0;1;0;0;0;0;1;565121.4723;5938615.9247;9.983896081;53.592332246
9068;2;2;5;216;2018;7;19;2;3;2;6;0;0;1;0;0;0;0;0;559607.721;5935565.3783;9.900020142;53.565571569
9069;2;4;8;418;2018;8;19;2;3;1;6;1;0;1;0;0;0;0;1;567701.5079;5936630.7812;10.022439513;53.574164699
9070;2;3;1;304;2018;9;9;2;3;0;6;0;0;0;0;1;0;1;0;562426.7781;5936395.7926;9.942745028;53.572707
9071;2;2;6;218;2018;5;16;6;3;3;2;0;0;1;0;1;0;0;0;557741.2524;5936158.1498;9.871951461;53.571107816
9072;2;3;1;307;2018;9;17;1;3;0;3;0;1;1;0;0;0;0;0;563281.5906;5936161.4634;9.955604631;53.570498596
9073;2;2;5;217;2018;6;16;7;3;2;6;0;0;1;0;0;0;0;0;558258.0165;5935926.2498;9.879710858;53.568966485
9075;2;3;7;319;2018;11;5;3;3;2;6;1;0;1;0;0;0;0;0;562666.9271;5944946.2014;9.948091059;53.649523238
9076;2;4;7;417;2018;12;16;5;3;5;2;2;1;1;0;0;0;0;0;568418.8129;5935369.8856;10.032994247;53.562739835
9077;2;1;16;136;2018;10;0;5;3;3;6;2;0;1;0;0;1;0;0;570223.5161;5929444.8201;10.058907256;53.509252423
9078;2;1;8;125;2018;7;14;1;3;3;2;0;0;1;0;1;0;0;0;570400.3705;5934034.9049;10.062605748;53.550480239
9079;2;7;13;714;2018;8;13;2;3;6;3;0;1;0;1;0;0;0;0;559045.5543;5925137.0794;9.889567554;53.471910198
9080;2;3;7;319;2018;9;12;6;3;3;6;0;0;1;0;1;0;0;0;561709.6493;5944601.8783;9.933542131;53.646542513
9081;2;4;2;405;2018;5;3;6;2;8;1;2;0;1;0;0;0;0;0;565111.7193;5939436.5514;9.983920105;53.599708593
9082;2;2;7;219;2018;8;19;6;3;2;6;0;0;1;0;0;0;0;0;560756.8332;5932988.2718;9.916867362;53.542278196
9085;2;3;6;318;2018;11;13;6;3;0;7;0;0;0;0;1;0;0;1;563256.7037;5940710.7822;9.956151475;53.611387611
9086;2;4;2;403;2018;5;22;6;3;5;3;2;0;1;0;1;0;0;0;565124.0152;5938633.8286;9.983938233;53.592492836
9087;2;2;6;218;2018;10;9;5;2;2;6;0;0;0;0;1;1;0;0;558194.2298;5935964.9613;9.878755;53.569321484
9088;2;7;2;703;2018;7;13;6;3;2;6;0;0;1;0;0;0;0;0;567970.6075;5924941.5712;10.023966155;53.469076646
9089;2;3;4;316;2018;11;8;5;3;5;2;0;1;1;0;0;0;0;1;563799.2485;5937158.7935;9.963624282;53.579399194
9090;2;3;6;318;2018;7;19;2;3;5;3;0;1;1;0;0;0;0;0;561941.6099;5942375.4933;9.936607374;53.626505996
9091;2;2;5;216;2018;8;9;4;3;3;6;0;0;1;0;1;0;0;0;559515.5843;5935544.25;9.898625128;53.565392137
9092;2;2;5;216;2018;9;9;2;2;3;6;0;0;1;0;1;0;0;0;560159.5993;5936741.1346;9.908578331;53.576075621
9093;2;7;14;715;2018;5;18;5;3;3;6;0;0;1;0;0;0;0;0;557856.704;5925106.433;9.871653247;53.471766733
9094;2;4;5;409;2018;9;18;7;2;5;7;0;0;1;0;1;0;0;0;566200.3047;5938800.0366;10.000232131;53.593851767
9097;2;4;5;409;2018;11;12;6;3;2;6;0;0;1;0;1;0;0;1;566155.1828;5938874.8133;9.999566352;53.594529493
9098;2;7;2;703;2018;5;16;5;3;2;6;0;0;1;0;0;0;0;0;567973.9741;5925064.1732;10.024043387;53.47017807
9099;2;1;19;140;2018;12;20;1;3;3;6;2;0;1;0;0;0;1;1;561780.9514;5931320.7098;9.931990688;53.527171629
9100;2;3;9;321;2018;10;22;6;3;8;1;2;0;1;1;0;0;0;0;562083.6139;5936857.4857;9.937655266;53.576897122
9101;2;4;7;417;2018;7;15;1;3;0;6;0;0;1;0;0;0;1;0;568135.7944;5935068.2553;10.028656191;53.560065865
9102;2;7;14;715;2018;11;13;5;3;0;1;0;0;0;0;1;0;0;1;555717.131;5925132.8608;9.839427584;53.472235012
9103;2;4;5;409;2018;8;15;7;3;5;3;0;0;1;0;0;0;0;1;566178.2116;5938864.5375;9.999912065;53.594434236
9104;2;4;2;404;2018;12;23;6;3;2;1;2;0;1;0;0;0;0;1;565705.945;5938663.016;9.992735132;53.592682535
9106;2;4;5;409;2018;10;10;2;2;6;4;0;0;0;1;0;0;1;0;566419.5437;5938627.9003;10.003507435;53.59227702
9107;2;7;1;702;2018;5;12;5;3;2;6;0;0;1;0;0;0;0;0;565602.8693;5923727.339;9.988049055;53.458464165
9108;2;1;16;136;2018;9;13;1;3;0;1;0;0;0;0;1;0;0;0;567361.6787;5930323.9206;10.015949905;53.517527515
9109;2;4;6;415;2018;5;17;5;3;2;6;0;0;1;0;0;0;0;0;568039.4832;5936167.2862;10.027441784;53.569955489
9110;2;4;5;412;2018;7;12;5;3;5;2;0;1;0;0;0;0;1;0;567359.123;5938002.96;10.017565791;53.586540726
9111;2;4;5;409;2018;6;16;7;3;3;6;0;0;1;0;0;0;0;1;566715.4245;5938516.3897;10.007953174;53.591237288
9113;2;7;13;714;2018;11;17;2;3;2;6;2;0;1;0;0;0;0;0;558959.9527;5925141.8574;9.888278966;53.471962733
9114;2;6;1;601;2018;12;17;6;3;1;6;2;0;1;0;0;0;0;1;577331.0176;5930167.9727;10.166237141;53.514754042
9116;2;7;14;715;2018;7;18;7;3;2;6;0;0;1;0;0;0;0;0;557765.1154;5925100.0132;9.870272393;53.47171909
9117;2;7;2;703;2018;8;13;1;3;2;6;0;0;1;0;0;0;0;0;568196.2001;5923628.9368;10.027079278;53.457250465
9118;2;4;7;416;2018;9;17;7;3;5;3;0;0;1;0;0;0;0;0;567980.5751;5934731.8255;10.026240056;53.55706245
9119;2;2;14;227;2018;5;19;5;3;4;2;0;0;1;0;0;0;0;0;549575.1581;5937550.469;9.7488688;53.584456887
9120;2;6;9;610;2018;9;23;6;2;2;6;2;0;1;0;0;0;1;0;573024.9316;5927731.092;10.100742621;53.493469552
9121;2;6;1;601;2018;6;18;6;3;2;6;0;0;1;0;1;0;0;0;578376.0095;5929317.4083;10.181780422;53.506955492
9123;2;2;5;215;2018;6;16;4;3;2;6;0;0;1;0;0;0;0;0;561054.4611;5935397.7964;9.921828727;53.563899109
9125;2;7;8;709;2018;11;18;2;3;2;2;2;0;1;0;0;0;0;1;562984.5125;5921863.6247;9.948246695;53.442033569
9126;2;1;8;124;2018;12;13;4;3;2;6;0;0;1;0;0;0;0;0;569803.2824;5934148.4792;10.053620485;53.55158066
9127;2;3;8;320;2018;10;9;4;3;3;6;0;0;1;0;0;1;0;0;560677.1499;5940526.086;9.917130079;53.610032804
9128;2;4;6;414;2018;7;9;6;3;5;7;0;0;1;0;0;0;0;0;567471.8008;5937320.7346;10.019120164;53.580394996
9129;2;3;7;319;2018;8;4;1;3;2;6;1;0;1;0;0;0;0;0;561307.5231;5943886.6275;9.927318628;53.64016163
9130;2;4;1;402;2018;9;10;4;2;0;1;0;0;0;0;1;0;0;1;564648.0943;5938049.5553;9.976627757;53.587300743
9131;2;2;6;218;2018;8;13;5;3;2;6;0;0;1;0;1;0;0;1;559505.3185;5934942.0613;9.898355459;53.559981147
9134;2;3;6;318;2018;11;16;5;3;5;3;0;1;1;0;0;0;0;0;562838.5715;5941417.2689;9.949974721;53.617787314
9135;2;1;19;140;2018;5;9;5;3;3;6;0;0;1;0;0;1;0;0;561856.3204;5931928.003;9.933247486;53.53262077
9136;2;3;7;319;2018;10;7;4;3;2;6;0;0;1;0;0;0;0;0;561504.166;5944604.9321;9.93043464;53.646594153
9137;2;2;3;209;2018;5;17;5;3;2;7;0;0;1;0;1;0;0;0;562588.63;5935400.83;9.944989514;53.563745643
9138;2;1;6;117;2018;7;10;5;3;1;3;0;1;1;0;0;0;0;0;567945.0823;5934160.7498;10.025580223;53.551934704
9139;2;3;7;319;2018;6;19;7;3;0;7;0;0;0;0;1;0;1;1;560120.7533;5942058.3304;9.909017155;53.623867786
9141;2;7;10;711;2018;11;11;2;3;2;6;0;0;1;0;0;0;0;0;559814.6278;5925046.657;9.90113547;53.471010712
9142;2;7;9;710;2018;8;7;4;2;5;3;0;1;1;0;0;0;0;0;562801.212;5921726.2044;9.945460055;53.44082037
9143;2;1;8;124;2018;12;20;7;3;2;6;2;0;1;0;0;0;0;1;569512.3323;5934202.1772;10.049241593;53.552101851
9145;2;4;3;406;2018;10;7;6;3;2;6;1;0;1;0;0;0;1;0;566680.5856;5941543.5507;10.008074583;53.618447185
9146;2;1;4;111;2018;5;11;5;3;1;7;0;0;1;0;1;0;0;0;564131.0268;5934075.7624;9.968001769;53.551650644
9147;2;1;7;120;2018;8;7;6;3;5;2;0;1;1;0;0;0;0;0;568822.0646;5934964.4179;10.038992184;53.559043129
9148;2;2;5;216;2018;8;18;6;3;1;6;0;0;1;0;1;0;0;0;560401.4422;5935572.1968;9.912004242;53.565542089
9149;2;3;8;320;2018;9;14;5;3;2;6;0;0;1;0;0;1;0;0;560117.2714;5941385.2473;9.908834557;53.617818947
9150;2;6;1;601;2018;5;16;4;3;4;2;0;0;1;0;0;0;0;0;577463.5415;5930082.0026;10.16821404;53.513961938
9151;2;7;10;711;2018;7;12;3;3;3;6;0;0;1;0;0;1;0;0;562475.9591;5925092.1119;9.941232904;53.471110198
9152;2;1;1;102;2018;6;15;7;3;3;6;0;0;1;0;1;0;0;0;565805.6437;5933611.3132;9.993176786;53.547269301
9154;2;3;9;321;2018;11;6;6;3;4;2;2;0;1;0;1;0;0;0;561157.9483;5938872.1162;9.924071749;53.5951121
9155;2;6;11;612;2018;12;18;4;3;3;6;2;0;1;0;0;1;0;1;571612.5714;5929249.178;10.079804217;53.507306837
9156;2;4;12;431;2018;10;7;2;3;8;1;1;0;1;0;0;0;0;1;566786.4841;5942312.8468;10.009840304;53.625347425
9157;2;5;14;522;2018;7;11;5;3;0;7;0;1;0;0;0;0;0;0;571124.6522;5952279.4115;10.077706321;53.714343934
9158;2;1;12;130;2018;8;17;6;3;3;6;0;0;1;0;0;0;0;0;573076.424;5932722.067;10.102682657;53.538316212
9159;2;1;19;140;2018;8;6;5;2;2;6;0;0;0;0;1;1;0;0;561446.2101;5932543.6297;9.927181776;53.538201803
9160;2;3;6;318;2018;12;1;4;3;8;1;2;0;1;0;0;0;0;1;564474.8125;5944556.7743;9.975357579;53.645803718
9162;2;7;9;710;2018;10;6;7;3;7;7;2;0;1;0;0;0;0;1;561331.9626;5921382.456;9.923277001;53.437903894
9163;2;1;14;132;2018;5;16;4;3;3;6;0;0;1;0;0;1;0;0;568463.456;5932875.2987;10.033121908;53.540314834
9164;2;1;3;106;2018;9;23;7;3;5;3;2;0;1;0;1;0;0;0;564487.9063;5933868.7989;9.973345016;53.549746887
9165;2;4;7;417;2018;5;11;4;3;2;6;0;0;1;0;0;0;0;0;568336.678;5935774.364;10.031842861;53.56638563
9166;2;7;8;709;2018;7;10;4;3;0;7;0;0;1;0;0;0;0;0;562909.353;5921807.2559;9.947104054;53.441535928
9168;2;2;3;208;2018;11;20;7;3;6;4;2;0;1;1;0;0;0;0;562854.7844;5935238.594;9.948974783;53.562255763
9169;2;7;13;714;2018;12;22;5;3;9;1;2;0;1;0;0;0;0;0;559818.9216;5925045.9115;9.901200008;53.471003524
9171;2;2;3;209;2018;7;7;6;3;5;2;0;1;1;0;0;0;0;0;562820.1195;5935249.6751;9.948453723;53.562359503
9172;2;4;5;410;2018;8;20;7;3;3;6;0;0;1;0;0;0;0;0;567128.2738;5938339.6599;10.0141515;53.589596296
9173;2;1;3;107;2018;9;8;6;3;9;7;0;0;1;0;0;0;0;0;565152.565;5933728.818;9.983346229;53.548406786
9174;2;2;5;215;2018;5;19;4;3;0;5;0;1;1;0;0;0;0;0;561462.5596;5935364.2238;9.927982899;53.563549741
9175;2;3;7;319;2018;9;17;4;3;2;6;0;0;1;0;0;1;0;0;561876.2569;5944698.6666;9.936081463;53.647392696
9178;2;4;8;418;2018;11;4;2;3;5;3;2;0;1;0;0;0;0;1;567710.2883;5936618.5607;10.022569442;53.574053739
9179;2;7;10;711;2018;12;7;3;3;3;6;1;0;1;0;0;0;1;0;559791.1756;5925051.5744;9.900783136;53.471057572
9180;2;3;7;319;2018;10;13;3;3;2;6;0;0;1;0;0;0;0;0;561065.7083;5943149.6723;9.923516859;53.633566667
9181;2;6;9;610;2018;7;15;5;3;2;6;0;0;1;0;0;0;0;0;574655.0327;5926813.1712;10.125090477;53.484991466
9182;2;4;2;403;2018;8;19;5;3;2;6;1;0;1;0;1;0;0;0;565119.6015;5938906.0405;9.983928398;53.594939808
9185;2;4;2;403;2018;11;7;4;3;5;3;0;1;1;0;0;0;0;0;565315.6518;5938623.9365;9.986831067;53.592380092
9186;2;3;7;319;2018;5;13;4;3;4;3;0;0;1;0;0;0;0;0;561147.4327;5943126.536;9.92474808;53.633349194
9187;2;7;1;702;2018;10;20;2;3;4;2;2;0;1;0;0;0;0;0;565925.014;5923631.11;9.992879923;53.457559103
9188;2;4;3;406;2018;5;17;4;3;0;7;0;1;0;0;0;0;0;0;565302.5398;5939850.7187;9.986889938;53.60340705
9189;2;3;8;320;2018;7;21;4;3;5;3;2;0;1;0;0;0;0;1;560031.353;5941393.337;9.907537407;53.617901507
9191;2;3;8;320;2018;11;19;7;3;3;6;2;0;1;0;0;1;0;0;560673.281;5940537.6594;9.917073863;53.610137267
9192;2;6;1;601;2018;8;16;1;3;4;6;0;0;1;0;0;0;0;0;576897.5906;5930400.4027;10.159759101;53.516906421
9193;2;1;16;136;2018;12;21;6;3;8;1;2;0;1;0;0;0;0;1;568472.4721;5927490.6391;10.032081197;53.491920721
9195;2;1;3;106;2018;10;10;5;3;3;6;0;1;0;0;0;0;0;1;564731.7444;5933830.3003;9.977016817;53.549370884
9196;2;1;4;110;2018;5;7;4;3;3;2;0;1;1;0;0;0;0;0;563657.8532;5934957.5394;9.961040312;53.559633043
9197;2;1;6;117;2018;8;16;5;3;2;6;0;0;1;0;0;0;1;0;568128.6311;5933775.2484;10.028266271;53.54844636
9198;2;1;1;101;2018;8;7;5;3;2;6;0;0;1;0;0;0;0;0;566268.208;5933659.476;10.000167115;53.547643979
9199;2;2;9;221;2018;9;19;4;3;2;6;2;0;1;0;0;0;0;0;556420.2969;5936279.9257;9.852028147;53.572346004
9200;2;6;1;601;2018;5;14;3;3;3;6;0;0;1;0;0;1;0;0;579820.5887;5927522.6527;10.203100318;53.4906093
9201;2;3;6;318;2018;7;9;3;3;4;3;0;1;1;0;0;0;0;0;562855.1327;5941402.7715;9.950222124;53.617655034
9203;2;7;14;715;2018;11;18;4;3;5;3;2;1;1;0;0;0;0;0;556635.4457;5925180.5856;9.853269736;53.472565973
9204;2;3;7;319;2018;12;12;3;3;5;3;0;0;1;0;0;0;0;0;560138.0723;5944018.3411;9.909657823;53.641481075
9205;2;3;7;319;2018;10;13;2;3;2;6;0;0;1;0;0;0;0;0;561486.9446;5944448.5442;9.930143223;53.645190678
9206;2;3;1;306;2018;7;16;4;3;3;2;0;1;1;0;0;0;0;0;563394.1996;5936309.3614;9.957334883;53.571814206
9207;2;3;5;317;2018;8;12;6;3;2;6;0;0;1;0;0;0;0;0;563815.7018;5939392.2816;9.964329666;53.599470138
9208;2;7;10;711;2018;9;17;3;2;2;6;0;0;1;0;0;1;0;0;561284.0408;5925025.481;9.92326562;53.470651423
9209;2;3;1;304;2018;5;14;3;3;5;1;0;1;1;0;0;0;0;0;562551.0887;5936406.2858;9.944624141;53.572786499
9210;2;1;16;136;2018;9;17;2;3;0;6;0;0;1;0;0;0;1;0;568740.6385;5929279.7649;10.036514665;53.507964986
9213;2;2;5;216;2018;11;18;7;3;3;6;1;0;1;0;0;0;0;1;560400.137;5935572.782;9.911984651;53.565547498
9214;2;1;19;140;2018;12;4;2;3;8;1;2;0;1;0;0;0;0;1;561074.1769;5930255.2439;9.921122466;53.517678401
9215;2;3;4;316;2018;10;16;2;3;6;2;0;0;0;1;0;0;1;0;564180.2751;5937699.8047;9.969489666;53.584214916
9216;2;7;10;711;2018;7;16;2;3;1;6;0;0;1;0;0;0;0;0;563980.722;5924908.8997;9.963862153;53.469282899
9217;2;1;14;132;2018;8;1;3;3;5;3;2;0;1;0;0;0;0;0;568381.6383;5932858.3596;10.031883787;53.540173259
9218;2;7;10;711;2018;12;15;2;2;1;5;0;0;1;0;0;0;0;1;562816.6289;5925083.6415;9.946362812;53.47099354
9219;2;1;15;134;2018;9;16;4;3;2;6;0;0;1;0;0;0;0;0;567882.7577;5930889.0296;10.023929916;53.522539234
9220;2;4;2;404;2018;5;18;3;3;5;7;0;0;1;0;0;0;1;0;565588.787;5938700.376;9.990973168;53.593032967
9221;2;7;1;702;2018;9;12;3;3;2;6;0;0;1;0;0;0;0;0;565658.3546;5923624.9974;9.988863214;53.457537468
9224;2;4;2;405;2018;11;15;2;3;1;6;0;0;1;0;0;0;1;1;565115.2684;5939198.1046;9.983923927;53.597565184
9225;2;3;9;321;2018;12;9;3;3;5;3;0;1;1;0;0;0;0;0;562152.2746;5936728.715;9.938666467;53.575731683