OBJECTID_1;ULAND;UREGBEZ;UKREIS;UGEMEINDE;UJAHR;UMONAT;USTUNDE;UWOCHENTAG;UKATEGORIE;UART;UTYP1;ULICHTVERH;IstRad;IstPKW;IstFuss;IstKrad;IstGkfz;IstSonstig;STRZUSTAND;LINREFX;LINREFY;XGCSWGS84;YGCSWGS84
9226;2;3;9;321;2018;10;13;2;3;5;3;0;1;1;0;0;0;0;0;561744.8063;5937857.6417;9.932736837;53.585925872
9227;2;7;10;711;2018;7;15;4;3;5;3;0;0;1;0;0;0;1;0;561287.4772;5925025.6676;9.923317419;53.4706527
9228;2;3;9;321;2018;8;8;4;3;4;3;0;0;1;0;0;0;0;0;561158.2972;5938871.704;9.924076939;53.595108355
9231;2;3;1;306;2018;11;17;2;3;2;6;0;0;1;0;0;0;1;0;562859.7222;5936453.9265;9.949293903;53.573177771
9232;2;3;1;305;2018;5;17;3;3;6;4;0;1;0;1;0;0;0;0;563530.7571;5936631.7496;9.959462355;53.574695087
9233;2;7;10;711;2018;10;15;6;3;2;6;0;0;1;0;0;0;0;0;563538.212;5925015.9561;9.957218465;53.470298643
9234;2;1;1;102;2018;5;15;3;3;5;2;0;1;1;0;0;0;0;0;565862.3822;5933618.2763;9.994034441;53.547324766
9235;2;1;15;134;2018;7;16;2;3;3;6;0;0;1;0;0;1;0;0;567791.5034;5931375.496;10.022659002;53.526922984
9237;2;2;5;215;2018;11;15;6;3;2;6;0;0;1;0;0;0;0;0;560954.1502;5935405.6634;9.920315936;53.563981474
9238;2;3;4;316;2018;8;13;7;3;6;4;0;0;1;1;1;0;0;0;563962.1975;5937423.5204;9.966139333;53.58175852
9239;2;1;6;117;2018;12;5;4;3;4;2;2;1;1;0;0;0;0;0;568127.666;5933777.2567;10.028252145;53.548464534
9241;2;2;5;215;2018;10;8;4;3;0;7;0;1;0;1;0;0;0;1;561592.8234;5935356.768;9.929947913;53.563467461
9242;2;7;2;703;2018;5;23;2;3;4;2;2;0;1;0;0;0;0;0;566326.9671;5923471.7505;9.998899015;53.456076427
9243;2;1;16;136;2018;7;14;3;3;8;1;0;0;1;0;0;0;0;0;570644.2805;5929451.6943;10.065252352;53.509257842
9244;2;3;8;320;2018;8;4;3;3;3;6;2;0;1;0;0;1;0;0;560643.179;5940671.7353;9.916645035;53.611345739
9245;2;2;13;226;2018;9;15;3;3;4;2;0;0;1;0;0;0;0;0;552723.076;5937130.708;9.796344575;53.580377162
9246;2;3;4;316;2018;5;20;2;3;0;4;0;0;0;1;0;0;1;0;564143.5951;5937794.8641;9.968955216;53.585073728
9247;2;7;1;701;2018;9;15;2;2;2;6;0;0;1;0;0;0;0;0;564522.0098;5924635.0298;9.971959073;53.466755469
9248;2;2;5;215;2018;7;16;2;3;0;7;0;1;0;0;0;1;0;0;561308.8393;5935379.0298;9.925665216;53.56370079
9250;2;3;9;321;2018;11;13;4;3;4;6;0;1;0;0;0;0;0;0;561566.7973;5938451.0547;9.930165278;53.591280014
9251;2;4;3;406;2018;12;12;2;3;4;2;0;1;1;0;0;0;0;1;565260.1186;5939792.7313;9.986236808;53.602891191
9252;2;6;2;602;2018;10;11;6;3;2;6;0;0;1;0;0;0;0;0;580214.5919;5927226.9125;10.208961916;53.48789166
9253;2;1;16;136;2018;7;13;2;3;2;6;0;0;1;0;0;0;0;0;568488.4936;5927478.2325;10.032319937;53.491807135
9254;2;1;1;102;2018;8;9;5;3;4;6;0;1;0;0;0;0;0;0;565542.56;5933609.152;9.989206374;53.547282781
9255;2;7;8;709;2018;9;8;2;3;2;6;0;0;1;0;0;1;0;0;562436.6986;5920652.9728;9.939760347;53.43121794
9256;2;1;7;119;2018;5;17;1;3;4;6;0;1;0;0;0;0;0;0;567948.9735;5934316.674;10.025672836;53.553335514
9257;2;2;9;221;2018;9;22;2;3;8;7;2;0;1;0;0;0;0;0;555596.0844;5936391.5842;9.839602705;53.573437538
9260;2;7;14;715;2018;11;12;6;2;6;4;0;0;1;1;0;0;0;1;555776.9254;5925143.1101;9.840330153;53.472320799
9261;2;4;4;407;2018;5;23;1;2;7;1;2;0;1;0;0;0;0;0;565632.9742;5940313.5992;9.991980317;53.607525752
9262;2;1;1;101;2018;12;15;2;3;5;3;0;1;1;0;0;0;0;1;566058.6725;5933643.827;9.997001877;53.54752974
9263;2;7;3;704;2018;10;15;6;3;2;6;0;0;1;0;0;0;1;0;568377.9141;5922260.0572;10.029517952;53.444924389
9264;2;1;16;137;2018;7;12;1;3;2;6;0;0;1;0;0;0;0;0;566937.0642;5930196.0891;10.009519647;53.516432902
9266;2;2;13;226;2018;11;8;6;3;3;7;0;0;1;0;1;0;0;0;552192.9936;5937148.5236;9.788341874;53.580590303
9267;2;4;5;409;2018;8;11;2;3;6;3;0;1;0;1;0;0;0;0;566354.2136;5938653.0752;10.002525909;53.592511543
9268;2;7;14;715;2018;12;22;7;3;1;5;2;0;1;0;0;0;0;1;555463.7073;5925090.7457;9.835602544;53.471883248
9270;2;2;5;216;2018;10;17;3;3;2;6;2;0;1;0;0;0;0;0;559591.6167;5935376.1013;9.899740911;53.563872277
9271;2;7;10;711;2018;5;14;7;3;0;7;0;1;0;0;0;0;0;0;561114.1534;5925016.3958;9.920704802;53.470589514
9272;2;1;8;124;2018;10;14;3;3;2;6;0;0;1;0;0;1;0;1;569266.459;5934245.5269;10.045540586;53.552523935
9273;2;3;8;320;2018;5;12;7;3;5;3;0;0;1;0;0;0;0;0;560030.289;5941385.821;9.907519875;53.61783408
9274;2;2;1;206;2018;7;13;6;3;5;3;0;0;1;0;0;1;0;0;563250.8268;5935137.8496;9.954932886;53.561302758
9275;2;7;2;703;2018;6;5;6;3;9;1;1;0;1;0;0;1;0;1;567900.1682;5925436.8877;10.023012236;53.473537282
9277;2;1;6;117;2018;11;5;3;3;1;6;2;0;1;0;0;0;0;0;568374.2776;5933228.1636;10.031853557;53.543497701
9278;2;3;8;320;2018;12;19;7;3;3;6;2;0;1;0;0;1;0;0;560781.8345;5940227.5411;9.918653916;53.607337542
9280;2;2;6;218;2018;7;12;2;3;2;6;0;0;1;0;0;0;0;0;559509.2983;5934973.5033;9.898421522;53.56026328
9281;2;1;19;140;2018;8;20;2;3;2;6;2;0;1;0;0;0;0;0;561006.7952;5932746.5142;9.920591804;53.540076436
9282;2;4;2;403;2018;9;18;1;3;2;6;0;0;1;0;1;0;0;1;565119.448;5938912.908;9.983927513;53.595001546
9284;2;4;5;409;2018;11;17;5;3;3;2;2;1;1;0;0;0;0;0;566565.3011;5938573.0094;10.00569754;53.59176522
9285;2;7;10;711;2018;5;18;6;3;1;6;0;0;1;0;0;0;0;0;561913.85;5925063.43;9.932760022;53.470918814
9286;2;4;2;405;2018;10;13;6;3;2;6;0;0;1;0;0;0;0;0;565119.439;5939552.025;9.984060861;53.600745418
9287;2;7;1;702;2018;5;15;6;3;2;6;0;0;1;0;0;1;0;0;566030.9158;5923236.9592;9.994391855;53.454003455
9288;2;1;6;117;2018;7;16;7;3;5;3;0;0;1;0;0;0;0;0;567979.1505;5934156.055;10.026093346;53.551888101
9290;2;3;5;317;2018;11;10;5;3;3;6;0;0;0;0;1;0;1;1;563744.2367;5939502.8703;9.963272525;53.600472723
9291;2;7;14;715;2018;12;13;2;3;1;5;0;0;1;0;0;1;0;1;557575.8462;5925086.4592;9.867418793;53.471618001
9293;2;6;2;603;2018;7;22;2;3;4;2;2;0;1;0;0;0;0;0;581872.925;5927314.391;10.233972163;53.488422407
9294;2;7;9;710;2018;8;13;2;3;3;6;0;0;1;0;0;0;0;0;561131.596;5921693.7325;9.92032161;53.440724796
9295;2;3;9;321;2018;9;20;2;3;3;6;2;0;1;0;0;1;0;1;561417.7671;5938629.6882;9.927949197;53.592902937
9296;2;6;2;603;2018;5;12;6;3;6;2;0;0;0;1;0;0;1;0;580685.7703;5927037.8591;10.216012977;53.486120669
9297;2;4;5;410;2018;9;11;1;3;2;6;0;0;1;0;0;0;0;0;567282.108;5938183.03;10.016441393;53.588168925
9298;2;1;16;136;2018;6;8;7;3;2;6;0;0;1;0;0;0;0;0;568728.2631;5927978.6528;10.036042933;53.496273253
9300;2;6;3;604;2018;11;19;3;3;2;6;2;0;1;0;0;0;0;0;583069.4544;5925540.7133;10.251532094;53.472295637
9301;2;3;7;319;2018;12;7;6;3;2;6;0;0;1;0;0;0;0;1;561668.393;5944594.3138;9.932916597;53.646479393
9302;2;3;6;318;2018;10;18;6;2;2;6;1;0;1;0;0;0;0;0;562382.8845;5941763.1039;9.943156095;53.6209499
9303;2;3;5;317;2018;7;15;2;3;1;4;0;1;1;1;0;0;0;0;563999.6861;5938625.5959;9.966952091;53.592557311
9304;2;3;9;321;2018;8;16;3;3;0;6;0;0;0;0;0;0;1;0;561754.8553;5937826.415;9.932882438;53.585644043
9305;2;4;2;404;2018;9;14;1;3;2;6;0;0;1;0;1;0;0;0;565463.622;5938687.5771;9.989079688;53.592933586
9306;2;1;6;117;2018;5;19;6;3;5;3;0;0;1;0;0;0;0;0;568005.9314;5934114.8299;10.026488545;53.551514136
9307;2;1;12;130;2018;8;16;6;3;2;6;0;0;1;0;0;0;0;0;575472.657;5932149.0527;10.138694576;53.532827798
9310;2;2;5;215;2018;11;18;6;3;5;2;2;1;1;0;0;0;0;0;561363.3999;5935374.6129;9.926488008;53.563654717
9311;2;1;7;119;2018;5;16;6;3;6;7;0;1;0;1;0;0;0;0;567942.2716;5934284.0989;10.025564611;53.553043624
9312;2;1;1;102;2018;12;4;7;3;2;6;2;0;1;0;0;0;0;0;566017.3325;5933638.7648;9.996376981;53.547489444
9313;2;2;3;209;2018;10;16;6;3;4;2;0;1;1;0;0;0;0;0;562816.69;5935250.8749;9.948402193;53.562370696
9314;2;4;4;407;2018;7;3;1;3;5;3;2;1;1;0;0;0;0;0;565339.9453;5939831.001;9.987451006;53.603225181
9315;2;4;7;417;2018;11;19;5;3;5;2;2;1;1;0;0;0;0;1;568342.9564;5935765.8798;10.031935788;53.566308564
9316;2;3;7;319;2018;8;7;6;3;5;3;0;0;1;0;0;0;0;1;560173.2535;5942503.9135;9.909896981;53.627866365
9317;2;2;6;218;2018;12;17;5;3;5;3;2;1;1;0;0;0;0;1;559304.3128;5935593.1836;9.895444861;53.565855845
9319;2;4;7;417;2018;10;20;1;3;6;2;2;0;1;1;0;0;0;0;567968.4116;5934940.3014;10.026101805;53.558937628
9320;2;4;5;412;2018;5;15;6;3;2;6;0;0;1;0;0;0;0;0;567347.702;5938028.9784;10.017398905;53.586776024
9321;2;1;6;117;2018;9;20;1;3;1;6;2;0;1;0;0;0;0;0;567939.6007;5933137.8216;10.025275274;53.542742194
9322;2;3;8;320;2018;5;14;6;3;0;6;0;0;0;0;1;0;0;0;560612.17;5940746.6167;9.916190957;53.612022313
9323;2;3;7;319;2018;7;7;5;3;5;3;0;1;1;0;0;0;0;0;560256.4313;5943450.9084;9.911337957;53.636367759
9325;2;4;3;406;2018;11;5;2;3;1;6;2;0;1;0;0;0;0;1;566618.0528;5941475.6289;10.007114845;53.617844722
9326;2;4;5;412;2018;12;9;6;3;4;2;0;0;1;0;1;0;0;0;567473.6153;5937636.2451;10.019215779;53.583230295
9328;2;1;16;136;2018;7;10;6;3;2;6;0;0;1;0;0;0;0;0;570759.3109;5929443.6211;10.066984755;53.509169821
9329;2;7;12;713;2018;8;13;7;3;8;1;0;0;1;0;0;0;0;0;560639.0927;5929678.1252;9.914449748;53.512541915
9330;2;4;3;406;2018;9;11;6;3;2;6;0;0;1;0;0;0;0;0;566777.4186;5941675.8519;10.009566622;53.619623851
9331;2;3;9;321;2018;5;12;6;3;3;6;0;0;1;0;0;1;0;0;561068.1667;5938864.7793;9.922713942;53.595056628
9332;2;1;7;120;2018;9;10;5;3;5;3;0;0;1;0;0;0;0;0;568753.9788;5935121.2385;10.037998995;53.560461416
9333;2;1;6;115;2018;6;23;6;3;2;6;2;0;1;0;0;0;0;0;567931.1923;5933121.4227;10.025144845;53.542595902
9335;2;2;5;217;2018;6;7;4;3;5;3;0;1;1;0;0;0;0;0;557408.9095;5936195.3986;9.866940227;53.571479063
9337;2;1;12;130;2018;11;18;2;3;2;6;2;0;1;0;0;0;0;1;575997.9025;5935648.1614;10.147467852;53.564197858
9338;2;3;8;320;2018;12;17;4;2;2;6;2;0;1;0;0;0;0;0;560654.1021;5940588.0915;9.916793834;53.610592738
9339;2;2;9;221;2018;10;16;4;3;2;6;0;0;1;0;0;0;1;0;556341.6842;5936295.5451;9.850843944;53.572494833
9340;2;4;2;405;2018;7;13;6;3;4;2;0;0;1;0;0;0;0;0;565118.3049;5938996.7549;9.983927753;53.595755237
9341;2;7;7;708;2018;8;8;7;3;6;7;0;0;1;1;0;0;0;0;563988.1962;5919865.395;9.962949007;53.42395359
9342;2;7;13;714;2018;9;14;3;3;0;6;0;0;1;0;0;0;1;0;558689.0311;5925155.061;9.884200316;53.47211167
9343;2;4;1;402;2018;8;17;5;3;3;2;0;1;1;0;0;0;0;0;564479.729;5937945.427;9.974063176;53.586385649
9346;2;7;9;710;2018;11;18;4;3;2;6;2;0;1;0;0;0;0;0;564340.4023;5922832.6434;9.968854924;53.450578834
122816;2;1;1;101;2018;1;0;2;3;3;7;2;0;1;0;0;0;0;1;566070.6668;5934681.4102;9.997402143;53.55685323
122862;2;5;1;501;2018;1;8;3;3;4;2;0;0;1;0;0;0;0;1;568892.5609;5935851.8243;10.04025193;53.567009086
122880;2;5;2;505;2018;1;8;2;3;5;3;0;0;1;0;0;0;0;0;570877.8202;5936552.1206;10.070381866;53.573038245
122925;2;4;2;403;2018;1;19;3;3;5;7;2;1;1;0;0;0;0;0;565097.1639;5937968.5495;9.983393779;53.586517167
122939;2;3;3;313;2018;1;1;2;2;9;1;2;0;1;0;0;0;0;1;564731.9061;5936942.8151;9.977664124;53.577343866
122985;2;1;11;129;2018;1;4;2;3;6;2;2;0;1;1;0;0;0;1;572188.2281;5934448.2001;10.08968136;53.553951743
122989;2;4;5;409;2018;1;7;3;3;2;6;0;0;1;0;0;0;1;1;568274.3941;5939072.5522;10.031624081;53.596034858
123056;2;2;10;222;2018;1;7;3;3;6;4;2;1;0;1;0;0;0;1;555941.1667;5933842.1907;9.844357029;53.550487923
123071;2;2;10;222;2018;1;1;2;2;6;4;2;0;1;1;0;0;0;1;555402.7415;5934314.6578;9.836314904;53.554791376
123112;2;7;9;710;2018;1;21;2;3;4;2;2;0;1;0;1;0;0;0;563749.31;5923513.5626;9.9600935;53.456770422
123115;2;1;8;121;2018;1;17;5;2;6;4;2;0;1;1;0;0;0;1;569320.8608;5935373.414;10.046611761;53.562653171
123116;2;1;8;121;2018;1;16;3;3;6;7;0;0;1;1;0;0;0;0;569134.0579;5934707.5342;10.043644602;53.556693491
123117;2;5;18;526;2018;1;13;5;3;5;3;0;1;1;0;0;0;0;0;574770.1985;5939589.9211;10.1298795;53.59979802
123118;2;4;2;404;2018;1;20;1;3;5;3;2;0;1;0;0;0;0;1;565670.9879;5938113.6535;9.992091403;53.587749692
123119;2;5;6;514;2018;1;22;5;3;6;2;2;0;1;1;0;0;0;0;574655.1879;5939715.8698;10.128172066;53.600946288
123120;2;5;12;520;2018;1;7;5;3;5;2;2;1;1;0;0;0;0;1;568839.9216;5944822.7677;10.04143906;53.647638098
123121;2;7;13;714;2018;1;15;1;2;0;1;0;0;0;0;1;0;0;0;558131.4956;5925335.5323;9.875835048;53.473795534
123122;2;5;2;505;2018;1;16;5;3;6;2;2;0;0;1;0;0;1;1;570864.2849;5936430.1086;10.070149809;53.571943552
123123;2;5;7;515;2018;1;14;5;3;6;3;0;1;0;1;0;0;0;0;571971.915;5940446.285;10.087799914;53.607885812
123124;2;2;11;223;2018;1;14;3;3;5;3;0;1;1;0;0;0;0;0;553793.9051;5935235.6094;9.812190459;53.563235922
123125;2;5;7;515;2018;1;11;5;3;5;2;0;0;1;0;0;0;0;0;570088.2328;5938963.0616;10.059001442;53.594811476
123126;2;4;6;415;2018;1;4;7;2;6;4;2;0;1;1;0;0;0;1;568041.7527;5936184.3527;10.027479767;53.570108574
123127;2;5;11;519;2018;1;13;5;3;0;7;0;1;0;0;0;0;0;0;571101.4708;5946550.2517;10.076041493;53.662860289
123128;2;5;15;523;2018;1;16;4;3;0;7;1;1;0;0;0;0;1;1;574629.1663;5950140.9954;10.130281738;53.694637489
123129;2;4;8;419;2018;1;21;7;3;1;5;2;0;1;0;0;0;1;0;567627.3298;5937280.441;10.021460194;53.580012841
123130;2;5;5;513;2018;1;20;7;3;2;6;2;0;1;0;0;0;0;0;573589.6383;5937631.4917;10.111581305;53.58236502
123131;2;5;17;525;2018;1;15;5;3;6;3;0;0;1;1;0;0;0;0;577176.8191;5945082.7112;10.16760042;53.648810774
123132;2;1;6;118;2018;1;13;4;3;0;7;0;0;1;0;0;1;0;0;568380.5431;5933815.0263;10.032076404;53.548771104
123133;2;2;1;201;2018;1;7;3;3;2;6;1;0;1;0;0;0;0;1;563157.4261;5933486.0311;9.95318926;53.546468543
123134;2;2;1;201;2018;1;14;1;3;5;3;0;0;1;0;0;0;0;0;563265.9174;5933725.9615;9.954874929;53.548611822
123135;2;5;18;526;2018;1;8;3;3;0;7;1;1;0;0;0;0;0;0;576140.9611;5940585.7031;10.150832305;53.608549468
123136;2;5;12;520;2018;1;17;5;3;6;7;1;0;1;1;0;0;0;1;570118.4353;5945652.145;10.060964454;53.654921847
123137;2;4;3;406;2018;1;18;5;3;6;2;2;0;1;1;0;0;0;1;565959.1148;5941760.7856;9.997215256;53.620490859
123138;2;5;3;511;2018;1;14;2;3;2;2;0;0;1;0;0;0;0;1;573074.9121;5936824.2538;10.103618911;53.575182441
123139;2;4;4;407;2018;1;9;5;3;1;6;0;0;1;0;0;0;0;0;566637.7683;5941307.2647;10.007376822;53.616329108
123140;2;1;11;129;2018;1;17;6;2;4;2;2;0;1;0;0;0;0;1;571226.23;5934858.461;10.075256311;53.557770159
123141;2;4;12;431;2018;1;16;5;3;2;6;2;0;1;0;0;0;0;1;567373.4995;5943187.8216;10.01890412;53.63313567
123142;2;2;6;218;2018;1;15;4;3;5;6;0;1;1;0;0;0;0;1;557912.8359;5935830.9114;9.874481535;53.568147843
123143;2;1;7;119;2018;1;0;6;3;2;1;2;0;1;0;0;0;0;0;568184.956;5934188.2049;10.029206284;53.552150348
123144;2;4;3;406;2018;1;7;5;3;1;5;1;1;1;0;0;0;0;0;566617.2645;5942004.3286;10.007216044;53.6225963
123145;2;4;5;408;2018;1;12;5;3;4;2;0;0;1;0;0;0;0;0;565986.2858;5939705.6236;9.997190677;53.602017407
123146;2;2;5;215;2018;1;17;2;3;2;6;1;0;1;0;0;0;1;1;560782.6899;5937178.7402;9.918072632;53.579936727
123147;2;4;5;413;2018;1;18;5;3;2;6;2;0;1;0;0;0;0;1;566886.7551;5937588.6643;10.010342346;53.582877858
123148;2;4;5;408;2018;1;19;5;3;2;6;2;0;1;0;0;0;0;1;567919.5076;5940282.714;10.026526381;53.606956776
123149;2;4;7;417;2018;1;23;2;3;1;7;2;0;1;0;0;0;1;1;568545.0929;5935174.6612;10.034857668;53.560968853
123150;2;4;10;427;2018;1;15;5;3;6;2;0;0;1;1;0;0;0;1;569202.4302;5938316.3229;10.045476337;53.589116901
123151;2;4;12;431;2018;1;16;6;3;5;3;2;0;1;0;0;0;0;1;568258.884;5943455.6136;10.032350364;53.635427616
123152;2;5;1;504;2018;1;22;5;3;1;5;2;0;1;0;0;0;0;1;569762.4898;5936638.1767;10.053560762;53.573961135
123153;2;7;1;702;2018;1;14;3;3;2;7;0;0;1;0;0;1;0;1;565960.9201;5923284.0258;9.993347801;53.454435229
123154;2;3;1;301;2018;1;17;6;3;6;7;2;0;1;1;0;0;0;1;562292.7472;5937038.6462;9.940849511;53.578500479
123155;2;2;9;221;2018;1;17;5;3;5;3;2;0;1;0;0;0;1;1;556080.7662;5936697.1667;9.846976302;53.576132395
123156;2;2;8;220;2018;1;8;5;3;3;7;0;0;1;0;0;0;0;0;557487.0543;5937794.395;9.868414637;53.585841518
123157;2;1;12;130;2018;1;0;1;3;8;1;2;0;1;0;0;0;0;1;575260.7854;5931558.152;10.135356598;53.52754785
123158;2;4;2;405;2018;1;17;5;3;2;6;2;0;1;0;0;0;1;1;564861.6072;5939133.5247;9.980078164;53.597016243
123159;2;5;6;514;2018;1;15;5;3;4;6;0;0;1;0;0;0;0;2;575231.5289;5942839.8934;10.137634282;53.628938617
123160;2;2;3;208;2018;1;15;2;3;6;3;0;1;0;1;0;0;0;0;562950.5853;5935520.8403;9.950477825;53.564780923
123161;2;4;1;401;2018;1;9;5;3;5;2;0;0;1;0;0;0;0;0;564833.769;5937390.2582;9.97929528;53.581352563
123162;2;2;4;211;2018;1;8;5;3;0;6;1;1;0;0;0;0;1;0;561828.5964;5934644.2395;9.933366192;53.557035967
123163;2;2;3;208;2018;1;17;6;3;5;2;2;0;1;0;0;0;0;1;562836.3366;5935249.0849;9.948698412;53.562352257
123164;2;2;1;201;2018;1;9;5;3;3;7;0;0;1;0;0;0;0;0;563169.1595;5933841.8009;9.953438181;53.549664561
123165;2;5;18;526;2018;1;14;3;3;2;6;0;0;1;0;0;0;0;1;575443.9195;5942220.269;10.140695121;53.623339677
123166;2;2;4;212;2018;1;17;5;1;6;4;2;0;1;1;0;0;0;1;560801.1679;5934107.471;9.917753904;53.552331808
123167;2;5;2;507;2018;1;15;3;3;8;1;1;0;0;0;1;0;0;0;571162.6202;5937266.2687;10.074844809;53.57941772
123168;2;5;2;506;2018;1;19;3;3;6;2;2;0;1;1;0;0;0;1;571402.94;5937858.0636;10.078609308;53.584703492
123169;2;1;4;112;2018;1;19;5;3;3;2;2;1;1;0;0;0;0;1;564238.3522;5933876.3707;9.969580532;53.549845529
123170;2;1;12;130;2018;1;20;7;3;5;7;2;0;1;0;0;0;1;0;573255.5807;5933216.7889;10.105501316;53.542737292
123171;2;1;11;128;2018;1;6;4;3;5;2;2;1;1;0;0;0;0;0;571865.4442;5934073.3861;10.084723743;53.550627582
123172;2;4;2;405;2018;1;19;5;3;3;7;2;0;1;0;0;0;0;1;564556.0466;5939251.1844;9.975486151;53.598111399
123173;2;1;20;141;2018;1;7;2;3;5;3;1;1;1;0;0;0;0;0;556854.3231;5932140.1067;9.857828867;53.535092187
123174;2;5;5;513;2018;1;10;1;3;5;3;0;0;1;0;0;0;0;0;574449.0471;5938055.1338;10.124661131;53.586050915
123175;2;5;2;505;2018;1;16;3;3;1;5;0;0;1;0;0;0;0;0;570464.4117;5936345.1933;10.064093151;53.571234277
123176;2;1;12;130;2018;1;19;4;3;1;5;2;0;1;0;0;1;0;0;573865.5357;5932240.7508;10.114473848;53.533880291
123177;2;1;11;129;2018;1;9;4;3;5;3;0;1;1;0;0;0;0;0;570793.8926;5935049.3199;10.068774078;53.559543898
123178;2;1;6;115;2018;1;12;3;3;2;2;0;0;1;0;0;0;0;0;566692.3558;5933925.1499;10.006624236;53.549977947
123179;2;5;1;502;2018;1;17;3;3;4;2;2;1;1;0;0;0;0;1;569232.7832;5936136.4404;10.045451308;53.569522173
123180;2;5;3;511;2018;1;9;4;3;2;6;0;0;1;0;0;0;0;1;572056.9194;5936103.0717;10.088081263;53.568842042
123181;2;4;10;428;2018;1;20;3;3;4;2;2;1;1;0;0;0;0;1;569073.2092;5939031.276;10.043682822;53.595559252
123182;2;5;3;511;2018;1;10;4;3;5;3;0;0;1;0;0;0;0;0;571922.3386;5936410.9233;10.086120349;53.571627154
123183;2;5;7;515;2018;1;19;7;3;1;7;2;0;1;0;0;0;0;0;572110.2718;5941580.5875;10.090153232;53.618060621
123184;2;4;5;408;2018;1;6;4;3;5;3;2;0;1;0;0;0;0;0;567013.4742;5940040.153;10.012782921;53.604893517
123185;2;5;6;514;2018;1;9;4;3;5;7;0;0;1;0;0;0;0;1;574093.3369;5940315.5727;10.119825853;53.60641543
123186;2;7;1;701;2018;1;7;2;3;3;6;1;1;1;0;0;0;0;0;564289.2581;5924118.4337;9.968347783;53.462141057
123187;2;1;7;120;2018;1;7;7;2;5;3;2;1;1;0;0;0;0;1;568901.1271;5934628.0543;10.040111407;53.556009823
123188;2;4;10;426;2018;1;18;4;3;5;3;2;0;1;0;1;0;0;0;569587.7956;5938046.1773;10.051236917;53.58663809
123189;2;3;9;321;2018;1;14;4;3;5;3;0;0;1;0;0;0;0;0;561153.9074;5938535.1279;9.923944621;53.592083936
123190;2;5;18;526;2018;1;20;2;3;5;2;2;0;1;0;0;0;0;1;576471.1724;5941247.2925;10.155984565;53.614446864
123191;2;2;4;212;2018;1;19;4;3;0;7;2;0;0;0;1;0;0;0;561072.029;5934314.7316;9.921882285;53.554163109
123192;2;5;6;514;2018;1;12;6;2;0;7;0;0;1;0;0;0;0;1;572873.3075;5939285.0923;10.10114954;53.597325749
123193;2;1;16;137;2018;1;11;3;3;0;6;0;0;1;0;0;0;1;0;565865.412;5928387.1927;9.992979997;53.500311157
123194;2;6;2;602;2018;1;17;3;3;5;3;0;1;1;0;0;0;0;0;579110.0761;5927365.6644;10.192354059;53.489305788
123195;2;1;3;108;2018;1;22;7;3;0;1;2;0;0;0;1;0;0;1;564973.1393;5934606.7757;9.980821054;53.556319466
123196;2;6;2;602;2018;1;20;3;2;6;3;2;0;1;1;0;0;0;0;579740.0932;5927327.112;10.201837653;53.488864237
123197;2;4;8;423;2018;1;10;4;3;2;2;0;0;1;0;0;1;0;1;569430.2547;5937585.606;10.048754965;53.582519803
123198;2;2;11;223;2018;1;12;7;3;5;3;0;0;1;0;0;0;0;1;552546.2355;5935754.6455;9.793442224;53.568027277
123199;2;6;2;603;2018;1;14;3;3;5;3;0;0;1;0;0;0;0;0;580071.915;5926100.2995;10.206524736;53.477788853
123200;2;1;12;130;2018;1;15;3;3;3;6;0;0;1;0;0;0;0;0;572697.4791;5933127.6087;10.097059972;53.542013382
123201;2;4;10;428;2018;1;22;2;3;5;3;2;0;1;0;0;0;0;0;568910.178;5938761.3799;10.041160261;53.593155142
123202;2;1;11;129;2018;1;15;3;3;2;6;0;0;1;0;0;0;0;0;571844.6469;5934532.62;10.084515426;53.554757555
123203;2;3;8;320;2018;1;12;6;3;2;6;0;0;1;0;0;0;0;1;559769.4317;5940354.9897;9.903379061;53.608599438
123204;2;7;10;711;2018;1;11;2;3;3;2;0;0;1;0;0;0;0;0;563269.5971;5924243.0561;9.95301672;53.463384566
123205;2;5;14;522;2018;1;10;3;3;5;3;0;1;0;0;0;0;1;1;572862.3419;5950965.956;10.10372212;53.702300629
123206;2;5;9;517;2018;1;18;3;3;5;7;2;0;1;0;0;0;0;0;571507.784;5944243.259;10.08165855;53.642072315
123207;2;1;14;133;2018;1;8;3;3;3;2;0;0;1;0;0;1;0;1;568406.9375;5932736.4143;10.032238824;53.539074023
123208;2;1;12;130;2018;1;15;5;3;5;3;0;1;1;0;0;0;0;1;573941.7123;5935686.0963;10.116437642;53.564832518
123209;2;5;17;525;2018;1;17;3;2;6;3;2;0;1;1;0;0;0;0;577158.26;5945243.25;10.167359557;53.650256206
123210;2;5;11;519;2018;1;14;3;3;2;6;0;0;1;0;0;0;0;0;571054.4824;5945411.5141;10.075070069;53.652633013
123211;2;2;4;213;2018;1;5;4;3;1;1;2;1;0;0;1;0;0;1;561727.9947;5934326.1466;9.93178491;53.55418898
123212;2;5;3;510;2018;1;7;6;3;0;3;1;0;1;0;1;0;0;1;570708.9529;5936251.7016;10.067764131;53.570361166
123213;2;4;5;413;2018;1;8;3;3;2;6;0;0;1;0;0;0;1;0;565951.7203;5937696.6864;9.996243587;53.583967097