OBJECTID_1;ULAND;UREGBEZ;UKREIS;UGEMEINDE;UJAHR;UMONAT;USTUNDE;UWOCHENTAG;UKATEGORIE;UART;UTYP1;ULICHTVERH;IstRad;IstPKW;IstFuss;IstKrad;IstGkfz;IstSonstig;STRZUSTAND;LINREFX;LINREFY;XGCSWGS84;YGCSWGS84
123214;2;4;10;428;2018;1;17;3;3;2;6;1;0;1;0;0;0;0;0;569032.1395;5939177.5008;10.043094752;53.59687879
123215;2;2;1;205;2018;1;10;2;3;1;5;0;1;1;0;0;0;0;1;562752.9319;5934056.7149;9.947199965;53.551645983
123216;2;3;3;314;2018;1;18;3;3;6;4;2;1;0;1;0;0;0;0;565424.7205;5936986.4038;9.988135329;53.57764965
123217;2;1;20;141;2018;1;8;5;2;4;2;1;0;1;0;1;0;0;1;556852.0254;5932134.5916;9.857793202;53.535042868
123218;2;1;16;137;2018;1;13;2;3;8;7;0;0;1;0;0;0;0;0;565327.3724;5929519.6444;9.985105854;53.510555976
123219;2;7;7;708;2018;1;17;2;3;1;6;2;0;1;0;0;0;1;0;565249.7986;5920323.8188;9.982026599;53.427919098
123220;2;6;2;603;2018;1;9;2;3;5;3;0;1;0;0;0;0;1;0;580229.806;5926709.7079;10.209058969;53.483241383
123221;2;5;2;506;2018;1;13;3;3;5;3;0;1;0;0;0;0;0;0;571363.7583;5937268.7377;10.077882787;53.57941258
123222;2;5;11;519;2018;1;7;3;3;3;2;1;1;1;0;0;0;0;1;571203.5855;5945456.5312;10.077335908;53.6530173
123223;2;1;13;131;2018;1;11;2;3;5;3;0;0;1;0;0;1;0;0;572252.9546;5929700.5687;10.089562322;53.511275902
123224;2;1;6;117;2018;1;21;7;2;6;4;2;0;1;1;0;0;0;1;567671.0514;5933949.4494;10.021398923;53.550071104
123225;2;1;11;128;2018;1;12;2;3;1;6;0;0;1;0;0;0;0;0;571917.7023;5933971.4332;10.085488912;53.549704178
123226;2;1;8;124;2018;1;15;2;3;2;6;0;0;1;0;0;0;0;0;569370.9453;5934561.0786;10.047187485;53.55534603
123227;2;2;8;220;2018;1;19;1;3;2;6;2;0;1;0;0;0;0;1;558184.526;5937799.6129;9.878950447;53.585811485
123228;2;5;4;512;2018;1;14;2;3;5;3;0;0;1;0;0;0;0;0;575773.1047;5937345.2486;10.144486236;53.579481695
123229;2;5;11;519;2018;1;11;5;3;3;6;0;0;1;0;0;0;0;2;571926.8167;5945254.8001;10.088229808;53.651105433
123230;2;1;1;101;2018;1;18;2;3;2;6;2;0;1;0;0;0;0;1;566074.475;5934679.6409;9.997459248;53.556836849
123231;2;1;6;117;2018;1;7;2;3;2;6;2;0;1;0;0;0;0;0;568172.2454;5933375.9799;10.028837395;53.544852413
123232;2;5;3;510;2018;1;7;2;3;3;2;2;1;1;0;0;0;0;0;570534.8106;5936182.1036;10.065119219;53.569759128
123233;2;5;1;504;2018;1;7;2;3;4;6;2;0;1;0;0;0;0;0;569989.3347;5936848.3384;10.05703307;53.575819649
123234;2;2;9;221;2018;1;18;3;3;2;7;2;0;1;0;0;0;0;1;556821.5029;5937405.351;9.858291045;53.582417514
123235;2;2;10;222;2018;1;7;2;3;2;6;1;0;1;0;0;0;0;0;556764.4622;5933633.5678;9.856744185;53.54852454
123236;2;4;10;428;2018;1;19;7;3;5;3;2;1;1;0;0;0;0;0;569001.6157;5939340.9089;10.042669776;53.598351363
123237;2;5;6;514;2018;1;9;2;3;2;6;0;0;1;0;0;0;0;0;575468.0756;5942855.4136;10.141214272;53.629044048
123238;2;2;8;220;2018;1;12;2;3;5;2;0;1;1;0;0;0;0;0;558707.2119;5939256.1041;9.887119396;53.598843374
123239;2;5;17;525;2018;1;8;4;3;2;6;2;0;1;0;0;0;0;1;576797.4495;5945234.0702;10.161899673;53.650226801
123240;2;5;6;514;2018;1;15;7;3;2;6;0;0;1;0;0;0;0;0;573400.6965;5938790.5934;10.109000604;53.592808177
123241;2;5;5;513;2018;1;15;2;2;0;7;0;0;0;0;0;0;1;0;575282.6742;5938815.1356;10.137434979;53.592761853
123242;2;3;5;317;2018;1;13;2;3;0;7;0;0;0;0;0;0;1;1;563402.229;5938239.9407;9.957848293;53.589163919
123243;2;1;1;101;2018;1;16;2;3;4;2;2;0;1;0;0;0;0;0;566658.8443;5933953.5473;10.006124568;53.550237416
123244;2;1;16;137;2018;1;16;4;3;5;3;1;1;1;0;0;0;0;0;566342.3974;5930034.4211;10.000518383;53.51505533
123245;2;2;2;207;2018;1;14;1;3;0;7;0;1;0;0;0;0;0;0;563996.9809;5934694.3464;9.966105418;53.557226407
123246;2;6;1;601;2018;1;3;1;3;8;1;2;0;1;0;0;0;0;1;580348.8365;5928660.3854;10.211351815;53.500753329
123247;2;4;13;432;2018;1;13;1;3;5;7;0;0;1;0;0;0;0;0;566000.1841;5944856.1813;9.998492748;53.648304327
123248;2;1;12;130;2018;1;19;2;3;2;7;2;0;1;0;0;0;0;1;576131.251;5930972.2244;10.1483428;53.52215683
123249;2;4;7;416;2018;1;14;1;3;5;3;0;0;1;0;0;0;0;0;567784.0325;5934863.9772;10.023302215;53.558275534
123250;2;1;12;130;2018;1;15;6;3;2;6;1;0;1;0;0;0;0;1;573297.0734;5933637.9637;10.10622605;53.54651657
123251;2;5;6;514;2018;1;19;2;3;2;6;2;0;1;0;0;0;0;0;573960.4066;5940376.3093;10.117831618;53.606980038
123252;2;1;1;101;2018;1;15;1;3;1;2;0;0;1;0;0;0;0;0;566631.0113;5934145.0367;10.005745345;53.551961904
123253;2;2;7;219;2018;1;18;4;3;6;4;2;0;1;1;0;0;0;1;560203.71;5934899.0485;9.908889383;53.559514928
123254;2;2;1;203;2018;1;3;7;3;5;3;2;0;1;0;0;0;0;1;562034.0001;5933899.2501;9.936318686;53.550316223
123255;2;5;2;507;2018;1;22;7;3;4;2;2;0;1;0;0;0;0;0;570827.9948;5937269.7114;10.069792357;53.579493954
123256;2;5;7;515;2018;1;15;7;3;3;6;0;0;1;0;0;0;0;0;570795.4986;5939920.1068;10.069903194;53.603317355
123257;2;2;5;215;2018;1;17;2;3;2;6;2;0;1;0;0;0;0;1;560879.8736;5935438.4313;9.919201015;53.564284595
123258;2;4;10;426;2018;1;17;7;3;6;2;2;0;1;1;0;0;0;0;569725.3533;5937841.8642;10.053268907;53.58478365
123259;2;2;9;221;2018;1;14;6;3;5;2;0;0;1;0;0;0;1;1;556422.1222;5937048.9982;9.852194699;53.579257895
123260;2;4;13;432;2018;1;19;2;3;3;2;2;1;1;0;0;0;0;1;567793.9164;5945067.0441;10.025670743;53.649969996
123261;2;4;2;403;2018;1;10;7;3;5;3;0;1;1;0;0;0;0;1;564951.555;5938494.5519;9.981304003;53.591262522
123262;2;5;2;508;2018;1;21;6;3;4;2;2;1;1;0;0;0;0;0;571761.5944;5936721.4274;10.083764741;53.574439651
123263;2;5;18;526;2018;1;7;2;3;5;3;2;0;1;0;0;0;1;0;576043.1609;5938066.1162;10.148739951;53.58592086
123264;2;1;3;108;2018;1;2;7;3;5;3;2;0;1;0;0;0;0;1;565534.512;5934834.5295;9.989341793;53.558296561
123265;2;1;3;106;2018;1;19;4;3;6;2;2;0;1;1;0;0;0;1;564252.7225;5933902.0695;9.969802677;53.550074733
123266;2;2;8;220;2018;1;17;6;3;5;3;2;1;1;0;0;0;0;1;556977.6262;5939121.7714;9.860962525;53.597826938
123267;2;1;20;141;2018;1;16;6;2;6;4;0;0;1;1;0;0;0;1;558257.1814;5931548.8183;9.87888271;53.529624247
123268;2;6;2;602;2018;1;6;6;1;6;2;2;0;0;1;0;0;1;1;579743.5976;5926978.8297;10.201801972;53.485733794
123269;2;6;1;601;2018;1;9;1;3;5;3;0;0;1;0;0;0;0;1;580288.5011;5929577.7713;10.210677328;53.509006774
123270;2;1;12;130;2018;1;15;6;3;5;2;0;1;1;0;0;0;0;0;576191.0319;5931558.3768;10.149386928;53.527415816
123271;2;1;15;134;2018;1;14;5;3;5;3;0;0;1;0;0;1;0;1;568162.2305;5931340.2428;10.028242892;53.526558201
123272;2;4;2;405;2018;1;5;2;3;4;2;2;1;0;0;0;0;0;0;564900.528;5939111.1868;9.980661525;53.59681067
123273;2;4;9;425;2018;1;16;2;3;2;6;1;0;1;0;0;0;0;1;570676.5912;5937617.1132;10.06758465;53.582636474
123274;2;1;12;130;2018;1;19;6;3;4;7;2;0;1;0;0;0;1;1;572751.6651;5933089.2653;10.097868598;53.541661288
123275;2;1;8;126;2018;1;0;6;3;5;3;2;0;1;0;0;0;0;1;569023.1839;5934066.5892;10.041829642;53.550947843
123276;2;5;2;508;2018;1;18;2;3;2;6;2;0;1;0;0;0;0;1;572823.3808;5938032.3938;10.100102799;53.586074844
123277;2;4;9;424;2018;1;12;6;3;5;3;0;0;1;0;0;0;0;1;570058.8829;5937142.1892;10.05814919;53.578451208
123278;2;1;6;115;2018;1;20;3;3;3;6;2;0;1;0;0;0;0;1;567274.5236;5933759.1243;10.015373985;53.548411574
123279;2;5;11;519;2018;1;13;6;3;5;3;0;0;1;0;0;0;0;1;571147.5756;5946314.8316;10.076685175;53.660738335
123280;2;5;10;518;2018;1;14;6;3;4;2;0;0;1;0;0;0;0;1;572846.4257;5944845.1699;10.102044385;53.647296928
123281;2;5;18;526;2018;1;19;3;3;6;2;2;0;1;1;0;0;0;1;576186.3265;5940676.8595;10.151540117;53.609362067
123282;2;4;12;431;2018;1;12;6;3;0;6;0;0;1;0;0;0;0;1;568091.1988;5942940.8162;10.029702072;53.630822964
123283;2;6;7;608;2018;1;9;7;3;5;3;0;0;1;0;0;0;0;1;573374.3491;5923671.8015;10.105060226;53.456939954
123284;2;5;5;513;2018;1;9;2;2;5;3;0;1;1;0;0;0;0;0;572821.8209;5938070.1737;10.100088057;53.586414584
123285;2;4;4;407;2018;1;13;6;3;5;3;0;1;1;0;0;0;0;1;566505.9133;5940296.0759;10.005168009;53.607258193
123286;2;2;8;220;2018;1;13;5;3;2;2;0;0;1;0;0;0;0;0;558792.8792;5939500.1758;9.888459766;53.601027351
123287;2;7;10;711;2018;1;14;1;3;5;3;0;0;1;0;0;0;0;0;563786.5302;5924169.3999;9.960787032;53.462660234
123288;2;5;12;520;2018;1;14;2;3;6;4;0;0;1;1;0;0;0;0;568463.8749;5943758.9874;10.035516871;53.638127263
123289;2;4;6;414;2018;1;10;6;3;5;3;0;1;1;0;0;0;0;1;567457.2524;5937326.6203;10.01890173;53.580449763
123290;2;3;6;318;2018;1;8;3;3;5;3;0;1;1;0;0;0;0;0;563424.174;5942440.7172;9.959034825;53.62691469
123291;2;3;9;321;2018;1;9;6;3;5;3;0;0;1;0;0;0;0;1;561457.981;5937124.3555;9.928260179;53.579369256
123292;2;3;4;316;2018;1;22;3;3;6;2;2;0;1;1;0;0;0;0;563751.637;5937349.4015;9.962944202;53.581118031
123293;2;3;8;320;2018;1;16;6;3;7;7;0;1;0;0;0;0;0;1;559090.1093;5940504.7379;9.89314129;53.610022343
123294;2;2;5;215;2018;1;11;7;3;2;6;0;0;1;0;0;0;1;1;560804.1036;5937028.2873;9.918366715;53.578582065
123295;2;4;12;431;2018;1;8;2;3;4;2;1;0;1;0;0;0;0;0;568362.252;5943212.478;10.03386;53.633229066
123296;2;4;7;416;2018;1;9;3;3;4;2;0;0;1;0;0;0;1;1;567335.8362;5935281.7238;10.016627205;53.56208758
123297;2;2;8;220;2018;1;16;6;3;2;2;1;0;1;0;0;0;0;1;558327.9556;5937558.6303;9.881071804;53.583629724
123298;2;5;7;515;2018;1;14;7;3;5;7;0;0;1;0;0;0;0;0;571591.8938;5941914.0362;10.082394672;53.6211284
123299;2;4;5;409;2018;1;8;2;3;4;2;0;1;1;0;0;0;0;0;566318.1028;5938584.3946;10.00196581;53.59189887
123300;2;2;4;212;2018;1;0;6;2;0;7;2;1;0;0;0;0;0;1;560705.327;5934276.2034;9.916340216;53.553859372
123301;2;5;3;511;2018;1;18;4;3;3;6;2;0;1;0;0;0;0;1;573264.4486;5936085.4145;10.106307473;53.568516139
123302;2;1;12;130;2018;1;18;7;2;4;2;2;0;1;0;0;0;0;0;575847.7138;5933529.6073;10.144686667;53.54518058
123303;2;4;4;407;2018;1;20;2;3;2;6;2;0;1;0;0;0;0;1;567495.2113;5941035.1462;10.020277751;53.613773772
123304;2;3;6;318;2018;1;15;6;3;5;3;0;0;1;0;0;0;0;1;563477.1314;5940818.6454;9.959504797;53.612330342
123305;2;3;4;316;2018;1;12;6;3;5;2;0;1;1;0;0;0;0;1;563889.9933;5937111.7384;9.964985048;53.578965251
123306;2;5;11;519;2018;1;12;3;3;6;3;0;1;0;1;0;0;0;0;572212.496;5945351.092;10.092573556;53.651931433
123307;2;5;5;513;2018;1;17;2;3;2;6;2;0;1;0;0;0;1;1;575249.8304;5938787.6716;10.136932228;53.592519756
123308;2;3;1;302;2018;1;17;6;3;1;7;2;1;1;0;0;0;0;0;563014.8919;5936930.2359;9.951733023;53.577439899
123309;2;1;12;130;2018;1;19;6;3;3;7;2;0;1;0;0;0;0;1;574064.9636;5932089.7485;10.117446432;53.53249517
123310;2;4;5;408;2018;1;8;2;3;2;6;0;0;1;0;0;0;0;0;566994.8357;5940205.9376;10.012536923;53.606385824
123311;2;3;2;312;2018;1;7;6;3;5;3;2;0;1;0;0;0;0;1;565632.095;5935095.2475;9.990869468;53.560627503
123312;2;3;5;317;2018;1;20;4;3;4;1;2;0;1;0;0;0;0;1;563885.0694;5939847.9442;9.965471113;53.603556837
123313;2;5;18;526;2018;1;13;6;3;2;2;0;0;1;0;0;0;0;1;575845.5208;5942955.6462;10.146945103;53.629890263
123314;2;4;7;416;2018;1;19;2;3;2;6;2;0;1;0;0;0;0;1;567954.2014;5934940.2549;10.025887305;53.55893905
123315;2;2;2;207;2018;1;19;6;3;0;7;2;1;0;0;0;0;1;1;564058.2988;5934855.7841;9.967064024;53.558669817
123316;2;3;1;310;2018;1;16;6;3;3;7;2;0;1;0;0;0;0;0;563906.301;5935568.666;9.96491553;53.56509523
123317;2;4;12;431;2018;1;18;4;3;2;6;2;0;1;0;0;0;0;1;567916.3191;5942981.6;10.027066841;53.631212206
123318;2;5;1;504;2018;1;22;7;3;1;5;2;0;1;0;0;0;0;0;569985.5497;5936018.2706;10.056789885;53.568360307
123319;2;4;8;423;2018;1;15;2;3;5;3;0;0;1;0;0;0;0;0;569485.2307;5937379.4187;10.049539327;53.580659508
123320;2;1;1;102;2018;1;15;6;3;3;7;0;0;1;0;0;0;1;1;566034.5297;5933799.7837;9.99667049;53.548934396
123321;2;1;12;130;2018;1;20;5;3;6;4;2;0;1;1;0;0;0;1;573379.2424;5933128.7032;10.107346452;53.541928409
123322;2;4;10;427;2018;1;7;2;3;3;2;2;1;1;0;0;0;0;1;568996.4293;5938291.7746;10.042359314;53.588923433
123323;2;5;18;526;2018;1;8;5;2;5;3;1;1;1;0;0;0;0;1;576513.3397;5939655.9687;10.156231119;53.600139993
123324;2;4;10;428;2018;1;20;6;3;0;7;2;0;1;0;0;0;1;1;568993.4848;5939266.6014;10.042530491;53.59768463
123325;2;2;11;223;2018;1;15;2;3;6;6;0;1;0;1;0;0;0;0;554327.4645;5935076.5818;9.820217686;53.561751673
123326;2;5;5;513;2018;1;17;5;3;4;7;2;0;1;0;0;0;0;1;574602.0754;5938154.4107;10.126996092;53.586921348
123327;2;1;12;130;2018;1;20;3;3;6;4;2;0;1;1;0;0;0;1;576195.266;5931815.9786;10.149513478;53.529730222
123328;2;1;3;106;2018;1;18;6;2;5;3;2;1;0;0;0;0;0;1;564534.5288;5934510.2184;9.974181;53.555505783
123329;2;5;7;515;2018;1;14;5;3;2;6;0;0;1;0;0;0;0;1;570867.4916;5940516.192;10.071126538;53.608664606
123330;2;4;8;423;2018;1;17;5;3;3;6;2;0;1;0;0;0;0;1;569027.6194;5937206.2682;10.042590308;53.579163822
123331;2;1;8;125;2018;1;19;1;3;5;2;2;1;1;0;0;0;0;1;570076.2617;5934520.1181;10.057823406;53.554884237
123332;2;3;8;320;2018;1;18;5;3;5;3;2;0;1;0;0;0;0;1;558118.8134;5941461.8947;9.878640756;53.618733384
123333;2;4;2;403;2018;1;9;5;3;5;3;0;1;1;0;0;0;0;1;564905.0302;5938208.0518;9.980541595;53.588693445
123334;2;2;1;202;2018;1;13;2;3;1;6;0;0;1;0;0;0;1;1;562815.7403;5933753.8165;9.948087009;53.548916214
123335;2;2;1;203;2018;1;18;5;3;5;2;2;1;1;1;0;0;0;0;562009.0396;5933894.8419;9.935941122;53.550279553
123336;2;1;4;112;2018;1;11;6;3;2;6;0;0;1;0;0;0;0;1;563996.1415;5933486.567;9.96584553;53.546371815
123337;2;2;9;221;2018;1;16;2;3;4;2;1;1;1;0;0;0;0;1;557075.249;5936891.9472;9.862029532;53.577775727
123338;2;1;1;101;2018;1;5;5;3;5;2;2;1;1;0;0;0;0;1;566654.81;5933941.3172;10.006061079;53.550128013
123339;2;4;9;425;2018;1;14;3;3;5;3;0;1;1;0;0;0;0;1;570680.4906;5937605.8118;10.067640981;53.582534383
123340;2;7;10;711;2018;1;8;4;3;2;6;1;0;1;0;0;0;0;1;560823.2491;5926217.2634;9.916555408;53.481416063
123341;2;4;9;424;2018;1;11;3;2;9;1;0;0;1;0;0;0;0;0;570082.0953;5937000.5358;10.058467916;53.577175065
123342;2;5;2;508;2018;1;20;3;3;4;2;2;0;1;0;0;0;0;1;572509.1636;5938266.1164;10.095411367;53.588218828
123343;2;7;10;711;2018;1;18;4;2;6;2;2;0;1;1;0;0;0;1;563927.6397;5924472.596;9.962973838;53.465368088
123344;2;1;13;131;2018;1;9;7;2;6;7;0;0;1;1;0;0;1;0;572267.5006;5929933.0848;10.089835246;53.513363532
123345;2;2;8;220;2018;1;13;2;3;5;3;0;1;1;0;0;0;0;0;557913.9745;5938818.7948;9.875053179;53.595001319
123346;2;1;16;137;2018;1;17;4;3;4;2;2;0;1;0;0;0;0;1;566055.8772;5928304.9872;9.99583364;53.499548466
123347;2;1;4;109;2018;1;16;5;3;6;4;2;0;0;1;0;0;1;2;564609.1058;5935128.3572;9.975434385;53.561051996
123348;2;3;2;311;2018;1;13;1;3;5;3;0;0;1;0;0;0;0;0;564958.536;5935802.2189;9.980849161;53.567065033
123349;2;3;7;319;2018;1;15;2;3;5;3;0;1;1;0;0;0;0;0;559575.3961;5942491.6231;9.90085549;53.627824277
123350;2;6;1;601;2018;1;20;4;3;0;1;2;0;0;0;1;0;0;1;578845.6919;5928814.7514;10.188734385;53.50236804
123351;2;5;6;514;2018;1;12;5;3;5;3;0;0;1;0;0;0;1;1;573833.716;5939918.886;10.115808859;53.60288713
123352;2;2;3;208;2018;1;14;2;2;0;7;0;1;0;0;0;0;0;1;563452.0789;5935305.484;9.958004877;53.56278505
123353;2;1;11;129;2018;1;18;4;2;6;4;2;0;1;1;0;0;0;1;573064.7522;5934275.1024;10.102869361;53.552274867
123354;2;1;12;130;2018;1;16;4;3;6;7;2;0;1;1;0;0;0;1;576307.9199;5931823.0928;10.151214379;53.529777808
123355;2;4;7;416;2018;1;5;3;3;6;2;2;0;1;1;0;0;0;1;567847.9256;5935653.4386;10.02443803;53.56536228
123356;2;5;18;526;2018;1;6;4;3;0;7;2;0;1;0;0;0;0;1;577293.5058;5942400.6467;10.168698918;53.624690927
123357;2;4;10;429;2018;1;19;7;3;6;4;2;0;1;1;0;0;0;1;569286.5258;5939832.4507;10.047083456;53.602731273
123358;2;5;5;513;2018;1;18;4;3;2;2;2;0;1;0;0;0;0;1;573117.2582;5938150.083;10.104568919;53.587091606
123359;2;5;7;515;2018;1;18;4;3;3;2;2;1;0;0;0;0;1;0;570139.5528;5938887.1481;10.059759645;53.594122378
123360;2;5;6;514;2018;1;22;7;3;5;2;2;0;1;0;0;0;0;0;575446.0174;5942881.2785;10.140887056;53.629279667
123361;2;5;5;513;2018;1;14;4;3;5;3;0;0;1;0;0;0;0;1;572705.8972;5938514.3404;10.098440717;53.590422345
123362;2;5;12;520;2018;1;17;4;3;0;1;2;0;0;0;1;0;0;1;568501.6076;5943973.7205;10.036134771;53.64005213
123363;2;5;6;514;2018;1;7;2;3;4;2;1;1;1;0;0;0;0;1;573625.3467;5941404.6689;10.113011636;53.616268894
123364;2;5;11;519;2018;1;9;4;3;5;3;0;1;1;0;0;0;0;1;572791.2234;5945644.7277;10.101396699;53.654490063
123365;2;5;17;525;2018;1;10;4;3;6;4;0;0;1;1;0;0;0;1;576873.4522;5945157.7501;10.163030413;53.649529781
123366;2;1;17;138;2018;1;9;3;3;2;6;0;0;1;0;0;0;0;1;567638.0707;5931828.305;10.020442644;53.531012241
123367;2;4;12;431;2018;1;8;4;3;6;2;0;0;1;1;0;0;0;0;567000.4523;5942535.2938;10.013122923;53.627319238
123368;2;7;4;705;2018;1;6;6;3;6;2;2;0;1;1;0;0;0;2;565918.2567;5921893.451;9.992414045;53.441942916
123369;2;4;5;408;2018;1;19;4;3;2;6;2;0;1;0;0;0;0;1;566608.2157;5939428.3022;10.006528496;53.599446405
123370;2;2;5;215;2018;1;14;4;3;5;3;0;0;1;0;0;0;1;0;560797.9196;5937071.7376;9.918281789;53.578973287
123371;2;4;2;404;2018;1;11;7;3;0;4;0;0;0;0;1;0;1;0;565375.4876;5938473.8893;9.987703507;53.59102413
123372;2;4;4;407;2018;1;18;4;3;1;7;2;1;1;0;0;0;0;1;565891.6124;5939845.051;9.995789676;53.603282375
123373;2;2;14;227;2018;1;15;4;3;1;7;0;1;1;0;0;0;0;1;550942.9388;5937361.024;9.769497175;53.582623113
123374;2;2;10;222;2018;1;21;2;3;0;1;2;0;1;0;0;0;0;1;557204.9408;5933527.7936;9.863372139;53.547526083
123375;2;2;8;220;2018;1;17;4;3;2;6;2;0;1;0;0;0;0;1;558872.4469;5939550.0608;9.88967143;53.601466757
123376;2;2;14;227;2018;1;7;6;3;6;4;2;0;0;1;0;0;1;2;550448.2575;5937107.3811;9.761984703;53.580391254
123377;2;4;5;410;2018;1;14;3;3;0;7;0;0;0;0;1;0;0;1;566836.5776;5938316.6427;10.009740474;53.589426703
123378;2;3;8;320;2018;1;17;4;3;1;6;2;0;1;0;0;0;0;1;560093.9068;5938471.126;9.907919486;53.591631304
123379;2;1;8;126;2018;1;15;3;3;5;3;0;0;1;0;0;0;0;1;569294.609;5933773.8157;10.045860879;53.548280906
123380;2;1;8;123;2018;1;7;5;3;2;6;2;0;1;0;0;0;0;0;570103.1499;5934516.9028;10.058228495;53.554851751
123381;2;5;18;526;2018;1;20;6;3;5;3;2;0;1;0;0;0;0;1;576487.1611;5941243.0821;10.156225172;53.614406692
123382;2;4;2;405;2018;1;14;4;2;5;2;0;1;1;0;0;0;0;1;564969.1383;5939615.6315;9.981803196;53.601335716
123383;2;1;3;108;2018;1;17;4;3;0;6;2;0;1;0;0;0;1;1;565708.1088;5934326.2761;9.991855223;53.553707063
123384;2;5;7;515;2018;1;16;6;3;4;2;0;0;1;0;1;0;0;1;571267.5998;5941439.3978;10.077384012;53.616907103
123385;2;3;2;311;2018;1;9;4;3;2;6;0;0;1;0;0;0;0;1;564952.1675;5935481.4706;9.980686325;53.564183174
123386;2;1;12;130;2018;1;17;3;3;6;2;2;0;1;1;0;0;0;0;574970.515;5932449.2149;10.131192029;53.53559721
123387;2;1;15;134;2018;1;15;1;3;9;6;0;0;1;0;0;0;0;1;567831.874;5931609.727;10.023318646;53.529022854
123388;2;1;7;119;2018;1;16;3;3;3;6;2;0;1;0;0;0;0;0;568751.1385;5934532.6249;10.037826642;53.555171854
123389;2;7;1;701;2018;1;11;5;3;2;6;0;0;1;0;0;0;0;1;564747.2896;5924123.4692;9.975246762;53.462130209
123390;2;1;8;126;2018;1;21;3;2;5;3;2;0;1;0;0;0;0;0;569743.5125;5933979.2198;10.052680722;53.550067456
123391;2;1;8;127;2018;1;16;3;3;5;7;1;1;1;0;0;0;0;0;569908.4902;5933677.7599;10.055102974;53.547336274
123392;2;5;11;519;2018;1;14;3;3;5;3;0;0;1;0;0;0;0;1;571205.1387;5945473.792;10.077363359;53.653172209
123393;2;5;1;504;2018;1;19;3;3;5;3;2;0;1;0;0;0;1;1;569711.7068;5936445.6857;10.052751;53.572237961
123394;2;5;2;507;2018;2;15;5;3;2;6;0;0;1;0;0;0;0;0;571258.0832;5937265.5543;10.076286246;53.579398339
123395;2;1;5;114;2018;1;18;4;3;5;7;2;0;1;0;0;0;0;1;566669.429;5934450.881;10.006390357;53.554705712
123396;2;1;13;131;2018;2;16;3;3;1;3;0;0;1;0;0;0;0;0;573313.8223;5931532.0663;10.105985408;53.52758866
123397;2;1;5;114;2018;1;14;4;3;3;7;0;0;1;0;0;0;1;1;566838.3131;5934168.9194;10.008878985;53.552150192
123398;2;6;9;610;2018;2;9;6;3;5;3;0;0;0;0;0;1;1;1;573148.5372;5928238.4903;10.102723725;53.498012376
123399;2;7;1;702;2018;1;14;3;3;0;4;0;0;0;1;0;0;1;0;565318.9353;5923884.0821;9.983805965;53.459908162
123400;2;7;8;709;2018;2;18;6;3;6;2;2;0;1;1;0;0;0;0;563460.513;5922250.6982;9.955489965;53.445455302
123401;2;7;4;705;2018;1;8;4;3;6;2;0;0;1;1;0;0;0;0;565578.6015;5922834.1293;9.987497356;53.45043955
123402;2;1;5;114;2018;2;8;5;3;2;6;0;0;1;0;0;0;0;0;566141.8761;5934762.2185;9.998494039;53.557570504
123403;2;5;10;518;2018;1;12;3;3;5;3;0;1;1;0;0;0;0;0;573801.7648;5945201.3885;10.116578644;53.650364287
123404;2;5;9;517;2018;2;14;3;3;0;5;0;1;1;0;0;0;0;0;570466.0616;5943946.7411;10.065836826;53.639548849
123405;2;4;12;431;2018;1;19;3;3;2;6;2;0;1;0;0;0;0;0;567092.3548;5942963.9638;10.014604771;53.631159955
123406;2;2;9;221;2018;2;19;2;3;5;3;2;1;1;0;0;0;0;1;556073.0165;5936405.961;9.846806975;53.57351599
123407;2;4;6;415;2018;2;16;6;3;5;2;1;1;1;0;0;0;0;0;567997.6354;5936188.5218;10.026814589;53.570151761
123408;2;2;14;227;2018;1;14;3;3;0;4;0;0;0;1;0;0;1;0;551651.526;5936523.7718;9.780060814;53.575028814
123409;2;5;4;512;2018;2;15;3;3;0;4;0;0;0;1;0;0;1;0;575007.8769;5937889.7755;10.13306151;53.584485237
123410;2;2;4;211;2018;1;17;3;2;4;1;2;0;1;0;0;0;0;0;557288.3487;5934752.6614;9.86485528;53.558525571
123411;2;5;9;517;2018;2;15;2;2;2;6;0;0;1;0;0;0;0;1;572151.5845;5943417.3359;10.091203437;53.634561514
123412;2;4;9;425;2018;2;13;6;3;3;7;0;0;1;0;0;0;0;1;571163.148;5938282.688;10.075084574;53.588552169
123413;2;3;7;319;2018;1;8;3;3;5;3;0;0;1;0;0;0;0;0;559783.6051;5943191.0019;9.904137814;53.634086109
123414;2;5;11;519;2018;2;14;1;3;4;2;0;0;1;0;0;0;0;1;571195.6991;5945476.9632;10.077221288;53.653201993
123415;2;2;1;203;2018;1;10;4;3;6;2;0;0;1;1;0;0;0;0;562139.3885;5933887.052;9.937906722;53.550194132
123416;2;1;7;119;2018;2;12;6;2;6;4;0;0;0;1;0;1;0;0;568362.2057;5934202.0955;10.031884311;53.552252135
123417;2;5;18;526;2018;1;17;4;3;1;6;2;0;1;0;0;0;0;1;579078.947;5940271.6347;10.195148362;53.605291885