OBJECTID_1;ULAND;UREGBEZ;UKREIS;UGEMEINDE;UJAHR;UMONAT;USTUNDE;UWOCHENTAG;UKATEGORIE;UART;UTYP1;ULICHTVERH;IstRad;IstPKW;IstFuss;IstKrad;IstGkfz;IstSonstig;STRZUSTAND;LINREFX;LINREFY;XGCSWGS84;YGCSWGS84
123418;2;1;8;123;2018;2;14;4;3;4;2;0;0;1;0;0;0;0;0;570053.8153;5934530.8653;10.057487043;53.554983818
123419;2;3;4;315;2018;1;8;3;3;1;5;0;1;0;0;0;1;0;1;564180.008;5936864.829;9.969313936;53.576710803
123420;2;2;3;208;2018;2;18;3;3;6;7;2;0;1;1;0;0;0;0;563161.3887;5935668.7303;9.953690119;53.566084729
123421;2;3;1;308;2018;1;9;3;3;1;6;0;0;1;0;0;0;0;0;563455.681;5936093.1781;9.958219263;53.569863868
123422;2;2;3;210;2018;2;21;2;3;6;2;2;0;1;1;0;0;0;1;562009.9568;5934494.532;9.936073912;53.555669095
123423;2;1;5;113;2018;2;16;6;2;6;4;1;0;1;1;0;0;0;1;567204.0942;5935017.7809;10.01458176;53.559732366
123424;2;7;1;702;2018;1;14;3;3;2;6;0;0;1;0;0;0;0;1;565731.874;5924544.763;9.990162618;53.465794589
123425;2;7;16;717;2018;2;9;5;3;1;6;0;0;1;0;0;0;1;0;554613.5937;5931086.6961;9.823840458;53.525862181
123426;2;2;8;220;2018;1;8;4;3;6;2;0;0;1;1;0;0;0;1;556775.5845;5939157.6903;9.857916484;53.598171685
123427;2;2;8;220;2018;2;6;4;3;2;2;2;0;1;0;0;0;0;0;558005.6332;5938115.7875;9.876307179;53.58867292
123428;2;7;10;711;2018;1;13;2;3;2;6;0;0;1;0;0;0;0;1;560708.0308;5926262.9982;9.914828251;53.481840409
123429;2;4;8;420;2018;2;7;6;3;5;2;0;1;1;0;0;0;0;0;568609.2167;5936807.4936;10.036184268;53.575634899
123430;2;4;4;407;2018;1;18;4;2;6;4;2;1;0;1;0;0;0;1;567095.2656;5941354.739;10.014301943;53.61669736
123431;2;5;11;519;2018;2;7;4;3;0;4;0;0;1;1;0;0;0;0;571689.7542;5946187.5668;10.084859048;53.659520585
123432;2;7;1;702;2018;1;11;2;3;5;3;0;0;1;0;0;0;1;0;565427.1838;5923006.1445;9.985253425;53.452004344
123433;2;1;16;137;2018;2;15;3;3;5;2;0;1;1;0;0;0;0;0;564311.3367;5929743.961;9.969832975;53.512697246
123434;2;7;4;705;2018;1;19;2;3;6;3;2;0;1;1;0;0;0;1;565574.9348;5922792.7417;9.987433524;53.450068039
123435;2;5;6;514;2018;2;14;1;3;6;4;0;0;1;1;0;0;0;1;574109.9878;5939545.1273;10.119894273;53.599489238
123436;2;5;2;509;2018;2;6;5;2;6;4;2;0;1;1;0;0;0;0;572716.1725;5938347.101;10.09855694;53.588917959
123437;2;7;1;701;2018;1;20;2;3;1;3;2;1;0;0;0;0;1;1;564803.7226;5924063.951;9.97608437;53.461588354
123438;2;5;18;526;2018;2;7;5;3;5;3;1;1;1;0;0;0;0;0;577649.4634;5940443.0472;10.173591803;53.607046083
123439;2;2;4;211;2018;1;11;4;3;6;4;0;0;0;1;0;0;1;0;561043.0387;5934595.0139;9.921499473;53.556685497
123440;2;1;3;108;2018;2;19;4;3;0;4;2;0;0;1;0;0;1;0;565489.7864;5934728.3148;9.988644447;53.557347566
123441;2;1;11;129;2018;1;19;2;3;4;2;2;0;1;0;0;0;0;1;571552.6341;5934689.5315;10.08014419;53.556207599
123442;2;1;11;129;2018;1;11;2;3;2;6;0;0;1;0;0;0;0;0;572606.4145;5934106.8245;10.09591334;53.550826148
123443;2;4;4;407;2018;2;10;2;3;5;3;0;0;1;0;1;0;0;1;566644.9;5940533.13;10.007318995;53.609370966
123444;2;5;6;514;2018;1;22;2;3;5;2;2;0;1;0;0;0;0;1;573224.7302;5940247.3127;10.106684644;53.605924094
123445;2;1;4;111;2018;2;3;1;3;6;2;2;0;1;1;0;0;0;1;563953.4395;5934122.0361;9.965331128;53.552088182
123446;2;4;8;418;2018;2;20;5;3;6;4;2;0;1;1;0;0;0;0;567923.2734;5936581.1644;10.02577727;53.57369012
123447;2;5;18;526;2018;1;13;2;3;5;3;0;0;1;0;0;0;0;1;576941.979;5939570.836;10.162686028;53.599312182
123448;2;1;1;101;2018;1;16;4;2;6;7;1;0;0;1;0;0;1;0;566425.1677;5934076.0232;10.002624151;53.551367748
123449;2;4;13;432;2018;2;6;5;3;2;6;2;0;1;0;0;0;0;0;565384.0957;5944973.4028;9.989198363;53.649435167
123450;2;5;3;510;2018;1;8;2;3;2;6;0;0;1;0;0;0;0;0;571463.679;5935472.818;10.078980725;53.563259102
123451;2;1;14;132;2018;2;16;3;2;6;4;1;0;1;1;0;0;0;0;569951.9855;5931935.1845;10.055369721;53.531669808
123452;2;4;10;429;2018;1;17;2;3;6;2;2;0;1;1;0;0;0;1;568882.3724;5939688.7784;10.040945104;53.601493364
123453;2;5;2;509;2018;2;16;2;3;5;2;0;1;0;0;0;0;1;0;571255.1038;5938363.4455;10.076491957;53.589265444
123454;2;1;12;130;2018;2;20;6;3;2;6;1;0;1;0;0;0;1;0;573297.3568;5933638.5446;10.106230462;53.546521751
123455;2;4;12;431;2018;1;15;2;3;5;3;0;0;1;0;0;0;0;1;567157.8985;5943502.8922;10.015712118;53.635994931
123456;2;4;13;432;2018;2;7;1;3;4;6;2;0;1;0;0;0;0;1;566481.431;5944897.21;10.005780903;53.648612123
123457;2;1;1;102;2018;1;11;4;3;4;2;0;0;1;0;0;0;1;0;566021.0388;5933850.2141;9.996477551;53.549389323
123458;2;6;2;603;2018;2;15;6;3;6;4;0;1;0;1;0;0;0;0;580395.8982;5926730.9968;10.211566808;53.483407356
123459;2;1;13;131;2018;1;15;4;3;5;3;0;0;1;0;1;0;0;1;572167.9884;5932407.0801;10.088904963;53.535611023
123460;2;7;1;701;2018;2;7;4;3;5;3;1;1;1;0;0;0;0;0;564802.2616;5924062.0966;9.976061986;53.461571867
123461;2;4;5;408;2018;1;7;2;3;2;6;0;0;1;0;0;0;1;0;567839.8354;5940017.6016;10.025264727;53.604584514
123462;2;2;12;225;2018;2;15;7;3;2;6;0;0;1;0;0;0;0;0;554060.4312;5936654.5961;9.816459693;53.575961894
123463;2;2;3;209;2018;2;18;5;3;6;3;2;0;1;1;0;0;0;0;563032.5851;5935746.0698;9.951761181;53.566795292
123464;2;2;4;212;2018;2;10;2;3;3;2;0;1;1;0;0;0;0;0;561022.3546;5934530.1499;9.921174609;53.556104942
123465;2;2;14;227;2018;2;17;5;3;2;6;2;1;0;0;0;0;0;0;549842.2163;5937934.4349;9.752963865;53.587882566
123466;2;4;5;413;2018;1;10;2;2;6;7;0;0;1;1;0;0;0;0;566913.4419;5937554.0705;10.010737971;53.582563554
123467;2;5;7;515;2018;2;19;3;3;3;6;2;1;1;0;0;0;0;0;573168.6297;5942514.1813;10.106369495;53.62630387
123468;2;4;10;426;2018;1;19;2;3;1;6;2;0;1;0;0;0;1;1;569721.2758;5938338.908;10.053318399;53.589251135
123469;2;4;13;432;2018;2;10;2;3;2;6;0;0;1;0;0;0;0;2;567359.2002;5944998.9944;10.019080216;53.649414585
123470;2;5;7;515;2018;2;17;6;2;5;3;2;1;1;0;0;0;0;1;571468.4013;5940506.8652;10.08020508;53.608499164
123471;2;3;7;319;2018;1;7;2;3;1;5;1;1;1;0;0;0;0;1;561147.7497;5944854.6145;9.925092667;53.648879894
123472;2;4;7;416;2018;2;9;1;3;1;7;0;0;1;0;0;0;0;1;567750.7698;5935009.5849;10.022831719;53.559588427
123473;2;5;7;515;2018;2;16;6;3;3;6;0;0;1;0;0;0;0;0;571163.3924;5941073.4433;10.075725354;53.613632471
123474;2;5;6;514;2018;1;19;4;3;8;1;2;0;1;0;0;0;0;1;573950.5754;5939600.5899;10.117499014;53.600010187
123475;2;5;7;515;2018;2;12;4;3;2;6;0;0;1;0;0;0;0;0;571962.081;5943008.4933;10.08824344;53.630913395
123476;2;3;1;303;2018;1;17;2;3;0;6;2;0;1;0;0;0;1;1;562974.0022;5936785.9048;9.951086432;53.576147661
123477;2;3;3;313;2018;2;18;3;3;3;6;2;1;1;0;0;0;0;0;565476.0809;5936962.588;9.988905923;53.577429204
123478;2;2;3;210;2018;1;17;2;2;6;4;2;0;1;1;0;0;0;1;562758.4532;5934764.8536;9.947425462;53.55800962
123479;2;1;5;113;2018;2;12;2;3;2;6;0;0;1;0;0;0;0;1;567556.09;5934715.23;10.019829528;53.556968106
123480;2;6;1;601;2018;2;17;5;3;5;3;2;0;1;0;0;0;0;0;580936.2641;5929132.2099;10.220327549;53.50490338
123481;2;4;8;419;2018;2;20;3;3;6;4;2;0;1;1;0;0;0;0;568213.5875;5937298.4986;10.030317558;53.580099206
123482;2;3;3;314;2018;1;10;2;3;5;2;0;1;1;0;0;0;0;0;565140.012;5937381.8843;9.983918496;53.581239357
123483;2;3;7;319;2018;2;13;2;3;1;7;0;1;1;0;0;0;0;1;560857.1905;5943708.5244;9.920473156;53.638613526
123484;2;2;12;225;2018;2;15;6;3;5;3;0;1;1;0;0;0;0;1;554483.691;5937204.0448;9.82294725;53.580856341
123485;2;3;3;314;2018;1;12;2;3;4;2;0;0;1;0;0;0;0;1;565810.2404;5937215.3411;9.994005294;53.579658927
123486;2;3;1;307;2018;2;8;6;3;1;6;0;0;1;0;0;0;0;2;563228.7376;5936078.1435;9.95478976;53.569756145
123487;2;4;13;432;2018;1;4;4;2;0;7;2;0;1;0;0;0;0;0;567375.0368;5945422.0814;10.019411487;53.653214836
123488;2;4;8;423;2018;2;15;4;3;1;6;0;0;1;0;0;0;0;0;569757.7909;5937245.1832;10.053625447;53.579416949
123489;2;1;1;101;2018;1;17;2;3;6;4;2;0;1;1;0;0;0;1;566503.4302;5934347.619;10.003863022;53.55379873
123490;2;5;5;513;2018;2;13;2;3;2;6;0;0;1;0;0;0;0;0;573296.3219;5938624.0008;10.107384798;53.591325637
123491;2;7;16;717;2018;1;13;1;3;1;6;0;0;1;0;0;0;0;0;552619.8871;5929878.62;9.793565885;53.515207678
123492;2;2;6;218;2018;2;1;1;3;2;6;2;0;1;0;0;0;0;1;557398.1612;5935564.1864;9.866661937;53.565807195
123493;2;3;5;317;2018;2;10;2;3;5;2;0;1;1;0;0;0;0;0;564318.3915;5939298.9687;9.971905446;53.598570065
123494;2;5;7;515;2018;2;17;1;3;6;3;2;0;1;1;0;0;0;1;572566.9428;5941819.6001;10.097111434;53.620145517
123495;2;4;11;430;2018;2;19;5;3;6;4;2;0;1;1;0;0;0;1;567403.8739;5942123.0679;10.019132793;53.62356276
123496;2;7;1;701;2018;1;15;1;3;1;6;0;0;1;0;0;0;0;1;565018.467;5923626.2431;9.979227846;53.457628026
123497;2;5;18;526;2018;2;15;5;3;2;2;0;0;1;0;0;0;1;0;576475.8441;5941245.0544;10.15605462;53.614426069
123498;2;1;3;108;2018;1;14;4;3;3;6;0;0;1;0;0;0;1;1;565520.1155;5934840.5097;9.989125745;53.558352104
123499;2;6;1;601;2018;1;1;1;3;5;3;2;0;1;0;0;0;0;1;579504.0606;5927772.7826;10.198393954;53.492905067
123500;2;1;8;126;2018;2;18;5;3;9;1;2;0;1;0;0;0;0;2;570312.0804;5933724.2964;10.06120353;53.547700614
123501;2;2;5;215;2018;1;8;4;3;1;7;0;1;1;0;0;0;0;1;561531.826;5935242.6711;9.929004618;53.562449183
123502;2;2;1;202;2018;2;13;4;3;3;6;0;0;1;0;0;0;0;0;562561.6605;5933690.7669;9.944240106;53.548379898
123503;2;1;11;128;2018;1;17;1;3;6;2;2;0;1;1;0;0;0;1;571744.0268;5934346.5459;10.082954132;53.553099071
123504;2;2;10;222;2018;2;9;2;3;1;6;0;0;1;0;0;0;0;1;556495.1925;5933697.9963;9.852692241;53.549132639
123505;2;1;8;123;2018;1;17;1;3;6;2;2;1;0;1;0;0;0;1;570353.3564;5934633.1105;10.062030882;53.555862642
123506;2;2;5;215;2018;2;0;1;3;5;3;2;0;1;0;0;0;0;1;560537.776;5937500.98;9.914436433;53.582861152
123507;2;3;8;320;2018;2;21;7;3;5;3;2;0;1;0;0;0;0;0;558875.613;5940606.436;9.889918848;53.610960495
123508;2;3;5;317;2018;2;17;5;3;1;5;2;0;1;0;0;0;0;0;563745.2059;5939175.5875;9.963220251;53.597531232
123509;2;1;16;137;2018;1;18;3;2;4;2;2;0;1;0;0;0;0;1;566063.42;5928301.794;9.995946661;53.49951882
123510;2;4;5;408;2018;2;11;5;3;2;6;0;0;1;0;0;0;0;0;567039.1714;5939839.776;10.013128119;53.60308942
123511;2;5;18;526;2018;1;11;1;3;5;3;0;0;1;0;1;0;0;0;575151.1994;5941214.0715;10.136027388;53.614339349
123512;2;5;6;514;2018;2;15;3;3;5;3;0;0;1;0;0;0;0;0;573670.8421;5939549.1902;10.113260576;53.599587662
123513;2;5;7;515;2018;1;17;1;3;2;6;2;0;1;0;0;0;0;1;571400.0482;5941607.0883;10.07942435;53.618396082
123514;2;4;2;405;2018;2;20;1;3;5;3;2;0;1;0;0;0;0;1;564735.394;5939193.02;9.978183703;53.597566543
123515;2;5;7;515;2018;2;10;2;2;6;4;0;0;0;1;0;0;1;2;570794.086;5939914.4289;10.069880561;53.603266519
123516;2;4;9;424;2018;2;18;6;2;6;4;2;0;1;1;0;0;0;1;570066.0539;5937755.5286;10.058395171;53.58396234
123517;2;7;2;703;2018;2;13;3;3;4;2;0;0;1;0;0;0;0;0;566126.425;5924407.85;9.99607621;53.464514711
123518;2;4;13;432;2018;1;17;1;3;5;3;2;0;1;0;0;0;0;1;566172.7998;5946844.2759;10.001527204;53.666149649
123519;2;6;2;603;2018;2;16;6;3;2;2;0;0;1;0;0;0;0;1;580160.2136;5926431.5453;10.207939453;53.480752223
123520;2;3;1;310;2018;1;17;1;3;0;4;2;0;1;1;0;0;0;1;563492.5523;5935642.3103;9.958684307;53.565807319
123521;2;2;3;210;2018;2;14;1;3;1;5;0;1;1;0;0;0;0;2;562050.1832;5934590.0092;9.936700016;53.556522432
123522;2;7;13;714;2018;2;6;6;3;5;2;1;1;1;0;0;0;0;0;558061.0214;5925727.0961;9.874845772;53.477322553
123523;2;1;3;108;2018;2;12;5;3;6;4;0;1;1;1;0;0;0;0;565249.1923;5934539.377;9.984973548;53.555679495
123524;2;2;4;213;2018;2;17;5;3;1;5;0;1;1;0;0;0;0;0;561509.8401;5933906.2697;9.928409732;53.550440979
123525;2;3;1;310;2018;1;1;1;3;9;5;2;1;1;0;0;0;0;1;563425.2396;5935621.8464;9.957663943;53.565631543
123526;2;5;12;520;2018;2;9;3;3;4;2;0;0;1;0;0;0;0;0;568847.2232;5944831.0832;10.041551343;53.647711869
123527;2;3;1;309;2018;1;9;1;3;5;3;0;1;1;0;0;0;0;0;564517.6034;5936498.743;9.974336199;53.573379279
123528;2;2;1;203;2018;2;0;1;3;4;2;2;0;1;0;0;0;0;1;562034.0487;5933894.9279;9.936318562;53.550277372
123529;2;3;8;320;2018;2;13;2;3;5;3;0;0;1;0;0;0;1;1;558247.167;5941019.7686;9.880498265;53.614745546
123530;2;5;1;504;2018;2;19;6;3;5;3;2;0;1;0;0;0;0;0;569713.0667;5936446.5157;10.052771718;53.57224524
123531;2;2;1;201;2018;1;8;1;3;5;2;0;1;1;0;0;0;0;1;563203.7509;5933397.0976;9.953870328;53.545663693
123532;2;1;1;102;2018;2;10;1;3;5;3;0;1;1;0;0;0;0;1;565977.0213;5933984.9439;9.995841719;53.550605704
123533;2;4;10;429;2018;2;20;6;3;5;2;2;0;1;0;0;0;0;0;568542.2603;5939614.0076;10.035789841;53.600865988
123534;2;5;9;517;2018;1;18;4;2;6;2;2;0;1;1;0;0;0;1;570489.1845;5943388.3778;10.066059974;53.634527776
123535;2;1;1;101;2018;1;5;1;3;2;6;2;0;1;0;0;0;0;1;566527.7359;5934390.4889;10.004238976;53.554180931
123536;2;1;8;123;2018;2;18;6;3;6;7;2;1;0;1;0;0;0;0;570505.7624;5934951.647;10.064402972;53.558704892
123537;2;1;7;119;2018;1;13;4;3;2;6;0;0;1;0;0;0;0;1;568728.7458;5934229.3704;10.037422005;53.552449402
123538;2;6;2;603;2018;2;16;4;3;5;3;0;1;1;0;0;0;0;0;580084.922;5926150.0811;10.206733373;53.478234247
123539;2;5;18;526;2018;1;10;7;3;5;3;0;0;1;0;0;0;0;0;577350.6446;5942481.9565;10.169582879;53.625413189
123540;2;2;5;215;2018;2;8;3;3;6;4;0;0;1;1;0;0;0;0;561478.5085;5935006.2428;9.928153232;53.560330556
123541;2;5;2;505;2018;1;18;7;3;6;7;1;0;1;1;0;0;0;0;570352.1269;5936304.454;10.062388665;53.570883221
123542;2;6;6;607;2018;2;16;7;3;0;6;1;0;1;0;0;0;0;1;577861.3535;5918532.4221;10.171351232;53.410108888
123543;2;4;1;401;2018;2;12;2;3;4;2;0;0;1;0;0;0;0;0;564692.1788;5937195.0697;9.977116486;53.579615841
123544;2;4;2;403;2018;2;9;6;3;5;3;0;1;1;0;0;0;0;1;564730.475;5938919.614;9.97805263;53.595109992
123545;2;4;13;432;2018;1;12;7;2;0;6;0;0;1;0;0;0;1;0;566337.9813;5945987.2275;10.003843751;53.658426384
123546;2;1;4;111;2018;2;2;6;3;6;3;2;0;1;1;0;0;0;0;563751.9208;5933836.7086;9.962231643;53.54954836
123547;2;4;8;423;2018;1;17;4;3;6;4;2;1;0;1;0;0;0;1;568795.8482;5937083.3555;10.03906319;53.578089648
123548;2;2;9;221;2018;2;13;4;3;6;4;0;0;1;1;0;0;0;0;556062.4695;5935296.7942;9.846448625;53.563548385
123549;2;4;12;431;2018;1;0;7;3;8;7;2;0;1;0;0;0;0;1;567000.38;5942575.41;10.013130466;53.627679775
123550;2;5;7;515;2018;2;11;2;3;2;6;0;0;1;0;0;0;0;0;570857.4109;5940170.9916;10.070895708;53.605563674
123551;2;2;9;221;2018;1;13;7;3;5;3;0;0;0;0;0;0;1;0;556387.918;5937914.2702;9.851834495;53.58703825
123552;2;5;14;522;2018;2;11;4;1;6;2;0;0;1;1;0;0;0;0;573222.2515;5951562.2506;10.109313868;53.70760899
123553;2;2;14;227;2018;1;18;7;3;5;3;2;0;1;0;0;0;0;0;550164.6704;5936760.6948;9.75764602;53.57730252
123554;2;1;5;114;2018;2;16;3;3;6;3;0;1;0;1;0;0;0;2;566767.2;5934914.16;10.007964945;53.558856864
123555;2;3;1;303;2018;1;18;7;3;3;6;2;1;1;0;0;0;0;0;562617.9388;5937151.6488;9.945783036;53.579477348
123556;2;5;6;514;2018;2;14;7;3;5;2;0;0;1;0;1;0;0;1;573930.3439;5939598.0362;10.117192745;53.599990092
123557;2;7;4;705;2018;2;23;1;3;6;4;2;0;1;1;0;0;0;1;565605.4981;5921562.5564;9.987637193;53.439008044
123558;2;1;14;132;2018;2;9;5;3;5;3;0;0;1;0;0;1;0;0;568780.2036;5932974.781;10.037922679;53.541167512
123559;2;1;4;112;2018;1;22;7;3;0;7;2;0;1;0;0;0;0;0;564409.4103;5933389.5271;9.972061718;53.545449161
123560;2;5;5;513;2018;2;7;5;3;5;3;1;0;1;0;1;0;0;0;573845.4569;5937765.1826;10.115476311;53.58353052
123561;2;2;1;201;2018;1;12;4;3;1;6;0;1;1;0;0;0;0;1;563131.5023;5933360.7593;9.952772784;53.545345798
123562;2;3;1;309;2018;2;7;4;3;2;6;2;0;1;0;0;0;0;0;564012.21;5936017.25;9.966606318;53.569113877
123563;2;7;1;702;2018;1;13;6;3;6;4;0;0;0;1;0;0;1;0;565637.7627;5923591.4998;9.988546143;53.457238978
123564;2;1;15;134;2018;1;14;6;3;2;6;0;0;1;0;0;1;0;0;567978.3002;5931445.3007;10.025491559;53.527526201
123565;2;5;4;512;2018;2;10;7;3;4;7;0;0;1;0;0;0;0;1;574114.89;5936702.88;10.119293168;53.573945772
123566;2;2;11;223;2018;2;13;7;2;5;3;0;0;1;0;0;0;0;0;553812.1719;5935238.0085;9.812466638;53.563255611
123567;2;2;1;202;2018;2;12;5;3;0;7;0;0;1;0;1;0;0;0;561948.81;5933455.19;9.934945078;53.546335335
123568;2;5;10;518;2018;2;10;7;3;5;3;0;0;1;0;0;0;1;1;573210.6777;5945755.0939;10.107768123;53.655423357
123569;2;2;5;217;2018;2;2;1;3;6;7;2;0;0;1;0;0;1;1;559503.3427;5936160.9966;9.898557811;53.570936512
123570;2;5;1;503;2018;2;19;5;2;0;7;2;1;0;0;0;0;0;0;569774.0273;5935606.431;10.053504476;53.564687255
123571;2;6;2;603;2018;1;7;6;3;0;7;1;1;1;0;0;0;0;1;581533.9205;5926846.6576;10.228742552;53.484271697
123572;2;5;16;524;2018;2;6;5;3;3;2;2;0;1;0;0;0;0;1;575549.9547;5948209.0608;10.143753713;53.677143593
123573;2;1;12;130;2018;1;11;6;3;5;7;0;0;1;0;1;0;0;1;572890.107;5932851.088;10.099901862;53.539501605
123574;2;1;11;128;2018;2;17;3;3;1;6;2;0;1;0;0;0;0;0;571784.2843;5933343.7746;10.0833315;53.544081672
123575;2;1;8;126;2018;1;9;6;3;2;6;0;0;1;0;0;1;0;1;570308.1202;5933642.4143;10.061125362;53.546965266
123576;2;4;10;427;2018;2;12;7;3;2;6;0;0;1;0;0;0;0;1;568398.991;5938233.7904;10.033322458;53.588480604
123577;2;5;18;526;2018;2;8;2;3;4;6;0;1;0;0;0;1;0;2;576533.1021;5938083.3959;10.156143797;53.586004869
123578;2;1;11;129;2018;2;20;6;3;5;3;2;0;1;0;0;0;1;1;570842.427;5935052.206;10.069507315;53.559563287
123579;2;5;2;506;2018;1;20;6;2;0;7;2;0;0;1;0;0;1;0;571579.1696;5937345.5333;10.081153349;53.580073385
123580;2;3;8;320;2018;2;10;7;3;6;2;0;0;1;1;0;0;0;1;559720.6198;5940300.9299;9.902631038;53.608119148
123581;2;6;2;602;2018;2;11;6;3;5;3;0;1;1;0;0;0;0;0;579717.7808;5927339.0377;10.201504472;53.488974791
123582;2;1;11;128;2018;1;19;4;3;1;6;2;0;1;0;0;0;0;1;572398.9546;5933625.2229;10.09267109;53.546526661
123583;2;3;3;313;2018;2;8;2;2;6;5;0;0;1;0;0;0;1;0;565749.6349;5936723.9737;9.992986561;53.575250509
123584;2;7;14;715;2018;2;10;4;3;6;2;0;0;1;1;0;0;0;0;556437.0331;5925106.7854;9.850267555;53.471923982
123585;2;5;7;515;2018;1;6;6;3;3;2;1;1;0;0;0;0;1;0;571437.6529;5939631.8062;10.079539851;53.600639275
123586;2;4;10;427;2018;2;7;3;3;5;3;1;1;1;0;0;0;0;0;568415.2513;5938181.7204;10.033556644;53.588010525
123587;2;5;10;518;2018;1;21;6;3;2;2;2;0;1;0;0;0;0;1;573090.6295;5945361.4406;10.105859426;53.651902477
123588;2;1;4;111;2018;2;3;7;3;6;4;2;0;1;1;0;0;0;1;564211.0562;5933899.1334;9.96917328;53.550053443
123589;2;2;12;225;2018;2;6;5;3;5;3;2;1;1;0;0;0;0;0;554762.6493;5935505.6033;9.826862409;53.565562334
123590;2;5;17;525;2018;1;14;6;3;5;3;0;1;1;0;0;0;0;0;576705.127;5945553.9756;10.16058216;53.653115207
123591;2;5;3;511;2018;2;5;3;3;3;6;2;0;1;0;0;0;0;1;573264.6076;5936084.7273;10.106309712;53.568509941
123592;2;5;1;504;2018;1;20;6;3;3;3;2;0;1;0;0;0;0;0;570022.161;5935758.5059;10.057284386;53.566020908
123593;2;1;4;112;2018;2;11;7;3;6;6;0;1;0;1;0;0;0;0;564045.02;5933353.6673;9.966555887;53.545171444
123594;2;5;17;525;2018;2;11;2;3;2;6;0;0;1;0;0;0;0;2;576593.1051;5944732.1364;10.158685086;53.645746076
123595;2;5;7;515;2018;2;18;6;3;6;2;2;0;1;1;0;0;0;1;571554.7594;5940828.352;10.081583912;53.611376547
123596;2;4;10;426;2018;1;14;6;3;5;2;0;1;0;0;0;0;1;0;570067.8135;5938447.1431;10.05857707;53.590177648
123597;2;1;20;141;2018;2;15;6;3;5;2;0;1;0;0;0;0;0;1;556716.3312;5932157.4265;9.855750213;53.535262767
123598;2;5;2;505;2018;2;8;6;3;2;6;0;0;1;0;0;0;1;0;570864.6628;5936589.5471;10.070191697;53.573376374
123599;2;5;18;526;2018;1;15;4;3;2;2;0;0;1;0;0;0;0;1;574357.8365;5941071.6988;10.124003036;53.613173097
123600;2;5;4;512;2018;2;5;4;3;4;2;2;0;1;0;0;0;0;1;574465.3309;5936376.8993;10.124506722;53.570966612
123601;2;2;6;218;2018;2;13;2;3;6;7;0;0;1;1;0;0;0;0;558601.9909;5934884.0264;9.884708784;53.559561195
123602;2;2;10;222;2018;1;17;6;3;5;3;2;0;1;0;0;0;0;0;555643.093;5934721.2884;9.840015018;53.558420596
123603;2;2;4;213;2018;2;15;3;3;6;4;0;0;1;1;0;0;0;0;561120.2003;5934325.0024;9.922611335;53.554249811
123604;2;4;2;403;2018;1;14;6;3;5;3;0;1;1;0;0;0;0;0;564826.0792;5937902.4384;9.979285546;53.585956596
123605;2;7;2;703;2018;2;17;6;3;2;6;1;0;1;0;0;0;1;1;566007.3769;5924488.0829;9.994300111;53.465250727
123606;2;3;2;312;2018;2;20;2;3;3;3;2;0;1;0;0;0;1;1;565232.6304;5935454.5867;9.984914621;53.563906774
123607;2;1;16;136;2018;2;14;5;3;9;1;0;0;0;0;0;0;1;0;568237.0853;5928768.3795;10.02881182;53.503434641
123608;2;2;3;208;2018;1;9;6;3;0;7;0;0;1;0;0;0;0;0;562952.9442;5935527.1394;9.950514705;53.564837252
123609;2;7;1;701;2018;2;16;6;2;6;4;0;0;1;1;0;0;0;1;564901.1092;5924055.5323;9.977549251;53.461500701
123610;2;7;14;715;2018;2;7;5;3;5;3;2;1;1;0;0;0;0;0;556730.1669;5924724.0426;9.854614195;53.468452497
123611;2;2;5;215;2018;1;18;4;3;4;2;2;0;1;0;0;0;0;1;560796.9403;5936169.4783;9.918091307;53.570864432
123612;2;2;8;220;2018;2;11;2;3;2;6;0;0;1;0;0;0;0;1;558460.2741;5938723.0314;9.883288486;53.594080008
123613;2;2;9;221;2018;2;17;6;3;7;7;0;1;0;0;0;0;0;0;557282.3766;5936268.0175;9.865042996;53.572145559
123614;2;7;9;710;2018;1;7;5;3;5;2;2;1;1;0;0;0;0;1;562851.8549;5923312.2086;9.946539212;53.455068584
123615;2;7;1;701;2018;2;14;6;3;5;3;0;1;0;0;0;0;0;0;564633.9793;5923470.1833;9.973406008;53.456272761
123616;2;3;6;318;2018;2;9;6;3;5;3;0;1;1;0;0;0;0;0;562150.8658;5942736.7208;9.939843163;53.629727647
123617;2;4;13;432;2018;1;14;4;3;6;4;0;0;0;1;0;1;0;1;566218.0376;5947518.2861;10.002355527;53.672201278
123618;2;4;5;408;2018;2;12;4;3;4;2;0;1;1;0;0;0;0;0;565987.3826;5939705.432;9.997207209;53.602015547
123619;2;6;2;602;2018;1;19;5;3;2;2;2;0;1;0;0;0;0;0;580323.7119;5927159.2379;10.210588806;53.487266846
123620;2;7;14;715;2018;2;13;2;2;6;7;0;1;0;1;0;0;0;0;556743.0717;5924633.9505;9.854792308;53.467641384
123621;2;1;12;130;2018;1;4;5;3;8;1;2;0;1;0;0;0;0;1;574287.9537;5932013.9983;10.120792086;53.531782928
123622;2;1;16;136;2018;2;15;6;3;4;6;0;0;1;0;1;0;0;0;567288.735;5928054.9542;10.014362934;53.497145089