OBJECTID_1;ULAND;UREGBEZ;UKREIS;UGEMEINDE;UJAHR;UMONAT;USTUNDE;UWOCHENTAG;UKATEGORIE;UART;UTYP1;ULICHTVERH;IstRad;IstPKW;IstFuss;IstKrad;IstGkfz;IstSonstig;STRZUSTAND;LINREFX;LINREFY;XGCSWGS84;YGCSWGS84
123623;2;5;3;510;2018;2;18;1;3;4;7;2;0;1;0;0;0;0;1;570820.7689;5935540.9215;10.069291173;53.563958302
123624;2;5;13;521;2018;2;20;5;3;0;2;2;0;1;0;1;0;0;0;572131.4835;5947749.6545;10.091905149;53.673497995
123625;2;1;14;132;2018;1;16;5;3;5;3;1;0;1;0;0;0;1;0;570757.1071;5931692.9624;10.067459588;53.529385132
123626;2;5;18;526;2018;2;6;5;3;3;2;2;1;1;0;0;0;0;0;576327.6559;5941260.6928;10.15381885;53.614588219
123627;2;3;1;310;2018;1;7;4;3;4;2;0;1;1;0;0;0;0;1;563959.0319;5935632.575;9.965724669;53.565663175
123628;2;1;1;101;2018;2;19;4;3;2;2;2;0;1;0;0;0;0;0;566322.798;5934546.128;10.001178971;53.555605624
123629;2;5;18;526;2018;1;11;5;3;3;2;0;1;1;0;0;0;0;0;577582.6524;5940436.8229;10.172580706;53.607000044
123630;2;4;3;406;2018;2;14;4;2;6;7;0;0;1;1;0;0;0;0;564344.2104;5940141.7981;9.972469513;53.60614159
123631;2;5;18;526;2018;1;16;5;3;3;6;2;0;1;0;0;0;1;0;576601.9478;5941207.2634;10.157951158;53.614068028
123632;2;3;8;320;2018;2;8;2;3;1;5;0;0;1;0;0;0;0;1;558677.7738;5941642.2169;9.887123997;53.620291688
123633;2;3;9;321;2018;1;8;5;3;3;6;0;0;1;0;0;1;0;0;561418.4238;5938628.9333;9.927958969;53.592896075
123634;2;1;16;136;2018;2;8;6;3;2;6;0;0;1;0;0;1;0;1;567154.6486;5928221.2074;10.012377552;53.498656385
123635;2;7;10;711;2018;2;22;7;3;5;3;2;0;1;0;0;0;0;0;564098.4949;5924254.5841;9.965502653;53.463387951
123636;2;2;8;220;2018;2;11;5;3;3;6;0;0;1;0;0;1;0;0;557541.9249;5938728.2626;9.869415691;53.594228634
123637;2;2;7;219;2018;1;17;5;3;5;3;2;1;1;0;0;0;0;0;557302.7191;5934690.2728;9.865060757;53.557963281
123638;2;6;2;602;2018;1;7;3;3;2;7;0;1;1;0;0;0;0;1;581255.388;5927705.4396;10.224768366;53.492032332
123639;2;4;5;412;2018;2;13;5;3;5;3;0;1;1;0;0;0;0;0;567310.2194;5938087.2474;10.016845337;53.587304507
123640;2;3;6;318;2018;1;11;5;3;5;3;0;1;1;0;0;0;0;0;562874.9246;5942000.056;9.950641897;53.623020605
123641;2;5;18;526;2018;2;14;3;3;1;5;0;0;1;0;0;0;0;0;577396.7622;5939447.0696;10.169526057;53.598132976
123642;2;3;2;312;2018;1;19;5;3;0;4;2;0;0;1;0;0;1;0;565610.051;5935064.083;9.990530174;53.560350176
123643;2;1;16;137;2018;2;12;6;3;7;7;0;0;0;1;0;0;1;1;565525.3965;5928152.0268;9.987805667;53.498240108
123644;2;5;5;513;2018;2;10;2;3;3;6;0;0;1;0;0;0;0;1;572827.7763;5937922.5001;10.100143537;53.585086631
123645;2;1;12;130;2018;2;18;6;3;4;6;2;0;1;0;0;0;0;1;574511.3604;5935215.9646;10.124924766;53.560526945
123646;2;7;1;701;2018;1;13;4;3;6;7;0;0;1;1;0;0;0;0;564998.5281;5924336.9899;9.979074554;53.464018265
123647;2;6;2;602;2018;2;18;6;3;6;2;1;0;1;1;0;0;0;0;580009.9159;5927127.3813;10.2058525;53.487028362
123648;2;6;1;601;2018;2;11;6;3;5;3;0;0;1;0;0;0;0;0;580143.5119;5928351.9668;10.208178256;53.498012996
123649;2;1;5;113;2018;1;10;4;3;2;6;0;0;1;0;0;0;0;1;567918.5651;5934536.2535;10.025261617;53.555312843
123650;2;6;1;601;2018;2;19;6;3;5;3;2;0;1;0;0;0;0;1;579759.7722;5927554.1619;10.202191888;53.490901686
123651;2;6;2;602;2018;1;6;4;3;1;6;2;0;1;0;0;0;0;1;579728.3331;5927044.2453;10.201588594;53.486323978
123652;2;3;5;317;2018;2;7;7;3;6;3;0;0;1;1;0;0;0;0;563913.8023;5939094.2632;9.965750755;53.596779819
123653;2;3;2;311;2018;2;7;5;2;6;2;2;0;0;1;0;0;1;0;564517.0414;5936045.2422;9.974234021;53.569303617
123654;2;2;4;214;2018;2;8;5;3;6;2;0;0;0;1;0;0;1;0;561336.7637;5933467.9221;9.925711768;53.546521611
123655;2;1;12;130;2018;1;18;4;3;6;7;2;0;0;1;0;0;1;0;573397.6515;5935035.0646;10.108071696;53.559058142
123656;2;5;7;515;2018;2;13;3;2;6;4;0;0;1;1;0;0;0;0;571443.297;5939636.5056;10.079626203;53.600680738
123657;2;1;13;131;2018;1;11;4;3;5;3;0;0;1;0;0;0;0;0;572717.7225;5932252.5616;10.097162047;53.534146562
123658;2;4;7;416;2018;2;7;2;2;6;4;2;0;0;1;0;0;1;1;567414.2971;5935352.7817;10.017826923;53.562716116
123659;2;5;7;515;2018;2;10;6;3;2;6;0;1;0;0;0;0;0;0;570653.61;5940638.85;10.067922257;53.609795812
123660;2;5;18;526;2018;1;17;4;3;5;3;2;0;1;0;0;0;0;0;575114.4841;5941516.8268;10.135545514;53.617065395
123661;2;5;12;520;2018;2;15;6;3;0;7;0;1;0;0;0;0;0;0;568695.2001;5944172.1791;10.039106303;53.641810298
123662;2;5;7;515;2018;1;8;4;3;5;3;1;0;1;0;0;0;1;1;570515.0995;5940504.1106;10.065798589;53.608603577
123663;2;5;11;519;2018;2;16;4;3;2;6;1;0;1;0;0;0;0;0;570930.273;5946751.8412;10.073497148;53.664695193
123664;2;5;5;513;2018;1;7;4;2;5;3;2;1;1;0;0;0;0;1;574675.534;5937728.742;10.128003707;53.583085492
123665;2;1;16;136;2018;2;13;4;3;0;3;0;0;1;0;0;0;1;0;566801.8202;5928105.9361;10.007034907;53.497665334
123666;2;5;6;514;2018;1;6;4;3;5;2;2;0;1;0;0;0;0;1;573219.1572;5940240.9018;10.106598928;53.605867259
123667;2;2;11;224;2018;2;13;3;3;2;6;0;0;1;0;1;0;0;0;553094.1458;5935468.9512;9.801666162;53.565404389
123668;2;5;7;515;2018;1;18;4;3;6;4;2;0;0;1;0;0;1;0;572567.2662;5941818.5701;10.097116082;53.620136216
123669;2;3;6;318;2018;2;18;2;3;2;6;2;1;1;0;0;0;0;2;562819.2777;5942639.5617;9.949929732;53.628774678
123670;2;2;7;219;2018;2;15;6;3;6;6;0;1;0;1;0;0;0;1;559877.8607;5934506.5397;9.903895545;53.556024544
123671;2;5;11;519;2018;1;8;4;3;5;3;1;0;1;0;0;1;0;1;570635.0402;5947145.4188;10.069119325;53.668272184
123672;2;3;3;314;2018;2;7;6;3;4;2;0;1;1;0;0;0;0;0;565809.989;5937212.259;9.994000848;53.579631259
123673;2;4;10;428;2018;1;7;4;3;6;2;2;0;1;1;0;0;0;1;569116.1887;5938806.1329;10.044282217;53.593530218
123674;2;3;8;320;2018;2;11;4;3;5;2;0;1;1;0;0;0;0;0;559782.0862;5940368.4176;9.903572876;53.608718676
123675;2;5;13;521;2018;1;17;4;3;2;6;2;0;1;0;0;0;0;0;572173.2045;5947886.2784;10.092568354;53.674720044
123676;2;5;5;513;2018;2;8;2;3;2;6;0;0;1;0;0;0;1;1;572970.9905;5937388.6753;10.102181683;53.580269301
123677;2;4;13;432;2018;1;7;4;2;5;3;1;1;1;0;0;0;0;1;566857.3879;5944963.5594;10.01148196;53.649160499
123678;2;3;1;302;2018;2;9;2;3;5;7;0;0;1;0;1;0;0;1;563174.487;5937403.913;9.95423894;53.581677782
123679;2;4;13;432;2018;2;9;1;3;4;1;0;0;1;0;0;0;0;1;567908.6205;5947819.0041;10.028007536;53.674686926
123680;2;4;10;427;2018;2;12;5;3;5;3;0;1;1;0;0;0;0;0;569106.107;5938709.7913;10.044108572;53.592665722
123681;2;4;4;407;2018;1;9;4;1;6;4;0;0;0;0;1;0;1;1;566805.9728;5941188.1712;10.009893625;53.615237376
123682;2;1;3;108;2018;2;17;3;3;6;4;2;0;1;1;0;0;0;0;565401.319;5934635.249;9.987289673;53.55652219
123683;2;4;4;407;2018;1;7;4;3;5;2;1;1;1;0;0;0;0;1;567375.4346;5941166.8706;10.018495978;53.614973008
123684;2;7;16;717;2018;2;14;1;3;5;2;0;0;1;0;0;0;1;1;554079.023;5929693.381;9.815536879;53.513394724
123685;2;1;11;129;2018;2;11;5;3;6;4;0;0;0;1;0;0;1;0;571230.4509;5934940.699;10.075338762;53.558508659
123686;2;2;5;215;2018;1;14;4;3;5;3;0;0;1;0;0;0;0;0;561057.7516;5936861.0845;9.922164489;53.577049882
123687;2;5;2;508;2018;2;18;5;3;2;6;2;0;1;0;0;0;0;0;573014.7572;5937233.4519;10.102806308;53.578868235
123688;2;4;1;401;2018;1;7;4;3;6;2;2;0;1;1;0;0;0;1;564832.5387;5937378.4853;9.979274254;53.581246909
123689;2;3;3;314;2018;2;9;4;3;5;3;0;1;1;0;0;0;0;0;564871.5787;5936983.9392;9.979781846;53.577696203
123690;2;2;8;220;2018;1;20;4;3;2;6;2;0;1;0;0;0;0;1;557898.1153;5938241.0346;9.874706331;53.589810461
123691;2;2;5;215;2018;1;11;4;3;6;4;0;0;1;1;0;0;0;1;561729.4722;5935756.3111;9.932089729;53.567042252
123692;2;2;9;221;2018;2;16;7;3;3;2;0;0;1;0;0;0;1;0;556859.5527;5936513.3157;9.85870323;53.574396185
123693;2;3;1;305;2018;2;7;5;3;6;4;2;0;1;1;0;0;0;0;563773.2631;5936938.6838;9.963186891;53.577424167
123694;2;1;7;120;2018;1;21;3;3;5;3;2;1;1;0;0;0;0;1;568009.4186;5934382.557;10.026599412;53.553919788
123695;2;3;8;320;2018;2;21;5;3;6;4;2;0;1;1;0;0;0;0;559962.8857;5941026.6018;9.906431872;53.614613365
123696;2;6;6;607;2018;2;10;4;2;6;6;0;0;1;1;0;0;0;0;575148.9101;5921037.3563;10.131151331;53.433014053
123697;2;1;2;103;2018;3;12;2;3;4;2;0;0;1;1;0;0;0;0;565821.5303;5932991.7477;9.993286139;53.541699118
123698;2;1;14;133;2018;2;18;7;3;1;6;2;0;1;0;0;0;0;0;568322.2097;5932661.6624;10.030944214;53.538413244
123699;2;5;18;526;2018;2;11;4;1;0;7;0;1;0;0;0;0;0;0;576287.3775;5940041.3128;10.152911559;53.603635903
123700;2;5;8;516;2018;3;7;5;3;5;3;0;0;1;0;0;0;0;0;569883.14;5940288.318;10.056200251;53.606748925
123701;2;1;16;137;2018;2;6;4;3;2;6;2;0;1;0;0;1;0;0;566241.1184;5928223.8003;9.998608656;53.498795519
123702;2;4;12;431;2018;3;15;4;2;5;3;0;0;1;0;0;1;0;1;568262.4598;5943450.9844;10.032403419;53.635385547
123703;2;5;5;513;2018;2;19;4;3;4;2;2;0;1;0;0;0;0;0;572856.2325;5937872.7786;10.100561702;53.584635837
123704;2;6;10;611;2018;3;17;3;2;0;6;1;0;1;0;0;0;1;0;577912.1267;5928303.0708;10.174535438;53.497908798
123705;2;5;9;517;2018;2;1;4;3;0;7;2;0;1;1;0;0;0;0;570509.2752;5943966.7167;10.066494859;53.639722548
123706;2;5;6;514;2018;3;20;7;3;0;6;2;0;0;0;0;0;1;1;573179.7513;5940229.1717;10.106000734;53.605767347
123707;2;5;8;516;2018;2;7;6;3;6;4;0;0;1;1;0;0;0;0;570032.3565;5940680.9704;10.058543309;53.610257759
123708;2;4;6;415;2018;2;13;4;3;1;5;0;1;1;0;0;0;0;0;568449.6151;5935971.5989;10.03359106;53.568143481
123709;2;3;9;321;2018;2;19;4;3;0;5;2;1;1;0;0;0;0;0;562055.0231;5937388.1524;9.93732902;53.581669791
123710;2;3;8;320;2018;2;9;4;2;5;3;0;1;1;0;0;0;0;0;559493.0587;5941700.0318;9.899459327;53.620719312
123711;2;1;4;112;2018;3;17;5;3;2;6;2;0;1;0;0;0;0;2;563345.1973;5933782.6498;9.956082804;53.549111741
123712;2;2;9;221;2018;2;10;4;3;5;3;0;1;1;0;0;0;0;0;556402.3098;5937622.2654;9.851999095;53.584412295
123713;2;3;7;319;2018;2;13;4;3;5;3;0;1;1;0;0;0;0;0;560029.1597;5943026.0135;9.907819116;53.6325752
123714;2;2;1;201;2018;2;18;3;3;4;2;1;0;1;0;0;0;0;1;563143.1761;5933474.5548;9.95297191;53.546367115
123715;2;2;9;221;2018;2;7;4;3;6;4;0;0;1;1;0;0;0;0;556774.6362;5937389.5923;9.857580342;53.582280958
123716;2;2;9;221;2018;3;8;3;3;3;6;0;0;1;0;0;0;0;0;556752.6277;5937353.5234;9.857241386;53.58195917
123717;2;2;9;221;2018;2;9;4;3;5;3;0;0;1;0;0;0;0;0;556868.5144;5936801.6645;9.858891078;53.576986762
123718;2;6;2;602;2018;3;16;6;3;1;6;0;0;1;0;0;0;0;2;578700.4151;5927317.4657;10.186168982;53.488934066
123719;2;2;3;209;2018;2;17;6;3;2;6;2;0;1;0;0;0;0;0;562358.5837;5935412.6935;9.941519062;53.563879651
123720;2;3;7;319;2018;2;10;4;3;5;3;0;1;1;0;0;0;0;0;560549.1936;5943857.1172;9.915844246;53.639984699
123721;2;2;1;203;2018;2;15;4;3;2;6;0;0;1;0;0;0;1;0;562026.9891;5934005.2175;9.936233901;53.551269422
123722;2;2;1;205;2018;2;14;4;3;5;3;0;1;1;0;0;0;0;0;563166.8073;5933997.7579;9.95343419;53.551066484
123723;2;5;2;509;2018;3;17;2;3;1;6;0;0;1;0;0;0;0;0;572345.9904;5938212.7634;10.092934396;53.58776189
123724;2;1;3;108;2018;2;17;4;3;3;6;0;0;1;0;0;0;1;0;565472.3451;5934683.1995;9.988371743;53.556944279
123725;2;1;1;101;2018;2;12;4;2;6;4;0;0;1;1;0;0;0;0;566504.7755;5934346.4433;10.003883076;53.553787993
123726;2;7;10;711;2018;3;7;2;3;4;2;1;0;1;0;0;0;1;1;561474.3781;5925835.6952;9.926291275;53.477911065
123727;2;1;3;108;2018;2;14;4;3;1;6;0;0;1;0;0;0;0;0;564958.9724;5934469.5166;9.980578703;53.555087634
123728;2;4;8;421;2018;3;9;6;3;0;1;0;1;0;0;0;0;0;2;568991.8088;5937859.5827;10.042193951;53.58503991
123729;2;7;1;702;2018;2;7;5;2;0;2;0;1;0;0;0;0;1;2;565017.7592;5924115.5356;9.979318378;53.46202559
123730;2;7;14;715;2018;2;17;3;3;6;2;2;0;1;1;0;0;0;0;556732.2631;5924724.1136;9.854645783;53.468452909
123731;2;7;10;711;2018;2;8;3;3;6;2;0;0;1;1;0;0;0;0;563490.8246;5924309.1644;9.956361869;53.463952091
123732;2;6;6;607;2018;2;17;3;2;2;6;2;0;1;0;0;0;0;0;578538.0702;5918064.5717;10.181412925;53.405804087
123733;2;2;8;220;2018;3;14;2;3;2;6;0;0;1;0;0;0;0;0;558596.5537;5939508.7674;9.885494961;53.601126555
123734;2;5;6;514;2018;2;8;3;3;6;4;0;0;1;1;0;0;0;0;574191.9235;5941376.5221;10.121568208;53.615935999
123735;2;5;5;513;2018;3;16;5;3;2;6;0;0;1;0;0;0;0;0;573000.217;5937288.2515;10.102599555;53.579362737
123736;2;3;1;304;2018;2;12;5;3;1;5;0;1;1;0;0;0;0;0;562394.1788;5936827.2745;9.942339026;53.576588753
123737;2;3;2;312;2018;3;8;6;3;3;2;0;0;1;0;0;0;0;0;565517.6697;5935541.0445;9.989235714;53.564648282
123738;2;5;12;520;2018;2;8;5;3;2;6;0;0;1;0;0;0;0;1;570469.4619;5945163.6229;10.066164063;53.650484381
123739;2;5;12;520;2018;2;19;3;3;6;2;2;0;1;1;0;0;0;0;569702.2625;5943997.8649;10.054297577;53.64011058
123740;2;1;14;132;2018;3;8;4;3;6;4;0;0;1;1;0;0;0;1;569951.0578;5931935.425;10.055355781;53.531672093
123741;2;5;13;521;2018;2;7;3;3;4;6;0;0;1;0;0;0;1;0;572629.1026;5950282.6122;10.100029565;53.696192109
123742;2;3;1;310;2018;3;19;4;3;6;2;2;0;0;1;0;0;1;1;563579.6529;5935429.0806;9.959955855;53.563880411
123743;2;1;3;106;2018;2;13;3;3;6;4;0;0;1;1;0;0;0;0;564273.782;5933903.645;9.970120814;53.550086315
123744;2;4;5;409;2018;2;13;3;3;1;5;0;1;1;0;0;0;0;0;565934.8794;5938590.5069;9.996178144;53.59200214
123745;2;7;4;705;2018;3;14;1;3;2;6;0;0;1;0;0;0;0;0;566107.2313;5922065.6056;9.995294792;53.443466472
123746;2;4;5;413;2018;2;20;7;2;6;4;2;0;0;1;1;0;0;0;566747.8625;5937389.9112;10.008202185;53.58110933
123747;2;4;5;413;2018;2;11;3;3;0;7;0;1;1;0;0;0;0;0;566942.7117;5937749.1525;10.011221869;53.584313049
123748;2;3;6;318;2018;3;9;5;3;6;2;0;0;1;1;0;0;0;0;562472.2959;5943681.8571;9.94489288;53.638183563
123749;2;2;5;215;2018;2;9;3;3;1;6;0;1;0;0;0;0;1;0;560827.9343;5936566.1912;9.918636559;53.574426259
123750;2;1;16;137;2018;2;8;3;3;6;4;0;0;1;1;0;0;0;1;565843.1873;5929746.3949;9.992930458;53.512529513
123751;2;1;5;114;2018;2;12;3;3;0;5;0;1;1;0;0;0;0;0;566571.2379;5934663.8172;10.00495374;53.556631873
123752;2;3;5;317;2018;2;9;3;3;2;6;0;0;1;0;0;0;0;0;563756.4634;5939424.6105;9.963441255;53.599767895
123753;2;4;9;424;2018;3;10;3;3;5;3;0;1;1;0;0;0;0;0;570068.693;5937081.768;10.058283769;53.577906891
123754;2;3;2;311;2018;2;8;3;3;2;6;0;0;1;0;0;0;1;0;564680.3776;5935513.1565;9.976589896;53.564501513
123755;2;4;13;432;2018;3;16;7;3;0;1;0;0;0;0;1;0;0;1;566973.4697;5944411.2198;10.013118861;53.644181751
123756;2;5;16;524;2018;3;9;4;3;2;6;0;0;1;0;0;0;1;1;574330.2367;5947285.5033;10.125071132;53.669018775
123757;2;1;5;114;2018;2;7;3;3;0;7;1;0;0;1;0;1;0;0;566735.1566;5934414.998;10.007374702;53.554374872
123758;2;3;8;320;2018;2;2;4;3;8;7;2;0;1;0;0;0;0;2;560125.051;5938483.1729;9.908392281;53.591736003
123759;2;1;5;114;2018;3;6;4;3;1;5;0;1;0;0;0;1;0;1;566661.5059;5934826.9482;10.006350981;53.558086508
123760;2;1;15;134;2018;2;6;2;3;5;3;2;1;1;0;0;0;0;0;567309.25;5930643.961;10.015228075;53.520410508
123761;2;6;1;601;2018;3;5;7;3;9;7;1;0;1;0;0;0;0;2;580128.8207;5928133.0064;10.207900906;53.496047508
123762;2;7;10;711;2018;2;21;7;3;4;2;2;0;1;0;0;0;0;0;562014.8176;5925716.9983;9.934409954;53.476780887
123763;2;1;11;129;2018;2;17;2;2;2;6;2;0;1;0;0;0;0;0;572221.002;5934478.9749;10.090183093;53.554223807
123764;2;7;16;717;2018;2;5;4;3;8;7;2;0;1;0;0;0;0;0;553121.3741;5930609.143;9.801251927;53.521723012
123765;2;1;2;104;2018;2;11;2;3;3;6;0;0;1;0;0;0;0;0;568096.8028;5932068.0586;10.027414386;53.533107695
123766;2;1;12;130;2018;2;7;3;3;5;3;0;0;1;0;0;0;1;2;573944.8818;5932684.4818;10.115775608;53.537856901
123767;2;1;8;121;2018;2;9;2;3;5;2;0;0;1;0;0;0;0;0;568939.7019;5934578.9913;10.040682794;53.555563824
123768;2;3;3;313;2018;3;18;3;3;3;6;1;1;1;0;0;0;0;0;565345.9813;5936428.2864;9.98682948;53.57264354
123769;2;1;8;121;2018;2;10;2;3;1;5;0;1;1;0;0;0;0;0;569413.0045;5934958.6843;10.047910574;53.558913785
123770;2;5;6;514;2018;3;9;6;3;5;3;0;0;1;0;0;0;0;0;573671.7413;5939552.6153;10.11327497;53.599618317
123771;2;3;2;312;2018;2;8;6;3;5;3;0;1;1;0;0;0;0;0;565732.338;5935759.9219;9.992522461;53.566588537
123772;2;5;6;514;2018;2;22;2;3;1;5;2;1;1;0;0;0;0;0;574140.9716;5940428.7987;10.120572578;53.60742623
123773;2;5;3;510;2018;2;15;2;3;6;7;0;1;0;1;0;0;0;0;570476.1575;5935820.2903;10.064152051;53.566515388
123774;2;4;13;432;2018;2;14;6;3;2;6;0;0;1;0;0;0;0;0;567888.2639;5945091.2139;10.027103177;53.650174975
123775;2;4;11;430;2018;2;7;2;3;2;2;0;0;1;0;0;0;0;0;568276.6401;5942167.8333;10.032336318;53.623852
123776;2;4;10;427;2018;2;16;2;3;5;3;0;1;1;0;0;0;0;0;569145.7815;5938033.5288;10.044557995;53.586582891
123777;2;2;6;218;2018;2;11;2;3;5;3;0;1;1;0;0;0;0;0;558757.2525;5934975.4742;9.88706964;53.560365724
123778;2;1;8;123;2018;3;19;2;3;2;6;2;0;1;0;0;0;0;0;570129.593;5934513.7407;10.058626877;53.554819801
123779;2;2;2;207;2018;2;9;2;3;4;7;0;0;1;0;0;0;1;0;564075.7914;5934709.8328;9.967298139;53.557355973
123780;2;2;9;221;2018;3;13;6;3;0;7;0;0;1;0;0;0;1;0;557297.9325;5936130.7609;9.865252698;53.570910261
123781;2;5;3;510;2018;2;7;5;3;6;6;2;1;0;1;0;0;0;2;570770.1301;5936379.7546;10.0687168;53.57150373
123782;2;7;1;702;2018;2;21;1;2;6;4;2;0;1;1;0;0;0;0;565276.1734;5924145.4375;9.983216278;53.462262369
123783;2;5;18;526;2018;2;16;3;3;2;2;0;0;1;0;0;0;0;2;578333.4836;5939977.0916;10.183810536;53.602756916
123784;2;4;5;409;2018;2;7;4;3;2;6;0;0;1;0;0;0;1;2;566322.4841;5939055.8606;10.002132259;53.596135453
123785;2;6;5;606;2018;3;12;4;3;6;4;0;0;1;1;0;0;0;1;581640.3422;5922498.4421;10.22921648;53.445179296
123786;2;6;1;601;2018;2;12;1;3;5;3;0;0;1;0;0;0;0;0;580142.3368;5928121.0576;10.208101552;53.495938069
123787;2;4;6;415;2018;3;11;4;3;0;2;0;0;1;1;0;0;0;1;567312.2121;5935906.9196;10.0164053;53.567709344
123788;2;4;12;431;2018;2;13;1;3;2;6;0;0;1;0;0;0;0;0;567895.4458;5942788.8552;10.026709185;53.62948271
123789;2;2;5;215;2018;3;8;2;3;3;6;0;0;1;0;0;1;0;1;560557.6175;5937491.1728;9.914734198;53.58277072
123790;2;1;3;108;2018;2;0;1;3;5;7;2;0;1;0;0;0;1;0;565519.676;5934839.424;9.989118884;53.558342401
123791;2;5;14;522;2018;3;18;2;3;5;2;2;0;1;0;0;0;0;0;571070.8607;5952226.4596;10.076879256;53.713875396
123792;2;1;1;101;2018;2;13;1;3;3;6;0;0;0;0;0;0;1;0;566290.8378;5934609.9309;10.000710127;53.556183071
123793;2;1;16;136;2018;3;19;5;3;6;4;2;0;1;1;0;0;0;0;567089.424;5927856.7943;10.011316499;53.495389627
123794;2;4;6;415;2018;2;10;5;3;1;6;0;0;1;0;0;0;0;1;567288.8196;5936339.5612;10.01614535;53.57160056
123795;2;7;1;701;2018;2;20;7;3;5;3;2;0;1;0;0;0;0;0;564476.6993;5923809.5297;9.971107289;53.45934189
123796;2;5;6;514;2018;2;17;3;3;2;2;2;0;1;0;0;0;0;2;573749.9723;5940427.5139;10.114663912;53.607469865
123797;2;5;6;514;2018;3;9;4;3;4;2;0;0;1;0;0;0;0;1;573442.7147;5938852.469;10.109649891;53.593358358
123798;2;1;16;137;2018;2;19;7;3;4;2;2;0;1;0;0;0;0;0;566057.8719;5928304.1428;9.995863529;53.499540626
123799;2;4;1;401;2018;3;7;4;2;5;3;0;1;1;0;0;0;0;1;564437.4231;5937670.4613;9.973367399;53.583919665
123800;2;7;2;703;2018;2;12;2;3;1;2;0;0;1;0;0;1;0;0;567110.964;5924038.1106;10.010825071;53.46106721
123801;2;6;6;607;2018;2;12;7;3;4;6;0;0;1;0;0;0;1;0;578893.9482;5921571.4655;10.187643002;53.437266974
123802;2;5;3;510;2018;3;15;1;3;5;3;0;0;1;0;0;0;1;0;570938.8485;5936281.977;10.071241958;53.570602218
123803;2;4;3;406;2018;2;13;7;3;1;5;0;0;1;0;0;0;0;0;565118.089;5939997.449;9.98413352;53.604748696
123804;2;1;13;131;2018;2;10;7;2;2;2;0;0;1;0;0;0;1;0;572414.5543;5932575.2567;10.09266344;53.537088493
123805;2;2;1;205;2018;3;18;5;3;6;4;2;0;1;1;0;0;0;0;563023.043;5934445.909;9.951354897;53.555111452
123806;2;5;7;515;2018;2;15;3;3;2;6;0;0;1;0;0;0;1;1;570691.5718;5940502.318;10.068464959;53.608563686
123807;2;1;8;122;2018;2;22;7;2;4;2;2;1;1;0;0;0;0;0;569896.008;5935180.512;10.055250616;53.560843266
123808;2;4;2;405;2018;2;19;1;3;2;6;2;0;1;0;0;0;0;2;565076.8528;5939011.3719;9.98330457;53.595891751
123809;2;5;4;512;2018;2;14;7;3;2;6;0;0;1;0;0;0;0;0;575532.2319;5936351.5091;10.140608452;53.570585925
123810;2;5;4;512;2018;3;7;5;3;6;4;0;0;0;1;0;1;0;0;575417.483;5936838.1759;10.138993551;53.574976001
123811;2;1;1;101;2018;2;6;5;3;4;2;2;0;1;0;0;0;0;0;566293.33;5934548.522;10.000734718;53.555630862
123812;2;3;8;320;2018;2;12;3;3;5;2;0;1;1;0;0;0;0;1;559843.1131;5938609.618;9.904157501;53.592904676
123813;2;4;12;431;2018;3;13;4;3;5;3;0;0;1;0;0;0;1;1;568259.8762;5943457.2418;10.032365724;53.63544212
123814;2;5;18;526;2018;2;16;7;3;2;6;0;0;1;0;0;0;0;1;576330.9565;5941263.3055;10.153869373;53.614611218
123815;2;7;8;709;2018;3;10;3;3;1;6;0;0;1;0;0;0;0;1;564539.6217;5921208.9176;9.971521345;53.435961295
123816;2;4;10;426;2018;2;19;7;3;4;2;2;0;1;0;0;0;0;0;569884.9679;5938584.1037;10.05584586;53.591432918
123817;2;1;11;129;2018;3;13;7;3;5;3;0;0;1;0;0;0;0;0;571645.5238;5934940.654;10.081603724;53.558451763
123818;2;1;11;129;2018;2;11;6;3;2;6;0;0;1;0;0;0;1;0;571819.5565;5934526.7956;10.084135416;53.554708644
123819;2;4;10;429;2018;2;1;7;3;4;2;2;0;1;0;0;0;0;0;568540.895;5939619.846;10.035770496;53.600918636
123820;2;5;18;526;2018;2;8;4;3;5;3;0;0;1;0;0;0;1;2;576829.3833;5939266.8037;10.160910038;53.596596459
123821;2;3;7;319;2018;2;12;3;3;1;6;0;0;1;0;0;0;1;1;561364.9463;5944257.2931;9.928260214;53.643486174
123822;2;4;8;420;2018;2;0;7;3;4;2;2;0;1;0;0;0;0;0;568561.5454;5936750.3192;10.035451876;53.575127301
123823;2;3;5;317;2018;2;14;3;2;5;3;0;1;0;0;0;0;1;2;564108.7863;5937914.4549;9.968454047;53.586152778
123824;2;3;9;321;2018;2;17;7;3;2;6;1;0;1;0;0;0;0;0;560655.468;5939413.9099;9.916585947;53.600039786
123825;2;7;1;701;2018;3;18;2;3;5;2;2;0;1;0;0;0;1;1;564776.5229;5923917.5983;9.975644592;53.460276365
123826;2;2;5;215;2018;2;8;7;3;5;3;0;0;1;0;0;0;0;0;561239.8653;5935825.216;9.924711437;53.567718898