OBJECTID_1;ULAND;UREGBEZ;UKREIS;UGEMEINDE;UJAHR;UMONAT;USTUNDE;UWOCHENTAG;UKATEGORIE;UART;UTYP1;ULICHTVERH;IstRad;IstPKW;IstFuss;IstKrad;IstGkfz;IstSonstig;STRZUSTAND;LINREFX;LINREFY;XGCSWGS84;YGCSWGS84
123827;2;4;5;413;2018;3;11;3;3;3;2;0;1;1;0;0;0;0;0;565943.4675;5937691.3093;9.996117808;53.58391981
123828;2;3;5;317;2018;2;19;7;3;0;7;2;0;0;0;1;0;0;0;564006.6865;5939359.7301;9.967208533;53.5991543
123829;2;1;19;140;2018;3;6;6;3;2;6;1;0;1;0;0;0;0;0;560541.1712;5929890.3473;9.913014278;53.514460548
123830;2;2;5;217;2018;2;18;6;3;1;5;2;0;1;0;0;0;0;0;558904.7421;5935982.3323;9.88948587;53.569398319
123831;2;3;2;312;2018;2;18;7;3;3;6;2;0;1;0;0;0;0;0;565438.2888;5935287.8213;9.987984319;53.56238241
123832;2;7;1;702;2018;2;5;2;3;5;3;2;0;1;0;0;0;0;2;565659.74;5923597.48;9.98887833;53.457289986
123833;2;3;2;311;2018;2;17;7;3;0;7;0;1;1;0;0;0;0;0;564918.9318;5935749.9519;9.980240386;53.566600197
123834;2;1;12;130;2018;2;12;6;3;2;6;0;0;1;0;0;0;0;1;574312.9792;5935892.7713;10.122091345;53.566637431
123835;2;5;4;512;2018;3;11;2;3;5;3;0;0;1;0;0;0;0;1;575772.8313;5937343.3231;10.14448164;53.579464431
123836;2;1;12;130;2018;2;22;6;3;5;3;2;0;1;0;0;0;0;1;572797.6516;5933176.0633;10.098582622;53.542434966
123837;2;3;4;316;2018;3;22;6;3;5;3;2;1;0;0;0;0;1;0;563836.5607;5937277.6073;9.964212059;53.580462467
123838;2;5;7;515;2018;2;6;5;3;5;7;2;0;1;0;0;0;0;1;571167.9786;5941085.4044;10.0757974;53.613739341
123839;2;1;6;115;2018;2;15;6;3;2;6;0;0;1;0;0;0;0;0;567379.8102;5933809.2192;10.016973594;53.548848286
123840;2;5;4;512;2018;2;15;6;3;2;6;0;0;1;0;0;0;1;0;575023.0418;5936855.8105;10.133042018;53.575191039
123841;2;5;11;519;2018;3;17;6;3;2;6;0;0;1;0;0;0;0;0;571201.9459;5946598.4636;10.077572829;53.66327989
123842;2;7;1;702;2018;2;15;5;3;2;6;0;0;1;0;0;0;0;0;565075.423;5923971.9822;9.980157072;53.460728295
123843;2;5;18;526;2018;2;12;6;3;2;6;0;0;1;0;0;0;0;1;577545.0071;5941352.5302;10.172239792;53.615234731
123844;2;5;6;514;2018;2;4;2;3;4;6;2;0;1;0;0;0;0;1;575110.4493;5943559.8845;10.135977543;53.635426348
123845;2;5;4;512;2018;2;16;6;3;5;3;0;0;1;0;0;0;0;1;575401.9142;5937850.1416;10.139002932;53.584072547
123846;2;4;10;429;2018;2;20;6;3;6;4;2;0;1;1;0;0;0;0;569520.8564;5939692.0004;10.050592769;53.601438011
123847;2;4;7;417;2018;3;12;2;3;2;6;0;0;1;0;0;0;0;0;568292.8046;5935742.9864;10.031173658;53.566109348
123848;2;5;11;519;2018;2;15;6;3;2;6;0;0;1;0;0;0;0;1;571178.1119;5945462.7093;10.076951973;53.653076289
123849;2;5;18;526;2018;3;19;5;3;5;3;2;0;1;0;0;0;0;2;576955.4473;5939570.2596;10.162889362;53.599305024
123850;2;4;2;405;2018;2;14;5;3;5;3;0;0;1;0;1;0;0;0;564508.1379;5939644.7976;9.97484378;53.601654785
123851;2;5;2;508;2018;2;9;2;3;1;6;0;0;1;0;0;0;0;1;571965.6901;5937099.4092;10.086933575;53.577808591
123852;2;4;9;424;2018;3;14;4;3;5;3;0;0;1;0;1;0;0;0;570266.0525;5937397.4707;10.061335099;53.580717712
123853;2;4;5;408;2018;2;15;6;3;4;3;0;1;1;0;0;0;0;0;567055.1339;5939491.1053;10.013294307;53.599953835
123854;2;1;1;102;2018;3;18;4;3;0;1;2;0;0;0;1;0;0;1;565575.5226;5933321.8933;9.989643554;53.544696997
123855;2;4;10;429;2018;2;7;2;3;4;6;0;0;1;0;0;1;0;2;568773.3866;5940193.4155;10.039409767;53.606042868
123856;2;1;8;121;2018;3;21;4;3;6;4;2;0;1;1;0;0;0;1;569313.4035;5935380.1992;10.046500696;53.562715135
123857;2;4;7;417;2018;2;13;6;3;1;7;0;0;1;0;0;0;0;0;568612.7181;5935217.3381;10.035887825;53.561343559
123858;2;2;7;219;2018;3;20;4;3;6;2;2;0;1;1;0;0;0;1;559791.8928;5934542.6315;9.902604884;53.556358717
123859;2;3;8;320;2018;2;23;6;3;3;6;2;0;1;0;0;0;0;1;559857.5536;5940463.8498;9.904731701;53.609567746
123860;2;1;1;101;2018;3;13;2;3;0;7;0;1;1;0;0;0;0;1;566215.2044;5933834.9257;9.999404431;53.549227472
123861;2;4;12;431;2018;2;7;7;2;0;1;1;0;1;0;0;0;0;0;567861.5717;5942782.8559;10.026195726;53.629433186
123862;2;2;5;216;2018;2;10;6;3;2;6;0;0;1;0;0;0;0;0;560290.1935;5935621.7653;9.910334292;53.566000376
123863;2;4;8;423;2018;3;17;5;3;6;7;1;1;0;1;0;0;0;0;569055.1131;5937433.4409;10.043055757;53.581201817
123864;2;5;14;522;2018;2;21;2;3;4;6;2;0;1;0;0;0;0;2;573718.9964;5951413.9368;10.116802665;53.706206237
123865;2;3;7;319;2018;2;6;6;3;2;6;2;1;1;0;0;0;0;2;558918.7469;5942045.6635;9.890843034;53.62389057
123866;2;5;11;519;2018;2;13;2;3;5;3;0;0;1;0;0;0;0;1;570498.072;5945470.4836;10.066666444;53.653238248
123867;2;4;10;428;2018;3;17;4;3;5;3;0;1;1;0;0;0;0;1;569117.0274;5938798.5948;10.044293216;53.593462362
123868;2;1;19;140;2018;2;6;6;3;1;6;2;0;1;0;0;0;0;2;560797.8185;5929990.2476;9.916903586;53.515328784
123869;2;2;8;220;2018;2;16;4;3;6;4;0;0;0;1;0;0;1;0;557215.0137;5940152.654;9.864738356;53.607066128
123870;2;1;12;130;2018;3;16;3;3;1;5;0;0;1;0;0;0;0;0;576026.3825;5931072.0999;10.146785585;53.523069574
123871;2;1;16;137;2018;2;20;5;3;5;2;2;0;1;0;0;0;0;1;566059.8715;5928303.2962;9.995893491;53.499532766
123872;2;5;2;506;2018;3;18;7;3;1;6;1;0;1;0;0;0;0;0;571563.0467;5937395.2925;10.08092128;53.580522768
123873;2;4;13;432;2018;2;16;6;3;0;3;0;1;1;0;0;0;0;0;567868.217;5945070.09;10.026795322;53.649987735
123874;2;1;16;137;2018;2;13;5;3;5;3;0;0;1;0;0;0;0;1;565698.172;5930202.218;9.990839522;53.516644274
123875;2;3;8;320;2018;2;15;2;3;5;2;0;0;1;0;0;0;0;1;560001.2654;5941216.0361;9.907048454;53.616311486
123876;2;6;2;602;2018;2;19;5;3;5;3;2;1;1;0;0;0;0;2;579580.7822;5927332.6173;10.199438502;53.488937828
123877;2;1;5;114;2018;3;5;1;3;2;6;2;0;1;0;0;0;0;0;566643.6943;5934836.889;10.006084254;53.55817811
123878;2;1;5;114;2018;2;16;7;3;0;7;0;0;1;0;0;0;1;0;566837.3604;5934168.7248;10.008864565;53.552148564
123879;2;1;6;115;2018;2;18;5;3;1;6;2;0;1;0;0;0;0;2;567107.2757;5933738.6133;10.012845746;53.548248639
123880;2;1;4;111;2018;3;12;5;3;6;4;0;0;1;1;0;0;0;0;563932.5371;5934002.9093;9.964991311;53.551020098
123881;2;3;9;321;2018;2;14;2;3;3;6;0;0;1;0;0;0;0;1;562238.2878;5936402.0896;9.939900197;53.572785989
123882;2;4;9;424;2018;2;12;5;3;5;3;0;0;1;0;0;0;1;0;570278.3711;5937265.6438;10.061491448;53.579531333
123883;2;2;8;220;2018;2;7;2;3;2;6;1;0;1;0;0;0;0;2;557719.1444;5940147.532;9.87235579;53.606964803
123884;2;5;2;508;2018;2;12;5;3;5;3;0;0;1;0;0;0;0;1;571736.4908;5936993.0249;10.083448099;53.576883917
123885;2;2;5;216;2018;3;14;3;3;5;2;0;1;1;0;0;0;0;0;559829.5897;5935914.2738;9.90343652;53.568682001
123886;2;4;10;427;2018;2;6;5;3;6;2;2;0;1;1;0;0;0;0;569208.6503;5938255.4392;10.045556783;53.588568915
123887;2;5;6;514;2018;2;17;4;3;9;1;1;0;1;0;0;0;0;2;575116.5772;5943540.858;10.136065607;53.635254483
123888;2;1;8;121;2018;3;5;6;3;5;2;2;1;1;0;0;0;0;0;569391.9731;5935229.0872;10.047653171;53.561346698
123889;2;3;2;311;2018;2;11;6;3;2;6;0;0;1;0;0;0;1;0;564905.4829;5936401.7136;9.980172795;53.572459406
123890;2;4;10;427;2018;2;16;5;3;6;4;1;1;0;1;0;0;0;0;569115.6774;5938062.5921;10.044109745;53.586848054
123891;2;3;7;319;2018;2;18;2;3;6;2;1;0;1;1;0;0;0;1;560943.0652;5942958.0124;9.92162481;53.631858454
123892;2;3;9;321;2018;2;18;5;3;6;4;2;0;1;1;0;0;0;1;562157.5864;5938848.272;9.93916891;53.594780222
123893;2;1;17;138;2018;2;15;2;3;3;6;0;0;1;0;0;1;0;1;567428.7985;5931433.5883;10.017200929;53.527491738
123894;2;3;4;316;2018;2;14;5;3;2;6;0;0;1;0;0;0;0;1;564257.723;5937579.7336;9.970634663;53.583126322
123895;2;1;3;107;2018;2;21;5;3;6;2;2;0;1;1;0;0;0;1;565153.8771;5933732.4419;9.983366784;53.548439192
123896;2;7;10;711;2018;2;10;1;3;4;2;0;0;1;0;0;0;0;1;563150.6291;5923874.1203;9.951150884;53.460083036
123897;2;1;3;106;2018;2;1;5;3;0;7;2;1;0;0;0;0;0;0;565149.714;5934763.5177;9.98351883;53.557706262
123898;2;1;11;128;2018;3;14;2;2;5;3;0;1;1;0;0;0;0;0;571465.7045;5934016.391;10.078678297;53.55016993
123899;2;1;5;113;2018;2;18;5;3;3;2;2;1;1;0;0;0;0;1;567090.2063;5935119.4872;10.012884523;53.560660989
123900;2;2;11;224;2018;3;16;6;3;5;3;0;0;1;0;0;0;0;0;552647.4079;5935674.6353;9.794956268;53.567298027
123901;2;1;15;134;2018;2;1;5;3;7;7;2;0;1;0;0;0;0;1;567926.5456;5931748.4553;10.02477672;53.530257402
123902;2;1;20;141;2018;2;16;4;3;6;4;0;0;1;1;0;0;0;0;558068.6636;5931976.0772;9.876118307;53.533485135
123903;2;7;10;711;2018;2;8;1;3;5;3;0;0;1;0;0;0;0;0;564101.1527;5924258.4585;9.96554347;53.463422448
123904;2;6;1;601;2018;3;16;4;3;6;4;0;0;1;1;0;0;0;1;578679.0832;5929168.6862;10.186311875;53.505573709
123905;2;6;5;606;2018;2;14;4;3;5;2;0;0;1;0;0;0;0;0;583281.654;5919475.2467;10.253122955;53.417754191
123906;2;1;8;122;2018;2;7;4;3;5;2;0;1;1;0;0;0;0;0;569769.5563;5934756.0367;10.053247111;53.557045305
123907;2;3;8;320;2018;3;5;2;3;3;6;1;0;1;0;0;0;0;2;559924.6158;5938506.2027;9.90536887;53.59196593
123908;2;5;18;526;2018;2;7;4;3;2;6;0;0;1;0;0;0;0;0;576331.6435;5941263.8494;10.15387989;53.614616006
123909;2;5;6;514;2018;3;10;5;3;6;2;0;0;1;1;0;0;0;0;573994.5095;5939595.028;10.118161462;53.599954002
123910;2;5;17;525;2018;3;11;2;2;4;2;0;0;1;0;0;0;0;1;576641.3972;5945941.6915;10.159713749;53.656608794
123911;2;2;8;220;2018;2;18;4;3;2;6;2;0;1;0;0;0;0;0;558551.781;5938624.3017;9.884652366;53.593182466
123912;2;7;13;714;2018;3;9;5;3;2;6;0;0;1;0;0;0;0;0;558604.1958;5925842.3553;9.883050605;53.478298273
123913;2;4;13;432;2018;2;14;5;3;2;6;0;0;1;0;0;0;1;0;567777.3951;5945031.9128;10.025413172;53.649656411
123914;2;3;3;314;2018;2;8;4;3;5;3;0;1;1;0;0;0;0;0;565458.994;5937391.3133;9.988737806;53.581284382
123915;2;5;6;514;2018;2;21;1;3;1;6;2;0;1;0;0;0;0;2;573912.9692;5940403.2458;10.117121191;53.607228804
123916;2;5;4;512;2018;3;16;4;3;6;4;0;0;1;1;0;0;0;1;575548.9865;5937842.7548;10.141222298;53.583984996
123917;2;1;5;114;2018;2;8;4;3;5;3;0;1;1;0;0;0;0;0;566669.8382;5934129.6331;10.006328024;53.551818539
123918;2;4;4;407;2018;3;9;4;3;5;3;0;0;1;0;0;0;0;1;565366.2876;5939840.534;9.987851039;53.60330757
123919;2;1;16;137;2018;2;7;2;2;4;6;2;0;1;0;0;1;0;1;565422.0605;5930499.7179;9.986738099;53.519352433
123920;2;1;5;113;2018;2;22;4;3;2;6;2;0;1;0;1;0;0;0;566982.0296;5935047.4006;10.011236169;53.56002695
123921;2;1;11;128;2018;3;7;1;3;5;3;0;0;1;0;0;0;0;0;571910.8288;5934151.3002;10.085426554;53.551321581
123922;2;4;10;428;2018;2;22;7;3;8;5;2;0;1;0;0;0;0;0;569045.6758;5939270.6637;10.043319882;53.597714265
123923;2;7;14;715;2018;2;7;3;3;6;4;0;0;1;1;0;0;0;2;558065.589;5925536.7408;9.874879393;53.475611201
123924;2;4;2;404;2018;3;16;5;3;0;7;0;0;1;0;0;0;1;0;565701.1624;5938608.388;9.992651377;53.592192183
123925;2;4;8;420;2018;2;10;1;3;5;3;0;0;1;0;0;0;0;1;568419.2173;5936614.4347;10.033272972;53.573924677
123926;2;1;20;141;2018;2;9;3;3;6;4;0;0;1;1;0;0;0;2;558267.9433;5931956.3716;9.879120908;53.533285965
123927;2;2;11;223;2018;2;20;1;3;1;5;2;0;1;0;0;0;0;2;554300.899;5934963.9697;9.819797084;53.560742303
123928;2;7;1;702;2018;2;9;3;2;4;2;0;0;1;0;0;0;1;1;565987.7918;5924488.6112;9.994005251;53.465257929
123929;2;5;7;515;2018;3;12;3;3;5;3;0;0;1;0;0;0;0;0;571580.3923;5941890.2562;10.082215348;53.620916264
123930;2;2;4;214;2018;2;18;5;3;5;3;2;0;1;0;0;0;0;0;561302.0013;5933862.8436;9.925264616;53.550074998
123931;2;5;10;518;2018;3;6;4;3;6;2;2;0;1;1;0;0;0;1;572856.6876;5944854.0871;10.102201689;53.647375636
123932;2;6;1;601;2018;2;12;3;2;6;2;0;0;1;1;0;0;0;1;580249.2959;5929701.8883;10.21011807;53.510128155
123933;2;7;4;705;2018;3;19;3;3;2;7;2;0;1;0;0;0;0;0;565574.7204;5922789.0529;9.987429527;53.450034913
123934;2;6;2;602;2018;2;12;3;3;2;6;0;0;1;0;0;1;0;1;578670.3758;5927181.8237;10.185682338;53.487719575
123935;2;6;2;602;2018;3;9;7;3;5;3;0;0;1;0;0;0;0;0;578443.3225;5927640.3093;10.182375703;53.491873775
123936;2;6;1;601;2018;2;23;6;3;8;1;2;0;1;0;0;0;0;0;580220.1749;5929966.1613;10.209746689;53.512507527
123937;2;1;12;130;2018;2;10;3;3;6;4;0;0;1;1;0;0;0;2;576233.021;5931962.847;10.150118704;53.531044625
123938;2;1;15;134;2018;2;9;4;3;9;7;0;0;0;1;0;0;1;2;567474.9381;5931265.9908;10.017860735;53.525979581
123939;2;5;18;526;2018;2;19;3;3;2;2;2;0;1;0;0;0;0;1;576128.1294;5940560.0142;10.150632127;53.608320474
123940;2;5;6;514;2018;2;10;3;3;1;6;0;0;1;0;0;0;0;1;574933.5352;5942304.1372;10.133000077;53.62416666
123941;2;1;1;102;2018;3;9;3;3;0;7;0;0;0;1;0;0;1;0;565850.5812;5934011.4419;9.993939158;53.550859722
123942;2;5;6;514;2018;2;14;3;3;1;2;0;0;1;0;0;0;0;1;574041.0968;5940200.5221;10.119009142;53.605388878
123943;2;5;10;518;2018;3;13;6;3;5;3;0;0;1;0;0;0;0;2;572643.4529;5946301.7174;10.099314871;53.660414827
123944;2;1;4;110;2018;2;17;6;3;1;5;0;1;1;0;0;0;0;0;563734.24;5934598.7208;9.962120169;53.556398957
123945;2;5;6;514;2018;2;1;3;3;8;1;2;0;1;0;0;0;0;2;574345.0734;5941112.5545;10.123819899;53.613542069
123946;2;3;7;319;2018;3;9;7;3;9;1;0;0;1;0;0;0;0;0;561068.3992;5943688.5183;9.923663332;53.638409123
123947;2;4;6;415;2018;2;20;6;2;8;1;2;0;1;0;0;0;0;0;568006.4862;5936163.2311;10.026942712;53.569923324
123948;2;5;10;518;2018;2;9;3;3;6;7;0;0;1;1;0;0;0;1;572913.8352;5944991.2553;10.103098236;53.648600376
123949;2;4;13;432;2018;2;10;3;3;6;4;0;0;1;1;0;0;0;1;566936.8555;5944622.2751;10.012610526;53.6460832
123950;2;4;5;410;2018;2;20;3;3;3;6;2;1;1;0;0;0;0;0;566431.6557;5938314.6015;10.003623674;53.589459821
123951;2;1;8;126;2018;3;6;2;3;1;1;1;0;1;0;0;0;1;2;570348.7242;5933737.9462;10.061759552;53.547818378
123952;2;5;1;501;2018;2;15;3;3;0;7;0;0;0;0;1;0;0;1;568938.2156;5935824.9362;10.040935239;53.566761444
123953;2;2;11;223;2018;3;12;6;3;6;7;0;0;1;1;0;0;0;0;553821.2824;5934893.5306;9.812544839;53.560158622
123954;2;4;11;430;2018;2;18;5;2;2;6;2;0;1;0;0;0;0;0;568643.9241;5940646.5005;10.037553296;53.610131734
123955;2;3;8;320;2018;2;14;3;3;5;2;0;0;1;0;0;0;0;1;560083.279;5940090.5154;9.908071026;53.60618661
123956;2;4;8;423;2018;2;19;4;3;2;6;2;0;1;0;0;0;0;2;568956.3974;5937288.4063;10.041532915;53.579911371
123957;2;6;2;602;2018;3;12;4;3;6;4;0;0;1;1;0;0;0;1;578439.3098;5926097.6152;10.181929753;53.478010521
123958;2;3;8;320;2018;2;10;3;3;6;4;0;0;1;1;0;0;0;0;559722.2221;5940302.8209;9.902655614;53.60813596
123959;2;4;7;417;2018;3;1;4;3;2;7;2;0;1;0;0;0;0;0;568656.46;5935238.635;10.036552784;53.561529236
123960;2;3;9;321;2018;2;10;3;3;0;7;0;0;0;0;1;0;0;1;560678.9082;5939392.4416;9.916935932;53.599844129
123961;2;2;9;221;2018;2;20;3;3;8;1;2;0;1;0;0;0;0;1;557259.4447;5936418.6131;9.864724351;53.573501545
123962;2;2;5;216;2018;2;14;3;3;2;2;0;0;1;0;0;0;0;0;559504.1232;5936165.8128;9.898570514;53.570979709
123963;2;4;8;423;2018;3;18;2;3;6;7;0;0;1;1;0;0;0;0;569588.6818;5937412.5427;10.051109;53.580943479
123964;2;2;8;220;2018;2;15;3;2;5;3;0;1;1;0;0;0;0;0;557726.3226;5937825.7366;9.872034426;53.586096914
123965;2;1;11;129;2018;3;19;5;3;5;2;2;0;1;0;0;0;0;1;572198.1139;5934463.9451;10.089834193;53.554091883
123966;2;2;8;220;2018;2;16;5;3;2;6;0;0;1;0;0;0;0;0;557859.3824;5937966.262;9.874070279;53.58734522
123967;2;4;9;425;2018;3;20;4;3;6;2;1;0;1;1;0;0;0;0;570701.3983;5937588.7841;10.067952877;53.582378537
123968;2;2;1;204;2018;2;9;3;3;4;2;0;1;1;0;0;0;0;0;562640.0774;5934647.0141;9.945615067;53.556964694
123969;2;2;3;210;2018;3;18;4;3;6;3;2;0;0;1;0;0;1;0;562623.8969;5934662.4509;9.945373935;53.557105361
123970;2;5;6;514;2018;2;9;2;3;6;4;0;0;1;1;0;0;0;1;573940.2988;5940387.5255;10.117530435;53.607083673
123971;2;2;8;220;2018;3;19;1;3;2;6;2;0;1;0;0;0;0;0;556423.8354;5938494.6693;9.852482004;53.592250747
123972;2;2;3;208;2018;2;14;7;3;0;7;0;0;1;0;0;0;1;0;562883.182;5935352.1523;9.949426317;53.563272948
123973;2;4;2;405;2018;3;10;5;3;5;3;0;1;1;0;0;0;0;1;564734.4347;5939190.9356;9.978168777;53.597547928
123974;2;5;7;515;2018;4;23;3;2;6;4;2;0;1;1;0;0;0;0;570255.3026;5939038.0262;10.061542205;53.595462817
123975;2;2;1;203;2018;3;18;5;3;2;6;2;0;1;0;0;0;0;1;562421.0398;5933893.0634;9.942158423;53.550214749
123976;2;2;3;209;2018;3;14;5;3;6;7;0;1;0;1;0;0;0;1;562131.4937;5935386.1453;9.938085577;53.563667988
123977;2;4;7;417;2018;3;6;6;3;5;3;1;0;1;0;0;0;0;0;568514.507;5935532.928;10.034474542;53.56419263
123978;2;1;4;109;2018;3;18;5;3;3;2;1;1;1;0;0;0;0;0;564414.3473;5934685.3098;9.972403171;53.557094141
123979;2;5;10;518;2018;3;7;3;3;5;3;0;1;1;0;0;0;0;0;573064.3782;5946054.4772;10.10562529;53.658134299
123980;2;1;3;108;2018;3;15;5;3;0;1;0;0;0;0;1;0;0;1;565316.7313;5934797.4009;9.986046842;53.557990022
123981;2;4;4;407;2018;4;17;5;3;6;4;0;0;1;1;0;0;0;1;566081.8676;5940155.81;9.998730327;53.606051255
123982;2;1;4;109;2018;3;17;5;3;2;6;0;0;1;0;0;0;0;1;564613.3076;5935078.1315;9.975487427;53.560600087
123983;2;5;18;526;2018;4;17;2;3;0;3;0;1;1;0;0;0;0;0;576455.0249;5938260.3976;10.155007965;53.587606922
123984;2;1;19;140;2018;3;7;5;3;2;6;0;0;1;0;0;1;0;1;561458.1313;5930391.7207;9.926939221;53.518860232
123985;2;7;1;701;2018;3;16;4;3;5;3;0;1;0;0;0;0;1;0;564771.2908;5923910.0951;9.975564254;53.460209574
123986;2;5;6;514;2018;3;9;5;2;6;4;0;0;1;1;0;0;0;1;574967.2151;5942246.3502;10.133495294;53.623642523
123987;2;1;15;134;2018;3;14;4;3;3;6;0;0;1;0;0;1;0;0;567889.7638;5931679.9043;10.024207042;53.529646075
123988;2;2;7;219;2018;3;17;2;3;5;3;0;1;1;0;0;0;0;0;559256.4704;5934135.4082;9.894446162;53.552759515
123989;2;6;1;601;2018;3;18;4;3;5;3;2;1;0;0;0;0;1;0;577481.2565;5930261.1967;10.168525445;53.515569705
123990;2;1;11;129;2018;3;13;5;3;3;6;0;0;1;0;0;1;0;1;570885.494;5935072.6198;10.070162003;53.559740932
123991;2;1;12;130;2018;3;9;4;3;2;2;0;0;1;0;0;0;0;0;574439.7986;5932751.6704;10.123257962;53.538390814
123992;2;5;6;514;2018;3;11;6;3;0;6;0;0;1;0;0;0;1;0;574194.645;5940226.107;10.121335373;53.605597085
123993;2;1;5;113;2018;3;6;3;3;2;6;1;0;1;0;1;0;0;0;567192.1571;5935262.633;10.014454226;53.561934422
123994;2;3;4;315;2018;3;8;5;3;1;5;0;1;1;0;0;0;0;1;564072.3374;5936961.7925;9.967707937;53.577595404
123995;2;5;4;512;2018;3;16;4;3;1;6;0;0;1;0;0;0;0;0;573478.8044;5936351.1932;10.109606151;53.570874686
123996;2;1;4;111;2018;4;9;5;3;0;4;0;0;0;1;0;1;0;1;564110.1968;5934711.0098;9.967817688;53.55736235
123997;2;5;5;513;2018;3;7;4;2;3;6;0;1;1;0;0;0;0;0;575253.957;5938792.3237;10.136995685;53.592560971
123998;2;1;12;130;2018;4;14;1;3;6;4;0;0;0;1;0;0;1;0;575895.3998;5932153.9553;10.145072507;53.532810959
123999;2;5;7;515;2018;3;10;4;3;2;6;0;0;1;0;0;0;0;0;570456.4508;5939278.0831;10.064635176;53.597593204
124000;2;4;13;432;2018;3;15;4;3;5;2;0;0;1;0;0;0;0;1;566102.1908;5946774.3359;10.000443826;53.665530026
124001;2;2;3;210;2018;3;20;5;3;2;2;2;0;1;0;0;0;1;0;562855.5776;5934915.8291;9.948921833;53.559354868
124002;2;4;13;432;2018;3;5;4;3;5;7;2;0;1;0;0;0;0;0;566699.2973;5946052.0947;10.009324277;53.658963392
124003;2;5;6;514;2018;3;19;1;3;5;7;2;0;1;0;0;0;0;0;574163.4286;5940255.4608;10.120870671;53.605865301
124004;2;2;8;220;2018;3;8;4;3;4;2;0;1;0;0;0;0;1;0;557388.3146;5937748.9726;9.866914882;53.585444099
124005;2;3;3;314;2018;4;8;4;3;4;2;0;1;1;0;0;0;0;0;565540.4836;5937485.268;9.98998821;53.582118595
124006;2;2;5;215;2018;3;7;4;3;2;6;0;0;1;0;0;0;0;0;560670.401;5937429.729;9.916425629;53.582205465
124007;2;4;13;432;2018;3;14;7;3;0;7;0;0;0;0;0;0;1;1;568049.3656;5948158.5834;10.030212236;53.677720404
124008;2;1;5;114;2018;3;18;4;3;0;4;2;0;0;1;0;0;1;0;566851.4526;5934171.6026;10.009077857;53.552172634
124009;2;1;16;136;2018;4;13;4;2;0;2;0;0;0;0;0;0;1;0;567468.7271;5926819.0231;10.016810062;53.486014392
124010;2;1;19;140;2018;3;17;3;3;3;6;0;0;1;0;0;1;0;0;560487.6519;5929829.9031;9.912195604;53.513923465
124011;2;1;12;130;2018;3;9;7;3;2;6;0;0;1;0;0;0;0;0;573501.5136;5933107.0318;10.109186143;53.541716552
124012;2;1;16;137;2018;3;5;3;3;5;2;1;1;1;0;0;0;0;1;565745.8221;5928427.8877;9.9911859;53.500691857
124013;2;6;14;615;2018;3;14;3;3;1;7;0;0;1;0;0;0;0;0;577967.7364;5926271.556;10.174868879;53.479643748
124014;2;4;6;415;2018;3;16;4;3;2;6;0;0;1;0;0;0;0;1;568404.179;5936542.8905;10.033030229;53.573283663
124015;2;1;12;130;2018;3;10;3;3;1;6;0;0;0;0;0;0;1;0;573351.0988;5933224.7118;10.106944343;53.542795162
124016;2;3;4;316;2018;4;8;6;3;5;3;0;1;1;0;0;0;0;0;563402.432;5937275.1657;9.957655325;53.580493185
124017;2;1;5;114;2018;3;12;1;3;5;3;0;0;1;0;0;0;0;0;566397.0327;5934715.8356;10.002335446;53.557121438
124018;2;1;14;132;2018;3;16;3;3;2;6;0;0;0;0;0;1;1;0;569401.1728;5932945.2983;10.047285118;53.540820863
124019;2;5;6;514;2018;4;8;3;3;4;7;0;0;1;0;0;0;0;1;573588.2419;5940367.9488;10.112205944;53.606957303
124020;2;5;18;526;2018;3;7;3;3;1;6;0;0;1;0;0;0;0;0;576262.9061;5940064.6207;10.152547515;53.603848926
124021;2;1;16;136;2018;3;2;6;3;1;5;2;0;1;0;0;1;0;0;567862.6462;5929107.9983;10.023240895;53.506535321
124022;2;5;18;526;2018;3;10;3;3;0;1;0;0;0;0;1;0;0;0;577770.1159;5940430.8282;10.175411871;53.606918381
124023;2;6;1;601;2018;3;17;3;3;0;7;0;1;0;0;0;0;0;0;577004.9877;5929650.7418;10.161194272;53.510153644
124024;2;5;18;526;2018;3;11;3;3;8;7;0;0;0;0;1;0;0;0;575071.293;5941750.3006;10.134948995;53.619169753
124025;2;5;18;526;2018;3;15;3;3;3;2;0;0;1;0;0;0;0;0;576223.0052;5941420.5709;10.15227636;53.616040231
124026;2;1;4;111;2018;3;12;4;3;2;2;0;0;1;0;0;0;0;1;563962.3057;5934006.3949;9.965441278;53.551047798
124027;2;4;9;425;2018;3;11;3;3;3;6;0;0;1;0;0;0;1;0;570617.4275;5937776.1547;10.06672713;53.584073748
124028;2;1;1;102;2018;4;14;6;3;6;4;0;1;0;1;0;0;0;0;565877.3148;5933966.3028;9.994333094;53.550450692
124029;2;2;1;201;2018;3;15;7;3;5;2;0;0;1;0;0;0;0;0;563264.7561;5933723.175;9.95485684;53.548586919
124030;2;3;1;309;2018;3;14;5;3;3;6;0;0;1;0;0;0;0;0;564219.6743;5935868.8854;9.969708103;53.567755131