OBJECTID_1;ULAND;UREGBEZ;UKREIS;UGEMEINDE;UJAHR;UMONAT;USTUNDE;UWOCHENTAG;UKATEGORIE;UART;UTYP1;ULICHTVERH;IstRad;IstPKW;IstFuss;IstKrad;IstGkfz;IstSonstig;STRZUSTAND;LINREFX;LINREFY;XGCSWGS84;YGCSWGS84
124031;2;5;3;510;2018;3;11;3;3;2;6;0;0;1;0;0;1;0;0;570288.205;5936281.967;10.0614185;53.570689697
124032;2;2;13;226;2018;4;16;3;3;6;4;0;0;1;1;0;0;0;0;553127.4756;5936696.7494;9.802378229;53.576436076
124033;2;4;9;424;2018;3;19;3;3;6;2;2;0;1;1;0;0;0;0;570084.6157;5936897.603;10.058482867;53.576249669
124034;2;5;7;515;2018;3;7;3;3;2;6;0;0;1;0;0;0;1;1;571564.638;5941857.6914;10.081969723;53.620625761
124035;2;1;2;103;2018;3;17;6;3;3;6;0;1;1;0;0;0;0;0;565604.2607;5933166.9659;9.990044696;53.543301035
124036;2;4;10;429;2018;3;16;3;3;1;5;0;0;1;0;0;0;0;0;568442.2929;5940180.6227;10.034403856;53.60597125
124037;2;5;2;507;2018;3;13;6;2;4;7;0;0;1;0;0;0;0;0;571356.2623;5936851.3583;10.077674184;53.575662627
124038;2;3;8;320;2018;3;8;3;3;2;6;0;0;1;0;0;1;0;1;560054.1665;5938006.0052;9.907229615;53.587455627
124039;2;1;2;103;2018;3;17;5;3;3;6;1;0;1;0;0;0;1;1;566028.9272;5933218.6363;9.996463253;53.543712189
124040;2;4;5;413;2018;3;7;3;3;5;3;0;1;1;0;0;0;0;0;566575.9663;5937310.312;10.005589216;53.580415808
124041;2;4;6;415;2018;4;17;5;3;2;6;0;0;1;0;0;0;0;1;568434.1696;5936578.9752;10.03349097;53.573604048
124042;2;4;5;408;2018;3;10;3;3;1;7;0;0;1;0;0;0;0;0;566177.597;5939654.2757;10.000070405;53.601531812
124043;2;1;3;105;2018;4;13;2;2;2;6;0;0;1;0;0;0;1;0;565034.08;5933242.34;9.981457068;53.54404936
124044;2;3;9;321;2018;3;9;3;3;5;3;0;0;1;0;0;0;0;0;562141.3963;5937459.6219;9.938647709;53.582301885
124045;2;1;6;116;2018;3;18;6;2;0;3;1;0;1;0;1;0;0;0;567962.0025;5933237.4749;10.025634931;53.543634896
124046;2;5;7;515;2018;4;9;5;3;1;6;0;0;1;0;0;0;0;0;571006.2548;5940527.0988;10.073225955;53.608743837
124047;2;2;4;213;2018;3;14;3;2;6;4;0;0;1;1;0;0;0;0;561808.6319;5933898.9924;9.932917505;53.550340486
124048;2;1;3;107;2018;4;13;3;3;0;7;0;1;1;0;0;0;0;0;565041.8044;5934390.3856;9.981812415;53.554366207
124049;2;2;1;202;2018;3;5;3;3;2;6;0;1;0;0;0;0;1;2;562378.1228;5933642.4163;9.941460747;53.547967189
124050;2;1;19;140;2018;3;17;3;3;2;6;0;0;1;0;0;1;0;0;561264.7894;5930081.8484;9.923962973;53.516097832
124051;2;1;6;116;2018;3;17;5;3;6;7;0;0;1;1;0;0;0;1;567687.4787;5933334.918;10.021513821;53.544546089
124052;2;7;1;702;2018;3;8;2;3;1;5;0;0;1;0;0;0;1;0;565375.9528;5923695.111;9.984625304;53.458202729
124053;2;4;11;430;2018;3;17;6;3;4;2;0;1;1;0;0;0;0;0;568603.083;5940794.8894;10.036968769;53.61147066
124054;2;6;1;601;2018;3;13;2;3;5;3;0;1;0;0;0;0;1;0;578949.2958;5929014.3304;10.190346271;53.504146061
124055;2;1;11;129;2018;3;7;2;3;2;2;0;0;1;0;0;0;0;0;571739.4854;5934595.9678;10.082942833;53.555341242
124056;2;1;3;108;2018;4;15;5;3;2;6;0;0;1;0;1;0;0;1;565190.6821;5934783.7316;9.984141412;53.557882843
124057;2;1;11;129;2018;3;11;2;3;8;1;0;0;1;0;0;0;0;0;570859.533;5934932.508;10.069738375;53.55848525
124058;2;2;2;207;2018;4;19;1;3;4;2;0;1;1;0;0;0;0;0;563263.8597;5935132.0942;9.955128455;53.561249462
124059;2;1;14;132;2018;3;5;2;3;6;4;2;0;1;1;0;0;0;0;570607.0038;5931816.4906;10.065223382;53.530515481
124060;2;1;6;115;2018;3;14;2;3;2;6;0;0;1;0;0;0;0;0;566849.5146;5933709.2759;10.008949767;53.548017857
124061;2;5;4;512;2018;3;11;4;3;1;5;0;0;1;0;0;0;0;1;573178.3791;5936441.5956;10.10509153;53.571729112
124062;2;5;3;510;2018;3;12;2;3;5;3;0;0;1;1;0;0;0;0;570249.6146;5936260.9948;10.060831141;53.570506388
124063;2;4;5;413;2018;4;18;6;3;1;6;0;1;1;0;0;0;0;0;566994.1751;5937189.3449;10.01187896;53.579275405
124064;2;4;12;431;2018;3;11;2;3;1;6;0;0;1;0;0;0;0;0;567656.2122;5942763.6592;10.023086673;53.629287243
124065;2;4;7;417;2018;3;9;2;3;5;3;0;1;1;0;0;0;0;0;568298.9991;5935636.4721;10.031243886;53.565151285
124066;2;5;3;511;2018;3;8;5;3;6;4;0;0;1;1;0;0;0;2;572270.1997;5936102.0774;10.091300989;53.568803773
124067;2;2;9;221;2018;3;13;2;3;3;6;0;0;1;0;0;0;1;0;556437.3128;5937616.4998;9.852526735;53.584356711
124068;2;3;2;312;2018;3;10;2;3;0;5;0;0;1;0;1;0;0;0;565891.9423;5936249.1698;9.995035215;53.570965494
124069;2;2;5;215;2018;3;12;2;3;2;6;0;0;1;0;0;1;0;0;560805.4708;5936187.8296;9.91822368;53.571028374
124070;2;4;11;430;2018;4;9;4;3;0;3;0;1;1;0;0;0;0;0;569753.6837;5943004.2488;10.054852418;53.631174159
124071;2;3;4;315;2018;3;17;2;3;6;4;0;0;1;1;0;0;0;0;564376.2031;5937008.3379;9.972306207;53.577976513
124072;2;5;3;510;2018;3;3;7;3;0;7;2;1;0;0;0;0;0;0;570551.3088;5936366.1924;10.065409892;53.571411318
124073;2;3;5;317;2018;3;11;2;3;1;5;0;0;1;0;1;0;0;0;563201.1017;5937524.9978;9.95466541;53.5827628
124074;2;3;2;312;2018;3;16;2;3;3;6;0;1;1;0;0;0;0;0;565465.9019;5936397.4476;9.988633713;53.572351434
124075;2;3;6;318;2018;3;21;4;3;4;7;2;0;1;0;0;0;0;1;563052.597;5942087.7502;9.953345581;53.623787371
124076;2;5;7;515;2018;3;16;6;3;4;6;0;0;0;0;1;0;1;0;571932.9598;5939722.7537;10.08704426;53.601388863
124077;2;7;4;705;2018;3;7;6;3;6;7;0;0;1;1;0;0;0;0;565963.6946;5922457.0087;9.993216147;53.447002152
124078;2;3;3;314;2018;3;15;2;3;6;4;0;0;0;1;0;0;1;0;565472.9505;5937098.5329;9.988887164;53.57865136
124079;2;2;3;210;2018;4;9;6;3;5;3;0;1;0;0;0;0;0;0;562463.6658;5934981.0857;9.943019122;53.559988139
124080;2;5;2;505;2018;3;14;7;3;2;6;0;0;1;0;0;0;0;0;570423.2043;5936330.2424;10.063467619;53.571105446
124081;2;1;4;111;2018;3;15;2;3;1;5;0;0;1;0;0;0;0;0;564054.0964;5933944.9403;9.966813953;53.550484296
124082;2;4;9;425;2018;4;6;3;3;5;6;0;0;1;0;0;0;0;1;570688.575;5937582.8817;10.06775788;53.582327221
124083;2;5;9;517;2018;3;12;1;3;1;7;0;1;1;0;0;0;0;0;570233.469;5943794.672;10.062285065;53.638213483
124084;2;1;5;114;2018;3;19;2;3;5;3;2;0;0;0;0;0;1;0;566911.5836;5934183.3581;10.009987855;53.552270622
124085;2;7;7;708;2018;4;8;3;3;0;3;0;1;0;0;0;0;1;1;565204.5729;5920061.3254;9.981291715;53.425565541
124086;2;1;5;113;2018;3;8;2;3;4;6;0;1;1;0;0;0;0;0;567616.2407;5934436.0894;10.020677024;53.55445168
124087;2;2;8;220;2018;3;14;7;3;0;7;0;1;0;0;0;0;1;1;557128.4983;5939430.8174;9.86329863;53.600588067
124088;2;1;17;138;2018;3;7;2;3;4;2;0;0;1;0;0;0;0;0;564946.117;5931424.9971;9.979752645;53.527727236
124089;2;1;12;130;2018;3;16;1;2;4;6;0;0;1;0;0;0;0;0;574928.7519;5933735.1324;10.130870002;53.547159525
124090;2;1;4;109;2018;3;8;4;3;3;2;0;1;1;0;0;0;0;1;565574.7294;5935012.6064;9.989986201;53.559891958
124091;2;5;7;515;2018;3;8;6;3;5;3;0;0;1;0;0;0;1;0;571468.68;5940435.22;10.080192859;53.607855257
124092;2;5;6;514;2018;3;17;1;3;5;3;0;0;1;0;0;0;1;0;574279.9999;5942617.0739;10.123195353;53.627072058
124093;2;1;11;129;2018;4;18;5;3;7;7;0;1;0;0;0;0;0;0;571590.0278;5935108.2433;10.080804478;53.559965457
124094;2;1;1;102;2018;3;9;5;3;3;2;0;1;0;0;0;0;0;1;565388.8672;5933804.8986;9.986928061;53.549061169
124095;2;5;16;524;2018;3;13;1;3;2;6;0;0;1;0;0;0;0;0;574137.9099;5946988.6365;10.122089779;53.666378234
124096;2;2;5;215;2018;4;9;3;3;3;6;0;0;1;0;0;1;0;1;560785.0997;5937161.8097;9.918105728;53.579784287
124097;2;3;1;301;2018;3;14;1;3;1;5;0;1;1;0;0;0;0;0;562418.0313;5937092.7437;9.942752298;53.578971777
124098;2;1;4;112;2018;3;4;1;3;6;4;2;0;0;1;0;0;1;0;563374.4726;5933848.8767;9.956538017;53.549703413
124099;2;6;3;604;2018;3;20;5;2;6;6;2;0;1;1;0;0;0;0;580174.8461;5924542.295;10.207677743;53.463771841
124100;2;2;12;225;2018;3;6;6;3;2;6;0;0;1;0;1;0;0;0;554451.2607;5937490.221;9.822507394;53.583431753
124101;2;6;2;603;2018;3;16;7;2;6;7;0;1;0;1;0;0;0;0;580640.8841;5927077.7508;10.215346914;53.486486042
124102;2;5;5;513;2018;3;16;7;3;4;1;0;0;1;0;0;0;0;0;574572.9749;5938427.7135;10.1266219;53.589381605
124103;2;4;7;416;2018;3;12;7;3;6;4;0;0;1;1;0;0;0;0;567345.6751;5935271.7781;10.016773582;53.561996933
124104;2;1;11;129;2018;3;20;6;3;0;6;2;0;1;0;0;0;1;0;571865.1811;5934394.5207;10.084793588;53.553513649
124105;2;2;4;211;2018;3;0;7;3;4;2;2;0;1;0;0;0;1;0;561699.0385;5934640.3839;9.931409905;53.55701656
124106;2;5;7;515;2018;3;9;3;3;6;2;0;0;1;1;0;0;0;0;571219.8562;5941330.2832;10.076637438;53.615932994
124107;2;2;5;216;2018;3;6;6;3;5;3;0;0;1;0;1;0;0;1;559768.5858;5935580.8394;9.902451676;53.565692227
124108;2;5;3;510;2018;3;18;6;2;2;1;2;0;1;0;1;0;0;0;570257.4794;5936242.7217;10.060945773;53.570341114
124109;2;4;12;431;2018;4;7;5;3;5;3;0;1;1;0;0;0;0;1;567695.5532;5942448.1747;10.023612855;53.626446885
124110;2;4;5;408;2018;3;19;6;2;6;4;2;0;1;1;0;0;0;0;567895.3858;5940161.3098;10.026135421;53.605868835
124111;2;5;18;526;2018;4;18;2;3;0;7;1;1;0;0;0;0;0;0;575310.377;5939635.795;10.138051651;53.600132936
124112;2;4;10;427;2018;3;15;6;3;1;7;0;0;1;0;0;0;1;0;569313.4039;5937848.3819;10.047048606;53.584896838
124113;2;3;8;320;2018;3;15;6;3;1;6;0;0;1;0;0;0;0;0;559694.9497;5940128.4203;9.902210059;53.606571661
124114;2;5;4;512;2018;3;11;5;3;0;7;0;0;0;0;0;0;1;0;574976.7172;5936402.0193;10.132233585;53.57111953
124115;2;3;7;319;2018;3;11;6;3;0;3;0;1;1;0;0;0;0;0;561112.3423;5942904.9222;9.924173947;53.631361582
124116;2;3;5;317;2018;3;7;6;3;4;2;0;0;1;0;0;0;0;0;562423.3182;5938699.9153;9.943153687;53.593415318
124117;2;5;18;526;2018;3;14;2;3;2;6;0;0;1;0;0;0;0;0;576061.1182;5940215.214;10.149535358;53.60523159
124118;2;2;4;214;2018;3;18;6;3;4;2;2;0;1;0;0;0;0;0;560799.8675;5933673.2488;9.917649844;53.548429412
124119;2;4;3;406;2018;3;14;6;3;2;6;0;0;1;0;0;0;0;0;564028.847;5940899.5167;9.967859716;53.612990007
124120;2;1;1;102;2018;4;13;5;3;3;2;0;1;1;0;0;0;0;0;566045.4442;5933747.3562;9.996824125;53.548461845
124121;2;2;1;206;2018;3;9;3;3;5;3;0;1;1;0;0;0;0;0;562817.1043;5935142.6309;9.948386686;53.56139782
124122;2;1;4;112;2018;3;4;6;3;6;6;2;1;0;1;0;0;0;0;563768.5124;5933804.1737;9.962475393;53.549253943
124123;2;2;8;220;2018;4;7;5;3;1;6;0;0;1;0;0;0;1;1;557970.0701;5938119.3574;9.87577065;53.588708937
124124;2;1;3;108;2018;3;23;6;3;4;2;2;0;1;0;0;0;0;0;565535.0564;5934834.4932;9.989350002;53.558296167
124125;2;6;2;602;2018;4;4;1;2;9;1;2;0;1;0;0;0;0;0;578271.4098;5928106.92;10.179901476;53.496092701
124126;2;1;3;108;2018;3;18;6;3;2;6;0;0;1;0;0;0;0;0;565492.4;5934508.27;9.98863779;53.555369643
124127;2;5;6;514;2018;3;19;5;3;5;3;2;0;1;0;0;0;0;0;573713.5291;5941303.3431;10.114320452;53.615345897
124128;2;2;8;220;2018;3;8;5;3;2;6;0;0;1;0;0;0;1;2;558706.0364;5939503.3125;9.887148188;53.601065277
124129;2;2;4;213;2018;3;12;6;3;0;7;0;0;1;0;0;0;1;0;561265.2136;5933951.0703;9.924726726;53.550872223
124130;2;3;9;321;2018;3;18;5;2;6;4;2;0;1;1;0;0;0;0;561888.0716;5937525.33;9.934834823;53.582922382
124131;2;6;1;601;2018;3;14;1;3;2;6;0;0;1;0;0;0;0;0;579502.0583;5928645.0794;10.198584855;53.500744446
124132;2;2;9;221;2018;3;9;5;3;0;7;0;0;0;0;0;0;1;0;556663.7607;5937465.5349;9.855919564;53.582975487
124133;2;3;7;319;2018;4;20;4;3;0;7;2;0;0;0;1;0;0;1;560046.6781;5943025.8539;9.908083978;53.632571756
124134;2;2;5;217;2018;3;16;5;3;2;6;0;0;1;0;0;0;0;0;559473.7062;5936181.5686;9.89811425;53.571124762
124135;2;4;9;425;2018;3;21;7;2;5;3;2;0;1;0;0;0;0;1;570196.4766;5937865.1969;10.060389595;53.584930487
124136;2;3;7;319;2018;3;15;5;3;5;3;0;0;1;0;0;0;0;0;560397.7634;5943195.7472;9.913425671;53.634058253
124137;2;2;1;202;2018;3;19;5;3;0;7;2;0;1;0;1;0;0;0;562951.9688;5933585.166;9.950108865;53.547384176
124138;2;3;1;304;2018;3;22;4;2;6;3;2;0;1;1;0;0;0;1;562810.772;5936506.311;9.948565316;53.573654431
124139;2;2;1;202;2018;3;14;5;3;2;6;0;0;1;0;0;0;0;0;562989.9539;5933469.8917;9.950658855;53.546343608
124140;2;2;2;207;2018;4;17;1;3;5;3;0;1;1;0;0;0;0;0;563985.5711;5935264.5098;9.966049944;53.562352029
124141;2;1;5;114;2018;3;17;5;3;0;7;0;1;1;0;0;0;0;0;567182.3132;5934234.9584;10.014084733;53.55269979
124142;2;6;1;601;2018;3;17;4;3;2;6;1;0;1;0;0;0;0;0;579972.912;5927741.8009;10.205451515;53.492555589
124143;2;5;10;518;2018;3;7;4;3;5;3;0;1;1;0;0;0;0;1;573269.3889;5944903.2245;10.10845548;53.647759591
124144;2;2;1;203;2018;3;7;6;3;2;6;0;0;1;0;0;0;0;0;562057.0571;5933616.7962;9.936610595;53.547774974
124145;2;5;4;512;2018;3;17;4;3;2;6;0;0;1;0;0;0;0;0;574620.5158;5936816.8461;10.126954817;53.574898287
124146;2;2;8;220;2018;4;7;6;3;5;2;0;1;1;0;0;0;0;0;557389.2728;5937749.4125;9.866929436;53.585447948
124147;2;4;5;408;2018;3;1;1;3;1;5;2;1;1;0;0;0;0;1;566474.7306;5939505.8557;10.004528257;53.600160337
124148;2;5;7;515;2018;3;12;4;3;1;5;0;0;1;0;0;0;0;0;570794.2686;5939255.9841;10.069733793;53.597349082
124149;2;5;5;513;2018;4;13;3;2;2;6;0;0;1;1;0;0;0;0;572960.7548;5937441.0895;10.102039363;53.580741766
124150;2;5;17;525;2018;3;16;4;3;0;3;0;0;1;0;1;0;0;0;576798.3904;5945233.8431;10.161913849;53.650224622
124151;2;2;4;213;2018;3;8;7;3;1;5;0;0;1;0;0;0;1;0;561630.3546;5934271.6593;9.930300503;53.553710752
124152;2;4;5;410;2018;3;9;4;3;5;3;0;1;1;0;0;0;0;0;566718.6737;5937908.9312;10.00787234;53.585777557
124153;2;1;16;137;2018;3;14;4;3;2;6;0;0;1;0;0;1;0;1;564074.9723;5929157.0255;9.966149106;53.507451094
124154;2;2;4;211;2018;3;16;6;3;4;2;0;1;1;0;0;0;0;0;561774.0284;5934671.331;9.932547906;53.557285874
124155;2;4;5;411;2018;3;8;4;3;3;6;0;0;1;0;0;0;1;0;567559.8538;5937720.6609;10.020536495;53.583977847
124156;2;5;18;526;2018;4;16;5;2;4;2;0;0;1;0;0;0;0;0;576370.984;5941038.7734;10.154419271;53.612587587
124157;2;3;2;312;2018;3;18;6;3;5;3;2;0;1;0;0;0;0;0;565844.6365;5934896.7936;9.994035933;53.558817331
124158;2;1;3;106;2018;3;13;4;3;3;6;0;0;1;0;0;0;1;0;564661.9554;5934201.2963;9.976040363;53.552713732
124159;2;1;3;107;2018;4;15;6;3;2;6;0;0;1;0;1;0;0;0;565328.7935;5933898.2888;9.986041015;53.549907969
124160;2;2;3;210;2018;3;22;7;2;6;7;2;0;0;1;0;0;1;0;561889.09;5934068.236;9.934165234;53.551852068
124161;2;7;6;707;2018;3;13;3;3;6;2;0;0;1;1;0;0;0;1;565401.266;5920899.011;9.984425303;53.433069846
124162;2;3;8;320;2018;4;5;3;3;1;5;2;0;1;0;0;0;0;1;559267.0139;5941536.3161;9.896011116;53.619273565
124163;2;6;7;608;2018;3;19;3;3;0;6;2;0;1;1;0;0;0;0;573743.1669;5923966.6015;10.110682836;53.459537839
124164;2;5;12;520;2018;3;16;3;3;4;7;0;0;1;0;0;0;0;0;569104.9268;5946475.2021;10.045814942;53.662453491
124165;2;3;3;314;2018;3;19;6;3;6;4;0;0;0;1;0;0;1;0;564713.94;5936968.46;9.977398137;53.57757656
124166;2;1;4;110;2018;3;6;6;2;5;3;1;1;1;0;0;0;0;0;563462.397;5934237.3747;9.95794375;53.553184355
124167;2;4;11;430;2018;3;0;3;3;8;1;2;0;1;0;0;0;0;1;568305.949;5942045.2;10.03275248;53.622746069
124168;2;2;12;225;2018;3;11;3;3;5;3;0;1;1;0;0;0;0;0;554385.8768;5936722.953;9.821386163;53.57654262
124169;2;1;12;130;2018;3;16;5;2;0;3;0;0;1;0;1;0;0;1;573179.3736;5934228.8639;10.104588328;53.551843362
124170;2;4;5;408;2018;3;16;3;2;6;4;0;1;0;1;0;0;0;0;565972.2902;5939308.4097;9.99689515;53.598449345
124171;2;5;18;526;2018;3;17;6;3;8;1;0;0;1;0;0;0;0;0;577310.9814;5938983.1302;10.168115114;53.593976372
124172;2;4;5;410;2018;4;7;5;3;4;2;0;1;1;0;0;0;0;1;566687.5166;5938015.6583;10.007424564;53.586740692
124173;2;4;10;429;2018;3;18;3;3;5;3;0;0;1;0;0;0;1;0;568935.2823;5939388.9055;10.041678219;53.598791439
124174;2;2;1;204;2018;4;21;2;3;3;6;2;0;1;0;0;0;0;1;562244.6776;5934094.8161;9.93953704;53.552048916
124175;2;2;4;212;2018;3;13;3;3;2;2;0;0;1;0;0;0;0;0;560273.4718;5934225.8505;9.909812607;53.553456587
124176;2;3;7;319;2018;3;11;3;3;8;7;0;0;1;0;0;0;0;0;560507.6633;5942488.2462;9.914949934;53.627687018
124177;2;5;4;512;2018;3;14;5;3;6;4;0;0;1;1;0;0;0;0;574519.1642;5936378.6602;10.12531991;53.570974793
124178;2;5;5;513;2018;3;17;5;3;1;6;0;0;1;0;0;0;0;0;574448.7714;5938141.0422;10.124677465;53.586822997
124179;2;3;7;319;2018;3;16;3;3;4;2;0;0;1;0;0;0;0;0;560803.6122;5943566.2128;9.919635072;53.637340755
124180;2;3;2;311;2018;4;18;3;3;2;6;0;0;1;0;0;0;0;0;564949.973;5935832.5007;9.98072618;53.567338243
124181;2;7;1;702;2018;3;19;2;3;6;2;2;0;1;1;0;0;0;1;565761.3163;5923359.9836;9.990358216;53.455142843
124182;2;1;16;136;2018;3;11;2;3;1;5;0;0;1;0;0;0;1;1;567653.2667;5927224.8732;10.019678228;53.489638184
124183;2;1;12;130;2018;3;17;5;2;2;6;0;0;1;0;0;0;0;1;573585.412;5932889.268;10.110400746;53.539747778
124184;2;5;2;508;2018;3;6;5;3;5;3;0;0;1;0;0;0;0;1;572359.0574;5937156.2491;10.092886788;53.578265288
124185;2;4;9;424;2018;3;13;2;2;0;5;0;0;1;0;0;0;1;1;570024.2673;5937721.3871;10.057756413;53.583661091
124186;2;1;16;136;2018;3;7;2;3;5;3;0;1;1;0;0;0;0;0;567140.2519;5927722.7559;10.01205387;53.494178503
124187;2;5;2;509;2018;3;9;5;3;5;3;0;0;1;0;0;0;0;1;571072.4562;5938954.1166;10.073867723;53.594598568
124188;2;4;5;413;2018;3;8;2;3;1;5;0;1;1;0;0;0;0;0;566440.3048;5937202.1032;10.003517444;53.57946052
124189;2;3;1;310;2018;4;23;5;3;4;2;2;0;1;0;0;0;0;0;563954.9207;5935603.7545;9.965656703;53.565404658
124190;2;5;1;504;2018;3;13;2;3;0;7;0;0;1;0;0;1;0;1;570116.9535;5936205.3221;10.058815719;53.570023802
124191;2;1;1;101;2018;3;23;7;3;6;4;2;0;1;1;0;0;0;0;566658.8838;5933966.0192;10.006127823;53.550349498
124192;2;5;9;517;2018;4;15;1;3;2;6;0;0;1;0;0;0;1;0;570554.6281;5943987.6488;10.067185466;53.63990455
124193;2;4;10;426;2018;3;12;2;3;5;3;0;0;1;0;0;0;0;1;569890.369;5938590.2621;10.055928826;53.591487543
124194;2;5;1;501;2018;3;13;2;3;3;1;0;1;0;0;0;0;1;1;568674.7975;5935659.2975;10.036922051;53.565307374
124195;2;2;2;207;2018;3;16;5;3;1;6;0;0;1;0;0;0;0;1;564035.6891;5934998.3322;9.966751956;53.559953699
124196;2;5;8;516;2018;3;7;5;3;6;4;1;0;0;1;0;0;1;0;570112.1834;5940609.9057;10.059733679;53.609608426
124197;2;2;4;212;2018;3;20;2;3;2;6;2;0;1;0;0;0;0;1;560299.797;5934317.7305;9.910227647;53.554279331
124198;2;4;4;407;2018;4;12;6;3;5;2;0;0;1;0;0;0;0;0;566818.9937;5940787.6509;10.010004511;53.611636198
124199;2;5;6;514;2018;3;6;1;2;8;1;2;0;1;0;0;0;0;0;572970.3469;5940191.1696;10.102827652;53.605455031
124200;2;5;10;518;2018;3;19;5;3;3;2;2;1;1;0;0;0;0;0;572756.862;5945324.6408;10.100801944;53.651618293
124201;2;4;3;406;2018;3;21;2;2;6;4;2;0;0;1;0;0;1;1;564380.5115;5940871.8089;9.973168907;53.612697891
124202;2;1;2;103;2018;4;8;4;3;6;7;0;0;1;1;0;0;0;0;565878.7867;5932776.4505;9.994104695;53.539757008
124203;2;3;1;302;2018;3;12;2;3;4;7;0;0;1;0;0;0;0;1;563022.0424;5937457.7299;9.95194751;53.582179792
124204;2;3;6;318;2018;3;12;2;3;0;3;0;1;0;1;0;0;0;0;563212.3589;5942215.756;9.95578678;53.624918527
124205;2;4;5;411;2018;3;15;5;3;5;3;0;1;1;0;0;0;0;1;568232.5425;5938011.5459;10.030759716;53.586504961
124206;2;3;4;315;2018;3;17;2;3;2;6;0;0;1;0;0;0;0;1;564374.1813;5937408.8495;9.972358278;53.581576261
124207;2;1;13;131;2018;4;8;4;3;2;6;0;0;0;0;0;0;1;0;572615.444;5931947.367;10.095548381;53.531417932
124208;2;2;1;203;2018;3;18;2;3;3;6;2;1;1;0;0;0;0;1;562045.2514;5934018.7438;9.936512196;53.551388831
124209;2;5;2;508;2018;3;12;7;3;2;6;0;0;1;0;0;0;0;1;571960.6422;5937083.2417;10.086853622;53.577663987
124210;2;6;2;602;2018;3;17;1;3;5;3;0;0;1;0;0;0;0;0;579376.6164;5925921.6814;10.196005339;53.476288954
124211;2;1;13;131;2018;3;7;1;3;1;5;0;0;0;0;0;1;1;1;571905.1546;5931945.8908;10.084834034;53.531502353
124212;2;4;10;426;2018;3;17;4;3;2;6;0;0;1;0;0;0;0;1;570060.8695;5938464.1862;10.058476009;53.590331742
124213;2;4;6;415;2018;3;11;5;3;2;6;0;0;1;0;0;0;0;1;567875.3935;5935744.3138;10.024872441;53.566175435
124214;2;1;5;113;2018;3;17;1;3;6;2;0;0;1;1;0;0;0;0;567883.5872;5934341.8935;10.024691496;53.553570625
124215;2;4;1;402;2018;4;16;6;3;5;7;0;1;1;0;0;0;0;0;564595.3113;5937793.6979;9.97577753;53.585007797
124216;2;1;16;137;2018;3;15;7;2;6;7;0;0;1;1;0;0;0;0;565640.6832;5930079.2336;9.989946871;53.515546158
124217;2;5;4;512;2018;3;13;1;3;5;3;0;0;1;0;1;0;0;0;574421.364;5936215.259;10.123804397;53.569520216
124218;2;5;18;526;2018;4;17;3;3;2;6;0;0;1;0;0;0;0;0;575969.4437;5937992.688;10.147608716;53.585271665
124219;2;4;12;431;2018;3;12;1;3;2;6;0;0;1;0;0;0;0;0;567097.0192;5942981.5457;10.014679088;53.631317367
124220;2;1;16;136;2018;3;12;6;3;2;2;0;0;1;0;0;0;0;0;566933.298;5927972.112;10.008988037;53.496445907
124221;2;4;7;416;2018;3;21;1;3;5;3;2;0;1;0;0;0;0;1;567262.6253;5935346.774;10.015536071;53.562681584
124222;2;3;8;320;2018;3;16;7;3;2;6;0;0;1;0;0;0;0;1;560543.3034;5939520.6954;9.914911966;53.601012477
124223;2;4;2;403;2018;3;19;1;2;1;5;2;1;1;0;0;0;0;0;564456.8656;5938135.3225;9.973757077;53.588095096
124224;2;2;2;207;2018;3;1;1;3;8;1;2;0;1;0;0;0;0;1;563645.6951;5934966.7564;9.960858667;53.559717353
124225;2;1;1;101;2018;3;18;4;3;2;6;0;0;1;0;0;0;0;1;566475.0651;5933932.6742;10.003346701;53.550073125
124226;2;4;8;420;2018;3;16;5;2;6;4;0;0;1;1;0;0;0;1;568065.9732;5936773.2659;10.02797382;53.575398062
124227;2;7;9;710;2018;3;14;7;3;0;7;0;0;0;0;0;0;1;1;563791.508;5923531.0101;9.960732462;53.456922123
124228;2;6;1;601;2018;4;15;5;3;1;5;0;0;1;0;0;0;0;1;579179.2697;5927711.5017;10.193483965;53.492403329
124229;2;1;4;112;2018;3;21;7;3;1;7;2;0;1;0;0;0;1;0;564343.2826;5933637.0198;9.971114799;53.547681561
124230;2;1;5;114;2018;3;22;5;3;3;6;2;0;1;0;0;0;0;1;567124.5918;5934280.704;10.013223427;53.553118297
124231;2;1;12;130;2018;3;18;7;3;2;4;1;0;1;1;0;0;0;1;573286.161;5933182.888;10.105954767;53.54242836
124232;2;2;11;223;2018;4;11;3;3;6;4;0;0;1;1;0;0;0;0;553802.53;5935311.826;9.81233379;53.563920047
124233;2;5;18;526;2018;3;13;7;2;4;2;0;0;1;0;0;0;0;1;575770.9007;5939855.3385;10.145062689;53.602039536
124234;2;5;2;509;2018;3;3;7;1;4;2;2;0;1;0;1;0;0;0;571994.331;5938614.2858;10.087715583;53.59141874
124235;2;7;1;702;2018;3;20;5;3;5;3;2;0;1;0;0;1;0;1;566327.8467;5924298.7856;9.999086746;53.463509183