OBJECTID_1;ULAND;UREGBEZ;UKREIS;UGEMEINDE;UJAHR;UMONAT;USTUNDE;UWOCHENTAG;UKATEGORIE;UART;UTYP1;ULICHTVERH;IstRad;IstPKW;IstFuss;IstKrad;IstGkfz;IstSonstig;STRZUSTAND;LINREFX;LINREFY;XGCSWGS84;YGCSWGS84
124236;2;4;8;421;2018;3;9;5;3;5;3;0;1;1;0;0;0;0;1;568767.9951;5937090.1579;10.038644083;53.578154434
124237;2;5;7;515;2018;3;11;7;3;3;6;0;0;1;0;0;0;0;1;571506.4728;5941750.5818;10.081065911;53.619671124
124238;2;2;5;215;2018;3;10;3;3;2;6;0;0;1;0;0;0;0;0;561288.3775;5936396.5986;9.925555989;53.572848473
124239;2;2;4;212;2018;3;18;5;3;3;6;1;1;1;0;0;0;0;1;560359.0563;5933788.107;9.911019797;53.549512553
124240;2;5;17;525;2018;3;14;7;3;4;6;0;1;1;0;0;0;0;1;578370.6057;5946229.4052;10.185946077;53.658938091
124241;2;3;9;321;2018;4;9;5;3;2;2;0;0;1;0;0;1;0;1;561986.798;5936419.9062;9.936106384;53.572975888
124242;2;5;10;518;2018;3;18;7;3;6;6;1;1;0;1;0;0;0;0;575238.1011;5945618.3436;10.138405866;53.653906724
124243;2;5;8;516;2018;3;17;3;3;5;7;0;0;1;0;0;0;0;0;569167.0994;5940429.9576;10.045411582;53.608116852
124244;2;2;1;202;2018;3;10;7;3;5;3;0;0;1;0;0;0;0;1;562620.0623;5933443.2491;9.945071869;53.546148401
124245;2;5;16;524;2018;4;11;5;3;1;6;0;0;1;0;0;0;0;0;574589.6835;5947630.544;10.129080217;53.672082589
124246;2;2;2;207;2018;3;22;7;3;4;6;2;0;1;0;0;0;0;1;563698.3314;5935238.7668;9.961708642;53.56215561
124247;2;7;9;710;2018;4;16;2;3;5;7;0;0;1;0;1;0;0;0;561121.8028;5920908.638;9.920021766;53.433669811
124248;2;1;6;115;2018;3;0;7;3;5;3;2;1;1;0;0;0;0;0;567255.405;5933845.5972;10.015104076;53.549191171
124249;2;7;13;714;2018;3;14;6;3;0;3;0;0;1;0;0;0;1;0;558070.879;5925514.44;9.874954964;53.475410185
124250;2;5;5;513;2018;3;16;5;3;2;6;0;0;1;0;0;0;0;0;574795.7957;5938649.4595;10.13004065;53.591342649
124251;2;6;1;601;2018;3;18;6;3;5;7;1;1;1;0;0;0;0;0;579872.21;5929971.8476;10.204501989;53.512611604
124252;2;1;12;130;2018;3;14;2;3;2;6;0;0;1;0;0;0;0;0;576093.9264;5933362.4278;10.148360996;53.543642553
124253;2;5;2;508;2018;3;18;6;3;0;7;2;0;1;0;0;0;1;0;572941.2317;5937631.489;10.101789035;53.58245558
124254;2;1;1;101;2018;4;20;5;3;3;2;2;0;1;0;0;0;0;0;566669.08;5933740.3876;10.006233589;53.548320405
124255;2;5;4;512;2018;3;11;6;3;2;6;0;0;1;0;0;0;0;1;575573.81;5936346.31;10.141234926;53.570533214
124256;2;3;3;313;2018;4;23;1;3;3;6;2;0;1;0;0;0;1;0;564756.2016;5936872.2589;9.978016371;53.576706762
124257;2;4;11;430;2018;3;15;6;3;3;7;0;0;1;0;0;0;0;0;568153.0931;5942403.8235;10.0305203;53.625988944
124258;2;4;5;410;2018;3;14;6;3;5;2;0;0;1;0;1;0;0;0;566473.5964;5938194.8721;10.004231678;53.588378478
124259;2;1;16;136;2018;4;3;1;3;9;1;2;0;1;0;0;0;0;1;566812.4525;5926182.1681;10.006785607;53.480374505
124260;2;5;1;503;2018;3;5;6;3;6;4;2;0;1;1;0;0;0;0;569386.6915;5935668.3557;10.047670999;53.565295134
124261;2;4;10;426;2018;3;13;6;3;5;3;0;0;1;0;0;0;0;0;569513.9412;5937939.2526;10.05009761;53.585686951
124262;2;5;12;520;2018;3;10;5;3;6;2;0;0;1;1;0;0;0;1;568571.7961;5944087.0799;10.037221225;53.641061697
124263;2;3;5;317;2018;3;10;6;3;0;7;0;1;1;0;0;0;0;0;563297.1668;5938996.8243;9.95641492;53.595978937
124264;2;2;1;201;2018;3;13;2;3;1;5;0;1;1;0;0;0;0;0;563484.2413;5933442.5204;9.958112057;53.546038089
124265;2;2;4;214;2018;3;18;6;2;2;2;2;0;1;0;0;0;0;0;561341.1045;5933460.8158;9.925775878;53.546457237
124266;2;4;13;432;2018;4;21;4;3;6;2;2;0;1;1;0;0;0;1;566774.8497;5944925.5658;10.010225295;53.64882959
124267;2;1;20;141;2018;3;13;5;3;5;3;0;0;1;0;0;0;0;0;557320.9587;5932376.8448;9.864912039;53.537169184
124268;2;5;2;509;2018;3;15;7;3;5;3;0;1;1;0;0;0;0;1;571221.5252;5938362.2091;10.075984482;53.589258895
124269;2;1;7;120;2018;3;19;5;3;5;3;2;1;1;0;0;0;0;1;568312.3505;5934715.9681;10.031244208;53.556876866
124270;2;5;6;514;2018;3;7;5;3;5;3;1;0;1;0;0;0;0;1;573810.8852;5940838.1047;10.11568163;53.611151185
124271;2;3;7;319;2018;3;15;4;3;6;4;0;0;0;1;0;0;1;1;561206.1361;5945017.874;9.926008005;53.650340323
124272;2;6;1;601;2018;3;12;6;3;4;2;0;0;1;0;0;0;0;0;580202.3428;5930012.3619;10.209489664;53.512925436
124273;2;4;11;430;2018;3;12;5;3;2;6;0;0;1;0;0;0;0;0;569502.7963;5943406.0776;10.051148831;53.634818746
124274;2;1;4;111;2018;4;17;6;3;3;6;0;0;1;0;0;0;0;0;563945.2736;5934006.6623;9.965184292;53.551052276
124275;2;2;7;219;2018;3;15;7;3;5;2;0;0;1;0;0;0;0;0;559000.8455;5934096.5841;9.890580821;53.552439373
124276;2;4;12;431;2018;3;19;5;3;6;4;2;0;1;1;0;0;0;1;566987.3823;5942523.2267;10.012922727;53.627212463
124277;2;5;7;515;2018;3;15;4;3;5;3;0;0;1;0;0;0;0;1;572603.2116;5941820.251;10.097659809;53.62014634
124278;2;3;9;321;2018;3;13;5;3;2;7;0;0;1;0;0;0;1;0;560658.871;5939410.7155;9.916636742;53.600010683
124279;2;4;5;409;2018;4;20;6;3;2;6;2;0;1;0;0;0;0;0;568352.0604;5938519.9416;10.032676292;53.591058386
124280;2;4;13;432;2018;3;15;1;3;2;6;0;0;1;0;0;0;0;0;567374.967;5945421.8628;10.019410383;53.653212881
124281;2;2;8;220;2018;3;18;5;1;6;4;2;0;1;1;0;0;0;1;557096.1212;5939102.4101;9.86274928;53.597640034
124282;2;5;18;526;2018;4;7;3;3;5;3;0;1;1;0;0;0;0;0;575903.5504;5939705.1445;10.147030301;53.60067059
124283;2;2;8;220;2018;3;16;5;3;5;7;0;0;1;0;0;0;0;0;557838.8286;5937937.6148;9.873754506;53.587090021
124284;2;2;4;211;2018;3;12;7;3;0;2;0;0;1;1;0;0;0;1;561489.7035;5934539.4647;9.928230383;53.556134121
124285;2;2;8;220;2018;3;13;5;3;5;3;0;0;1;0;0;0;0;0;558231.2597;5937570.9199;9.879613649;53.583750922
124286;2;1;1;101;2018;3;16;4;3;6;7;0;0;0;1;0;0;1;1;566156.2905;5934004.0292;9.998551153;53.550754671
124287;2;2;8;220;2018;3;12;5;3;1;6;0;0;1;0;0;0;1;0;558473.5617;5938756.2194;9.883495448;53.594376802
124288;2;1;14;133;2018;4;11;5;3;2;2;0;0;1;0;0;0;0;0;568865.8896;5931993.7886;10.038999603;53.532339972
124289;2;1;16;136;2018;3;15;4;3;2;6;0;0;1;0;0;0;0;1;567642.3804;5930255.185;10.020167877;53.516873728
124290;2;2;7;219;2018;3;17;5;3;1;6;1;0;1;0;0;0;0;1;558540.2607;5933439.5445;9.883506487;53.546585771
124291;2;2;4;213;2018;4;8;3;3;5;3;0;1;1;0;0;0;0;1;561440.2583;5933898.5211;9.927358115;53.550379486
124292;2;1;6;116;2018;4;15;6;3;3;2;0;1;0;0;0;0;1;0;567471.5671;5933794.8918;10.018355164;53.548707741
124293;2;5;12;520;2018;4;8;5;3;5;2;0;1;1;0;0;0;0;0;569352.498;5944706.9931;10.049166277;53.646529945
124294;2;2;8;220;2018;4;8;3;3;2;6;0;0;1;0;0;0;0;0;558459.2108;5938720.2216;9.883271896;53.594054874
124295;2;1;8;122;2018;4;12;6;3;2;6;0;0;1;0;0;1;0;1;569357.2201;5934874.128;10.0470498;53.558161245
124296;2;7;13;714;2018;4;15;3;3;1;6;0;0;1;0;0;0;0;0;559067.6738;5925808.1134;9.89002695;53.477938719
124297;2;2;5;217;2018;4;16;1;3;5;3;0;0;1;0;0;0;0;0;559044.7284;5936503.5973;9.891698;53.57406744
124298;2;5;10;518;2018;4;11;7;2;8;1;0;0;1;0;0;0;0;1;574542.5983;5944276.2723;10.127562839;53.641945501
124299;2;5;6;514;2018;4;10;6;3;5;2;0;1;1;0;0;0;0;0;573910.3148;5940053.0961;10.116998039;53.604082453
124300;2;1;14;132;2018;4;20;6;3;5;2;2;1;1;0;0;0;0;0;569682.8798;5933074.5007;10.051564157;53.541944718
124301;2;5;3;511;2018;4;16;6;3;5;3;0;0;1;0;0;0;0;0;572627.6892;5936137.219;10.096706272;53.569070227
124302;2;3;8;320;2018;4;16;6;3;5;3;0;1;0;0;0;0;1;0;559461.8157;5940018.7904;9.898666107;53.605612882
124303;2;5;7;515;2018;4;17;6;3;5;2;0;0;1;0;0;0;0;0;571678.4194;5942079.2888;10.083740637;53.622601669
124304;2;1;3;108;2018;4;19;5;3;5;2;0;1;0;0;1;0;0;0;564906.477;5934536.2715;9.979800255;53.555694072
124305;2;1;16;136;2018;4;13;2;3;5;2;0;0;1;0;0;0;0;0;567334.268;5930430.174;10.015559404;53.518485951
124306;2;5;10;518;2018;4;13;6;3;2;6;0;0;1;0;0;1;1;1;573170.5198;5945595.0401;10.107122919;53.653990611
124307;2;6;2;603;2018;4;15;7;3;2;6;0;0;1;0;0;0;0;0;580223.2244;5926659.3013;10.208946929;53.482789398
124308;2;7;16;717;2018;4;7;6;3;2;6;0;0;1;0;0;0;0;0;554487.5972;5931131.2372;9.82194778;53.526275582
124309;2;4;10;426;2018;4;20;6;3;3;2;2;1;0;0;0;0;0;1;569499.4227;5938662.5425;10.050039468;53.592189101
124310;2;4;10;426;2018;4;15;6;3;6;4;0;0;0;1;0;0;1;0;569874.161;5938571.7675;10.055679853;53.591323493
124311;2;5;18;526;2018;4;12;3;3;5;3;0;1;0;0;0;0;0;0;575751.317;5938318.3615;10.144393447;53.588229966
124312;2;3;2;312;2018;4;18;1;3;3;2;0;0;1;0;1;0;0;0;565662.8555;5935126.5435;9.991340369;53.56090492
124313;2;2;4;211;2018;4;11;7;3;1;5;0;0;1;0;0;0;0;1;561662.0121;5934622.8537;9.930847577;53.556863359
124314;2;5;18;526;2018;4;9;2;3;5;3;0;1;1;0;0;0;0;0;576332.8022;5941264.7666;10.153897626;53.614624079
124315;2;4;6;415;2018;4;11;6;3;3;6;0;0;1;0;0;1;0;0;567990.0347;5936069.4228;10.026673906;53.569082389
124316;2;1;6;118;2018;4;17;6;3;3;6;0;0;1;0;1;0;0;0;568621.6072;5933596.2025;10.035666148;53.546773057
124317;2;4;8;419;2018;4;13;6;3;2;6;0;0;1;0;0;0;0;1;567949.4228;5937353.5714;10.026340233;53.580628442
124318;2;4;1;402;2018;4;9;6;3;3;6;0;1;0;0;0;0;1;0;564156.8751;5937942.861;9.969186223;53.586402189
124319;2;2;8;220;2018;4;13;6;3;5;3;0;0;1;0;0;0;0;1;558319.9308;5938626.4969;9.881150234;53.59322804
124320;2;6;1;601;2018;4;7;4;3;5;2;0;1;1;0;0;0;0;0;579478.7731;5927752.1684;10.198007656;53.492723633
124321;2;1;14;132;2018;4;9;2;3;2;6;0;0;1;0;0;0;1;0;569108.2158;5932874.151;10.042849397;53.540220081
124322;2;3;1;309;2018;4;21;6;3;3;2;2;0;1;0;0;0;0;1;563803.0578;5936048.343;9.963454891;53.569418794
124323;2;5;7;515;2018;4;7;7;3;4;6;0;0;1;0;0;0;0;0;573240.8872;5942866.1197;10.107544684;53.629456567
124324;2;1;11;128;2018;4;16;6;3;5;3;0;0;1;0;0;0;0;0;571916.5949;5934147.331;10.085512658;53.55128512
124325;2;3;4;315;2018;4;20;6;3;5;3;2;0;1;0;1;0;0;1;564057.4783;5937216.8496;9.967535892;53.579889486
124326;2;5;11;519;2018;4;18;3;3;3;6;0;0;1;0;1;0;0;0;571569.6982;5945797.3722;10.082952745;53.656030418
124327;2;3;5;317;2018;4;7;6;3;0;7;0;1;0;0;0;0;0;0;563329.9599;5938050.2038;9.956718139;53.587467433
124328;2;1;16;137;2018;4;7;5;3;6;6;0;1;0;1;0;0;0;0;565720.1287;5928945.5486;9.990907104;53.505347453
124329;2;2;1;203;2018;4;11;6;3;1;7;0;1;1;0;0;0;0;0;562466.1744;5933988.2339;9.942858578;53.551064715
124330;2;1;12;130;2018;4;20;3;3;5;3;0;1;1;0;0;0;0;1;573584.5977;5932882.1969;10.110386798;53.539684345
124331;2;1;4;111;2018;4;14;6;3;0;7;0;1;1;0;0;0;0;1;564451.5809;5934351.1101;9.972896253;53.554086021
124332;2;1;3;106;2018;4;15;6;3;4;6;0;1;0;0;0;0;0;0;564869.7897;5934503.7774;9.979239785;53.555406574
124333;2;1;3;108;2018;4;9;6;3;6;4;0;0;1;1;0;0;0;0;565450.5286;5934498.1694;9.98800371;53.555284088
124334;2;1;2;104;2018;4;7;4;3;5;3;0;1;1;0;0;0;0;0;568095.1108;5932148.3475;10.02740633;53.533829485
124335;2;5;12;520;2018;4;9;2;2;6;4;0;0;0;1;0;1;0;0;569158.5674;5944749.5868;10.046242504;53.646938402
124336;2;1;18;139;2018;4;13;6;2;1;6;0;0;1;0;0;1;0;1;564304.4801;5930251.4779;9.969833745;53.517259322
124337;2;3;8;320;2018;4;17;7;3;6;6;0;1;0;1;0;0;0;0;559605.7644;5938570.4233;9.900564444;53.592579457
124338;2;7;14;715;2018;4;17;5;3;2;6;0;0;1;0;0;0;0;0;557097.8879;5925658.17;9.860322849;53.476808411
124339;2;1;16;137;2018;4;16;5;3;6;4;0;0;1;1;0;0;0;0;565401.6568;5929034.2956;9.986124583;53.506184754
124340;2;1;16;136;2018;4;8;5;3;5;3;0;0;1;0;0;0;0;0;567577.8819;5927417.3302;10.018583662;53.491377532
124341;2;5;6;514;2018;4;18;5;2;5;3;0;1;1;0;0;0;0;0;573674.731;5939562.8686;10.113322562;53.599710041
124342;2;2;12;225;2018;4;11;3;3;1;7;0;0;1;0;0;0;1;0;554376.5351;5936683.8271;9.821238277;53.576191939
124343;2;6;6;607;2018;4;10;5;3;1;6;0;0;1;0;0;0;0;0;578087.5802;5918402.8971;10.174721743;53.408911431
124344;2;2;7;219;2018;4;7;4;3;5;3;0;0;1;0;1;0;0;0;559160.0753;5934101.728;9.892984948;53.552467685
124345;2;5;2;507;2018;4;21;1;3;0;7;2;0;0;0;1;0;0;0;570893.6878;5936517.6502;10.070613623;53.572726316
124346;2;5;18;526;2018;4;16;5;3;5;3;0;0;1;0;0;0;0;0;576276.1134;5939245.0403;10.152546542;53.59648168
124347;2;5;14;522;2018;4;9;4;3;0;7;0;0;1;0;1;0;0;0;573101.564;5951484.629;10.107467514;53.706928343
124348;2;1;4;112;2018;4;8;2;3;3;6;0;0;1;0;0;0;1;0;563780.4601;5933495.6786;9.962592777;53.546479945
124349;2;4;10;429;2018;4;19;5;3;4;2;0;1;1;0;0;0;0;0;568762.1537;5940251.9057;10.039252935;53.606569996
124350;2;1;5;114;2018;4;16;7;3;6;4;0;0;1;1;0;0;0;0;567248.29;5934562.5511;10.015150921;53.555635477
124351;2;5;10;518;2018;4;13;5;3;0;7;0;0;1;0;0;1;0;0;573484.7793;5945511.3622;10.111857123;53.653194565
124352;2;5;7;515;2018;4;17;6;3;2;2;0;1;0;0;0;0;0;0;572425.3703;5940308.6846;10.094620189;53.606586731
124353;2;5;12;520;2018;4;16;5;3;2;6;0;0;1;0;0;0;1;0;569908.4095;5944085.2051;10.057434751;53.640868003
124354;2;1;6;116;2018;4;8;6;3;5;3;0;1;1;0;0;0;0;0;567666.6182;5933889.9214;10.02131914;53.549536688
124355;2;4;5;409;2018;4;7;5;3;5;3;0;0;1;0;0;0;0;0;568439.3334;5939159.6353;10.034134977;53.596795969
124356;2;4;12;431;2018;4;7;5;3;3;5;0;1;1;0;0;0;0;0;566992.8105;5942748.484;10.013053281;53.629236172
124357;2;3;5;317;2018;4;23;3;3;3;6;2;0;1;0;0;0;0;1;563639.3263;5939400.6381;9.961666545;53.599566686
124358;2;4;8;421;2018;4;16;5;3;2;6;0;0;1;0;0;0;1;0;568924.0809;5937321.1422;10.041052117;53.580209818
124359;2;1;16;137;2018;4;6;3;3;5;3;0;0;1;0;0;0;0;1;566038.8069;5925899.7991;9.99507023;53.477934386
124360;2;2;3;210;2018;4;14;1;3;3;2;0;1;1;0;0;0;0;0;562009.9447;5934495.1156;9.936073845;53.555674341
124361;2;3;9;321;2018;4;15;7;3;5;3;0;1;1;0;0;0;0;1;562725.637;5937539.5553;9.947487429;53.582950718
124362;2;5;4;512;2018;4;19;2;3;5;3;0;0;1;0;0;0;0;0;573236.8519;5936528.8891;10.10599484;53.572505449
124363;2;3;9;321;2018;4;16;5;3;5;2;0;0;1;0;1;0;0;0;560868.0934;5939222.728;9.919761224;53.598296914
124364;2;1;7;120;2018;4;13;6;3;1;5;0;1;1;0;0;0;0;0;568095.8598;5934665.8048;10.027965712;53.55645417
124365;2;3;8;320;2018;4;20;5;3;0;7;2;1;0;0;0;0;0;0;559988.2054;5941214.1984;9.906850697;53.616296466
124366;2;3;6;318;2018;4;20;6;3;6;4;1;0;1;1;0;0;0;0;564019.9166;5942778.1934;9.968111043;53.62987515
124367;2;3;2;312;2018;4;12;5;3;2;6;0;0;1;0;0;0;0;0;565541.0562;5935202.093;9.989517661;53.561599125
124368;2;7;15;716;2018;4;15;4;3;4;6;0;0;0;0;1;0;1;0;556401.7593;5929126.6428;9.850458687;53.50805702
124369;2;1;12;130;2018;4;6;6;3;1;7;0;0;1;0;0;0;0;0;572847.6923;5932725.9309;10.099232821;53.538382708
124370;2;7;1;702;2018;4;5;2;3;2;6;2;0;1;0;0;0;0;0;565581.967;5923028.61;9.987588576;53.452187009
124371;2;1;4;109;2018;4;18;5;3;5;2;0;1;0;0;0;1;0;0;564615.7113;5935100.3014;9.975528294;53.560799038
124372;2;4;5;413;2018;4;17;6;3;4;6;0;1;0;0;0;0;0;0;566465.4212;5937044.8316;10.003863251;53.578043911
124373;2;1;5;114;2018;4;15;5;3;0;7;0;0;0;0;1;0;1;0;567037.5065;5934692.6265;10.011997468;53.556831449
124374;2;2;1;206;2018;4;15;5;3;3;7;0;0;1;0;0;0;0;0;563237.2939;5935118.8771;9.954724764;53.561133877
124375;2;7;9;710;2018;4;8;2;3;2;6;0;0;1;0;0;0;0;0;561298.7243;5920785.3184;9.922660451;53.432540924
124376;2;1;8;125;2018;4;12;4;3;5;3;0;0;1;0;0;0;0;0;570420.4319;5934457.7826;10.063003742;53.554277969
124377;2;2;10;222;2018;4;13;3;3;5;3;0;0;1;0;1;0;0;0;556411.305;5933729.2775;9.851431909;53.549422802
124378;2;7;2;703;2018;4;19;7;2;8;1;0;0;0;0;1;0;0;0;568104.49;5925245.7582;10.026048656;53.47179316
124379;2;3;3;314;2018;4;19;7;3;2;6;0;0;1;0;0;0;0;1;565285.6756;5937295.5037;9.98610027;53.580444924
124380;2;5;2;508;2018;4;16;2;3;2;6;0;0;1;0;0;0;0;1;572942.2203;5937643.3092;10.101806727;53.582561669
124381;2;5;18;526;2018;4;18;4;3;5;3;0;1;1;0;0;0;0;0;576098.2368;5941694.8914;10.150457663;53.618523603
124382;2;7;9;710;2018;4;8;3;3;5;3;0;1;0;1;0;0;0;0;563398.6994;5923080.4615;9.954726638;53.452920239
124383;2;5;5;513;2018;4;19;4;3;5;3;0;0;1;0;0;0;0;0;572721.0315;5938416.9474;10.098646615;53.589544987
124384;2;3;2;312;2018;4;14;6;3;0;7;0;0;1;0;0;0;0;0;565475.8302;5935772.6739;9.988652641;53.566735211
124385;2;5;7;515;2018;4;21;4;2;6;2;2;0;1;1;0;0;0;0;572515.5374;5941686.647;10.09630345;53.618957809
124386;2;1;12;130;2018;4;12;4;3;8;7;0;0;1;0;0;0;0;0;573597.4322;5932757.0781;10.110551;53.538558114
124387;2;5;18;526;2018;4;8;2;3;5;3;0;1;1;0;0;0;0;0;576511.6816;5939969.8353;10.156283106;53.602960856
124388;2;5;7;515;2018;4;17;4;3;4;6;0;0;1;0;0;0;1;0;572758.1608;5941869.7144;10.10001351;53.620569356
124389;2;4;13;432;2018;4;10;7;3;5;3;0;0;1;0;1;0;0;0;566254.8998;5946210.0143;10.002634269;53.660439112
124390;2;5;11;519;2018;4;13;4;3;9;7;0;0;1;0;0;0;0;0;570385.8489;5948035.0222;10.065550055;53.67630053
124391;2;1;13;131;2018;4;16;2;3;3;6;0;0;1;0;0;1;0;0;572335.6494;5929866.0712;10.090847296;53.512751907
124392;2;5;11;519;2018;4;16;4;2;5;7;0;0;1;0;0;0;0;0;570335.4021;5944330.1342;10.06394762;53.643011944
124393;2;1;11;129;2018;4;18;7;3;1;6;0;0;1;0;0;0;0;0;572895.8621;5933982.3654;10.100252333;53.549667536
124394;2;1;15;134;2018;4;9;6;3;1;6;0;0;1;0;0;1;0;0;567215.4653;5930727.5825;10.013831704;53.521174035
124395;2;4;13;432;2018;4;7;4;3;3;2;0;1;0;0;0;0;0;0;567071.686;5944991.331;10.014729499;53.649382653
124396;2;1;14;133;2018;4;8;3;3;1;7;0;1;1;0;0;0;0;0;569049.3961;5932288.2095;10.041832669;53.534961886
124397;2;4;10;427;2018;4;7;4;3;5;3;0;1;1;0;0;0;0;1;568769.3482;5937993.7976;10.038863639;53.586275329
124398;2;1;18;139;2018;4;8;6;3;2;6;0;0;0;0;0;1;0;0;563402.8388;5930358.8021;9.956259095;53.518333409
124399;2;4;8;422;2018;4;11;4;3;6;7;0;0;1;1;0;0;0;0;568842.2004;5936743.4334;10.03968819;53.575028661
124400;2;5;2;508;2018;4;16;4;3;2;6;0;0;1;0;0;0;0;0;571914.6124;5937068.7029;10.086155202;53.577539641
124401;2;2;12;225;2018;4;16;2;3;5;3;0;0;1;0;0;0;1;0;554480.7183;5937221.6025;9.822905419;53.581014452
124402;2;4;8;421;2018;4;13;4;3;5;3;0;0;1;0;0;0;0;0;569271.4455;5937651.9907;10.046371302;53.583137406
124403;2;5;2;505;2018;4;15;2;3;5;3;0;0;1;0;0;0;0;0;570197.1597;5936387.6927;10.060067654;53.571652046
124404;2;1;15;134;2018;4;17;3;3;3;6;0;1;1;0;0;0;0;0;567551.4014;5931577.8746;10.019081271;53.528772722
124405;2;2;2;207;2018;4;17;7;3;3;6;0;1;1;0;0;0;0;0;563867.1018;5934732.0553;9.96415276;53.557581127
124406;2;2;10;222;2018;4;7;4;3;0;7;0;0;1;1;0;1;1;0;556313.3898;5934475.9029;9.850088713;53.556143684
124407;2;5;6;514;2018;4;7;6;3;6;7;0;0;1;1;0;0;0;0;574560.5606;5939847.3098;10.126773823;53.602140981
124408;2;2;11;223;2018;4;11;4;3;1;5;0;1;0;0;0;0;1;0;551943.1852;5934995.0992;9.784210887;53.561260725
124409;2;2;8;220;2018;4;17;4;3;5;3;0;0;1;0;0;0;0;0;557982.818;5938090.5511;9.875957857;53.588448632
124410;2;5;4;512;2018;4;7;5;3;5;3;0;1;1;0;0;0;0;0;573975.211;5936724.483;10.117189276;53.57415963
124411;2;4;2;403;2018;4;16;4;3;5;3;0;1;1;0;0;0;0;0;565356.8235;5938442.4485;9.987414985;53.590743893
124412;2;3;3;313;2018;4;12;4;3;1;6;0;0;1;0;0;0;0;0;564727.6454;5936949.5727;9.977601185;53.577405124
124413;2;6;1;601;2018;4;16;5;2;1;5;0;0;1;0;0;0;0;0;580212.3796;5927864.1279;10.209091461;53.49361845
124414;2;4;10;426;2018;4;15;3;3;2;6;0;0;1;0;0;0;0;0;570072.638;5938799.2604;10.058729051;53.59334148
124415;2;3;2;311;2018;4;14;4;3;1;5;0;1;1;0;0;0;0;0;564891.2089;5935974.8256;9.97986857;53.568624623
124416;2;4;5;412;2018;4;8;4;3;5;3;0;1;1;0;0;0;0;0;567397.08;5937619.58;10.018056285;53.583090365
124417;2;7;2;703;2018;4;12;1;3;5;2;0;1;0;0;0;0;0;0;569440.61;5924654.37;10.046044029;53.466303714
124418;2;3;3;314;2018;4;18;4;3;2;6;0;0;1;0;0;0;1;0;565825.4635;5937288.0417;9.99425052;53.580310391
124419;2;4;8;423;2018;4;15;2;3;6;7;0;1;0;1;0;0;1;0;569840.3472;5937415.549;10.054910271;53.580937044
124420;2;7;1;702;2018;4;12;6;2;5;2;0;0;1;0;0;1;0;0;565987.7301;5924488.6059;9.99400432;53.465257889
124421;2;2;2;207;2018;4;11;4;3;3;2;0;0;1;0;1;0;0;0;564055.8039;5935268.5958;9.967110986;53.562380184
124422;2;5;7;515;2018;4;15;6;3;1;7;0;0;1;0;0;0;0;0;574023.6074;5942930.5203;10.119393785;53.629925237
124423;2;5;5;513;2018;4;11;6;2;8;7;0;0;1;0;0;0;1;0;572875.0061;5938406.0643;10.100969801;53.589425803
124424;2;2;2;207;2018;4;18;4;3;2;7;0;1;1;0;0;0;0;0;563784.8806;5935091.1651;9.962985017;53.560818557
124425;2;2;5;215;2018;4;17;5;3;2;6;0;0;1;0;0;0;0;0;560782.1602;5937182.4619;9.918065357;53.579970237
124426;2;1;3;108;2018;4;17;3;3;2;6;0;0;1;0;0;0;1;0;565434.0407;5934578.3294;9.987771639;53.556006562
124427;2;2;2;207;2018;4;12;4;3;2;6;0;0;1;0;0;0;0;0;563803.7222;5935054.8919;9.963262026;53.560490268
124428;2;1;7;120;2018;4;9;3;3;2;6;0;0;1;0;1;0;0;0;568656.4281;5934888.2275;10.036475317;53.55838009
124429;2;4;7;417;2018;4;17;2;2;5;3;0;1;1;0;0;0;0;1;568353.5817;5935283.5788;10.031990674;53.561972685
124430;2;3;2;312;2018;4;17;1;3;3;2;0;0;1;0;1;0;0;0;565863.1458;5935428.9469;9.994427482;53.56359759
124431;2;3;5;317;2018;4;17;7;3;2;6;0;0;1;0;0;0;0;1;562987.9131;5939308.8526;9.951805867;53.598820476
124432;2;2;8;220;2018;4;16;3;3;5;3;0;0;1;0;0;0;0;0;557983.6348;5938098.1501;9.875971607;53.588516837
124433;2;7;4;705;2018;4;19;3;3;5;3;0;1;1;0;0;0;0;0;565651.2987;5922463.7496;9.988514575;53.447101744
124434;2;1;3;108;2018;4;12;4;3;3;6;0;0;1;0;0;0;1;0;565522.7598;5934847.0416;9.989167028;53.558410477
124435;2;4;5;413;2018;4;18;1;2;0;7;0;1;1;0;0;0;0;0;567078.8928;5937434.0608;10.013210909;53.581463874
124436;2;5;7;515;2018;4;14;7;3;5;3;0;1;1;0;0;0;0;1;572236.8406;5939554.4122;10.091596556;53.599834199
124437;2;7;1;701;2018;4;16;3;3;2;6;0;0;1;0;0;0;0;0;564884.0765;5923848.8441;9.977250084;53.459645205
124438;2;2;9;221;2018;4;18;2;3;2;6;0;0;1;0;0;0;0;1;555422.23;5936398.6459;9.836978747;53.573519402
124439;2;1;12;130;2018;4;14;6;3;4;2;0;0;1;0;0;0;1;0;573909.1997;5934852.407;10.115749653;53.557344838