OBJECTID_1;ULAND;UREGBEZ;UKREIS;UGEMEINDE;UJAHR;UMONAT;USTUNDE;UWOCHENTAG;UKATEGORIE;UART;UTYP1;ULICHTVERH;IstRad;IstPKW;IstFuss;IstKrad;IstGkfz;IstSonstig;STRZUSTAND;LINREFX;LINREFY;XGCSWGS84;YGCSWGS84
124440;2;6;10;611;2018;4;16;3;2;2;6;0;0;1;0;1;0;0;0;575019.8028;5928113.2585;10.130897389;53.496623396
124441;2;4;8;422;2018;4;15;6;3;5;3;0;1;0;0;1;0;0;0;569487.885;5936663.452;10.049420041;53.574224731
124442;2;1;11;128;2018;4;17;3;3;1;7;0;0;1;0;0;0;0;0;571680.2297;5933902.609;10.081889549;53.549118128
124443;2;1;1;101;2018;4;18;5;3;0;6;0;0;1;0;1;0;0;0;566655.8239;5933754.4615;10.006036549;53.548448573
124444;2;1;16;137;2018;4;5;2;3;3;6;2;0;1;0;0;0;1;0;565131.877;5929534.276;9.982161392;53.510711728
124445;2;1;11;129;2018;4;16;3;3;5;3;0;0;1;0;1;0;0;0;570830.4002;5934588.7281;10.069220747;53.555399626
124446;2;2;1;206;2018;4;16;3;3;4;6;0;1;0;0;0;0;0;0;562784.0839;5935121.3299;9.947883953;53.561210332
124447;2;2;8;220;2018;4;19;2;3;5;3;0;1;1;0;0;0;0;0;557524.477;5938477.619;9.869105869;53.591977891
124448;2;1;16;137;2018;4;12;7;3;4;6;0;1;1;0;0;0;0;0;565299.7796;5930364.3894;9.98486587;53.518151399
124449;2;1;17;138;2018;4;14;7;3;5;3;0;0;1;0;0;0;0;1;564932.0972;5931425.8435;9.979541357;53.527736576
124450;2;1;11;128;2018;4;13;3;2;5;2;0;1;1;0;0;0;0;0;572299.1341;5933367.1703;10.091105213;53.544221303
124451;2;3;7;319;2018;4;7;2;3;5;3;0;1;1;0;0;0;0;0;560252.003;5943078.1661;9.9111988;53.633018311
124452;2;6;3;604;2018;4;8;3;3;5;3;0;0;1;0;0;0;0;0;582370.217;5921699.1789;10.239993838;53.437883034
124453;2;1;8;126;2018;4;10;3;3;5;2;0;0;1;0;1;0;0;0;569018.7802;5934066.0835;10.041763073;53.550943877
124454;2;1;3;106;2018;4;9;6;3;3;6;0;0;1;0;0;0;1;0;564631.2154;5934653.8769;9.975670005;53.556784988
124455;2;5;6;514;2018;4;8;3;3;5;2;0;1;1;0;0;0;0;0;574450.9729;5942666.153;10.125791845;53.627488836
124456;2;4;11;430;2018;4;8;3;3;3;2;0;1;1;0;0;0;0;0;568374.0171;5941748.4134;10.033716276;53.620069957
124457;2;3;6;318;2018;4;13;6;3;0;7;0;0;0;0;1;0;0;0;563289.4072;5940532.4026;9.95660949;53.609780519
124458;2;5;16;524;2018;4;8;3;3;2;6;0;0;1;0;0;0;1;0;573813.0207;5946459.6442;10.117047824;53.661670299
124459;2;7;7;708;2018;4;11;4;3;3;7;0;0;1;0;1;0;0;0;565202.0109;5919555.3644;9.981148459;53.42101855
124460;2;1;12;130;2018;4;17;2;3;8;7;0;0;1;0;0;0;0;0;573382.4626;5933748.1188;10.107540357;53.547494599
124461;2;4;13;432;2018;4;12;3;3;6;2;0;1;1;1;0;0;0;0;565970.7473;5947842.2969;9.998681741;53.675144444
124462;2;2;3;209;2018;4;11;2;3;3;2;0;1;1;0;0;0;0;0;562463.4101;5935573.1838;9.943133633;53.565309568
124463;2;5;18;526;2018;4;23;7;3;3;6;2;0;1;0;1;0;0;0;576261.2286;5939692.2462;10.152431066;53.600502753
124464;2;1;11;129;2018;4;16;6;3;3;6;0;0;1;0;0;0;0;0;570826.71;5935041.197;10.069267586;53.55946647
124465;2;5;1;501;2018;4;16;3;2;3;2;0;1;0;0;0;0;1;0;568329.1326;5935768.4875;10.031727665;53.5663338
124466;2;5;11;519;2018;4;14;3;2;0;1;0;0;1;1;0;0;0;0;571667.862;5946215.3954;10.084534246;53.659773676
124467;2;2;8;220;2018;4;13;3;3;2;6;0;0;1;0;0;0;0;0;559443.8052;5938605.2397;9.898124421;53.592910757
124468;2;7;6;707;2018;4;9;5;3;3;6;0;0;0;0;0;1;1;0;565403.633;5921061.8;9.984494739;53.43453261
124469;2;2;8;220;2018;4;7;3;3;6;2;0;0;0;1;0;0;1;0;557848.851;5939888.0186;9.874267726;53.604618131
124470;2;5;7;515;2018;4;10;4;3;0;7;0;0;1;0;0;1;0;0;572125.6772;5941584.4013;10.090386965;53.618092774
124471;2;3;2;312;2018;4;16;2;3;1;5;0;0;1;0;0;0;0;0;565944.1156;5935870.8355;9.995743073;53.567558769
124472;2;2;1;205;2018;4;17;3;3;5;3;0;0;1;0;0;0;0;0;563186.2469;5934284.8551;9.953785589;53.553644387
124473;2;3;3;313;2018;4;17;3;3;2;6;0;0;1;0;1;0;0;0;564750.5895;5936970.6024;9.977952023;53.577591291
124474;2;1;8;124;2018;4;16;4;3;1;6;0;0;1;0;1;0;0;0;569906.4481;5934542.0552;10.0552654;53.555104027
124475;2;5;10;518;2018;4;15;2;3;6;4;0;0;1;1;0;0;0;0;574332.1191;5945742.7083;10.124730387;53.655153882
124476;2;3;2;312;2018;4;16;3;3;3;2;0;1;0;0;0;0;0;0;565636.9394;5935099.1025;9.990943403;53.560661543
124477;2;1;1;102;2018;4;14;2;3;6;4;0;1;0;1;0;0;0;0;565877.8015;5933966.4741;9.994340475;53.550452171
124478;2;2;11;223;2018;4;20;7;3;6;7;0;0;0;1;0;0;1;0;552842.609;5935066.65;9.797800581;53.561814015
124479;2;1;3;108;2018;4;22;3;3;3;3;2;1;1;0;0;0;0;0;565591.7152;5934433.0032;9.990120959;53.554680801
124480;2;1;5;113;2018;4;12;3;3;1;6;0;0;1;0;0;0;1;0;567428.7234;5934616.2797;10.017885783;53.556095199
124481;2;7;9;710;2018;4;17;2;3;5;3;0;0;1;0;1;0;0;0;562780.8439;5923462.4851;9.94549996;53.456427662
124482;2;5;5;513;2018;4;16;5;3;4;6;0;1;0;0;0;0;0;0;574063.3306;5937857.0138;10.11878852;53.584325066
124483;2;3;9;321;2018;4;15;3;3;5;7;0;0;1;0;0;0;0;0;561076.9256;5938493.761;9.922773606;53.591721131
124484;2;1;13;131;2018;4;15;2;3;0;7;0;0;1;0;0;0;1;0;571796.7837;5932521.5405;10.083331412;53.536690544
124485;2;2;5;217;2018;4;8;4;3;2;6;0;0;1;0;0;0;0;0;559013.2081;5936536.3486;9.891228232;53.574365338
124486;2;5;6;514;2018;4;10;1;3;5;3;0;1;1;0;0;0;0;0;573213.272;5941246.0508;10.106746202;53.614901181
124487;2;1;11;128;2018;4;14;2;3;5;2;0;0;1;0;0;0;1;0;571859.4626;5934095.1303;10.084638472;53.550823816
124488;2;1;3;106;2018;4;17;2;3;2;6;0;0;1;0;0;0;1;1;564882.7901;5934516.1364;9.979438566;53.555516041
124489;2;1;12;130;2018;4;19;6;3;2;6;0;0;1;0;0;0;0;0;573013.742;5933930.8653;10.102019164;53.549188329
124490;2;5;4;512;2018;4;11;2;3;5;3;0;1;0;0;0;1;0;0;575451.1914;5937846.5105;10.139746262;53.584032827
124491;2;4;4;407;2018;4;15;6;2;4;2;0;0;1;0;1;0;0;0;567370.0051;5941152.4229;10.018410791;53.614843864
124492;2;7;13;714;2018;4;16;1;3;6;4;0;0;1;1;0;0;0;0;558033.337;5926001.271;9.874479353;53.479789795
124493;2;1;3;108;2018;4;13;7;3;0;7;0;0;1;0;0;0;1;0;565768.3679;5934263.4096;9.99275145;53.553134521
124494;2;5;4;512;2018;4;17;2;3;2;2;0;0;1;0;0;0;0;0;575427.3004;5937847.5226;10.139385693;53.58404536
124495;2;5;2;507;2018;4;17;6;3;2;2;0;0;1;0;0;0;0;0;570836.6751;5936752.6433;10.069806112;53.574845898
124496;2;5;4;512;2018;4;9;2;3;3;6;0;0;1;0;0;0;1;0;574522.0576;5936378.781;10.125363623;53.570975468
124497;2;5;2;505;2018;4;18;2;3;5;3;0;1;1;0;0;0;0;0;570141.9402;5936570.8801;10.059275073;53.573305741
124498;2;5;11;519;2018;4;10;5;3;5;3;0;0;1;0;0;0;1;0;571964.1934;5944774.9486;10.088684098;53.646787953
124499;2;3;6;318;2018;4;13;3;3;5;3;0;1;1;0;0;0;0;1;563229.8923;5944151.1286;9.956445183;53.642310024
124500;2;5;10;518;2018;4;15;2;2;6;2;0;0;1;1;0;0;0;0;573430.2105;5945583.2013;10.111048619;53.653847828
124501;2;7;1;702;2018;4;5;3;3;3;7;2;0;1;0;1;0;0;0;565467.437;5923486.2268;9.98595943;53.456314041
124502;2;1;11;129;2018;4;19;1;3;1;6;0;0;1;0;0;0;0;0;571565.1639;5935186.7235;10.080447151;53.560674148
124503;2;2;4;214;2018;4;17;1;3;6;6;0;1;0;1;0;0;0;0;560655.5904;5933406.939;9.915420931;53.546052652
124504;2;4;5;410;2018;4;21;7;3;2;6;2;0;1;0;0;0;0;1;566775.9505;5938105.9268;10.008779596;53.587540694
124505;2;4;4;407;2018;4;16;2;3;5;2;0;1;1;0;0;0;0;0;566623.8363;5941365.6424;10.007178734;53.616855526
124506;2;4;7;416;2018;4;15;1;3;1;5;0;1;1;0;0;0;0;1;567495.6436;5935397.2127;10.019064484;53.563104968
124507;2;1;8;126;2018;4;14;6;3;5;3;0;0;1;0;0;0;0;0;569746.9914;5933986.468;10.052734839;53.550132134
124508;2;1;12;130;2018;4;8;2;3;2;7;0;1;1;0;0;0;0;0;574173.9318;5932674.9486;10.119228826;53.537738933
124509;2;4;5;412;2018;4;19;2;3;0;7;0;1;0;0;0;0;0;0;567005.5704;5937370.9209;10.012090026;53.5809058
124510;2;2;5;216;2018;4;19;6;3;5;3;0;1;1;0;0;0;0;0;560749.576;5935036.569;9.917155847;53.560687988
124511;2;4;10;429;2018;4;14;2;2;4;2;0;0;1;0;1;0;0;0;568528.2487;5939641.3087;10.035584141;53.601113176
124512;2;7;17;718;2018;4;17;4;3;2;2;0;0;1;0;0;0;1;0;551798.9932;5932380.4818;9.78160105;53.537775424
124513;2;1;16;136;2018;4;9;2;3;5;3;0;0;1;0;0;0;0;0;567763.2474;5926831.878;10.021250732;53.486092082
124514;2;3;8;320;2018;4;11;2;3;6;4;0;0;1;1;0;0;0;0;559532.0124;5940605.1161;9.899838891;53.610874454
124515;2;2;8;220;2018;4;15;1;3;1;6;0;0;1;0;0;0;0;1;557946.2687;5938157.998;9.875418299;53.58905885
124516;2;2;9;221;2018;4;16;2;3;5;3;0;0;1;0;1;0;0;0;556058.1117;5935304.7799;9.846384271;53.563620623
124517;2;2;4;213;2018;4;9;5;2;5;3;0;1;0;0;0;0;0;0;561326.3134;5934035.3973;9.925665364;53.551622972
124518;2;7;16;717;2018;4;5;2;3;0;1;0;0;0;0;1;0;0;0;553415.2445;5930763.8929;9.805710409;53.523084081
124519;2;2;8;220;2018;4;16;2;3;6;4;0;0;1;1;0;0;0;0;557654.0828;5937688.2041;9.870917872;53.584868788
124520;2;4;10;426;2018;4;22;3;3;1;6;2;0;1;0;1;0;0;0;569870.2815;5938567.339;10.055620259;53.591284211
124521;2;3;3;314;2018;4;10;1;3;5;3;0;1;1;0;0;0;0;1;565405.8926;5937462.339;9.987950741;53.58192933
124522;2;7;13;714;2018;4;15;7;3;2;6;0;0;1;0;1;0;0;0;559221.2262;5924077.6381;9.892014178;53.462368601
124523;2;3;2;312;2018;4;18;7;3;3;6;1;0;1;0;0;0;0;1;565914.2789;5934861.4424;9.995079673;53.558490881
124524;2;2;4;212;2018;4;8;2;3;1;5;0;1;1;0;0;0;0;0;560253.7562;5934071.2083;9.909485243;53.55206901
124525;2;1;3;105;2018;4;13;1;2;6;4;0;0;1;1;0;0;0;1;564894.8774;5933272.1708;9.979362829;53.544334677
124526;2;2;4;214;2018;4;16;2;3;5;2;0;0;1;0;0;0;0;0;560799.8632;5933673.161;9.917649762;53.548428624
124527;2;2;1;205;2018;4;17;6;3;5;3;0;1;1;0;0;0;0;0;563198.3783;5934293.6934;9.953970469;53.55372236
124528;2;2;4;212;2018;4;7;3;3;5;3;0;1;1;0;0;0;0;0;560825.019;5934153.659;9.918122856;53.552744157
124529;2;2;2;207;2018;4;14;2;3;6;2;0;0;1;1;0;0;0;0;563985.5933;5935264.5111;9.966050279;53.562352038
124530;2;6;2;602;2018;4;8;4;3;1;6;0;0;1;0;1;0;0;0;578546.6309;5927479.3569;10.183892217;53.490411922
124531;2;5;4;512;2018;4;18;2;3;2;6;0;0;1;0;0;0;0;0;575552.5194;5936348.9712;10.140914132;53.570560196
124532;2;1;1;101;2018;4;10;2;3;5;3;0;0;1;0;0;0;0;0;566298.3144;5934540.665;10.000808281;53.55555962
124533;2;1;3;108;2018;4;4;1;3;5;2;2;0;1;0;0;0;0;1;565161.3992;5934765.2354;9.983695562;53.557720249
124534;2;5;12;520;2018;4;8;7;3;1;5;0;0;1;0;0;1;0;0;569414.11;5944719.344;10.05010093;53.646632771
124535;2;7;13;714;2018;4;16;1;3;5;3;0;1;1;0;0;0;0;0;558433.9781;5926165.922;9.880546303;53.481225296
124536;2;5;5;513;2018;4;0;1;3;4;2;2;0;1;0;0;0;0;0;574423.8685;5938272.6091;10.124332729;53.588008898
124537;2;7;12;713;2018;4;16;7;3;4;6;0;0;1;0;0;0;0;1;559901.8021;5929659.2533;9.903329177;53.512456822
124538;2;5;11;519;2018;4;7;3;3;3;2;0;1;0;0;0;0;1;0;570552.4063;5947054.1592;10.067848095;53.667463205
124539;2;5;2;508;2018;4;21;1;3;6;7;2;0;1;1;0;0;0;0;572897.874;5937336.2125;10.101065275;53.579807991
124540;2;1;13;131;2018;4;6;7;2;9;1;0;0;1;0;0;0;1;0;571414.7032;5932416.0986;10.077543315;53.535795017
124541;2;7;5;706;2018;4;16;6;3;8;1;0;0;1;0;0;0;0;0;567340.0261;5920829.7063;10.013587922;53.432202944
124542;2;5;8;516;2018;4;19;1;3;0;7;0;0;1;0;0;0;0;0;570267.0154;5940537.1255;10.062057084;53.60893361
124543;2;7;4;705;2018;4;15;7;3;2;6;0;0;1;0;0;0;0;1;565647.5675;5922631.9857;9.988493508;53.448614216
124544;2;1;7;120;2018;4;16;3;3;5;5;0;1;1;0;0;0;0;1;568297.8557;5934543.406;10.030987728;53.555327914
124545;2;4;5;409;2018;4;16;1;3;3;6;0;0;1;0;1;0;0;0;567361.9821;5939530.8316;10.017938983;53.600271511
124546;2;1;5;114;2018;4;17;6;3;3;6;0;1;1;0;0;0;0;0;567368.0019;5933995.9006;10.01683562;53.550527541
124547;2;2;12;225;2018;4;18;1;3;2;6;0;0;1;0;0;0;0;0;554513.1142;5936906.8883;9.823339723;53.578182553
124548;2;5;2;509;2018;4;23;4;3;5;3;2;0;1;0;0;0;0;0;572301.5807;5939078.3143;10.092464269;53.595546633
124549;2;4;6;414;2018;4;9;2;3;6;7;0;0;1;1;0;0;0;0;567133.2784;5936663.176;10.013866463;53.574528862
124550;2;2;10;222;2018;4;11;1;3;0;3;0;1;1;0;0;0;0;0;554560.5661;5934944.1293;9.823713449;53.560537055
124551;2;1;12;130;2018;4;23;7;2;4;2;2;0;1;0;0;0;0;1;574101.307;5932074.2919;10.117990986;53.532351138
124552;2;2;8;220;2018;4;18;7;3;2;6;0;0;1;0;0;0;0;0;558891.2113;5939580.9257;9.889960788;53.601742045
124553;2;2;11;223;2018;4;16;1;2;0;1;0;1;0;0;0;0;0;0;554403.0545;5934673.3189;9.821288584;53.558119454
124554;2;2;7;219;2018;4;18;1;2;6;4;0;0;1;1;0;0;0;0;559224.617;5934825.5664;9.894096182;53.5589659
124555;2;3;7;319;2018;4;19;1;3;5;7;1;1;1;0;0;0;0;0;560678.5525;5943461.8436;9.917723491;53.636417271
124556;2;5;5;513;2018;4;5;5;2;5;3;2;1;0;0;1;0;0;0;574460.4419;5938041.5133;10.124829979;53.585926892
124557;2;2;13;226;2018;4;9;3;3;2;6;0;0;1;0;0;0;1;0;552029.0135;5937178.6114;9.785870331;53.580877016
124558;2;3;4;316;2018;4;17;1;3;5;2;0;0;1;0;1;0;0;0;564246.0364;5937597.1648;9.97046175;53.583284413
124559;2;2;4;211;2018;4;8;4;2;0;7;0;0;0;0;1;0;0;0;561102.1979;5934708.5883;9.922414611;53.557699355
124560;2;6;2;603;2018;4;17;5;3;3;6;0;0;1;0;0;0;1;0;580153.2251;5926409.2012;10.207828465;53.480552488
124561;2;2;3;209;2018;4;10;1;3;2;6;0;0;1;0;0;0;0;0;562583.1797;5935324.358;9.944891917;53.563059013
124562;2;4;4;407;2018;4;18;4;3;1;5;0;0;1;0;0;0;0;0;567169.7958;5940566.5836;10.015258496;53.609604585
124563;2;7;10;711;2018;4;7;2;3;5;3;0;0;1;0;0;0;0;0;562007.9754;5925715.8875;9.934306655;53.47677171
124564;2;3;2;312;2018;4;14;1;2;2;3;0;1;1;0;0;0;0;0;565816.7946;5934890.3665;9.993614329;53.558763061
124565;2;1;12;130;2018;4;17;7;3;5;7;0;0;1;0;0;0;0;1;574759.2193;5932809.9338;10.128090751;53.538869056
124566;2;7;1;702;2018;4;14;6;3;3;2;0;1;1;0;0;0;0;0;565383.9268;5923745.4216;9.984755844;53.458653901
124567;2;1;3;108;2018;4;16;1;3;5;2;0;0;1;0;0;0;0;0;565165.1994;5934771.8765;9.983754307;53.557779462
124568;2;5;7;515;2018;4;9;6;3;5;2;0;1;1;0;0;0;0;0;570430.6214;5939247.712;10.064238094;53.597323731
124569;2;1;5;114;2018;4;17;1;2;0;4;0;0;1;1;0;0;0;0;566809.6738;5934301.3277;10.008475063;53.553343817
124570;2;4;9;424;2018;4;12;6;3;5;3;0;1;1;0;0;0;0;0;570253.0452;5937422.5175;10.061144305;53.580944551
124571;2;1;2;104;2018;4;1;1;3;0;7;2;0;0;0;1;0;1;0;566936.5916;5932605.3719;10.01002757;53.538085749
124572;2;4;6;415;2018;4;12;5;3;3;6;0;0;1;0;0;0;0;0;567992.0451;5936079.3934;10.026706429;53.569171736
124573;2;3;2;311;2018;4;13;3;3;6;4;0;1;0;1;0;0;0;1;564942.9132;5936070.7085;9.980669125;53.56947995
124574;2;7;1;702;2018;4;11;7;3;6;3;0;1;0;1;0;0;0;0;565501.6939;5923554.2067;9.986489426;53.456920746
124575;2;6;6;607;2018;4;8;3;2;1;6;0;0;1;0;0;0;0;0;575281.088;5920805.4674;10.133085029;53.43091121
124576;2;1;11;129;2018;4;15;7;3;2;2;0;0;1;0;0;0;0;1;570792.2517;5935046.8031;10.06874874;53.559521501
124577;2;2;4;214;2018;4;12;1;3;0;7;0;1;0;0;0;0;0;0;561319.0215;5933268.7588;9.92540499;53.544733717
124578;2;2;12;225;2018;4;15;7;3;3;7;0;0;1;0;0;0;0;1;554944.8367;5937170.1883;9.829905851;53.580503943
124579;2;1;6;118;2018;4;16;7;3;2;6;0;0;1;0;1;0;0;0;568730.4854;5933648.8219;10.037320652;53.547231715
124580;2;1;8;124;2018;4;22;7;3;1;7;2;0;1;0;0;0;0;0;569028.7026;5934386.9821;10.041983665;53.553826522
124581;2;5;6;514;2018;4;17;7;3;0;6;0;0;1;0;0;0;1;0;573913.3454;5940403.0295;10.117126825;53.607226807
124582;2;3;7;319;2018;4;14;6;2;1;5;0;0;1;0;0;0;0;0;560702.2457;5943840.592;9.918155703;53.639818452
124583;2;5;3;510;2018;4;22;1;3;2;6;1;0;1;0;0;0;0;1;570904.9682;5936430.0256;10.070764047;53.57193731
124584;2;5;2;505;2018;4;18;7;3;2;6;1;0;1;0;0;0;0;1;570625.9425;5936425.4369;10.066550135;53.571933707
124585;2;5;7;515;2018;4;12;7;2;2;2;0;0;1;0;0;0;0;0;571837.0945;5941568.8892;10.086021493;53.61799303
124586;2;1;11;129;2018;4;8;6;2;6;4;0;0;0;1;0;1;0;0;573046.408;5934940.721;10.102748065;53.558259283
124587;2;5;11;519;2018;4;12;7;3;2;6;0;0;1;0;0;0;0;0;572452.3933;5945818.9943;10.096311564;53.656103203
124588;2;4;10;427;2018;4;0;6;3;2;6;2;0;1;0;0;0;0;0;569138.2276;5938542.7334;10.044556755;53.591160131
124589;2;5;11;519;2018;4;12;7;3;2;6;0;0;1;0;0;0;0;0;571175.5634;5945845.3425;10.077001068;53.656515302
124590;2;3;3;313;2018;4;17;5;3;5;2;0;0;1;0;0;0;0;0;564803.4042;5936386.8836;9.978628419;53.572338745
124591;2;7;2;703;2018;4;7;2;3;5;2;0;0;1;0;0;0;0;0;566114.3815;5924417.751;9.995896909;53.464605207
124592;2;5;14;522;2018;4;21;7;3;0;7;2;0;0;0;1;0;0;0;572028.7797;5951850.5917;10.091303519;53.710366261
124593;2;3;6;318;2018;4;9;3;3;5;3;0;0;1;0;0;1;0;0;563913.7941;5943327.5448;9.966619353;53.634825243
124594;2;7;4;705;2018;4;10;7;3;4;2;0;1;1;0;0;0;0;0;565849.2021;5922035.6933;9.991404346;53.443229937
124595;2;1;5;114;2018;4;14;7;3;3;6;0;1;0;0;0;0;0;1;567522.1392;5934269.1671;10.019220742;53.552963633
124596;2;4;5;413;2018;4;16;7;3;3;6;0;1;1;0;0;0;0;0;567003.2413;5937375.6664;10.01205587;53.580948746
124597;2;6;1;601;2018;4;7;3;3;5;3;0;1;1;0;0;0;0;0;579501.173;5929496.637;10.198787429;53.50839727
124598;2;4;4;407;2018;4;18;7;2;1;7;0;1;1;0;0;0;0;0;567871.8191;5941578.7583;10.026088133;53.618610582
124599;2;2;1;201;2018;4;6;6;3;5;3;0;1;1;0;0;0;0;0;563204.3102;5933554.511;9.953910579;53.547078356
124600;2;4;5;413;2018;4;23;7;2;6;4;2;0;1;1;0;0;0;0;566903.7505;5937557.525;10.010592346;53.582595837
124601;2;1;12;130;2018;4;12;4;3;5;3;0;0;1;0;0;0;0;0;576116.5492;5930977.7179;10.148122426;53.522208328
124602;2;4;11;430;2018;4;14;2;3;2;6;0;0;1;0;0;0;0;0;568751.5351;5940263.3842;10.03909501;53.606674547
124603;2;2;5;217;2018;4;10;7;3;5;3;0;1;1;0;0;0;0;0;557879.964;5937302.2352;9.874257991;53.58137501
124604;2;7;1;702;2018;4;7;4;3;1;6;0;0;1;0;0;0;0;0;565624.543;5923587.988;9.988346346;53.457209063
124605;2;6;6;607;2018;4;18;2;3;5;3;0;0;1;0;1;0;0;0;578136.3292;5917430.4786;10.175214054;53.400165165
124606;2;3;1;301;2018;4;12;7;3;5;3;0;1;1;0;0;0;0;0;562610.3897;5937156.1045;9.945669925;53.579518294
124607;2;1;8;122;2018;4;16;7;3;5;3;0;0;1;0;1;0;0;0;569773.9575;5934786.977;10.053320447;53.557322782
124608;2;1;12;130;2018;4;8;6;3;5;2;0;1;1;0;0;0;0;0;574753.1382;5932808.9655;10.127998778;53.53886122
124609;2;2;3;210;2018;4;16;7;3;3;6;0;0;1;0;0;0;1;0;562873.6972;5934864.6607;9.949185046;53.558892829
124610;2;5;6;514;2018;4;7;3;3;5;3;0;1;1;0;0;0;0;0;573881.3283;5940545.1761;10.116676722;53.608508766
124611;2;3;3;314;2018;4;18;7;3;6;4;0;0;1;1;0;0;0;0;564695.6503;5936991.5997;9.97712674;53.577786778
124612;2;7;16;717;2018;4;7;5;3;3;2;0;1;1;0;0;0;0;0;553795.8899;5930024.8342;9.811324476;53.516402789
124613;2;3;1;310;2018;4;2;7;3;5;2;2;0;1;0;0;0;0;0;563953.0329;5935602.1456;9.965627874;53.565390428
124614;2;5;7;515;2018;4;12;4;2;6;4;0;1;0;1;0;0;0;0;572386.1743;5943063.7808;10.094668351;53.631351787
124615;2;2;11;223;2018;4;15;2;3;6;4;0;0;1;1;0;0;0;0;553809.2468;5935248.0478;9.812424208;53.563346141
124616;2;1;4;111;2018;4;18;7;3;5;3;0;0;1;0;0;0;1;0;563761.8058;5934020.6773;9.962418333;53.551200546
124617;2;7;9;710;2018;4;14;2;3;5;3;0;0;1;0;0;0;0;0;564180.5136;5924000.5641;9.966686025;53.461094971
124618;2;1;5;114;2018;4;17;7;3;0;6;0;1;1;0;0;0;0;0;566661.9611;5934059.1986;10.006194129;53.55118653
124619;2;1;4;109;2018;4;18;7;3;1;1;0;0;1;0;0;1;0;0;564668.3697;5935342.9309;9.976373387;53.56297313
124620;2;5;18;526;2018;4;15;6;3;2;6;0;0;1;0;0;0;0;0;576727.5465;5942457.8338;10.16015749;53.625288082
124621;2;1;1;101;2018;4;16;7;3;0;7;0;0;1;0;1;0;0;0;566072.1361;5934296.0639;9.997342869;53.553389851
124622;2;1;20;141;2018;4;11;6;3;5;3;0;0;1;0;1;0;0;0;555936.9933;5932300.4415;9.844018342;53.536631697
124623;2;5;1;502;2018;4;18;7;3;3;2;0;0;1;0;1;0;0;0;569706.2462;5936442.556;10.052667853;53.57221056
124624;2;7;9;710;2018;4;18;6;3;6;4;0;0;1;1;0;0;0;0;563732.4646;5923513.071;9.95983974;53.456768042
124625;2;6;8;609;2018;4;15;6;3;4;6;0;0;1;0;0;0;0;0;575786.8592;5924516.4125;10.141589852;53.464188905
124626;2;6;5;606;2018;4;16;6;2;6;4;0;0;0;1;1;0;0;0;581173.696;5922586.4289;10.222214887;53.446042083
124627;2;1;11;128;2018;4;14;5;3;0;7;0;0;1;0;1;0;0;0;571887.0602;5934031.0232;10.085040207;53.550243909
124628;2;4;8;423;2018;4;19;3;3;6;7;0;0;1;1;0;0;0;0;569000.1575;5937179.4227;10.042169666;53.578926173
124629;2;1;13;131;2018;4;13;6;2;4;7;0;0;1;0;0;1;0;0;572333.6866;5929860.4667;10.090816409;53.512701809
124630;2;4;8;420;2018;4;13;4;3;5;3;0;0;1;0;0;0;1;0;568404.9394;5936600.4961;10.03305433;53.573801271
124631;2;6;6;607;2018;4;22;1;2;5;3;2;0;1;0;0;0;0;0;576309.7526;5919618.1827;10.148276879;53.420093255
124632;2;1;11;129;2018;4;7;6;3;6;4;0;0;0;1;0;1;0;0;570794.87;5935042.376;10.068787258;53.559481361
124633;2;6;2;603;2018;4;15;6;3;5;3;0;0;1;0;0;0;0;0;582242.9569;5925675.2809;10.239118449;53.473634686
124634;2;1;11;128;2018;4;17;6;3;1;6;0;0;1;0;1;0;0;0;571832.6545;5933662.803;10.084134604;53.546942164
124635;2;5;7;515;2018;4;16;6;3;3;2;0;1;1;0;0;0;0;0;570712.616;5939644.396;10.068588318;53.600850746
124636;2;5;11;519;2018;4;13;6;3;5;3;0;1;1;0;0;0;0;0;571117.546;5945725.935;10.07609601;53.655450097
124637;2;3;6;318;2018;4;7;5;3;5;3;0;1;1;0;0;0;0;0;562539.4732;5943809.4926;9.945934448;53.63932263
124638;2;1;20;141;2018;4;15;2;3;5;3;0;1;1;0;0;0;0;0;558267.3997;5931956.1717;9.87911267;53.533284229
124639;2;5;5;513;2018;5;21;5;3;4;2;2;0;1;0;0;0;0;1;574464.7614;5938064.5532;10.124900716;53.586133334
124640;2;4;5;409;2018;5;18;5;3;2;6;0;0;1;0;0;0;0;0;566338.6397;5938467.3321;10.002251142;53.590844212
124641;2;4;5;409;2018;5;17;3;2;6;4;0;0;1;1;0;0;0;0;568275.375;5939065.197;10.031637289;53.595968628
124642;2;4;5;411;2018;5;18;5;3;5;3;0;1;1;0;0;0;0;0;568393.5766;5938093.671;10.033209958;53.587222046
124643;2;2;4;213;2018;5;14;3;3;2;6;0;1;1;0;0;0;0;0;561503.79;5934296.86;9.928395264;53.553952084