OBJECTID_1;ULAND;UREGBEZ;UKREIS;UGEMEINDE;UJAHR;UMONAT;USTUNDE;UWOCHENTAG;UKATEGORIE;UART;UTYP1;ULICHTVERH;IstRad;IstPKW;IstFuss;IstKrad;IstGkfz;IstSonstig;STRZUSTAND;LINREFX;LINREFY;XGCSWGS84;YGCSWGS84
124644;2;2;7;219;2018;5;9;2;3;1;5;0;0;1;0;0;0;0;0;560187.4336;5933765.0094;9.908425349;53.549324665
124645;2;4;8;419;2018;5;11;5;3;3;6;0;0;1;0;0;0;1;0;568337.0097;5937264.7163;10.032174033;53.579779535
124646;2;6;1;601;2018;5;12;1;2;5;3;0;1;1;0;0;0;0;0;580068.2388;5928010.749;10.206956684;53.494958043
124647;2;4;10;427;2018;5;15;5;3;3;6;0;1;0;0;0;0;1;0;569104.8796;5938595.1824;10.044064638;53.591635889
124648;2;1;4;109;2018;5;17;1;3;3;6;0;1;0;0;0;0;0;0;564184.0038;5934709.866;9.96893148;53.557343051
124649;2;4;4;407;2018;5;21;7;3;4;7;2;0;1;0;0;0;0;0;567079.8731;5941618.4596;10.014126096;53.61906941
124650;2;2;8;220;2018;5;16;5;3;5;3;0;1;0;0;0;0;1;0;557519.3229;5939327.343;9.869184749;53.599615344
124651;2;2;4;214;2018;5;9;5;3;2;6;0;1;1;0;0;0;0;0;561405.9622;5933241.2124;9.926711472;53.544475987
124652;2;1;7;120;2018;5;17;4;3;2;6;0;0;1;0;0;0;0;0;568668.5047;5934894.4886;10.036658975;53.558434779
124653;2;3;3;314;2018;5;14;5;3;5;3;0;1;1;0;0;0;0;0;564832.7645;5936971.8861;9.97919321;53.577592678
124654;2;7;13;714;2018;5;8;2;3;0;6;0;0;1;0;1;0;0;0;558795.0264;5926187.2551;9.885990252;53.481376825
124655;2;3;2;312;2018;5;8;5;3;1;5;0;1;1;0;0;0;0;0;565011.074;5935877.5866;9.981658023;53.567735874
124656;2;1;5;114;2018;5;22;3;2;0;5;2;0;1;0;1;0;0;0;566647.4291;5934838.8387;10.006141043;53.558195158
124657;2;1;3;106;2018;5;17;2;3;1;7;0;0;1;0;0;0;0;0;564696.72;5934158.98;9.976556277;53.55232914
124658;2;3;2;312;2018;5;11;5;3;2;6;0;0;1;0;0;0;0;0;565902.6261;5936173.9517;9.995180652;53.570288151
124659;2;4;10;427;2018;5;14;7;3;3;2;0;1;1;0;0;0;0;0;569166.7164;5938452.2436;10.044967027;53.590343138
124660;2;5;2;509;2018;5;14;6;2;5;3;0;1;1;0;0;0;0;0;572732.6362;5938359.4092;10.098808485;53.589026288
124661;2;2;1;201;2018;5;8;3;3;5;2;0;0;1;0;0;0;0;0;563153.2765;5933477.2198;9.953124863;53.546389852
124662;2;2;7;219;2018;5;7;2;3;3;2;0;1;1;0;0;0;0;0;560778.2881;5933679.8237;9.917325471;53.548491002
124663;2;1;1;101;2018;5;8;5;3;0;3;0;1;0;0;0;0;1;0;566211.7272;5934015.518;9.999390198;53.550850935
124664;2;1;20;141;2018;5;18;4;3;0;3;0;1;1;0;0;0;0;0;556563.2785;5932207.9564;9.85345033;53.535733413
124665;2;1;8;123;2018;5;10;7;3;5;2;0;0;1;0;0;0;1;0;570402.5114;5935099.4469;10.062877816;53.560047034
124666;2;3;3;313;2018;5;13;7;3;4;6;0;1;0;0;0;0;0;0;564574.86;5936990.12;9.975302376;53.577788365
124667;2;3;4;315;2018;5;22;7;3;3;5;2;0;1;0;1;0;0;0;564542.2425;5937174.24;9.974847888;53.579447112
124668;2;7;16;717;2018;5;6;6;3;4;6;0;0;1;0;0;0;0;0;553869.829;5930823.4713;9.812576812;53.523573157
124669;2;1;15;134;2018;5;7;4;3;1;6;0;0;1;0;0;0;1;0;567126.3168;5930733.4175;10.01248853;53.521237869
124670;2;3;8;320;2018;5;12;4;3;0;4;0;0;0;1;0;0;1;0;558689.8923;5941622.3438;9.887303441;53.620111723
124671;2;6;1;601;2018;5;14;4;3;5;3;0;0;1;0;0;0;0;0;580228.1771;5926832.0467;10.209065692;53.484341053
124672;2;5;3;511;2018;5;14;2;3;2;6;0;0;1;0;0;0;0;0;571946.2947;5936108.7837;10.086412442;53.568908556
124673;2;6;13;614;2018;5;12;4;2;4;2;0;1;1;0;0;0;0;0;570279.6702;5926333.6549;10.059056878;53.48128444
124674;2;6;2;602;2018;5;8;2;2;3;6;0;1;1;0;0;0;0;0;580059.9253;5927358.2709;10.20666492;53.489095691
124675;2;1;8;125;2018;5;23;1;2;5;3;2;0;1;0;0;0;0;0;570303.929;5934483.6942;10.061251278;53.554526453
124676;2;1;11;129;2018;5;16;4;3;0;3;0;1;0;0;0;0;1;0;571826.367;5934550.593;10.08424367;53.554921579
124677;2;5;1;504;2018;5;19;6;2;1;3;0;1;1;0;0;0;0;0;570017.1981;5936170.2707;10.057301765;53.569722116
124678;2;1;11;129;2018;5;7;4;3;1;3;0;0;1;0;0;0;0;0;570822.483;5935045.2613;10.069204704;53.559503567
124679;2;7;1;702;2018;5;12;3;3;3;6;0;1;1;0;0;0;0;0;565983.728;5924925.171;9.994035713;53.469181962
124680;2;3;9;321;2018;5;7;3;3;5;3;0;1;1;0;0;0;0;0;560962.9456;5939120.8753;9.921174391;53.597370503
124681;2;1;12;130;2018;5;15;4;3;4;2;0;0;1;0;1;0;0;0;572917.9916;5933972.1156;10.100583886;53.549572349
124682;2;3;2;312;2018;5;11;4;3;2;2;0;0;1;0;0;0;0;0;565465.9949;5936424.4618;9.988640781;53.572594205
124683;2;1;7;119;2018;5;18;4;3;1;2;0;0;1;0;1;0;0;0;568795.9924;5934234.7746;10.038438061;53.552489163
124684;2;2;8;220;2018;5;16;2;3;5;3;0;1;1;0;0;0;0;0;558231.4052;5937570.9915;9.87961586;53.58375155
124685;2;5;2;507;2018;5;17;4;3;0;7;0;0;0;0;1;0;0;0;571050.0211;5936908.9959;10.073063117;53.576222183
124686;2;5;3;511;2018;5;9;2;3;5;3;0;0;1;0;0;0;0;0;572955.0861;5936784.6016;10.101800333;53.574842769
124687;2;5;1;504;2018;5;15;1;3;5;3;0;0;1;0;0;0;0;0;569784.4601;5936493.9711;10.05386027;53.572662232
124688;2;5;3;510;2018;5;13;4;3;5;3;0;1;1;0;0;0;0;0;570767.4353;5936384.7995;10.068677256;53.571549432
124689;2;6;1;601;2018;5;21;5;3;5;3;1;0;1;0;0;0;0;1;579938.689;5928128.399;10.205034291;53.496035027
124690;2;5;9;517;2018;5;7;4;3;1;5;0;1;1;0;0;0;0;0;571496.4008;5943450.5702;10.081304181;53.634950087
124691;2;5;7;515;2018;5;14;3;3;2;6;0;0;1;0;0;0;0;0;571189.7777;5941180.4649;10.076148584;53.61459068
124692;2;4;11;430;2018;5;18;4;3;4;6;0;0;1;0;0;0;1;0;567334.6339;5941475.2864;10.017945993;53.617750011
124693;2;2;4;212;2018;5;16;3;3;3;6;0;1;1;0;0;0;0;0;560830.8032;5934616.0127;9.918300128;53.55689886
124694;2;4;7;416;2018;5;9;2;3;5;3;0;0;1;0;1;0;0;0;567260.8093;5935344.4643;10.015508161;53.562661059
124695;2;5;12;520;2018;5;16;4;3;1;5;0;0;0;0;0;1;1;0;568251.7478;5944530.7004;10.032478395;53.645090351
124696;2;1;16;137;2018;5;20;1;2;5;3;0;0;1;0;0;0;0;0;565152.9178;5929530.4345;9.982477829;53.510674596
124697;2;4;8;423;2018;5;15;4;3;2;6;0;0;1;0;0;0;1;0;569685.85;5937220.34;10.052533503;53.579203245
124698;2;4;10;428;2018;5;0;1;3;3;6;2;0;1;0;0;0;0;0;569067.4445;5939260.4515;10.043646497;53.59761962
124699;2;5;7;515;2018;5;20;7;3;2;2;0;0;1;0;0;0;0;0;570864.2046;5940199.6643;10.071004884;53.605820436
124700;2;3;8;320;2018;5;13;4;3;6;4;0;0;1;1;0;0;0;0;559709.4944;5940369.7631;9.902476099;53.608739047
124701;2;3;3;313;2018;5;17;2;3;5;3;0;1;1;0;0;0;0;0;565789.4841;5936995.5445;9.993645515;53.577686175
124702;2;2;5;216;2018;5;11;4;3;2;2;0;0;1;0;0;0;0;0;560081.7273;5935748.0246;9.907211336;53.567159035
124703;2;5;7;515;2018;5;15;1;3;5;2;0;1;1;0;0;0;0;0;571264.6799;5941441.4261;10.077340343;53.616925729
124704;2;4;13;432;2018;5;17;2;3;2;2;0;0;1;0;0;0;0;0;567401.5132;5945421.7092;10.019811935;53.653208081
124705;2;6;1;601;2018;5;1;7;2;8;1;2;0;1;0;0;0;0;0;577509.7786;5930118.6661;10.168920243;53.51428461
124706;2;2;8;220;2018;5;10;4;3;6;4;0;0;1;1;0;0;0;0;558706.0223;5939518.5649;9.887150847;53.601202359
124707;2;2;5;216;2018;5;7;4;3;5;3;0;1;1;0;0;0;0;0;560924.2438;5935009.5919;9.919787231;53.560425287
124708;2;5;2;508;2018;5;16;5;3;0;6;0;0;1;0;1;0;0;1;572542.4238;5937226.161;10.095671983;53.578868252
124709;2;7;8;709;2018;5;14;6;3;5;3;0;0;1;0;0;0;0;0;564279.0755;5921679.4458;9.967696012;53.440221989
124710;2;2;7;219;2018;5;6;4;3;0;2;0;0;1;0;1;0;0;0;558960.3594;5933452.3223;9.889848309;53.546653611
124711;2;5;1;501;2018;5;8;3;3;5;3;0;1;1;0;0;0;0;0;568682.6876;5935636.9763;10.037036255;53.565105739
124712;2;4;2;405;2018;5;15;4;2;2;6;0;1;1;0;0;0;0;0;564374.1727;5939651.7953;9.972821071;53.601734148
124713;2;3;3;314;2018;5;18;3;3;2;6;0;1;1;0;0;0;0;0;565440.5418;5937391.1093;9.988459094;53.581284851
124714;2;3;4;316;2018;5;12;2;3;3;7;0;0;0;0;0;0;1;0;564240.1561;5937605.9346;9.970374745;53.58336395
124715;2;2;1;203;2018;5;16;4;3;6;4;0;1;0;1;0;0;0;0;562519.343;5934072.627;9.943677856;53.551816859
124716;2;1;6;115;2018;5;11;1;3;3;2;0;0;1;0;0;0;0;0;567225.123;5933473.3874;10.01456709;53.545849929
124717;2;1;4;112;2018;5;7;4;3;3;6;0;1;0;0;0;0;1;0;563590.709;5933826.1119;9.959796634;53.549472673
124718;2;6;6;607;2018;5;11;7;3;2;6;0;1;0;0;0;0;0;0;580028.088;5917720.1407;10.203733834;53.402484928
124719;2;1;3;108;2018;5;21;7;3;0;5;1;0;1;0;1;0;0;0;565503.8483;5934206.8741;9.988747425;53.552659494
124720;2;4;6;415;2018;5;18;7;3;5;3;0;0;1;0;0;0;0;0;568435.5145;5936580.5934;10.033511632;53.573618416
124721;2;7;1;702;2018;5;13;6;3;1;7;0;0;1;0;0;0;0;0;565356.5634;5923815.9371;9.984358445;53.459291048
124722;2;1;4;109;2018;5;10;4;3;4;2;0;0;1;0;1;0;0;0;564606.6622;5935057.7577;9.975382903;53.5604178
124723;2;4;8;418;2018;5;17;4;3;1;5;0;0;1;0;0;0;0;0;568145.387;5936486.802;10.029110442;53.57281327
124724;2;1;5;114;2018;5;11;4;3;6;4;0;0;1;1;0;0;0;0;566877.8541;5934225.7291;10.00948788;53.552655717
124725;2;7;9;710;2018;5;5;3;2;7;1;1;0;1;0;0;0;0;0;563973.8995;5923199.0195;9.963411406;53.453916252
124726;2;3;4;316;2018;5;22;7;3;1;5;2;1;1;0;0;0;0;0;563715.1103;5937179.4586;9.962357874;53.579595145
124727;2;1;11;129;2018;5;23;3;3;5;3;2;0;1;0;0;0;0;0;570826.3936;5935046.0352;10.069263907;53.559509994
124728;2;6;1;601;2018;5;16;4;3;1;6;0;0;1;0;0;0;0;0;579824.0859;5928346.7915;10.203362702;53.498015055
124729;2;1;8;121;2018;5;19;3;3;3;6;0;0;1;0;0;1;0;1;569014.1909;5935138.1436;10.041930515;53.560579192
124730;2;3;2;312;2018;5;18;3;2;0;7;0;0;1;0;0;0;0;0;565465.8035;5936368.8199;9.988626226;53.572094162
124731;2;1;7;119;2018;5;18;3;3;3;6;0;0;1;0;0;0;0;1;568919.9358;5934246.3984;10.040311143;53.552577371
124732;2;1;3;108;2018;5;13;3;3;4;2;0;0;1;0;0;0;0;0;565165.5099;5934772.033;9.983759026;53.55778083
124733;2;3;2;311;2018;5;14;2;3;0;4;0;0;0;1;0;0;1;0;564977.2661;5935783.9929;9.981128141;53.566898912
124734;2;5;3;511;2018;5;19;3;3;9;7;0;0;1;0;0;0;0;1;573188.6631;5936298.9296;10.105213365;53.570445553
124735;2;4;12;431;2018;5;17;3;3;2;6;0;0;1;0;0;0;0;1;567154.999;5943496.3926;10.015666869;53.635936891
124736;2;4;13;432;2018;5;13;7;3;1;5;0;1;1;0;0;0;0;0;567474.7474;5946350.467;10.021121519;53.661545391
124737;2;1;5;114;2018;5;16;7;3;0;7;0;1;0;1;0;0;0;0;566599.3828;5934261.4988;10.005292827;53.553012586
124738;2;1;3;106;2018;5;16;7;3;0;7;0;1;0;0;0;0;0;0;564415.676;5933618.7101;9.972203468;53.54750813
124739;2;4;5;409;2018;5;11;3;3;1;5;0;0;1;0;0;0;0;1;567080.6615;5939012.9446;10.013577123;53.595653283
124740;2;2;9;221;2018;5;21;4;3;0;7;2;0;1;0;0;0;0;0;556449.2348;5935934.0363;9.852402576;53.569234186
124741;2;4;8;423;2018;5;2;3;3;3;6;2;0;1;0;0;0;0;0;569098.4407;5937498.1702;10.043724419;53.581777837
124742;2;5;7;515;2018;5;9;2;3;3;5;0;0;1;0;0;0;1;0;571042.9645;5940764.3986;10.073834807;53.610871456
124743;2;3;1;307;2018;5;15;3;3;0;3;0;0;1;0;1;0;0;1;563382.0103;5936018.2955;9.957091764;53.569199779
124744;2;1;11;129;2018;5;8;2;3;2;6;0;0;1;0;0;0;0;0;571684.9803;5934819.4539;10.082171468;53.557357153
124745;2;4;12;431;2018;5;13;1;3;2;6;0;0;1;0;0;0;0;0;566567.7876;5943161.7157;10.006715658;53.633004134
124746;2;2;2;207;2018;5;15;3;3;4;2;0;0;1;0;0;0;0;1;563970.425;5935618.1583;9.965893716;53.565532219
124747;2;7;4;705;2018;5;14;2;3;1;5;0;0;1;0;0;1;1;0;565698.4497;5922577.8655;9.989248243;53.448121474
124748;2;2;2;207;2018;5;3;3;2;6;4;2;0;0;1;0;0;1;0;563825.687;5934802.516;9.963542039;53.558219417
124749;2;7;9;710;2018;5;18;2;3;2;2;0;0;1;0;0;0;0;0;563549.9742;5922836.1796;9.956954994;53.450706535
124750;2;7;9;710;2018;5;15;1;3;5;3;0;1;1;0;0;0;0;0;564198.8222;5922763.6358;9.966709222;53.449975899
124751;2;1;3;105;2018;5;0;3;3;6;4;2;0;0;1;0;0;1;0;564819.3348;5933240.5472;9.978216405;53.544059796
124752;2;4;13;432;2018;5;11;6;3;2;6;0;0;1;0;0;0;0;0;567413.1501;5944635.9185;10.019817546;53.646144664
124753;2;7;1;702;2018;4;12;2;3;5;3;0;1;1;0;0;0;0;1;565257.7576;5923613.4576;9.982828511;53.457483531
124754;2;1;3;105;2018;5;10;4;3;6;7;0;0;0;1;0;0;1;0;564816.0491;5933323.7728;9.978184073;53.544808175
124755;2;3;8;320;2018;5;15;3;3;5;3;0;1;1;0;0;0;0;0;560282.5455;5939669.4893;9.911000796;53.602379803
124756;2;7;4;705;2018;4;17;2;2;6;4;0;0;1;1;0;0;0;0;565797.3475;5921810.7377;9.990576737;53.441214643
124757;2;3;5;317;2018;5;15;2;3;5;3;0;1;0;0;0;0;1;0;563388.9427;5938191.1526;9.957637688;53.588727053
124758;2;1;16;137;2018;4;22;2;3;2;6;2;0;1;0;0;0;0;0;565767.4411;5928516.4593;9.99153035;53.501485176
124759;2;5;7;515;2018;5;10;2;2;0;6;0;0;1;0;1;0;0;0;570632.2712;5940536.7073;10.067576629;53.608880739
124760;2;3;5;317;2018;5;19;1;3;5;3;0;1;1;0;0;0;0;0;563768.6498;5939426.1764;9.963625699;53.599780486
124761;2;1;6;118;2018;5;0;6;3;5;3;2;0;1;0;0;0;0;0;569012.3396;5934073.6406;10.041667545;53.55101264
124762;2;2;8;220;2018;5;15;7;3;5;2;0;1;1;0;0;0;0;0;557840.1885;5937921.6714;9.873772091;53.58694658
124763;2;1;16;137;2018;4;18;2;3;4;2;0;0;1;0;1;0;0;0;565865.9182;5930117.1472;9.993351118;53.515858727
124764;2;1;12;130;2018;4;19;2;3;5;3;0;1;1;0;0;0;0;0;576207.939;5931816.1373;10.149704665;53.529729811
124765;2;1;11;129;2018;5;14;5;3;4;2;0;0;1;0;1;0;0;1;572919.5729;5933975.5269;10.100608544;53.549602786
124766;2;1;12;130;2018;4;13;2;3;2;6;0;0;1;0;0;1;0;1;572846.9751;5932749.7313;10.099227542;53.538596701
124767;2;2;8;220;2018;5;16;6;3;5;3;0;1;1;0;0;0;0;0;557886.9382;5937998.1606;9.874492424;53.587628867
124768;2;1;12;130;2018;4;19;2;2;3;6;0;0;1;0;0;0;0;0;573033.1995;5932911.9995;10.102074888;53.540029137
124769;2;1;13;131;2018;5;18;3;3;0;7;0;0;0;0;1;1;0;0;572823.287;5932457.0169;10.098802052;53.535969372
124770;2;1;14;132;2018;4;9;2;3;5;3;0;0;1;0;0;0;0;0;569804.515;5932085.8289;10.053178832;53.533043278
124771;2;2;7;219;2018;5;8;3;3;1;6;0;0;1;0;1;0;0;0;559665.752;5934616.041;9.900714963;53.557032836
124772;2;1;7;120;2018;4;8;2;3;0;1;0;0;0;0;1;0;0;1;567904.7399;5934345.5222;10.025011525;53.553600501
124773;2;1;3;108;2018;5;3;2;3;4;2;2;0;1;0;0;0;0;0;565533.1379;5934834.621;9.989321071;53.558297555
124774;2;1;14;133;2018;4;11;2;3;1;5;0;1;0;0;0;1;0;0;568589.9273;5932135.3156;10.034867841;53.533647996
124775;2;4;5;410;2018;5;20;1;3;1;5;0;1;1;0;0;0;0;0;567143.5914;5938393.6225;10.014394489;53.590079303
124776;2;4;5;410;2018;5;9;2;3;3;6;0;1;1;0;0;0;0;0;566501.6312;5938131.126;10.004641547;53.587802027
124777;2;1;8;126;2018;5;19;7;3;0;5;0;1;1;0;0;0;0;0;570179.8569;5933953.548;10.059259736;53.549778601
124778;2;5;6;514;2018;5;23;6;3;4;6;2;0;1;0;1;0;0;0;575021.8091;5943793.5903;10.134693593;53.637539304
124779;2;5;4;512;2018;4;17;2;3;6;3;0;0;1;1;0;0;0;0;574458.7175;5936377.0751;10.124406915;53.57096913
124780;2;4;9;425;2018;4;7;2;3;3;2;0;1;1;0;0;0;0;0;570389.0712;5937497.785;10.06321551;53.581602741
124781;2;2;8;220;2018;5;17;5;3;5;3;0;1;1;0;0;0;0;0;557001.7099;5938387.4819;9.861192179;53.591224884
124782;2;6;9;610;2018;5;15;6;2;5;3;0;0;1;0;1;0;0;0;574034.0491;5927149.0173;10.1158131;53.48809743
124783;2;5;7;515;2018;4;15;2;3;0;7;0;1;1;0;0;0;0;1;571207.7012;5941287.9025;10.076444036;53.615553775
124784;2;2;7;219;2018;5;19;3;1;4;6;0;0;1;0;1;0;1;0;560578.7278;5933411.57;9.914261971;53.546103146
124785;2;4;12;431;2018;4;11;2;3;2;2;0;0;1;0;0;0;1;1;568471.0411;5943300.4446;10.03552431;53.634005403
124786;2;2;2;207;2018;5;8;3;3;1;5;0;1;1;0;0;0;0;0;563796.5776;5935069.3483;9.96315713;53.560621061
124787;2;2;5;215;2018;5;9;2;3;6;4;0;0;1;1;0;0;0;0;561811.8775;5935724.65;9.933327569;53.566748001
124788;2;4;6;415;2018;4;18;2;3;1;5;0;0;1;1;0;0;0;0;567541.2046;5936251.4679;10.019936964;53.570776422
124789;2;5;4;512;2018;5;12;6;3;5;3;0;0;1;0;0;0;0;0;574386.072;5936136.4951;10.123252821;53.568817382
124790;2;2;7;219;2018;4;10;2;3;2;6;0;0;1;0;0;0;1;0;559801.2824;5934550.6116;9.902748135;53.556429368
124791;2;1;12;130;2018;5;15;7;3;5;3;0;1;1;0;0;0;0;0;575128.2955;5931861.281;10.133431073;53.530290989
124792;2;4;13;432;2018;5;16;3;3;2;6;0;0;1;0;0;0;0;0;567933.96;5947919.57;10.028413074;53.675587415
124793;2;3;1;304;2018;4;7;2;3;5;3;0;1;0;0;0;0;0;0;562210.778;5936883.1733;9.939580674;53.577112919
124794;2;2;1;203;2018;5;9;3;3;2;6;0;0;1;0;1;0;0;0;562066.7646;5933616.8062;9.936757088;53.547773916
124795;2;2;7;219;2018;5;17;2;3;6;4;0;0;1;1;0;0;0;0;557874.9897;5933497.7459;9.873478085;53.547182604
124796;2;4;2;404;2018;4;16;2;3;3;7;0;0;1;0;1;0;0;1;565029.387;5937859.0993;9.982347257;53.585541924
124797;2;6;4;605;2018;5;12;1;2;2;6;0;0;1;0;1;0;0;0;585563.6189;5920653.3677;10.287769779;53.427976247
124798;2;3;1;309;2018;4;10;2;3;3;2;0;1;0;0;0;0;1;0;564032.0786;5935677.5286;9.966836652;53.566058278
124799;2;3;1;302;2018;5;17;1;3;1;5;0;0;1;0;1;0;0;0;563039.6307;5937451.386;9.952211859;53.582120664
124800;2;5;11;519;2018;5;12;7;3;4;2;0;1;1;0;0;0;0;0;571102.6982;5946628.2913;10.076077931;53.663561451
124801;2;4;13;432;2018;5;14;6;3;1;6;0;0;1;0;0;0;1;0;567298.8152;5945004.5835;10.018168017;53.649472585
124802;2;1;12;130;2018;4;19;1;3;5;3;0;1;1;0;0;0;0;0;573133.76;5934406.8204;10.103941593;53.553448999
124803;2;5;18;526;2018;4;15;1;3;4;3;0;0;1;0;0;0;0;0;576022.501;5941879.1214;10.149357916;53.620190218
124804;2;1;8;122;2018;5;11;4;3;2;2;0;0;1;0;0;0;0;0;569709.912;5934561.3116;10.052303455;53.555303221
124805;2;5;10;518;2018;4;9;1;3;2;6;0;0;1;0;0;0;0;0;573227.1345;5945780.7203;10.108023123;53.655651351
124806;2;1;5;113;2018;5;10;3;3;3;7;0;0;1;0;0;0;0;0;567647.276;5934284.6111;10.021112646;53.553086322
124807;2;5;17;525;2018;4;9;1;3;5;3;0;0;1;0;0;0;0;0;576540.8273;5945066.1414;10.157976653;53.6487553
124808;2;1;2;104;2018;5;11;3;2;9;1;0;0;0;0;1;0;0;0;566520.1357;5933272.6735;10.003886481;53.544135845
124809;2;1;2;103;2018;5;19;2;3;1;6;0;1;1;0;0;0;0;0;565289.5508;5932968.4486;9.985254698;53.541556123
124810;2;5;16;524;2018;4;21;1;3;0;7;2;0;0;0;1;0;0;0;573979.9562;5948802.0771;10.120131897;53.682697435
124811;2;3;5;317;2018;5;9;6;3;5;3;0;0;1;0;1;0;0;0;562329.9117;5939324.0631;9.94186738;53.599035842
124812;2;3;9;321;2018;4;1;1;3;5;3;2;0;1;0;0;0;0;0;560865.2899;5938322.2021;9.919543109;53.59020388
124813;2;4;10;426;2018;5;18;7;3;0;7;0;0;1;0;0;0;0;0;569482.6411;5938582.5017;10.049768137;53.591471997
124814;2;1;2;104;2018;5;13;6;3;5;3;0;1;1;0;0;0;0;0;568095.6396;5932148.1873;10.027414272;53.533827977
124815;2;2;9;221;2018;5;8;6;3;6;7;0;1;0;1;0;0;0;0;557110.9098;5936684.217;9.862530061;53.575904862
124816;2;2;11;223;2018;4;19;1;3;4;2;0;0;1;0;0;0;0;0;554546.467;5934948.366;9.823501355;53.560576598
124817;2;3;5;317;2018;5;8;4;3;4;2;0;1;1;0;0;0;0;0;562679.5879;5938380.3124;9.946960857;53.590512371
124818;2;3;7;319;2018;5;15;7;3;6;2;0;0;0;1;0;0;1;0;560945.7261;5942977.3711;9.921668836;53.632032127
124819;2;2;8;220;2018;4;19;1;3;6;4;0;0;1;1;0;0;0;0;558110.8429;5937909.0115;9.877857891;53.586802874
124820;2;3;9;321;2018;5;13;4;3;6;4;0;0;0;1;0;0;1;0;562067.3554;5936831.0384;9.93740449;53.576661355
124821;2;2;5;216;2018;4;14;1;3;0;7;0;1;1;0;0;0;0;0;559773.1975;5935628.4972;9.902530418;53.566120024
124822;2;5;2;509;2018;5;16;2;3;1;5;0;1;1;0;0;0;1;0;571385.5406;5938335.1782;10.078455689;53.588993665
124823;2;2;8;220;2018;4;13;1;3;5;3;0;0;1;0;0;0;0;0;558033.0129;5939452.3142;9.87696948;53.60068189
124824;2;6;2;602;2018;5;11;2;3;3;6;0;1;1;0;0;0;0;0;580581.757;5928013.3082;10.214696263;53.494902639
124825;2;1;11;128;2018;5;16;1;3;5;3;0;0;1;0;0;0;0;0;572399.3809;5933632.9172;10.092679304;53.546595751
124826;2;2;9;221;2018;5;13;6;2;5;3;0;1;1;0;0;0;0;0;556067.6988;5934902.8362;9.846456878;53.560007091
124827;2;3;7;319;2018;4;5;1;3;1;5;0;0;1;0;0;1;0;0;560703.3206;5943837.377;9.918171331;53.639789433
124828;2;5;1;502;2018;5;16;6;3;3;2;0;0;1;0;0;0;0;0;569708.6185;5936445.1442;10.05270425;53.572233505
124829;2;2;1;206;2018;4;15;1;3;3;6;0;0;1;0;1;0;0;0;562829.8185;5935214.263;9.948593015;53.562040081
124830;2;7;14;715;2018;5;18;3;2;6;3;0;0;1;1;0;0;0;0;556649.496;5925290.6156;9.853501235;53.473553379
124831;2;3;9;321;2018;5;17;3;3;3;2;0;1;1;0;0;0;0;0;561972.449;5938597.056;9.93632207;53.592544382
124832;2;2;1;201;2018;4;0;1;3;5;3;2;0;1;0;0;0;0;0;563264.1617;5933724.9982;9.954848239;53.548603376
124833;2;3;1;308;2018;5;8;2;1;3;2;0;1;0;0;0;1;0;0;563664.0377;5936539.479;9.961456077;53.573849666
124834;2;1;3;106;2018;4;1;1;3;2;6;2;0;1;0;0;0;0;0;564919.5371;5934574.1676;9.980005244;53.55603304
124835;2;5;6;514;2018;5;0;1;3;1;7;2;1;1;0;0;0;0;0;575211.0516;5943236.8788;10.137420647;53.632509148
124836;2;4;13;432;2018;5;13;2;3;5;3;0;1;1;0;0;0;0;0;566232.896;5947511.6588;10.002578989;53.672139835
124837;2;7;16;717;2018;4;18;7;2;8;7;0;0;1;0;0;0;0;0;551826.536;5930209.8738;9.781657304;53.518263735
124838;2;2;5;215;2018;5;17;2;3;8;2;0;0;1;0;0;0;1;0;560845.0623;5936566.0892;9.918895173;53.574423356
124839;2;1;16;136;2018;4;12;7;3;2;2;0;0;1;0;0;0;0;0;567649.8701;5927236.9178;10.01962964;53.489746868
124840;2;5;2;509;2018;5;12;2;3;2;6;0;0;1;0;0;1;0;0;571407.341;5938277.7562;10.07877183;53.588474648
124841;2;4;5;409;2018;5;15;1;3;0;6;0;0;0;0;1;0;1;1;567661.9601;5939537.3879;10.022472724;53.600291791
124842;2;2;8;220;2018;5;13;6;3;2;6;0;0;1;0;0;0;0;0;559447.2576;5938604.7141;9.898176476;53.592905642
124843;2;6;10;611;2018;4;12;7;3;6;4;0;0;1;1;0;0;0;0;574993.8374;5928083.209;10.13049887;53.496357045
124844;2;2;2;207;2018;5;14;6;3;5;7;0;1;1;0;0;0;0;0;563816.4329;5935347.5702;9.963513668;53.563119112
124845;2;1;12;130;2018;4;10;7;3;5;3;0;0;1;0;0;0;0;0;575934.7187;5934006.8109;10.146115315;53.54945654
124846;2;5;2;509;2018;5;11;3;3;2;6;0;0;1;0;0;0;0;0;572342.1091;5938211.3475;10.092875444;53.587749701
124847;2;1;6;117;2018;4;0;7;3;1;5;2;0;1;0;0;0;0;0;567683.7987;5933955.6947;10.021592644;53.550125589
124848;2;4;2;403;2018;5;9;3;3;1;6;0;0;1;0;1;0;0;0;564973.9192;5937845.8525;9.981506726;53.585429748