OBJECTID_1;ULAND;UREGBEZ;UKREIS;UGEMEINDE;UJAHR;UMONAT;USTUNDE;UWOCHENTAG;UKATEGORIE;UART;UTYP1;ULICHTVERH;IstRad;IstPKW;IstFuss;IstKrad;IstGkfz;IstSonstig;STRZUSTAND;LINREFX;LINREFY;XGCSWGS84;YGCSWGS84
124849;2;4;8;423;2018;5;17;2;3;2;6;0;0;1;0;0;0;0;0;568928.4959;5937276.7685;10.041108991;53.579810449
124850;2;1;7;120;2018;4;13;7;3;2;6;0;0;1;0;0;0;0;0;568415.5594;5934792.7448;10.032818779;53.557553426
124851;2;7;16;717;2018;5;13;1;3;4;2;0;0;1;0;1;0;0;0;553726.6003;5931402.4485;9.810515917;53.528791511
124852;2;5;17;525;2018;4;16;7;2;5;7;0;1;1;0;0;0;0;0;577178.5956;5945134.5608;10.167640165;53.649276462
124853;2;4;10;426;2018;5;12;1;3;5;3;0;0;1;0;0;0;0;0;569893.1859;5938585.3563;10.055970278;53.591443079
124854;2;5;7;515;2018;5;15;7;3;0;3;0;1;1;0;0;0;0;0;570117.5437;5938857.2512;10.059420443;53.593856639
124855;2;3;6;318;2018;5;17;6;3;2;6;0;0;1;0;0;0;0;0;562765.5414;5943555.1231;9.949301973;53.63700949
124856;2;4;4;407;2018;4;19;7;3;3;2;0;1;1;0;0;0;0;0;566548.1263;5940182.4702;10.005781646;53.606231844
124857;2;3;6;318;2018;4;16;7;3;8;1;0;0;0;0;1;0;0;0;562415.8355;5942659.6076;9.943833963;53.629003088
124858;2;3;2;311;2018;5;16;5;3;3;7;0;0;1;0;0;0;0;0;564308.6862;5935801.5146;9.971038088;53.567138749
124859;2;1;16;137;2018;5;21;7;3;5;3;1;0;1;0;0;0;0;0;565478.6115;5930281.9263;9.987545378;53.517388032
124860;2;3;7;319;2018;5;8;6;3;4;2;0;1;1;0;0;0;0;0;559996.8284;5943035.4064;9.907332049;53.632663323
124861;2;2;1;203;2018;4;20;7;3;1;5;0;0;1;0;0;0;0;0;562443.3002;5933847.8795;9.942485339;53.549806018
124862;2;3;2;311;2018;4;15;7;3;2;6;0;1;1;0;0;0;0;0;564904.346;5935943.5204;9.980060405;53.568341651
124863;2;4;9;424;2018;5;13;5;3;5;3;0;1;1;0;0;0;0;0;570200.4356;5937379.419;10.060340113;53.580564268
124864;2;2;1;201;2018;4;1;7;3;6;2;2;0;1;1;0;0;0;0;563300.274;5933829.8834;9.955414432;53.549541664
124865;2;4;10;426;2018;5;6;3;3;5;3;0;1;1;0;0;0;0;0;569676.0258;5938223.855;10.052609212;53.588223167
124866;2;1;1;101;2018;4;16;7;3;3;6;0;0;1;0;0;0;0;0;566135.5686;5934362.8972;9.998314347;53.553982509
124867;2;2;4;214;2018;5;9;3;3;0;4;0;1;0;1;0;0;0;0;561782.4276;5933685.6877;9.9324799;53.548426514
124868;2;2;7;219;2018;5;7;2;3;5;2;0;1;1;0;0;0;0;0;559000.6636;5934095.7218;9.890577913;53.552431644
124869;2;1;19;140;2018;4;10;7;3;2;6;0;0;1;0;0;0;0;0;561277.4774;5930601.2444;9.924255894;53.520764411
124870;2;3;1;304;2018;5;9;6;3;5;3;0;1;1;0;0;0;0;0;562338.1065;5936620.9945;9.941451104;53.574741511
124871;2;1;13;131;2018;5;9;1;3;2;2;0;0;1;0;0;0;0;0;570912.0363;5931355.7837;10.069720077;53.526334001
124872;2;1;15;134;2018;4;15;6;3;1;5;0;1;1;0;0;0;0;0;567342.8803;5930985.2003;10.015808603;53.523472994
124873;2;1;19;140;2018;5;20;7;3;8;1;0;0;0;0;0;0;1;0;559004.401;5930254.706;9.889910153;53.517909969
124874;2;4;8;421;2018;5;21;7;3;5;3;1;1;1;0;0;0;0;0;568776.7346;5937088.8332;10.038775765;53.578141383
124875;2;2;3;210;2018;5;13;6;2;4;6;0;1;0;0;0;0;0;0;562024.9971;5934509.5568;9.936303902;53.555802351
124876;2;6;2;602;2018;4;8;6;3;5;3;0;1;1;0;0;0;0;0;578819.9095;5927486.8844;10.188012123;53.490438706
124877;2;3;3;313;2018;5;14;7;3;2;6;0;0;1;0;0;0;0;0;565749.7376;5936684.1501;9.992979725;53.574892594
124878;2;1;12;130;2018;4;12;6;3;5;3;0;0;1;0;0;0;1;0;573586.6059;5932899.6382;10.110421197;53.539840807
124879;2;5;18;526;2018;5;12;4;3;6;4;0;0;1;1;0;0;0;0;578107.7019;5943213.9365;10.181211035;53.631878794
124880;2;1;6;117;2018;4;14;6;3;5;2;0;0;1;0;1;0;0;0;568265.5834;5933759.8286;10.030329561;53.548289993
124881;2;7;8;709;2018;5;13;2;3;5;3;0;0;1;0;0;0;0;0;562110.6037;5920609.9138;9.934844385;53.430869454
124882;2;1;6;117;2018;4;5;6;3;0;7;0;0;1;0;0;0;1;0;567866.8269;5934107.9049;10.024387753;53.5514699
124883;2;7;16;717;2018;5;14;2;3;6;4;0;0;1;1;0;0;0;0;551695.513;5930532.4495;9.779734626;53.521175885
124884;2;1;5;114;2018;5;17;2;3;3;6;0;0;1;0;0;0;0;0;567079.9877;5934201.7953;10.012533328;53.552414831
124885;2;2;1;204;2018;5;15;6;3;0;7;0;1;1;0;0;0;0;0;562438.483;5934107.467;9.94246448;53.552139602
124886;2;5;6;514;2018;4;14;6;3;0;4;0;1;0;1;0;0;0;0;574009.9128;5940350.8134;10.118573638;53.606743921
124887;2;2;1;206;2018;5;16;3;3;1;6;0;0;1;0;0;0;0;0;562892.0325;5934806.6973;9.949450143;53.558369695
124888;2;5;5;513;2018;4;22;6;3;2;6;2;0;1;0;0;0;0;0;574586.2271;5937639.6428;10.126633683;53.582297484
124889;2;1;3;108;2018;5;15;3;3;4;2;0;1;1;0;0;0;0;0;565829.3246;5934785.8002;9.993781434;53.557821729
124890;2;2;1;203;2018;5;6;2;3;2;6;0;0;1;0;1;0;0;0;562526.6787;5933916.9048;9.943757424;53.550416451
124891;2;5;2;507;2018;4;8;6;3;5;2;0;0;1;0;0;0;0;0;571676.0489;5936980.0056;10.082532425;53.576775176
124892;2;2;3;208;2018;5;11;6;3;4;2;0;1;1;0;0;0;0;0;563433.2266;5935285.9779;9.957716327;53.562612021
124893;2;5;2;508;2018;4;8;6;3;5;3;0;0;1;0;0;0;0;0;572553.2917;5937622.7583;10.09592829;53.582430931
124894;2;5;7;515;2018;5;21;7;3;2;6;1;0;1;0;0;0;0;0;571052.7482;5940808.5139;10.073992723;53.61126659
124895;2;3;1;309;2018;5;13;7;2;6;7;0;0;1;1;0;0;0;0;564285.1294;5935963.2311;9.970715727;53.568595027
124896;2;1;3;106;2018;5;15;6;3;5;3;0;1;1;0;0;0;0;0;564882.0765;5934563.7482;9.979437678;53.555944029
124897;2;4;10;429;2018;4;12;6;3;3;2;0;0;1;0;1;0;0;0;568899.686;5939525.2748;10.041170561;53.600021675
124898;2;2;11;223;2018;5;9;4;3;4;6;0;1;0;0;0;0;0;0;552957.8061;5934637.5557;9.799466887;53.55794583
124899;2;2;7;219;2018;5;18;7;2;4;2;0;1;1;0;0;0;0;0;558399.3801;5933429.9856;9.881378768;53.546515547
124900;2;5;11;519;2018;4;7;6;3;5;3;0;1;1;0;0;0;0;0;571180.9221;5945966.7555;10.077109955;53.657605693
124901;2;5;2;505;2018;5;21;2;3;0;7;1;1;0;0;0;0;0;0;570854.8483;5936620.9076;10.070050624;53.573659536
124902;2;4;8;423;2018;4;12;6;3;5;3;0;1;1;0;0;0;0;0;569346.1581;5937590.9184;10.047486086;53.582578672
124903;2;6;14;615;2018;5;13;2;3;0;7;0;0;0;0;1;0;0;0;578034.4136;5926984.3215;10.176050543;53.486039351
124904;2;5;6;514;2018;5;22;1;3;5;3;2;1;1;0;0;0;0;0;574094.0733;5940317.4158;10.119837419;53.606431889
124905;2;7;9;710;2018;5;14;5;3;2;6;0;0;1;0;0;0;0;0;561090.5748;5920920.0723;9.919553998;53.433776197
124906;2;3;9;321;2018;4;12;6;3;3;6;0;1;0;0;1;0;0;0;562238.9763;5938661.7314;9.940361258;53.593094065
124907;2;3;9;321;2018;5;16;6;3;5;3;0;0;1;0;0;0;0;0;562566.9;5937799.55;9.945142154;53.585306336
124908;2;6;10;611;2018;5;7;5;2;6;4;0;0;1;1;0;0;0;0;575109.559;5928216.676;10.132274905;53.497539993
124909;2;2;9;221;2018;4;9;6;3;5;3;0;1;0;0;0;0;0;0;556259.2857;5936951.2594;9.849717912;53.578396953
124910;2;5;11;519;2018;5;15;6;3;0;3;0;1;1;0;0;0;0;0;571860.3579;5945243.2871;10.087221845;53.651011101
124911;2;6;6;607;2018;5;18;5;3;9;7;0;0;1;0;0;0;0;0;575851.5599;5919834.0424;10.141435654;53.422099267
124912;2;2;7;219;2018;4;14;6;3;2;6;0;0;1;0;0;0;0;0;558900.012;5934648.1561;9.889162934;53.557407952
124913;2;3;2;312;2018;5;15;4;3;0;7;0;1;0;0;0;0;0;0;565550.596;5936432.062;9.989919778;53.572651945
124914;2;3;5;317;2018;4;18;6;3;4;6;0;1;1;0;0;0;0;0;563902.6757;5938237.7954;9.965407171;53.589083882
124915;2;3;6;318;2018;5;16;2;3;2;6;0;0;1;0;0;0;0;0;563144.4427;5941908.5062;9.954697706;53.622165395
124916;2;3;5;317;2018;4;16;6;3;5;3;0;1;1;0;0;0;0;0;562765.84;5939953.49;9.948580444;53.604640658
124917;2;5;7;515;2018;5;9;2;2;4;6;0;0;1;0;0;0;1;0;570908.1836;5940385.2155;10.071711653;53.607482023
124918;2;2;10;222;2018;5;11;1;3;3;6;0;1;0;0;0;0;0;0;556756.4391;5933835.5677;9.856659772;53.5503409
124919;2;1;8;123;2018;5;20;5;3;5;3;0;1;1;0;0;0;0;0;570510.9801;5935101.7668;10.064515598;53.560053323
124920;2;2;3;209;2018;4;13;6;3;2;2;0;0;1;0;0;0;0;0;563035.7583;5935753.7368;9.951810635;53.566863817
124921;2;6;3;604;2018;5;17;5;3;3;2;0;0;1;0;0;0;0;1;582147.6407;5925054.7786;10.237520489;53.468073349
124922;2;3;2;311;2018;4;9;6;3;3;6;0;0;1;0;0;0;1;0;565149.2262;5936416.8543;9.983856258;53.572565267
124923;2;5;10;518;2018;5;15;3;3;0;3;0;0;1;0;0;1;0;0;574517.2797;5944304.2107;10.127186636;53.642200182
124924;2;3;2;312;2018;4;17;6;3;1;5;0;1;1;0;0;0;0;0;565464.9505;5936312.0751;9.98860145;53.571584291
124925;2;2;3;210;2018;5;11;3;3;5;3;0;1;1;0;0;0;0;0;562028.4599;5934564.8383;9.936367138;53.556298778
124926;2;3;9;321;2018;5;8;2;3;5;3;0;0;1;0;0;0;0;0;561539.0515;5939102.973;9.929874793;53.597142286
124927;2;3;3;314;2018;4;8;6;3;5;2;0;1;1;0;0;0;0;0;565476.1552;5936991.1086;9.988913027;53.577685515
124928;2;1;3;108;2018;4;5;6;3;5;3;1;0;1;0;1;0;0;0;565586.1593;5934265.5464;9.990001973;53.55317652
124929;2;1;16;137;2018;5;18;3;2;6;4;0;0;1;1;0;0;0;0;565428.2223;5929455.6105;9.986613008;53.509967944
124930;2;2;8;220;2018;5;17;3;3;4;6;0;1;1;0;0;0;0;0;559010.8615;5939491.997;9.891751861;53.600929345
124931;2;7;14;715;2018;4;10;5;3;4;6;0;0;1;0;1;0;0;1;556422.9596;5924821.7277;9.850004359;53.469363469
124932;2;1;1;101;2018;5;17;2;2;0;4;0;0;0;1;0;0;1;0;566365.855;5934062.514;10.001726166;53.551253839
124933;2;7;14;715;2018;4;7;5;3;5;3;0;1;1;0;0;0;0;1;556721.9058;5924741.421;9.854492898;53.468609579
124934;2;4;12;431;2018;5;14;1;3;1;7;0;1;1;0;0;0;0;0;568074.1861;5943180.2028;10.029497218;53.632976548
124935;2;4;5;413;2018;5;21;2;3;1;7;0;1;1;0;0;0;0;0;566859.3526;5937440.8178;10.00989682;53.581552634
124936;2;1;11;129;2018;5;17;7;2;6;4;0;0;0;1;0;0;1;0;571820.8895;5934556.2785;10.084162308;53.554973424
124937;2;5;5;513;2018;5;22;5;2;5;2;2;0;1;0;0;0;0;0;574414.244;5938261.4018;10.124184687;53.587909546
124938;2;1;12;130;2018;4;11;5;3;1;6;0;0;1;0;0;0;0;0;575030.1736;5933736.4032;10.132400697;53.547156464
124939;2;5;6;514;2018;4;6;5;3;5;3;0;0;1;0;0;0;0;1;575629.2472;5943235.3626;10.14374329;53.632435272
124940;2;3;8;320;2018;5;17;5;3;6;7;0;1;0;1;0;0;0;0;560439.423;5939615.9711;9.913360849;53.601880745
124941;2;1;12;130;2018;5;14;6;3;4;2;0;1;1;0;0;0;0;0;573578.6002;5934168.0313;10.110598801;53.551240867
124942;2;5;1;504;2018;4;14;5;3;3;6;0;1;0;0;0;0;1;1;570283.9292;5936063.1176;10.061304694;53.568723466
124943;2;2;12;225;2018;5;11;3;3;6;4;0;0;1;1;0;0;0;0;554496.763;5937544.8538;9.823204187;53.583918045
124944;2;4;9;424;2018;4;18;5;3;5;3;0;0;1;0;0;0;0;1;569878.49;5937603.46;10.055528369;53.582620723
124945;2;2;1;205;2018;5;14;3;3;0;5;0;1;1;0;0;0;0;0;563234.3757;5934676.4332;9.954591188;53.557157837
124946;2;3;5;317;2018;5;16;2;3;3;6;0;0;0;0;1;1;0;0;564000.4664;5939814.8322;9.967207992;53.60324517
124947;2;5;9;517;2018;4;16;5;2;9;5;0;0;1;0;0;0;0;1;572564.2048;5943451.9083;10.097450617;53.634815172
124948;2;4;12;431;2018;5;13;5;3;3;7;0;0;1;0;1;0;0;0;566586.312;5942576.773;10.006870592;53.627744848
124949;2;1;14;133;2018;5;11;1;3;5;3;0;1;1;0;0;0;0;0;569008.8596;5931989.2322;10.041155238;53.532280263
124950;2;5;12;520;2018;4;15;5;3;4;2;0;1;1;0;0;0;0;0;568600.1364;5944911.6157;10.037831752;53.648468068
124951;2;1;12;130;2018;5;17;7;3;5;2;0;0;1;0;0;0;1;0;573916.0651;5934853.9812;10.115853645;53.557358018
124952;2;3;8;320;2018;5;18;7;2;0;3;0;0;1;0;1;0;0;0;559125.3;5941001.21;9.893767352;53.61448037
124953;2;4;4;407;2018;5;18;5;3;6;4;0;0;1;1;0;0;0;0;566773.7765;5941169.5198;10.009403004;53.615073859
124954;2;4;5;409;2018;4;17;5;3;6;2;0;0;1;1;0;0;0;0;568475.9698;5938934.9068;10.034639113;53.594771536
124955;2;6;1;601;2018;5;1;1;2;8;5;2;1;1;0;0;0;0;0;579639.4146;5928544.8236;10.200629702;53.499822699
124956;2;4;5;409;2018;4;6;5;3;2;6;0;0;1;0;0;0;0;1;568351.7494;5938598.047;10.03268871;53.591760366
124957;2;2;8;220;2018;5;8;1;3;3;2;0;0;1;0;1;0;0;0;558884.7333;5939570.13;9.889860867;53.601645747
124958;2;5;11;519;2018;5;12;7;3;5;2;0;1;1;0;0;0;0;0;570822.4942;5945325.4313;10.071541094;53.651890858
124959;2;4;2;404;2018;4;13;5;3;5;3;0;1;1;0;0;0;0;1;565715.3842;5938598.3799;9.992864104;53.592100455
124960;2;3;2;312;2018;4;22;5;3;3;7;2;0;1;0;0;0;0;1;565303.3881;5935403.7532;9.985972157;53.563441121
124961;2;6;1;601;2018;5;17;4;3;5;3;0;0;1;0;0;0;0;0;577326.929;5930128.0025;10.166165631;53.51439544
124962;2;1;4;111;2018;4;13;5;3;2;6;0;0;1;0;1;0;0;1;564246.5734;5934706.9431;9.969875291;53.557309128
124963;2;1;4;111;2018;5;21;3;3;0;1;2;0;0;0;1;0;0;0;564276.1883;5934018.1269;9.970180661;53.551114904
124964;2;1;1;101;2018;4;8;5;3;2;6;0;0;1;0;0;0;1;1;566558.3039;5934292.0951;10.004679375;53.553292771
124965;2;1;1;101;2018;5;9;3;3;1;6;0;0;1;0;0;0;0;0;566558.7909;5933583.3921;10.004535868;53.546923444
124966;2;3;2;311;2018;5;9;2;2;0;7;0;0;0;1;0;1;0;0;565071.2212;5935932.1042;9.982577448;53.568218382
124967;2;1;6;115;2018;4;8;5;3;3;6;0;0;1;0;0;0;1;1;566839.565;5934000.143;10.008861798;53.550633206
124968;2;7;9;710;2018;4;12;4;3;0;7;0;0;0;0;0;0;1;0;563975.429;5923589.6339;9.963513904;53.4574267
124969;2;4;5;413;2018;5;16;7;3;3;2;0;0;1;0;1;0;0;0;566836.5476;5937073.0021;10.009473653;53.578249924
124970;2;1;17;138;2018;5;19;6;1;6;4;0;0;1;1;0;0;0;0;566790.3034;5930672.8008;10.007408266;53.520735897
124971;2;6;1;601;2018;4;7;4;3;0;7;0;0;1;0;0;0;1;1;579041.3449;5929207.2861;10.191782442;53.505866274
124972;2;3;8;320;2018;5;19;4;3;2;6;0;1;1;0;0;0;0;0;559872.2999;5938056.0854;9.904492171;53.587926517
124973;2;1;11;129;2018;4;11;4;3;0;3;0;0;1;0;0;0;0;0;572751.81;5934037.56;10.098091366;53.550183546
124974;2;2;10;222;2018;5;14;2;3;9;1;0;0;0;0;0;0;1;0;554776.3277;5934741.6857;9.826934994;53.558695089
124975;2;1;12;130;2018;4;12;4;3;2;6;0;0;1;0;1;0;0;0;574716.5151;5933039.8216;10.127501395;53.540941104
124976;2;4;10;429;2018;5;15;4;3;3;2;0;1;1;0;0;0;0;0;568815.6402;5939325.3959;10.039856622;53.598236398
124977;2;1;6;117;2018;4;7;4;3;2;6;0;0;1;0;0;0;0;1;568135.7574;5934173.2522;10.028460537;53.552022354
124978;2;5;3;511;2018;5;10;2;3;5;3;0;0;1;0;1;0;0;0;573203.8241;5936301.7506;10.105442924;53.57046879
124979;2;5;6;514;2018;4;9;4;3;0;2;0;0;1;0;1;0;0;1;573719.667;5941416.063;10.114439899;53.616358024
124980;2;1;16;137;2018;5;22;2;2;8;1;2;0;0;0;1;0;0;0;566152.6541;5930558.2128;9.997767915;53.519786704
124981;2;1;16;137;2018;5;16;1;3;1;1;0;0;1;0;0;1;0;0;565723.3685;5927816.0917;9.990719252;53.495196251
124982;2;5;4;512;2018;4;8;4;3;5;3;0;1;1;0;0;0;0;1;575596.5382;5936343.0369;10.141577276;53.570500525
124983;2;4;7;417;2018;5;16;6;3;0;7;0;1;0;0;0;0;0;0;568245.9528;5934991.7501;10.030302266;53.559363991
124984;2;5;3;511;2018;4;8;4;3;5;3;0;1;1;0;0;0;0;1;572797.1698;5936177.354;10.099274332;53.56940743
124985;2;1;3;106;2018;5;17;4;3;2;6;0;0;1;0;0;0;0;0;564279.0488;5933904.1549;9.970200401;53.550090253
124986;2;3;8;320;2018;5;11;3;3;1;5;0;1;1;0;0;0;0;0;559345.3024;5940398.987;9.896977848;53.609043072
124987;2;5;7;515;2018;4;9;4;2;3;6;0;0;1;0;1;0;0;1;570415.2255;5939229.6072;10.06400141;53.597163092
124988;2;4;2;403;2018;5;6;2;3;1;5;0;1;1;0;0;0;0;0;564733.445;5938793.8748;9.978071398;53.593979579
124989;2;5;10;518;2018;4;15;4;3;5;3;0;1;1;0;0;0;0;0;572657.7056;5944411.3809;10.099088568;53.643424797
124990;2;4;12;431;2018;5;19;2;3;5;3;0;0;1;0;0;0;0;0;568267.7008;5943447.941;10.032482002;53.635357513
124991;2;1;1;102;2018;5;11;1;3;5;2;0;0;1;0;1;0;0;0;565357.6422;5933668.6763;9.986428382;53.547840791
124992;2;2;7;219;2018;5;13;7;3;5;3;0;0;1;0;0;0;0;0;559152.1365;5934616.512;9.892962545;53.557095199
124993;2;5;10;518;2018;4;13;4;3;5;3;0;0;1;0;0;0;0;0;572818.84;5945401.9348;10.101757584;53.652304293
124994;2;5;12;520;2018;4;20;4;3;5;3;1;0;1;0;0;0;0;0;569348.7448;5944729.0887;10.049114437;53.646729014
124995;2;1;14;133;2018;5;18;2;2;5;3;0;1;1;0;0;0;0;0;568349.75;5932742.31;10.031377325;53.539134453
124996;2;4;5;410;2018;5;11;1;3;3;2;0;0;1;0;1;0;0;0;566808.9237;5937832.7482;10.00921914;53.585081398
124997;2;5;17;525;2018;4;8;4;3;0;2;0;1;1;0;0;0;0;1;575747.9427;5945053.9475;10.145980882;53.648761116
124998;2;2;7;219;2018;5;10;6;3;2;6;0;0;1;0;0;0;0;0;557875.3684;5933497.6786;9.873483787;53.547181957
124999;2;5;11;519;2018;4;7;4;3;2;6;0;0;1;0;0;0;0;1;570355.3305;5947244.351;10.064908914;53.66919899
125000;2;5;18;526;2018;5;13;3;2;8;1;0;0;1;0;0;0;0;0;578872.4722;5940195.6791;10.192009355;53.604640424
125001;2;5;17;525;2018;4;0;4;3;5;3;2;0;1;0;0;0;0;1;577231.2658;5944954.4659;10.168392088;53.647650253
125002;2;3;1;302;2018;5;17;3;3;2;6;0;0;1;0;0;0;0;0;563318.5126;5937360.4819;9.956405276;53.581270085
125003;2;4;5;409;2018;5;9;2;3;0;7;0;1;1;0;0;0;0;0;567214.8176;5938571.2957;10.015508663;53.591666947
125004;2;2;11;223;2018;4;7;4;3;6;4;0;0;1;1;0;0;0;1;553737.0033;5934943.5156;9.811281205;53.560616507
125005;2;1;3;105;2018;5;19;2;3;6;4;0;0;1;1;0;0;0;0;564883.0861;5933658.8685;9.97926513;53.547811498
125006;2;2;8;220;2018;4;16;4;3;5;3;0;0;1;0;0;0;0;0;556712.4007;5939150.9604;9.856960628;53.59811804
125007;2;4;10;426;2018;5;14;1;3;5;3;0;0;1;0;0;0;0;0;569832.6983;5938626.3817;10.055065766;53.591819836
125008;2;1;14;132;2018;5;15;7;3;1;5;0;0;1;0;0;0;0;0;569078.5111;5932612.1731;10.042343394;53.537869561
125009;2;4;2;404;2018;4;10;4;2;5;3;0;1;1;0;0;0;0;0;565630.1674;5938292.4746;9.991512449;53.589361902
125010;2;7;12;713;2018;4;11;3;3;3;6;0;0;1;0;0;1;0;0;560166.6979;5929739.7496;9.907338755;53.513150038
125011;2;2;4;214;2018;5;19;5;3;2;6;0;0;1;0;0;0;0;0;561079.4133;5933424.2647;9.921819791;53.54615924
125012;2;1;8;123;2018;5;17;6;3;5;3;0;0;1;0;0;0;0;0;570455.104;5934448.686;10.063524972;53.554191566
125013;2;7;4;705;2018;4;14;3;3;2;3;0;1;1;0;0;0;0;1;565819.7253;5923300.1407;9.99122518;53.454597717
125014;2;3;6;318;2018;5;8;3;2;4;2;0;0;1;0;0;0;0;0;563148.5059;5941962.6493;9.954770111;53.622651502
125015;2;1;16;137;2018;5;20;3;3;2;6;0;0;1;0;0;0;0;0;565820.4899;5929341.8559;9.992503277;53.508896639
125016;2;5;18;526;2018;5;18;3;2;4;3;0;0;1;0;1;0;0;0;576893.4406;5938633.7024;10.161721646;53.590897587
125017;2;1;15;134;2018;5;19;3;3;8;1;0;0;1;0;0;0;0;0;567664.3893;5931737.9293;10.020820104;53.530196628
125018;2;5;7;515;2018;5;17;2;3;5;3;0;1;0;0;0;0;0;0;571789.9397;5939915.8862;10.08492786;53.603144137
125019;2;1;16;137;2018;5;16;3;3;5;3;0;0;1;0;1;0;0;0;566576.558;5928635.59;10.003752096;53.502454045
125020;2;6;2;602;2018;5;15;3;3;0;7;0;1;1;0;0;0;0;0;580497.2702;5927013.8784;10.213166647;53.485934028
125021;2;1;20;141;2018;6;18;6;3;5;3;0;1;1;0;0;0;0;0;558249.791;5931929.395;9.878842049;53.533045525
125022;2;4;13;432;2018;5;12;7;3;2;6;0;0;1;0;0;0;1;0;566549.8526;5944872.4561;10.006810561;53.648380959
125023;2;1;13;131;2018;5;17;3;3;5;2;0;1;0;0;0;0;1;0;571197.5018;5932138.4153;10.074203529;53.533328949
125024;2;1;6;116;2018;5;19;3;3;1;6;0;0;1;0;0;0;0;0;567436.6371;5933898.7492;10.017850451;53.549645613
125025;2;1;13;131;2018;5;17;4;3;5;7;0;0;1;0;0;0;0;0;571467.093;5931803.575;10.078193792;53.530283125
125026;2;5;2;508;2018;5;8;5;3;2;6;0;0;1;0;0;0;0;0;571730.9363;5936990.5693;10.08336366;53.576862609
125027;2;7;13;714;2018;5;7;5;3;3;2;0;1;0;0;0;0;1;0;558059.0729;5925726.6294;9.87481633;53.477318573
125028;2;4;13;432;2018;5;17;5;3;6;6;0;0;0;1;0;0;1;0;565906.35;5945564.0334;9.997223513;53.654677679
125029;2;1;14;132;2018;5;16;3;3;2;6;0;0;1;0;0;1;0;0;568847.4892;5932965.5029;10.038935822;53.541075313
125030;2;3;9;321;2018;5;12;3;2;5;3;0;0;1;0;0;0;1;0;561490.0517;5939994.3731;9.929310332;53.605159349
125031;2;1;8;121;2018;5;14;3;3;0;7;0;1;0;0;0;0;0;0;569200.8947;5934781.5376;10.044669768;53.557349759
125032;2;2;10;222;2018;5;12;2;3;8;7;0;0;1;0;0;0;0;0;555008.38;5934617.29;9.830415891;53.557552798
125033;2;5;6;514;2018;5;15;3;3;5;3;0;1;0;0;0;0;0;0;574069.1617;5940095.4958;10.119408247;53.604441062
125034;2;5;17;525;2018;6;8;6;3;5;3;0;0;1;0;0;0;0;0;577167.5539;5945999.0249;10.167687816;53.65704666
125035;2;5;3;510;2018;5;23;6;3;5;5;2;0;1;0;0;0;0;0;570325.1586;5936294.6693;10.06197929;53.570798901
125036;2;5;6;514;2018;5;11;3;2;2;6;0;0;1;0;0;0;1;0;574024.0744;5940343.5203;10.118785897;53.606676379
125037;2;5;4;512;2018;5;9;3;2;3;2;0;0;0;0;1;0;1;0;573081.3112;5936838.2086;10.103718801;53.57530696
125038;2;5;6;514;2018;5;5;3;2;4;2;0;0;1;0;0;0;0;0;573223.7723;5940242.2756;10.106668987;53.60587896
125039;2;1;11;129;2018;6;20;6;3;5;3;1;0;1;0;0;0;0;1;573041.4235;5934723.0991;10.102621974;53.556304226
125040;2;7;1;701;2018;5;16;6;3;3;6;0;1;1;0;0;0;0;0;565060.475;5923610.7012;9.979857201;53.457483158
125041;2;5;4;512;2018;5;11;3;3;2;6;0;0;1;0;0;0;0;0;575576.6929;5937841.7322;10.141640484;53.583971814
125042;2;1;19;140;2018;5;13;5;3;2;6;0;0;1;0;1;0;0;0;560999.0084;5930007.6866;9.919940736;53.515462211
125043;2;5;2;509;2018;5;7;3;3;5;3;0;1;0;0;0;0;1;0;571227.8024;5938373.2386;10.076081815;53.589357164
125044;2;4;13;432;2018;5;15;3;3;5;7;0;0;1;0;0;0;0;0;566220.2499;5947287.4055;10.002339756;53.670126065
125045;2;5;1;502;2018;5;8;4;3;5;3;0;0;1;0;0;0;0;0;569364.9918;5936435.0721;10.047513691;53.572188532
125046;2;4;5;409;2018;5;23;5;3;5;7;2;0;1;0;0;0;0;0;566537.8259;5939362.708;10.005451004;53.598865842
125047;2;4;6;415;2018;5;16;5;3;4;6;0;0;1;0;0;0;0;0;567673.4306;5935828.3646;10.021841681;53.566956896
125048;2;5;15;523;2018;5;13;3;3;0;7;0;0;1;0;0;0;0;0;574208.6194;5950637.0763;10.124032554;53.699155512
125049;2;2;4;214;2018;5;23;3;2;5;3;2;0;1;0;1;0;0;0;561336.3267;5933472.291;9.925706031;53.546560927
125050;2;4;12;431;2018;5;16;3;3;6;4;0;0;1;1;0;0;0;0;567776.9811;5942559.401;10.024868117;53.627435946
125051;2;2;5;217;2018;5;10;2;2;5;3;0;1;0;0;0;0;0;0;559444.1424;5936230.7849;9.897677235;53.571570442
125052;2;4;12;431;2018;5;8;3;3;2;6;0;0;1;0;0;0;0;0;567878.1544;5942650.5975;10.026417597;53.628242425