OBJECTID_1;ULAND;UREGBEZ;UKREIS;UGEMEINDE;UJAHR;UMONAT;USTUNDE;UWOCHENTAG;UKATEGORIE;UART;UTYP1;ULICHTVERH;IstRad;IstPKW;IstFuss;IstKrad;IstGkfz;IstSonstig;STRZUSTAND;LINREFX;LINREFY;XGCSWGS84;YGCSWGS84
125053;2;2;5;215;2018;6;7;6;3;5;2;0;1;1;0;0;0;0;0;560773.6443;5937242.2927;9.9179484;53.580508947
125054;2;4;8;422;2018;5;18;6;2;5;3;0;1;1;0;0;0;0;0;568596.0384;5936712.0912;10.035964315;53.574779233
125055;2;4;5;409;2018;5;15;3;3;2;7;0;0;1;0;1;0;0;0;566205.8708;5938935.6917;10.000345015;53.595070218
125056;2;1;16;137;2018;5;15;3;3;2;6;0;0;1;0;0;0;0;0;566362.5644;5930595.7496;10.000941375;53.520097597
125057;2;2;2;207;2018;5;8;5;3;1;5;0;1;1;0;0;0;0;0;563874.963;5934943.543;9.96431464;53.559480876
125058;2;5;1;501;2018;5;17;3;3;2;6;0;0;1;0;0;0;0;0;568900.3179;5936207.6668;10.040447533;53.570206054
125059;2;1;7;119;2018;5;11;2;3;3;6;0;0;0;0;1;0;1;0;568735.8509;5934229.9414;10.037529359;53.552453604
125060;2;2;3;210;2018;5;18;4;3;5;3;0;1;1;0;0;0;0;0;562624.1867;5934662.1391;9.945378247;53.557102524
125061;2;2;5;215;2018;5;13;5;2;3;6;0;1;0;0;0;1;0;0;561267.6243;5935821.2151;9.925129748;53.567679699
125062;2;4;7;416;2018;5;12;3;3;3;6;0;0;1;0;0;0;0;0;567474.3531;5935603.21;10.018787581;53.564959035
125063;2;7;12;713;2018;5;15;2;3;2;6;0;0;1;0;0;1;0;0;559839.7028;5929786.9874;9.902417227;53.513611908
125064;2;3;9;321;2018;5;14;3;2;6;4;0;0;1;1;0;0;0;0;562725.5346;5937542.5528;9.947486485;53.58297767
125065;2;6;5;606;2018;6;19;7;3;8;1;0;0;0;0;1;0;0;0;580727.8687;5920633.6888;10.215003078;53.428561786
125066;2;3;1;309;2018;5;18;2;3;6;6;0;1;0;1;0;0;0;0;564016.0382;5935663.2194;9.966591559;53.565931634
125067;2;2;11;223;2018;5;19;3;3;4;2;0;0;1;0;0;0;0;0;552853.7523;5935542.4492;9.798049294;53.566089234
125068;2;1;3;106;2018;6;8;6;3;3;6;0;1;0;0;0;1;0;0;564699.3134;5934262.6308;9.976616867;53.55326036
125069;2;2;8;220;2018;5;17;6;3;0;7;0;0;1;0;0;0;0;0;557853.9808;5938382.46;9.874065877;53.591086392
125070;2;2;8;220;2018;5;8;3;3;5;7;0;1;1;0;0;0;0;0;558628.8713;5938755.1673;9.885841564;53.594349999
125071;2;1;14;133;2018;5;17;3;3;5;3;0;1;1;0;0;0;0;0;568382.5865;5932336.5064;10.03178405;53.535483159
125072;2;4;3;406;2018;5;19;3;3;3;6;0;1;1;0;0;0;0;0;565023.407;5940565.753;9.982821404;53.609867907
125073;2;5;3;511;2018;5;19;2;3;6;4;0;1;0;1;0;0;0;0;572847.7862;5936206.8039;10.10004538;53.569665068
125074;2;4;3;406;2018;5;13;3;3;0;4;0;0;0;1;0;0;1;0;564369.955;5940872.1179;9.973009426;53.612701965
125075;2;3;3;314;2018;5;13;3;3;4;2;0;0;1;0;0;0;0;0;565283.9091;5937382.6927;9.98609183;53.58122873
125076;2;1;1;102;2018;6;15;7;3;5;2;0;1;1;0;0;0;0;0;565294.68;5933555.02;9.985454532;53.546827164
125077;2;5;3;511;2018;5;10;7;3;5;3;0;0;1;0;1;0;0;0;572349.7815;5936434.3061;10.092579422;53.571778522
125078;2;2;2;207;2018;5;12;3;3;1;7;0;1;1;0;0;0;0;0;563786.385;5935088.385;9.963007159;53.560793388
125079;2;1;4;109;2018;5;7;3;3;3;2;0;1;1;0;0;0;0;0;564576.67;5934622.7;9.97484028;53.556511505
125080;2;6;2;602;2018;5;12;4;2;2;6;0;0;1;0;0;0;0;0;580140.6459;5927405.8204;10.207893388;53.489510716
125081;2;1;3;108;2018;5;19;3;3;3;6;0;0;1;0;1;0;0;0;565199.3374;5934617.3925;9.984237356;53.556386835
125082;2;3;8;320;2018;6;21;7;3;0;7;1;0;1;0;0;0;0;0;560298.8249;5941304.098;9.911563133;53.617068759
125083;2;7;16;717;2018;5;18;7;3;8;1;0;0;0;0;1;0;0;0;552187.7299;5929049.4377;9.786911082;53.507798227
125084;2;1;1;101;2018;5;16;3;3;2;2;0;1;1;0;0;0;0;0;566280.4832;5934543.9046;10.000539842;53.555590986
125085;2;1;18;139;2018;5;21;3;2;2;6;0;0;0;0;1;1;0;0;564347.7629;5930330.0469;9.970502566;53.517960153
125086;2;6;1;601;2018;5;16;5;3;5;3;0;1;1;0;0;0;0;0;579050.517;5928102.106;10.19164213;53.495932946
125087;2;1;4;112;2018;5;11;6;3;1;6;0;0;1;0;0;0;1;0;564189.6227;5933897.7647;9.968849542;53.550043763
125088;2;1;12;130;2018;5;17;5;3;5;3;0;0;1;0;0;0;0;0;576116.065;5930976.309;10.148114782;53.522195737
125089;2;7;15;716;2018;5;16;2;3;8;1;0;0;0;0;1;0;0;0;555783.0047;5929553.5083;9.841205825;53.511959557
125090;2;4;12;431;2018;5;13;3;3;2;2;0;0;1;0;0;0;0;0;566922.1233;5942235.0327;10.011874146;53.624630786
125091;2;5;7;515;2018;5;12;3;3;2;6;0;0;1;0;0;0;0;0;571466.9144;5940486.8718;10.080178025;53.608319687
125092;2;7;9;710;2018;5;16;2;3;5;3;0;0;1;0;0;0;0;0;561099.2201;5920923.988;9.919684872;53.433810388
125093;2;4;5;410;2018;5;9;2;3;5;3;0;1;0;0;0;0;0;0;567470.3583;5938341.5729;10.019319116;53.589569578
125094;2;1;12;130;2018;5;14;2;3;5;2;0;1;1;0;0;0;0;0;573432.4817;5935043.7717;10.10859946;53.55913152
125095;2;1;11;129;2018;5;13;2;3;6;4;0;0;1;1;0;0;0;0;572809.6684;5934015.6103;10.098959374;53.549978265
125096;2;1;16;136;2018;6;21;6;3;6;4;1;0;0;1;0;0;1;1;568138.665;5928771.1642;10.027328802;53.503472428
125097;2;4;10;429;2018;5;13;7;3;1;6;0;0;1;0;0;0;0;0;568762.701;5939481.526;10.039091251;53.599646494
125098;2;1;11;129;2018;5;18;2;3;6;4;0;0;1;1;0;0;0;0;571761.1018;5934581.281;10.083265708;53.555206297
125099;2;7;1;702;2018;5;15;4;3;0;7;0;0;1;0;0;0;0;0;565178.0663;5923950.4757;9.981698364;53.460522317
125100;2;1;14;133;2018;5;11;2;2;5;3;0;0;0;0;1;1;0;0;568192.4186;5932776.3711;10.029011085;53.539461015
125101;2;4;12;431;2018;5;7;3;3;2;6;0;0;1;0;0;0;0;0;567132.9767;5943131.3003;10.015255074;53.632658611
125102;2;1;14;132;2018;5;14;4;3;5;3;0;1;1;0;0;0;0;0;570090.8272;5931901.5935;10.057456521;53.531349419
125103;2;5;7;515;2018;5;11;5;3;4;2;0;1;1;0;0;0;0;0;571476.4016;5941674.9271;10.080594004;53.618995328
125104;2;1;16;137;2018;5;10;5;3;1;6;0;0;1;0;0;0;0;0;565948.0116;5930521.6174;9.994674138;53.519483526
125105;2;4;5;408;2018;5;10;5;3;4;2;0;0;1;0;0;0;0;0;567826.3229;5939709.0467;10.024993404;53.601813257
125106;2;5;4;512;2018;5;19;2;3;1;6;0;0;1;0;0;0;0;0;573127.1734;5936648.6779;10.104366909;53.573597277
125107;2;2;7;219;2018;5;8;3;3;4;2;0;1;0;0;0;0;1;0;557304.1403;5934569.6209;9.865060088;53.55687876
125108;2;5;4;512;2018;5;19;5;2;6;4;0;0;1;1;0;0;0;0;575617.4621;5937740.7684;10.142231733;53.5830586
125109;2;1;5;113;2018;5;19;5;3;6;7;0;0;1;1;0;0;0;0;567089.2155;5934888.5801;10.012819996;53.558585912
125110;2;7;13;714;2018;5;17;5;3;5;3;0;1;0;0;0;0;0;0;558278.862;5925528.067;9.878090773;53.475509678
125111;2;5;18;526;2018;5;9;5;2;5;3;0;1;1;0;0;0;0;0;576033.8404;5941372.4273;10.149405603;53.615635072
125112;2;5;18;526;2018;5;19;2;3;2;2;0;0;1;0;0;0;0;0;576328.8065;5941261.6036;10.153836463;53.614596237
125113;2;4;5;410;2018;5;22;3;3;3;6;2;1;1;0;0;0;0;0;566496.5569;5938227.8322;10.004585515;53.588671784
125114;2;5;18;526;2018;5;14;2;3;5;7;0;1;1;0;0;0;0;0;576655.1498;5938356.9193;10.158054295;53.588445115
125115;2;4;10;428;2018;5;17;2;3;9;7;0;0;1;0;0;0;0;0;569066.5494;5939052.1472;10.043586835;53.5957477
125116;2;5;9;517;2018;5;22;2;2;3;6;2;1;1;0;0;0;1;0;570503.7315;5943964.1541;10.066410442;53.639700265
125117;2;5;4;512;2018;6;11;6;3;0;6;0;0;1;0;0;0;1;0;575183.2743;5936687.2689;10.135420838;53.573653451
125118;2;1;13;131;2018;5;7;6;3;4;2;0;1;1;0;0;0;0;0;573534.3788;5931674.8016;10.109345482;53.528840597
125119;2;5;17;525;2018;5;18;2;2;6;4;0;0;1;1;0;0;0;0;576471.381;5944007.157;10.156665793;53.639248764
125120;2;7;6;707;2018;5;8;4;2;0;3;0;0;1;0;0;0;1;0;565279.7311;5920491.7768;9.982511829;53.429424909
125121;2;5;9;517;2018;5;16;2;3;4;2;0;0;1;0;0;0;0;0;572386.4808;5943939.6785;10.094876794;53.639223284
125122;2;5;1;502;2018;5;16;4;3;1;7;0;0;1;0;0;0;0;0;569586.7497;5936439.5319;10.050862939;53.572199246
125123;2;3;8;320;2018;5;14;5;3;2;6;0;0;1;0;0;1;1;0;559596.9498;5940550.7305;9.900809896;53.610378286
125124;2;2;6;218;2018;5;14;5;3;0;2;0;0;1;0;0;0;1;0;558761.7662;5935506.9331;9.887237727;53.565141705
125125;2;5;11;519;2018;5;16;2;2;6;4;0;0;1;1;0;0;0;0;571736.8934;5945910.0981;10.085508178;53.65702056
125126;2;1;4;111;2018;5;8;3;3;2;6;0;0;1;0;1;0;0;0;564331.4294;5934695.6419;9.971153761;53.557197168
125127;2;4;13;432;2018;5;18;2;2;0;7;0;0;0;0;1;0;0;0;566467.556;5944900.0406;10.005571633;53.648639324
125128;2;3;1;307;2018;6;3;1;3;2;6;2;0;1;0;0;0;0;1;563305.0032;5936131.8861;9.955952131;53.570229951
125129;2;2;5;215;2018;5;7;2;3;4;2;0;1;0;0;0;0;1;0;560814.6647;5936165.9551;9.918358238;53.570830714
125130;2;4;13;432;2018;5;15;2;3;3;6;0;1;1;0;0;0;0;0;567467.7159;5947150.2391;10.02118889;53.668733844
125131;2;3;3;314;2018;6;23;6;3;5;3;2;1;1;0;0;0;0;1;565398.734;5937471.0862;9.987844462;53.582008835
125132;2;4;4;407;2018;5;20;2;3;5;3;0;0;1;0;0;0;0;0;566533.8012;5940184.9785;10.005565714;53.606256206
125133;2;2;8;220;2018;5;17;2;3;2;6;0;0;1;0;0;0;0;0;558896.5532;5939561.4645;9.890037827;53.601566538
125134;2;5;1;504;2018;5;17;2;3;5;3;0;0;1;0;0;0;1;0;569895.028;5936286.3548;10.055483247;53.570781657
125135;2;4;8;423;2018;6;18;6;3;5;3;0;0;1;0;1;0;0;0;569459.7834;5937159.1811;10.049106019;53.578683594
125136;2;5;9;517;2018;5;17;6;3;5;3;0;1;1;0;0;0;0;0;572150.9867;5943924.8639;10.091312119;53.639122666
125137;2;5;1;501;2018;5;15;2;3;5;3;0;0;1;0;0;0;1;0;569032.6273;5935672.0002;10.042326757;53.565374584
125138;2;3;3;313;2018;5;7;4;3;6;4;0;1;0;1;0;0;0;0;564937.7557;5936974.9534;9.980779314;53.577607257
125139;2;2;4;214;2018;5;8;5;3;5;3;0;1;1;0;0;0;0;0;561470.4384;5933737.0829;9.927781841;53.548925041
125140;2;4;10;427;2018;5;13;2;3;0;1;0;0;1;0;0;0;0;0;569258.897;5938128.1478;10.046287477;53.587418308
125141;2;1;16;137;2018;5;14;2;3;3;6;0;0;1;0;0;1;0;0;566195.345;5926156.0567;9.997482567;53.4802178
125142;2;2;12;225;2018;5;13;2;3;1;5;0;1;1;0;0;0;0;0;554706.7997;5935796.4362;9.826070167;53.56818206
125143;2;5;17;525;2018;6;13;7;3;1;6;0;0;1;0;0;0;0;0;576590.9064;5944810.0589;10.158671029;53.646446657
125144;2;1;12;130;2018;5;14;1;3;0;7;0;0;0;0;0;0;1;0;575903.5236;5931818.9862;10.145113827;53.529799476
125145;2;2;3;210;2018;5;14;2;3;0;7;0;0;1;0;0;0;1;0;562076.609;5934135.276;9.937008576;53.552432444
125146;2;6;6;607;2018;5;11;4;3;8;7;0;0;1;0;0;0;0;0;576921.3432;5922887.2305;10.158276423;53.449383148
125147;2;1;3;108;2018;5;9;5;3;0;7;0;0;0;0;0;0;1;0;565517.2299;5934833.9787;9.989080821;53.558293768
125148;2;7;13;714;2018;5;11;5;3;5;2;0;0;1;0;0;0;0;0;558074.5937;5925727.221;9.875050272;53.477322178
125149;2;3;5;317;2018;5;10;6;2;5;7;0;1;1;0;0;0;0;0;564250.7419;5938477.9477;9.970714206;53.591199652
125150;2;2;1;206;2018;5;12;2;3;3;6;0;0;1;0;0;0;1;0;562776.241;5935077.7705;9.947756812;53.560819787
125151;2;5;5;513;2018;5;17;3;3;0;3;0;1;0;0;0;0;0;0;572940.5382;5937554.152;10.101760486;53.581760657
125152;2;3;8;320;2018;5;13;6;3;5;3;0;0;1;0;1;0;0;0;558714.7529;5941581.5929;9.887671563;53.619742691
125153;2;1;3;108;2018;5;17;2;3;5;2;0;0;1;0;0;0;0;0;565162.2312;5934770.3807;9.983709193;53.557766388
125154;2;6;1;601;2018;5;10;3;3;0;7;0;0;0;0;0;0;1;0;578727.7267;5929437.5542;10.187112661;53.507982674
125155;2;2;2;207;2018;5;14;5;3;1;5;0;1;1;0;0;0;0;0;563817.1944;5935021.2536;9.963458518;53.560186312
125156;2;7;11;712;2018;5;16;1;3;4;6;0;1;0;0;0;0;0;0;560177.9041;5927842.0436;9.907143495;53.496093053
125157;2;5;6;514;2018;5;15;2;3;5;6;0;0;1;0;0;0;0;0;574609.9617;5942700.1502;10.128203593;53.627771728
125158;2;1;20;141;2018;5;16;1;3;8;1;0;0;0;0;1;0;0;0;555045.1642;5931609.8568;9.830441885;53.530519156
125159;2;2;5;215;2018;6;0;7;3;5;3;2;1;1;0;0;0;0;1;561314.4125;5936263.2198;9.925922915;53.571646703
125160;2;1;11;129;2018;5;12;7;3;2;6;0;0;1;0;0;0;0;0;572597.36;5934122.9622;10.095780447;53.550972429
125161;2;7;9;710;2018;5;7;1;2;2;6;0;0;1;0;0;0;1;0;563421.5737;5923412.4527;9.955138004;53.455901254
125162;2;7;1;702;2018;5;19;1;3;0;7;0;0;0;0;1;0;0;0;565342.074;5923582.9465;9.98409183;53.457198864
125163;2;1;12;130;2018;5;11;4;3;8;1;0;0;1;0;0;0;0;0;574539.6188;5931910.4516;10.124563533;53.530816721
125164;2;7;9;710;2018;5;10;4;3;2;6;0;0;1;0;0;0;0;0;563723.761;5923510.2771;9.959708113;53.456743985
125165;2;1;8;124;2018;5;17;5;3;5;3;0;1;0;0;0;0;0;0;569535.4132;5934350.0692;10.049622813;53.553427912
125166;2;1;1;102;2018;5;10;6;3;6;4;0;1;0;1;0;0;0;0;565951.2944;5933983.859;9.995453238;53.550599186
125167;2;1;12;130;2018;5;10;5;3;5;2;0;1;1;0;0;0;0;0;573461.0211;5932630.8232;10.108463403;53.537442565
125168;2;6;11;612;2018;5;18;1;3;5;2;0;0;1;0;1;0;0;0;572097.8077;5929721.4133;10.087227991;53.511484531
125169;2;4;13;432;2018;5;14;3;3;4;2;0;0;1;0;0;0;0;0;566330.4819;5945992.1915;10.003731347;53.658471946
125170;2;5;12;520;2018;5;19;3;3;5;3;0;1;1;0;0;0;0;0;570006.5488;5946790.4435;10.059528355;53.6651666
125171;2;6;14;615;2018;5;13;1;3;6;7;0;0;1;1;0;0;0;0;577533.1014;5926083.7212;10.168274637;53.478019905
125172;2;4;10;427;2018;5;8;2;3;3;6;0;0;1;0;0;0;0;0;569208.733;5938319.146;10.045572165;53.58914144
125173;2;6;1;601;2018;5;1;1;2;6;4;2;0;1;1;0;0;0;0;579107.0506;5929866.7754;10.192939345;53.511783033
125174;2;1;11;128;2018;5;15;4;3;5;3;0;0;1;0;0;0;0;0;571782.3415;5934000.0501;10.083452817;53.549979881
125175;2;1;12;130;2018;6;8;6;3;1;6;0;0;1;0;0;0;0;0;574739.5259;5932806.7981;10.127792899;53.538843678
125176;2;1;3;105;2018;5;22;7;3;4;6;2;1;0;1;0;0;0;0;565166.8666;5933302.8482;9.98347329;53.544576703
125177;2;1;12;130;2018;5;9;1;3;4;2;0;0;1;0;0;0;0;0;574442.3184;5932765.1268;10.123299178;53.538511388
125178;2;5;18;526;2018;5;13;1;3;6;4;0;0;1;1;0;0;0;0;576421.0362;5942800.2739;10.155608024;53.628410295
125179;2;5;3;510;2018;5;7;2;2;5;3;0;1;0;0;0;0;1;0;571251.777;5935875.093;10.075873733;53.566903155
125180;2;5;7;515;2018;5;10;1;3;5;3;0;1;1;0;0;0;0;0;570847.2769;5940102.6394;10.07072704;53.604950768
125181;2;5;16;524;2018;5;18;1;2;2;6;0;1;0;0;0;0;0;0;573823.0072;5948571.3039;10.117701111;53.680645746
125182;2;1;5;113;2018;6;14;7;3;1;7;0;0;1;0;0;0;0;0;567387.1011;5934474.3348;10.017226973;53.554824861
125183;2;5;12;520;2018;5;12;7;3;3;6;0;0;1;0;1;0;0;0;570123.0436;5944983.4454;10.060883286;53.648911693
125184;2;4;13;432;2018;5;13;1;3;8;7;0;0;1;0;0;0;0;0;566194.9415;5947648.7519;10.002033799;53.673376703
125185;2;4;11;430;2018;5;13;1;3;2;6;0;0;1;0;0;0;0;0;568349.7743;5941850.5834;10.033372253;53.620991326
125186;2;1;14;132;2018;5;15;4;3;6;2;0;0;1;1;0;0;0;0;569024.1617;5932916.9461;10.041590684;53.540615739
125187;2;6;2;602;2018;5;8;4;3;5;3;0;0;1;0;0;0;0;0;579377.8644;5925921.8517;10.196024182;53.476290296
125188;2;5;6;514;2018;5;17;5;3;6;4;0;0;1;1;0;0;0;0;572905.8077;5939297.2508;10.101643376;53.597430496
125189;2;1;20;141;2018;5;13;5;3;5;3;0;1;0;0;1;0;0;0;556404.371;5932305.158;9.851070478;53.53662411
125190;2;5;17;525;2018;5;12;5;2;1;5;0;0;1;0;0;0;1;0;576196.8183;5943860.8047;10.152477974;53.637973594
125191;2;4;5;413;2018;5;14;1;3;6;3;0;1;0;1;0;0;0;0;566313.6856;5937360.1079;10.001638873;53.58089656
125192;2;4;10;428;2018;5;16;3;3;1;5;0;1;1;0;0;0;0;0;568737.5848;5939288.3385;10.038669189;53.597913604
125193;2;2;9;221;2018;5;0;1;3;8;1;2;0;1;0;0;0;0;0;556887.8708;5937448.5954;9.859301294;53.58279898
125194;2;3;8;320;2018;5;9;2;3;5;3;0;1;1;0;0;0;0;0;559180.0082;5939840.6189;9.894373796;53.604043484
125195;2;3;6;318;2018;5;16;1;3;3;7;0;0;1;0;0;0;0;0;562940.8004;5941472.6549;9.951531147;53.618272806
125196;2;4;11;430;2018;5;17;4;3;5;2;0;1;0;0;0;0;1;0;568367.332;5941740.2352;10.033613429;53.619997332
125197;2;5;7;515;2018;6;13;6;3;1;7;0;0;1;0;1;0;0;0;571485.229;5941714.2347;10.080736456;53.619347376
125198;2;5;6;514;2018;5;8;6;3;5;6;0;1;0;0;0;0;1;0;574017.4473;5941541.9508;10.1189705;53.617447355
125199;2;1;4;111;2018;5;20;1;3;3;3;0;1;1;0;0;0;0;0;564122.9292;5934710.9538;9.968009857;53.557360292
125200;2;1;16;136;2018;5;21;7;3;5;2;2;1;1;0;0;0;0;0;567328.3504;5930461.0051;10.015476795;53.518763795
125201;2;5;13;521;2018;5;7;4;3;5;3;0;1;1;0;0;0;0;0;572517.664;5949805.6593;10.098230499;53.691921349
125202;2;2;8;220;2018;5;12;4;3;5;3;0;1;0;0;0;0;0;0;557573.3661;5939341.8198;9.870003976;53.59973952
125203;2;2;6;218;2018;5;15;5;3;5;3;0;1;1;0;0;0;0;0;558157.8365;5934825.3736;9.877993379;53.559083454
125204;2;1;3;108;2018;5;11;5;3;4;2;0;0;1;0;1;0;0;0;565330.4153;5934539.0095;9.986199379;53.55566609
125205;2;1;12;130;2018;5;22;7;3;5;7;2;0;1;0;0;0;0;0;574897.4045;5932443.8931;10.130087864;53.535559812
125206;2;1;11;129;2018;5;9;7;3;3;7;0;0;1;0;0;0;0;0;571681.5903;5934829.8745;10.082122692;53.557451266
125207;2;4;5;409;2018;5;12;4;3;6;7;0;0;1;1;0;0;0;0;566327.1892;5939023.2112;10.002196397;53.595841432
125208;2;5;10;518;2018;5;17;5;3;2;6;0;1;1;0;0;0;0;0;574631.0862;5945288.0121;10.12914394;53.651025095
125209;2;4;10;428;2018;5;17;5;3;0;7;0;0;1;0;0;0;1;0;569027.3205;5939191.6248;10.043025075;53.597006357
125210;2;5;18;526;2018;5;0;7;3;4;6;2;0;1;0;0;0;0;0;578375.8144;5938996.6787;10.184203653;53.593940007
125211;2;2;4;212;2018;5;20;3;3;5;3;0;1;0;0;0;0;0;0;560800.3752;5933686.2969;9.917660043;53.548546623
125212;2;5;17;525;2018;5;14;7;3;2;6;0;0;1;0;0;0;0;0;577239.3667;5944948.3197;10.168513087;53.647593824
125213;2;2;7;219;2018;5;7;2;3;5;3;0;1;1;0;0;0;0;0;560247.599;5933667.237;9.909314479;53.548439039
125214;2;5;11;519;2018;5;10;7;3;0;7;0;0;0;0;1;0;0;0;571809.078;5946462.5826;10.086727961;53.661975729
125215;2;4;10;428;2018;5;6;4;3;5;3;0;0;1;0;0;0;1;0;569116.1376;5938806.5687;10.044281541;53.593534141
125216;2;2;9;221;2018;6;13;6;2;5;3;0;1;1;0;0;0;0;0;557264.3757;5934812.7857;9.864504433;53.559068558
125217;2;4;5;413;2018;5;12;6;3;1;5;0;1;1;0;0;0;0;0;566853.0008;5937716.7381;10.009860003;53.584033181
125218;2;4;12;431;2018;5;11;7;3;5;3;0;0;1;0;0;0;0;0;566835.426;5942152.9072;10.01054586;53.62390379
125219;2;7;9;710;2018;5;21;3;2;6;4;1;0;1;1;0;0;0;0;563766.99;5923463.7857;9.960349633;53.456320914
125220;2;3;1;309;2018;5;9;5;3;6;6;0;1;0;1;0;0;0;0;564269.3298;5935908.5122;9.970465929;53.568105188
125221;2;2;9;221;2018;5;17;7;3;6;7;0;0;1;1;0;0;0;0;557027.219;5936023.48;9.861145588;53.569975564
125222;2;1;7;120;2018;5;8;2;3;6;3;0;1;0;1;0;0;0;0;568684.1221;5934781.5114;10.036869874;53.557417397
125223;2;2;3;210;2018;5;19;7;3;6;4;0;0;1;1;0;0;0;0;562869.8425;5934838.4198;9.949121583;53.558657455
125224;2;4;7;416;2018;6;16;7;3;9;5;0;0;1;0;0;0;0;0;567414.5984;5935202.106;10.017798962;53.56136193
125225;2;3;1;304;2018;5;4;1;3;5;3;2;0;1;0;0;0;0;0;562815.0673;5936497.0668;9.948628314;53.573570836
125226;2;1;4;111;2018;5;12;7;3;5;3;0;0;1;0;0;0;0;0;564122.6304;5934710.9551;9.968005347;53.55736034
125227;2;7;1;702;2018;5;6;3;3;5;3;0;0;1;0;1;0;0;0;565163.9446;5924700.0457;9.981641106;53.467260754
125228;2;6;11;612;2018;5;13;6;3;5;3;0;0;0;0;1;1;0;0;572353.4188;5929226.685;10.090967619;53.507003282
125229;2;1;5;114;2018;6;7;1;3;1;5;0;1;1;0;0;0;0;0;566867.3396;5934601.4452;10.009409563;53.556033689
125230;2;3;3;314;2018;5;20;2;3;2;6;0;0;1;0;1;0;0;0;565157.6815;5937643.4417;9.984239954;53.583587836
125231;2;1;12;130;2018;5;22;6;2;5;3;2;0;1;0;1;0;0;0;572701.2962;5933124.9076;10.097116936;53.541988579
125232;2;4;10;428;2018;5;13;4;3;2;6;0;0;1;0;0;0;0;0;568971.9068;5939314.1255;10.042215007;53.59811457
125233;2;1;3;108;2018;6;20;6;3;6;7;0;1;0;1;0;0;0;0;565699.8225;5934528.6881;9.991772704;53.555527226
125234;2;2;8;220;2018;5;15;6;1;6;2;0;0;1;1;0;0;0;0;557887.074;5938262.316;9.874543493;53.590002946
125235;2;5;18;526;2018;5;18;6;3;5;3;0;1;0;0;0;0;0;0;577130.5424;5939847.1003;10.165603154;53.601767159
125236;2;1;12;130;2018;5;10;3;3;3;6;0;0;1;0;1;0;0;0;573580.089;5932837.7971;10.110308335;53.539285959
125237;2;7;14;715;2018;5;14;4;3;4;6;0;0;1;0;0;0;0;0;558080.62;5925689.486;9.875134084;53.476982364
125238;2;5;6;514;2018;5;14;6;3;0;7;0;1;0;0;0;0;0;0;575181.4313;5943589.2448;10.137057944;53.63568001
125239;2;5;4;512;2018;5;16;2;2;6;4;0;0;0;1;1;0;0;0;575752.5112;5937844.7051;10.144296487;53.583973163
125240;2;5;6;514;2018;5;18;6;3;1;6;0;0;1;0;0;0;0;0;574343.7533;5940906.6319;10.123750805;53.611691677
125241;2;5;2;507;2018;5;19;6;3;0;7;0;1;0;0;0;0;0;0;570842.628;5936824.93;10.0699124;53.575494734
125242;2;1;1;101;2018;6;22;7;3;5;3;2;0;1;0;0;0;0;1;566294.4738;5934539.0134;10.000749965;53.555545261
125243;2;5;10;518;2018;5;13;7;3;2;6;0;0;1;0;0;0;0;0;574689.9859;5943942.7527;10.129711711;53.638927242
125244;2;4;11;430;2018;5;14;6;2;3;6;0;1;0;0;0;0;0;0;568422.1128;5941522.2554;10.03439359;53.618031188
125245;2;5;15;523;2018;5;17;6;3;5;3;0;1;1;0;0;0;0;0;574698.7435;5949934.6883;10.131285568;53.692773539
125246;2;5;1;501;2018;5;19;4;3;0;3;0;1;0;0;0;0;0;0;568948.9677;5936125.568;10.041163925;53.569461835
125247;2;1;16;137;2018;5;17;4;3;5;2;0;1;1;0;0;0;0;0;565480.8458;5930270.9728;9.987576781;53.517289311
125248;2;1;8;124;2018;5;5;5;3;5;5;0;0;1;0;0;0;0;0;569562.6648;5934437.2144;10.050053485;53.554207483
125249;2;7;12;713;2018;5;18;5;2;8;1;0;0;0;0;1;0;0;0;560126.9299;5928618.0359;9.906523964;53.503073148
125250;2;5;18;526;2018;5;12;5;3;3;6;0;1;1;0;0;0;0;0;576264.9887;5937772.686;10.152018516;53.583251668
125251;2;4;12;431;2018;5;23;6;3;7;7;2;0;0;0;1;0;1;0;567678.1309;5942735.35;10.023411909;53.629029994
125252;2;4;3;406;2018;5;7;3;3;0;6;0;0;1;0;0;0;0;0;566213.419;5941187.445;10.000937453;53.615306088
125253;2;4;13;432;2018;5;17;6;3;1;5;0;1;1;0;0;0;0;0;568006.0139;5948361.4888;10.029600515;53.679549547
125254;2;4;7;416;2018;5;7;4;2;0;7;0;1;0;0;0;0;0;0;567455.8371;5935582.9275;10.018503679;53.564779134
125255;2;6;14;615;2018;5;18;5;3;6;7;0;0;0;1;0;0;1;0;576132.6243;5927213.7141;10.147450855;53.488379431
125256;2;2;1;201;2018;5;20;6;3;4;6;1;1;0;0;0;0;0;0;563271.483;5933720.812;9.954957876;53.548564871