OBJECTID_1;ULAND;UREGBEZ;UKREIS;UGEMEINDE;UJAHR;UMONAT;USTUNDE;UWOCHENTAG;UKATEGORIE;UART;UTYP1;ULICHTVERH;IstRad;IstPKW;IstFuss;IstKrad;IstGkfz;IstSonstig;STRZUSTAND;LINREFX;LINREFY;XGCSWGS84;YGCSWGS84
125257;2;6;1;601;2018;5;14;5;3;5;3;0;1;1;0;0;0;0;0;579371.6832;5928740.5658;10.196643939;53.501622244
125258;2;4;13;432;2018;5;11;6;3;2;6;0;0;1;0;1;0;1;0;566103.9034;5948170.7249;10.000767116;53.678079214
125259;2;5;7;515;2018;5;12;3;3;5;3;0;1;0;0;0;1;0;0;570876.2897;5939365.6678;10.070997865;53.59832372
125260;2;4;5;409;2018;5;13;6;3;5;7;0;0;1;0;0;0;0;0;565825.3287;5939101.8501;9.994631202;53.596611436
125261;2;5;11;519;2018;5;7;2;3;0;7;0;1;1;0;0;0;0;0;571518.7102;5947234.7172;10.082512357;53.668954554
125262;2;4;2;404;2018;5;6;6;3;1;5;0;1;1;0;0;0;0;0;565641.2544;5938469.5969;9.991717192;53.590952346
125263;2;3;8;320;2018;5;18;4;3;4;2;0;1;1;0;0;0;0;0;558710.8422;5941587.9876;9.887613653;53.619800601
125264;2;2;4;214;2018;5;14;6;3;3;6;0;0;1;0;1;0;0;0;561896.6014;5933610.9686;9.93418808;53.547741537
125265;2;7;10;711;2018;6;21;6;3;8;1;2;0;1;0;0;0;0;1;563934.24;5924473.05;9.963073339;53.465371367
125266;2;4;13;432;2018;5;12;7;3;2;6;0;0;1;0;0;0;0;0;566516.1637;5944885.356;10.00630374;53.648501175
125267;2;2;7;219;2018;5;11;6;3;4;2;0;1;0;0;0;0;1;0;560784.2091;5933674.9872;9.917413884;53.548446849
125268;2;1;3;108;2018;5;14;6;3;3;7;0;0;1;0;0;0;1;0;565440.9463;5934607.534;9.987881981;53.55626817
125269;2;3;9;321;2018;5;16;4;3;5;3;0;0;1;0;0;0;0;0;561018.4285;5938461.5971;9.921883643;53.591438874
125270;2;1;8;121;2018;5;17;4;3;3;2;0;1;1;0;0;0;0;0;568832.6667;5934994.6741;10.039158877;53.559313655
125271;2;5;7;515;2018;5;12;5;3;2;6;0;0;1;0;0;0;0;0;570718.7531;5940504.4828;10.068876203;53.608579473
125272;2;7;1;702;2018;5;17;5;3;4;2;0;0;1;0;1;0;0;0;565625.0891;5924553.3246;9.988556097;53.465884853
125273;2;7;4;705;2018;5;11;5;3;2;6;0;0;1;0;0;0;0;0;565824.8116;5922260.9971;9.991084321;53.445257881
125274;2;4;5;409;2018;5;17;5;3;6;4;0;1;0;1;0;0;0;0;568438.984;5939163.2132;10.034130483;53.59682817
125275;2;1;1;101;2018;5;18;6;3;9;1;0;0;1;0;0;0;0;0;566480.58;5934407.7584;10.003530948;53.554342109
125276;2;3;9;321;2018;5;9;3;3;5;3;0;1;1;0;0;0;0;0;560961.9253;5939122.0807;9.921159212;53.597381455
125277;2;7;8;709;2018;5;4;5;3;3;7;2;0;1;0;0;1;0;0;561886.3201;5920397.6066;9.931427401;53.428987693
125278;2;2;4;212;2018;5;17;2;3;0;3;0;1;0;0;0;0;0;0;560710.7242;5934669.9602;9.916498152;53.557397612
125279;2;6;1;601;2018;5;11;5;3;0;7;0;1;0;0;0;0;0;0;579984.2558;5927638.6966;10.205596179;53.491627298
125280;2;2;5;215;2018;5;18;4;3;2;6;0;0;1;0;0;0;0;0;560575.0725;5937470.9657;9.9149939;53.582587095
125281;2;1;11;129;2018;5;13;5;3;3;6;0;0;1;0;0;0;1;0;571757.3282;5934591.5439;10.083211111;53.555299046
125282;2;4;8;422;2018;5;16;2;3;0;1;0;1;0;0;0;0;0;0;568590.2573;5936758.6136;10.035887243;53.57519809
125283;2;1;8;123;2018;5;11;5;3;5;3;0;1;1;0;0;0;0;0;570516.8653;5935080.4971;10.064599632;53.55986138
125284;2;4;1;401;2018;5;20;4;3;4;7;0;0;1;0;1;0;0;0;564934.2297;5937753.0695;9.980887958;53.584600802
125285;2;1;8;123;2018;6;12;6;3;6;4;0;1;0;1;0;0;0;0;569823.5302;5934945.7374;10.054104135;53.55874298
125286;2;1;12;130;2018;5;14;6;3;2;6;0;0;1;0;0;0;0;0;573429.3299;5935479.531;10.108654285;53.563048084
125287;2;1;14;133;2018;5;4;5;3;8;5;1;0;1;0;0;0;0;0;568604.0158;5932642.4878;10.035191547;53.538204189
125288;2;1;8;125;2018;5;18;5;3;4;2;0;0;1;0;0;0;0;0;570115.8169;5934232.2379;10.058355826;53.55229176
125289;2;4;2;403;2018;5;12;4;3;0;5;0;1;1;0;0;0;0;0;565194.0848;5938644.303;9.98499891;53.592578262
125290;2;5;1;501;2018;5;11;4;3;5;3;0;0;1;0;0;0;0;0;569044.9039;5935673.859;10.042512499;53.565389674
125291;2;3;8;320;2018;5;19;5;3;3;7;0;0;1;0;0;0;0;0;559951.9023;5940969.7768;9.906254926;53.614103915
125292;2;4;10;429;2018;5;17;5;3;1;6;0;0;1;0;0;0;0;0;568638.762;5939574.8111;10.037239252;53.600501097
125293;2;5;18;526;2018;5;7;5;3;5;2;0;1;1;0;0;0;0;0;574733.2253;5939638.8396;10.129332631;53.600242913
125294;2;3;2;312;2018;5;19;3;3;2;6;0;0;1;0;1;0;0;0;565396.7784;5935322.5579;9.98736497;53.56269977
125295;2;1;3;108;2018;5;10;5;3;3;2;0;1;1;0;0;0;0;0;565154.2312;5934779.3542;9.983590313;53.557848028
125296;2;5;6;514;2018;5;16;5;3;0;7;0;1;0;0;0;0;0;0;573593.1977;5942320.6565;10.112742229;53.624505203
125297;2;2;5;216;2018;5;10;2;3;5;3;0;1;1;0;0;0;0;0;560246.4657;5934967.7956;9.909548026;53.560127883
125298;2;4;10;429;2018;5;22;5;3;0;6;2;0;0;0;0;0;1;0;568855.9168;5939886.9328;10.040589154;53.603277661
125299;2;4;1;402;2018;5;15;4;3;0;7;0;0;0;0;0;0;1;0;564466.4921;5938141.5582;9.973903771;53.588149954
125300;2;2;1;203;2018;6;21;6;3;0;4;2;1;0;1;0;0;0;1;562533.6979;5934070.9621;9.943894166;53.551800186
125301;2;4;7;417;2018;5;21;6;3;0;7;2;1;0;0;0;0;0;0;568258.0461;5935725.9912;10.030645208;53.565961132
125302;2;4;13;432;2018;5;7;5;3;5;3;0;0;1;0;1;0;0;0;567417.5819;5945941.2292;10.020167743;53.657874942
125303;2;4;2;403;2018;5;8;4;3;1;5;0;1;0;0;0;0;1;0;564926.6821;5937836.7892;9.980791384;53.585354145
125304;2;6;1;601;2018;5;12;3;3;6;3;0;1;0;1;0;0;0;0;579619.288;5928559.618;10.200330106;53.499958699
125305;2;1;4;109;2018;5;21;5;3;5;3;0;0;1;0;1;0;0;0;564186.054;5935275.1463;9.969078531;53.562423141
125306;2;5;1;501;2018;6;10;6;3;6;5;0;0;1;1;0;0;0;0;569048.4809;5935626.2152;10.042555968;53.564961024
125307;2;5;2;508;2018;5;7;6;3;1;6;0;0;1;0;0;1;0;0;571688.481;5936945.399;10.082712205;53.576462469
125308;2;4;8;423;2018;5;17;5;3;5;3;0;0;1;0;1;0;0;0;569087.4616;5937475.4922;10.043553591;53.581575475
125309;2;1;1;101;2018;5;14;4;3;0;7;0;0;0;1;0;0;1;0;566513.8037;5934097.5364;10.003966378;53.55154987
125310;2;2;4;214;2018;5;18;4;3;4;6;0;1;0;0;0;0;0;0;561880.5023;5933614.6322;9.933945861;53.547776361
125311;2;2;8;220;2018;5;10;5;3;9;1;0;0;1;0;0;0;0;0;557689.5782;5940120.2057;9.87190393;53.606722464
125312;2;4;8;422;2018;5;19;5;3;5;3;0;1;1;0;0;0;0;0;568579.2628;5936726.1572;10.035714098;53.574907839
125313;2;7;1;702;2018;5;17;2;3;2;6;0;0;1;0;1;0;0;0;565581.7785;5923026.9974;9.987585401;53.452172539
125314;2;3;8;320;2018;5;9;5;3;5;2;0;1;1;0;0;0;0;0;560553.9664;5939510.7423;9.915071146;53.600921792
125315;2;5;18;526;2018;6;17;7;2;9;7;0;0;1;0;0;0;0;0;576184.207;5940672.5519;10.151507035;53.609323665
125316;2;6;1;601;2018;5;12;1;3;4;6;0;1;1;0;0;0;0;0;577129.6255;5930341.4892;10.163243326;53.516342984
125317;2;2;9;221;2018;5;12;5;2;0;3;0;0;1;0;0;0;1;0;556390.624;5938094.8447;9.851908008;53.588660881
125318;2;1;5;113;2018;5;17;4;2;6;2;0;0;1;1;0;0;0;0;566788.0686;5934929.6059;10.00828324;53.558993024
125319;2;1;1;101;2018;6;15;6;3;0;4;0;0;0;1;0;0;1;0;566395.7419;5934068.9848;10.002178577;53.551308215
125320;2;2;7;219;2018;5;8;6;3;4;2;0;1;1;0;0;0;0;0;559000.7107;5934095.9454;9.890578666;53.552433648
125321;2;3;6;318;2018;5;14;5;3;2;6;0;0;1;0;0;0;0;0;563350.354;5940792.404;9.957583419;53.61210985
125322;2;5;6;514;2018;5;19;3;3;4;2;0;1;0;0;1;0;0;0;574354.814;5941080.9278;10.12395956;53.613256465
125323;2;3;2;311;2018;5;18;5;3;2;6;1;0;1;0;0;0;0;0;564920.9501;5935752.0949;9.980271302;53.566619207
125324;2;5;2;506;2018;5;14;2;3;3;7;0;0;1;0;0;0;1;0;571540.3538;5937465.1754;10.080594601;53.581153898
125325;2;1;20;141;2018;5;14;4;3;2;2;0;0;1;0;0;0;0;0;557039.69;5932081.5539;9.860614701;53.534545844
125326;2;7;9;710;2018;5;17;4;3;5;3;0;1;1;0;0;0;0;0;563656.1965;5922733.8582;9.958533571;53.449774101
125327;2;1;8;126;2018;5;14;2;3;2;6;0;0;1;0;1;0;0;0;570311.5415;5933737.5296;10.061198373;53.547819614
125328;2;7;7;708;2018;5;7;4;3;2;6;0;0;1;0;0;0;0;0;565233.5917;5919346.4961;9.981580369;53.419137447
125329;2;2;9;221;2018;6;23;7;2;4;2;2;0;1;0;0;0;0;1;557368.7315;5937733.2345;9.866616201;53.585304795
125330;2;6;2;603;2018;5;18;7;3;5;2;0;1;1;0;0;0;0;0;580883.4659;5926877.0568;10.218950269;53.484645247
125331;2;1;16;137;2018;5;8;4;3;2;6;0;0;1;0;0;0;0;0;566065.9326;5928300.6032;9.995984283;53.499507802
125332;2;6;9;610;2018;5;19;4;3;9;1;0;0;1;0;0;0;0;0;578036.3897;5925068.4316;10.175604258;53.468821317
125333;2;7;10;711;2018;5;14;3;3;2;6;0;0;1;0;0;0;0;0;560819.0428;5926219.3115;9.916492428;53.481434957
125334;2;6;1;601;2018;5;22;5;2;2;2;2;0;1;0;0;0;0;0;579465.9426;5928671.5042;10.198047196;53.500987376
125335;2;1;1;102;2018;5;17;6;3;5;2;0;0;1;0;0;0;1;0;566038.7115;5933783.3392;9.996730124;53.54878608
125336;2;1;12;130;2018;5;13;5;3;6;3;0;1;0;1;0;0;0;0;574062.5378;5932090.8239;10.117410096;53.532505176
125337;2;6;9;610;2018;5;11;4;3;6;7;0;0;1;1;0;1;0;0;574457.5061;5927842.9098;10.12235859;53.494273669
125338;2;4;5;408;2018;5;8;3;2;5;3;0;0;1;0;1;0;0;0;565959.6614;5939403.3133;9.996724429;53.599303848
125339;2;5;7;515;2018;5;7;3;3;3;6;0;1;0;0;0;0;0;0;571204.6139;5941273.9752;10.076394191;53.615429032
125340;2;1;8;123;2018;5;8;4;3;2;6;0;0;1;0;0;0;0;0;570241.9989;5934497.417;10.060319691;53.554658071
125341;2;4;10;428;2018;5;19;2;3;0;7;0;0;0;0;0;0;1;0;569086.4195;5938964.7223;10.043867646;53.594959391
125342;2;1;8;126;2018;5;15;4;2;8;1;0;0;1;0;0;0;0;0;569920.9862;5933809.2344;10.055320932;53.548516181
125343;2;7;1;702;2018;5;18;3;3;4;2;0;1;1;0;0;0;0;0;565165.5865;5924085.8281;9.981538484;53.461740329
125344;2;5;18;526;2018;5;16;4;3;5;2;0;0;1;0;0;0;0;0;575531.838;5942795.2943;10.142163674;53.62849458
125345;2;1;11;128;2018;6;14;6;3;2;6;0;0;1;0;1;0;0;0;571551.7565;5933965.8784;10.079965323;53.549704253
125346;2;1;4;110;2018;5;2;7;2;1;1;2;0;1;0;1;0;0;0;563553.6372;5934475.5091;9.959369192;53.55531351
125347;2;5;18;526;2018;5;17;4;3;4;2;0;1;1;0;0;0;0;0;576734.3586;5940090.3376;10.159677223;53.604011212
125348;2;5;3;510;2018;5;12;4;3;3;6;0;0;1;0;0;1;0;0;571437.392;5935529.5627;10.078596888;53.563772645
125349;2;7;1;702;2018;5;16;3;3;3;2;0;1;1;0;0;0;0;0;565823.1326;5923274.6446;9.991271148;53.454368148
125350;2;4;12;431;2018;5;8;4;3;6;7;0;0;1;1;0;0;0;0;566554.1865;5943035.9192;10.006483093;53.631875319
125351;2;5;12;520;2018;5;8;5;3;1;6;0;0;1;0;1;0;0;0;568871.0861;5944838.2953;10.041913884;53.647773543
125352;2;4;11;430;2018;5;12;4;3;5;3;0;1;1;0;0;0;0;0;568870.9201;5940431.0257;10.040936092;53.608165467
125353;2;1;1;101;2018;6;23;7;3;3;6;2;0;1;0;0;0;0;1;566626.6527;5933655.9606;10.005575357;53.547567027
125354;2;4;10;429;2018;5;10;7;3;3;6;0;1;0;0;0;0;1;0;568900.2881;5939519.4055;10.04117836;53.599968849
125355;2;5;12;520;2018;5;11;4;3;2;6;0;1;1;0;0;0;0;0;570028.5078;5944328.2393;10.059305748;53.643036075
125356;2;4;10;427;2018;5;20;4;3;3;2;0;1;0;0;0;0;1;0;568408.9185;5938154.247;10.033454967;53.587764446
125357;2;6;1;601;2018;5;13;4;3;5;3;0;1;1;0;0;0;0;0;580034.4122;5928952.9511;10.206687329;53.503430457
125358;2;5;4;512;2018;5;13;5;3;2;6;0;0;1;0;0;0;0;0;574657.382;5937464.778;10.127666428;53.580715883
125359;2;7;12;713;2018;5;15;5;3;5;3;0;1;0;0;0;1;0;0;559939.0555;5929720.4973;9.903902601;53.513003009
125360;2;5;2;506;2018;5;11;5;3;4;2;0;1;1;0;0;0;0;0;571407.4707;5937845.2439;10.078674801;53.584587665
125361;2;4;5;409;2018;5;15;4;3;2;6;0;0;1;0;0;0;0;0;565802.1453;5939211.4442;9.994304083;53.597599288
125362;2;4;10;429;2018;5;7;3;3;3;2;0;0;0;0;1;0;1;0;568654.2562;5939561.9362;10.037470516;53.60038336
125363;2;4;10;429;2018;5;8;4;3;0;3;0;1;0;0;0;0;1;0;568941.7039;5939376.2196;10.041772433;53.598676586
125364;2;3;8;320;2018;5;12;2;3;5;3;0;1;1;0;0;0;0;0;559936.399;5940889.571;9.906005171;53.613384849
125365;2;4;6;414;2018;5;22;4;3;1;7;2;0;1;0;1;0;0;0;567207.6854;5936640.8105;10.014985172;53.574318332
125366;2;5;2;507;2018;6;15;6;3;6;4;0;0;1;1;0;0;0;0;571034.164;5936714.8603;10.072779505;53.574479638
125367;2;1;8;121;2018;5;23;6;3;5;3;2;1;1;0;0;0;0;0;568922.5374;5935089.3537;10.040536281;53.560152756
125368;2;2;12;225;2018;5;7;4;3;2;6;0;1;0;0;0;0;1;0;554629.6425;5936012.9716;9.824943105;53.57013624
125369;2;2;5;216;2018;5;18;4;3;1;2;0;0;1;0;0;0;0;0;559710.1412;5935475.4061;9.901549183;53.564751303
125370;2;4;7;416;2018;5;21;4;3;4;6;1;1;0;0;0;0;0;0;567341.0605;5935676.861;10.016791236;53.56563807
125371;2;2;9;221;2018;5;6;5;3;5;3;0;0;1;0;0;0;1;0;556072.9446;5936636.1694;9.846847233;53.575585013
125372;2;3;1;308;2018;5;21;5;3;6;6;1;1;0;1;0;0;0;0;563673.1168;5936534.1342;9.961592079;53.573800529
125373;2;2;5;217;2018;5;12;4;3;5;3;0;0;1;0;1;0;0;0;558311.9395;5936275.1379;9.880590147;53.572096128
125374;2;1;1;101;2018;5;15;3;3;3;6;0;1;1;0;0;0;0;0;566377.898;5934504.5716;10.002001772;53.555225183
125375;2;3;1;305;2018;5;16;4;3;4;2;0;1;0;0;1;0;0;0;563534.4302;5936623.1161;9.959516062;53.57461705
125376;2;1;4;111;2018;6;19;1;2;0;7;0;1;0;0;0;0;1;0;563769.879;5934088.176;9.962553938;53.551806199
125377;2;4;5;408;2018;5;17;5;3;5;3;0;0;1;0;0;0;0;0;567839.7338;5939978.2594;10.025254628;53.604230956
125378;2;2;3;209;2018;5;15;4;3;6;3;0;1;0;1;0;0;0;0;562877.088;5935681.7814;9.949400665;53.566236167
125379;2;4;3;406;2018;5;10;3;3;5;3;0;1;1;0;0;0;0;0;564774.3638;5941082.4792;9.979165192;53.614542673
125380;2;2;1;203;2018;5;8;4;3;5;3;0;1;1;0;0;0;0;0;562669.2281;5933810.1976;9.945887311;53.549440439
125381;2;2;5;216;2018;5;17;2;3;6;6;0;1;0;1;0;0;0;0;560100.498;5935517.6411;9.907450403;53.565086326
125382;2;2;1;206;2018;5;9;4;3;0;7;0;1;0;0;0;0;1;0;563222.3434;5935105.1367;9.954496303;53.561012188
125383;2;5;1;504;2018;6;9;6;3;5;3;0;0;1;0;0;0;0;0;570022.1611;5935758.5052;10.057284387;53.566020901
125384;2;5;12;520;2018;5;12;6;2;5;2;0;1;1;0;0;0;0;0;568600.5715;5944911.4604;10.037838299;53.648466615
125385;2;2;2;207;2018;5;17;4;3;6;4;0;0;1;1;0;0;0;0;563687.995;5935254.3872;9.961555793;53.56229725
125386;2;3;2;311;2018;5;14;4;3;6;4;0;1;0;1;0;0;0;0;564973.5541;5935824.1439;9.981080453;53.567260219
125387;2;2;1;206;2018;5;7;5;3;4;6;0;1;0;0;0;0;0;0;562775.026;5935103.4964;9.947743639;53.56105114
125388;2;1;4;109;2018;5;17;4;3;6;2;0;0;0;1;0;0;1;0;564605.066;5935128.315;9.975373396;53.561052114
125389;2;1;11;129;2018;5;15;2;3;2;6;0;0;1;0;0;0;0;0;571553.5766;5935222.3822;10.080280412;53.560996192
125390;2;1;1;101;2018;5;14;4;3;0;7;0;0;1;0;0;0;0;0;566190.1;5934223.88;9.999107926;53.552726258
125391;2;5;1;504;2018;6;12;7;3;2;6;0;0;1;0;0;0;1;1;569887.5601;5936108.9989;10.055330808;53.569188747
125392;2;1;12;130;2018;5;5;1;3;5;3;0;0;1;0;0;0;1;0;572941.3793;5932949.4369;10.100698326;53.540378345
125393;2;1;16;136;2018;5;18;3;3;5;3;0;1;1;0;0;0;0;0;567114.0225;5927799.2094;10.011674918;53.494868958
125394;2;1;1;101;2018;5;8;5;3;4;6;0;1;0;0;0;0;0;0;565941.426;5934161.2663;9.995341728;53.552194827
125395;2;6;6;607;2018;5;21;5;3;0;7;0;0;1;0;0;0;0;0;577164.9332;5921321.6529;10.161559696;53.435277831
125396;2;1;4;111;2018;5;18;6;3;3;6;0;0;1;0;1;0;0;0;564353.9539;5934692.0013;9.97149299;53.557161688
125397;2;6;2;603;2018;5;21;5;2;5;3;1;1;1;0;0;0;0;0;580185.09;5926512.7829;10.208334972;53.481478492
125398;2;3;4;315;2018;5;20;2;3;5;3;1;1;0;0;0;0;0;0;564494.3889;5937076.5619;9.974105039;53.578575141
125399;2;6;2;602;2018;5;15;3;3;5;3;0;1;1;0;0;0;0;0;579731.1942;5926891.3925;10.201592879;53.4849499
125400;2;1;4;112;2018;6;13;6;3;0;7;0;1;0;0;0;0;0;0;563810.1387;5933498.1922;9.963041138;53.54649893
125401;2;2;7;219;2018;5;9;6;3;5;3;0;1;0;0;0;0;0;0;559952.8431;5934427.5268;9.905012143;53.55530586
125402;2;1;11;129;2018;5;12;3;3;5;2;0;0;1;0;1;0;0;0;570822.7748;5935035.1424;10.069206815;53.559412588
125403;2;1;12;130;2018;5;20;3;3;2;6;0;0;1;0;0;0;0;0;573342.4423;5933730.1613;10.106932255;53.547338808
125404;2;1;1;101;2018;5;19;5;3;0;7;0;0;1;0;1;0;0;0;565850.3885;5934177.098;9.993971139;53.552348537
125405;2;5;18;526;2018;5;17;3;3;6;2;0;0;1;1;0;0;0;0;575411.8088;5942352.6357;10.140241785;53.624533842
125406;2;5;18;526;2018;5;14;2;2;2;6;0;0;1;0;1;0;0;0;577049.0215;5940272.5414;10.164476653;53.605602444
125407;2;5;4;512;2018;5;10;3;3;6;2;0;0;0;1;0;0;1;0;574457.7133;5936377.1018;10.12439176;53.570969513
125408;2;5;6;514;2018;5;15;3;3;2;6;0;0;1;0;0;0;0;0;574383.556;5940089.058;10.124157153;53.604338673
125409;2;2;4;213;2018;6;16;7;3;0;4;0;0;0;1;0;0;1;0;561859.6188;5934092.5742;9.933725271;53.552074278
125410;2;5;5;513;2018;5;22;7;3;9;1;2;0;1;0;0;0;0;0;574266.644;5938877.934;10.122102138;53.593471131
125411;2;5;2;508;2018;5;16;3;3;1;6;0;0;1;0;0;0;0;0;572409.78;5937183.21;10.093658986;53.578500584
125412;2;4;10;429;2018;5;15;3;3;3;2;0;1;1;0;0;0;0;0;568436.7746;5940215.5066;10.034328131;53.606285474
125413;2;1;16;137;2018;5;17;4;3;0;7;0;1;0;0;0;1;0;0;565517.4318;5928015.9023;9.987657185;53.497017703
125414;2;1;14;132;2018;5;11;5;2;6;4;0;0;1;1;0;0;0;0;570494.6562;5932254.1923;10.063627328;53.534464223
125415;2;1;18;139;2018;5;7;6;3;8;1;0;0;0;0;1;0;0;0;563103.4441;5930568.8653;9.951786543;53.520257358
125416;2;1;14;133;2018;5;16;5;2;6;3;0;1;0;1;0;0;0;0;569049.4475;5932288.7555;10.041833565;53.534966787
125417;2;4;13;432;2018;5;17;3;3;4;6;0;1;0;0;0;0;0;0;565784.2929;5946732.3834;9.995624416;53.66519309
125418;2;4;8;420;2018;5;19;3;3;0;7;0;1;0;0;0;0;0;0;568572.3676;5936760.339;10.03561749;53.575215935
125419;2;4;13;432;2018;5;8;3;3;5;3;0;1;1;0;0;0;0;0;566857.9092;5944962.0675;10.011489524;53.649147024
125420;2;4;6;414;2018;5;8;2;3;6;4;0;1;0;1;0;0;0;0;567039.9817;5936595.4867;10.012443177;53.573932459
125421;2;3;6;318;2018;6;12;4;3;9;7;0;0;1;0;0;0;1;0;562154.2691;5944033.0996;9.940153637;53.641378131
125422;2;5;2;508;2018;6;20;2;3;1;5;0;1;1;0;0;0;0;0;572014.0034;5937598.083;10.087778185;53.582283506
125423;2;5;4;512;2018;6;18;2;3;2;6;0;0;1;0;0;0;1;1;573304.5743;5936591.6808;10.107032088;53.573060293
125424;2;5;18;526;2018;6;9;2;3;5;2;0;1;1;0;0;0;0;0;575836.8258;5938997.3952;10.145850061;53.594319901
125425;2;5;7;515;2018;6;17;2;3;0;4;0;0;1;1;0;0;0;0;571514.6126;5939695.0609;10.080717122;53.601197244
125426;2;1;5;114;2018;6;16;2;3;0;7;0;1;0;0;0;0;1;0;566876.1698;5934613.3973;10.009545395;53.55613998
125427;2;4;2;405;2018;6;12;7;2;2;6;0;0;1;0;0;0;0;1;564792.0179;5939173.4647;9.979035118;53.597383799
125428;2;5;11;519;2018;6;9;2;3;2;6;0;0;1;0;0;0;0;0;571142.9452;5946323.6159;10.076617128;53.660817908
125429;2;4;13;432;2018;6;16;6;3;0;7;0;1;0;0;0;0;0;0;567463.7685;5947223.9614;10.021145173;53.669396895
125430;2;2;5;216;2018;6;8;5;3;5;2;0;1;1;0;0;0;0;0;560661.5831;5935050.6748;9.915830315;53.56082494
125431;2;4;12;431;2018;6;18;2;3;2;6;0;0;1;0;0;0;0;0;567368.9719;5942208.3958;10.01862364;53.624334099
125432;2;4;13;432;2018;6;12;2;3;4;2;0;0;1;0;0;0;0;0;567080.3637;5944991.7971;10.014860862;53.649385729
125433;2;1;1;101;2018;6;21;5;3;2;6;1;0;1;0;0;0;0;0;566641.8999;5933792.3777;10.00583451;53.548791101
125434;2;4;5;409;2018;6;15;2;2;5;2;0;0;1;0;0;0;0;0;565773.8312;5939392.1959;9.993914446;53.599227288
125435;2;1;1;101;2018;6;9;4;3;1;5;0;1;1;0;0;0;0;0;566379.4231;5933688.7145;10.001851577;53.547892705
125436;2;4;5;413;2018;6;10;2;3;5;3;0;1;1;0;0;0;0;0;566315.3029;5937366.7343;10.001664705;53.580955908
125437;2;2;8;220;2018;6;18;2;3;2;2;1;0;1;0;0;0;0;1;557935.2464;5939947.2552;9.875584261;53.605140973
125438;2;2;10;222;2018;6;8;2;3;3;6;0;1;1;0;0;0;0;0;555959.3323;5934232.0655;9.844700964;53.553990032
125439;2;5;18;526;2018;6;14;7;3;5;3;0;1;1;0;0;0;0;0;575258.2003;5938809.901;10.137064023;53.592718325
125440;2;1;11;129;2018;6;10;6;3;1;5;0;0;1;0;0;0;0;0;571358.2761;5934792.7408;10.077234334;53.557161597
125441;2;3;6;318;2018;6;15;2;3;5;2;0;1;1;0;0;0;0;0;562682.736;5943875.0796;9.948114248;53.639894936
125442;2;3;2;312;2018;6;3;6;3;5;3;1;0;1;0;0;0;0;0;565616.8486;5935078.1452;9.990635735;53.560475707
125443;2;1;7;120;2018;6;22;4;3;5;7;2;1;1;0;0;0;0;0;568010.2139;5934386.5425;10.026612282;53.553955503
125444;2;1;5;113;2018;6;18;7;3;4;2;1;0;1;0;0;0;0;1;567297.8626;5934519.536;10.015889857;53.55524254
125445;2;3;1;305;2018;6;13;2;3;5;7;0;1;1;0;0;0;0;0;563725.6724;5936695.4777;9.962418582;53.575244188
125446;2;5;1;501;2018;6;18;6;3;0;7;0;1;1;0;0;0;0;0;568872.5199;5935887.6993;10.039957283;53.567334129
125447;2;5;18;526;2018;6;16;4;3;5;2;0;1;1;0;0;0;0;0;574905.58;5940006.97;10.132025076;53.603526609
125448;2;1;4;109;2018;6;16;5;3;3;7;0;0;1;0;0;0;1;1;564271.2048;5934704.1963;9.970246507;53.557281426
125449;2;4;5;412;2018;6;13;4;3;0;7;0;0;1;0;0;0;0;0;567209.3513;5937822.491;10.015264771;53.584938046
125450;2;2;3;210;2018;6;13;2;3;1;5;0;1;1;0;0;0;0;0;562231.55;5934723.3739;9.939464052;53.55769956
125451;2;2;1;204;2018;6;8;2;3;3;2;0;1;1;0;0;0;0;0;562933.2668;5934657.2338;9.950042447;53.557021473
125452;2;1;14;132;2018;6;13;3;3;3;6;0;1;0;0;0;1;0;0;569957.6039;5931933.7278;10.055454144;53.531655968
125453;2;2;4;212;2018;6;20;2;3;1;5;0;1;0;0;1;0;0;0;560901.5932;5934788.0744;9.919402148;53.558437044
125454;2;5;6;514;2018;6;2;1;3;4;6;2;0;1;0;0;0;0;1;573673.3641;5940396.6873;10.113499;53.607203609
125455;2;1;1;102;2018;6;19;2;3;2;6;0;0;1;0;0;0;0;0;566033.2752;5933499.8597;9.99658823;53.546239066
125456;2;2;2;207;2018;6;21;7;3;6;7;1;1;1;1;0;0;0;0;563963.1082;5935187.8943;9.965695169;53.561666201
125457;2;5;11;519;2018;6;10;6;3;2;6;0;0;1;0;0;0;0;1;571716.0384;5945906.833;10.085191913;53.656994077
125458;2;7;13;714;2018;6;16;1;3;5;7;0;0;1;0;0;0;0;0;559142.3901;5925798.1097;9.891150735;53.47784042
125459;2;6;1;601;2018;6;10;5;2;1;6;0;1;0;0;0;0;1;0;579951.3856;5928803.4688;10.205397719;53.502099736
125460;2;5;7;515;2018;6;15;4;3;5;2;0;0;1;0;0;0;0;0;570960.3289;5940519.2776;10.072530159;53.608679771