OBJECTID_1;ULAND;UREGBEZ;UKREIS;UGEMEINDE;UJAHR;UMONAT;USTUNDE;UWOCHENTAG;UKATEGORIE;UART;UTYP1;ULICHTVERH;IstRad;IstPKW;IstFuss;IstKrad;IstGkfz;IstSonstig;STRZUSTAND;LINREFX;LINREFY;XGCSWGS84;YGCSWGS84
125461;2;7;13;714;2018;6;17;1;3;5;3;0;1;1;0;0;0;0;0;558646.367;5925700.5931;9.883659486;53.47701947
125462;2;1;1;101;2018;6;15;3;3;5;3;0;0;1;0;0;0;0;0;566636.3436;5933732.8744;10.005737983;53.548257038
125463;2;2;4;212;2018;6;15;3;3;5;3;0;1;1;0;0;0;0;0;560542.51;5934297.5613;9.913886992;53.554070127
125464;2;5;4;512;2018;6;12;1;3;5;3;0;1;1;0;0;0;0;0;573267.609;5936481.8496;10.10644819;53.572078416
125465;2;4;13;432;2018;6;11;2;3;6;4;0;0;1;1;0;0;0;0;566760.4056;5944952.3934;10.010012572;53.649072534
125466;2;5;2;508;2018;6;15;7;3;5;3;0;0;1;0;0;0;0;1;571971.0154;5937082.5135;10.087010094;53.57765602
125467;2;5;3;511;2018;6;11;1;3;5;2;0;0;1;0;0;0;1;0;571684.0626;5936352.4079;10.082509348;53.571133889
125468;2;5;10;518;2018;6;13;3;2;6;4;0;1;0;1;0;0;0;0;573458.4995;5945584.4591;10.111476859;53.653855159
125469;2;5;7;515;2018;6;16;1;3;1;5;0;0;1;0;0;0;0;0;572148.1346;5940665.2975;10.09051352;53.609829815
125470;2;3;2;312;2018;6;15;1;3;6;7;0;0;1;1;0;0;0;0;565540.6948;5935202.3923;9.989512268;53.56160186
125471;2;2;12;225;2018;6;15;1;3;0;1;0;1;0;0;0;0;0;1;554472.8336;5937300.2517;9.822800065;53.58172214
125472;2;6;11;612;2018;6;16;6;3;0;1;0;0;0;0;1;0;0;0;571549.7905;5928474.7096;10.07868104;53.50035518
125473;2;4;8;422;2018;6;8;6;3;2;6;0;0;1;0;0;0;0;1;568420.0845;5936604.8155;10.033283958;53.573838115
125474;2;1;3;108;2018;6;12;6;3;5;7;0;1;1;0;0;0;0;0;565525.1591;5934852.9685;9.989204486;53.558463444
125475;2;2;5;217;2018;6;23;1;2;0;7;2;1;0;0;0;0;0;0;559475.065;5936190.398;9.898136448;53.571203962
125476;2;4;13;432;2018;6;22;5;2;6;4;2;0;0;1;1;0;0;0;566726.9825;5944881.6178;10.00949181;53.648440734
125477;2;4;8;420;2018;6;7;4;3;2;2;0;1;1;0;0;0;0;0;568195.9002;5936822.406;10.029946443;53.575822814
125478;2;1;4;111;2018;6;3;1;3;3;7;2;1;1;0;0;0;0;0;564304.5326;5934070.8168;9.970619258;53.551584974
125479;2;1;8;123;2018;6;20;2;3;2;7;0;1;1;0;0;0;0;1;570005.8346;5935523.5768;10.056985271;53.563911768
125480;2;1;5;114;2018;6;14;3;3;6;7;0;0;1;1;0;0;0;0;567019.3205;5934214.6607;10.011620507;53.552538203
125481;2;7;2;703;2018;6;22;7;2;8;1;1;0;0;0;1;0;0;0;566791.5763;5924885.1832;10.006195288;53.468720733
125482;2;4;10;426;2018;6;16;2;3;2;6;0;0;1;0;0;1;0;1;569707.7897;5938720.5926;10.053199994;53.592683133
125483;2;2;5;216;2018;6;15;7;3;4;2;0;1;1;0;0;0;0;1;559977.6524;5935228.3963;9.905540299;53.562500808
125484;2;7;1;701;2018;6;0;7;3;6;7;2;0;1;1;0;0;0;0;564861.662;5923456.993;9.976831707;53.456126232
125485;2;5;9;517;2018;6;12;6;2;0;4;0;1;0;1;0;0;0;0;572578.8545;5943455.0476;10.097672865;53.634841353
125486;2;4;6;415;2018;6;10;5;3;1;1;0;0;1;0;0;0;0;0;568109.3036;5936243.8406;10.028512628;53.570634434
125487;2;1;14;132;2018;6;22;7;3;4;2;2;0;1;0;0;0;0;0;569042.9009;5932205.1211;10.041716356;53.534216014
125488;2;5;2;507;2018;6;12;7;3;3;2;0;1;0;0;0;0;0;0;570854.9793;5936876.3464;10.070110571;53.575955144
125489;2;5;2;509;2018;6;15;6;3;5;3;0;0;1;0;0;0;0;0;571235.2666;5938364.3222;10.076192523;53.589276019
125490;2;3;6;318;2018;6;12;6;3;6;7;0;0;1;1;0;0;0;0;562918.5262;5943965.6465;9.9516985;53.640680586
125491;2;5;7;515;2018;6;16;5;3;2;2;0;0;1;0;0;0;0;1;571212.0624;5941332.4156;10.076520129;53.615953218
125492;2;5;13;521;2018;6;18;7;3;4;6;0;1;0;0;0;0;0;0;571841.41;5948856.06;10.087771146;53.683480968
125493;2;2;9;221;2018;6;14;5;3;6;4;0;0;1;1;0;0;0;0;556534.4835;5937588.9722;9.853989402;53.584098838
125494;2;4;5;413;2018;6;8;7;3;6;6;0;1;0;1;0;0;0;0;565930.7605;5937683.03;9.995924143;53.583847
125495;2;4;2;405;2018;6;17;4;3;1;7;0;1;1;0;0;0;0;0;565125.7089;5939339.5165;9.984111201;53.598834784
125496;2;4;8;422;2018;6;21;4;3;3;6;2;0;1;0;0;0;0;0;568556.0409;5936722.833;10.035362724;53.574880999
125497;2;2;11;223;2018;6;8;7;3;5;3;0;0;1;0;0;0;0;1;553820.2673;5935238.8622;9.812588997;53.563262454
125498;2;5;5;513;2018;6;15;2;3;4;2;0;0;1;0;0;0;0;0;572856.8579;5937873.5401;10.100571325;53.584642594
125499;2;4;11;430;2018;6;7;2;3;2;6;0;0;1;0;0;0;0;0;568542.7566;5940419.7372;10.035974539;53.60810705
125500;2;3;1;303;2018;6;13;7;3;6;4;0;0;1;1;0;0;0;0;562697.0867;5937034.221;9.946954722;53.578412531
125501;2;5;2;507;2018;6;6;1;3;2;6;0;0;1;0;0;0;0;1;571637.7817;5936950.1599;10.081947735;53.576512182
125502;2;2;1;201;2018;6;11;7;3;5;6;0;0;1;0;0;0;0;0;563192.1411;5933566.2806;9.953729323;53.547185598
125503;2;2;4;211;2018;6;23;7;2;6;4;2;0;1;1;0;0;0;0;561520.1341;5934555.681;9.92869288;53.556276298
125504;2;4;5;409;2018;6;13;6;3;5;3;0;1;1;0;0;0;0;0;565940.4609;5938800.1761;9.996306788;53.593885771
125505;2;5;7;515;2018;6;17;4;2;4;2;0;1;1;0;0;0;0;0;572250.7992;5939417.3434;10.091775682;53.598600453
125506;2;3;1;309;2018;6;17;5;3;2;6;0;0;1;0;0;0;0;1;563945.2547;5936042.2471;9.965600546;53.569346697
125507;2;5;1;504;2018;6;8;4;3;5;3;0;1;1;0;0;0;0;0;569788.894;5936493.0587;10.053927013;53.572653442
125508;2;2;4;211;2018;6;1;7;3;5;7;2;1;1;0;0;0;0;0;561487.0561;5934578.5541;9.928198114;53.556485744
125509;2;2;2;207;2018;6;17;7;3;5;7;0;1;1;0;0;0;0;0;564387.4227;5935452.2764;9.972154811;53.563990393
125510;2;1;4;112;2018;6;4;7;3;6;7;1;0;1;1;0;0;0;0;563417.0522;5933868.4765;9.957184566;53.549874421
125511;2;6;14;615;2018;6;19;3;3;0;7;0;0;0;1;0;0;1;0;576876.0602;5927389.3642;10.158696249;53.489849891
125512;2;7;14;715;2018;6;11;6;3;5;3;0;0;1;0;0;0;1;0;556713.2914;5924949.0027;9.85440061;53.470476192
125513;2;2;4;212;2018;6;8;2;3;5;3;0;0;1;0;0;0;0;0;560602.174;5934716.7445;9.914868764;53.557830626
125514;2;1;12;130;2018;6;10;4;3;2;6;0;0;1;0;0;0;0;0;573164.8963;5933368.7291;10.104168613;53.544115409
125515;2;7;15;716;2018;6;5;6;3;4;6;0;0;1;0;0;0;0;0;557626.3474;5929670.557;9.869021438;53.512812742
125516;2;2;4;213;2018;6;15;5;3;1;7;0;1;1;0;0;0;0;0;561531.7873;5934268.7702;9.928812291;53.553696349
125517;2;7;1;702;2018;6;13;6;3;3;2;0;1;1;0;0;0;0;0;565997.4198;5924637.5983;9.994181546;53.466595725
125518;2;1;4;111;2018;6;22;4;3;0;2;2;0;1;0;0;0;1;0;563868.5043;5934694.7143;9.964166298;53.557245361
125519;2;7;1;702;2018;6;18;6;2;5;3;0;0;1;0;0;0;0;0;565715.2406;5923438.8094;9.989680908;53.45585703
125520;2;5;1;501;2018;6;14;2;3;5;2;0;1;1;0;0;0;0;0;568896.3379;5935860.4677;10.040310857;53.567086269
125521;2;1;16;136;2018;6;13;6;3;2;2;0;1;1;0;0;0;0;0;567049.5511;5928562.6996;10.010866453;53.501738875
125522;2;1;1;102;2018;6;14;1;3;3;6;0;1;0;0;0;0;1;0;565737.4761;5933854.8312;9.992199322;53.549466396
125523;2;1;16;137;2018;6;13;6;2;2;2;0;0;1;0;0;0;0;0;565102.5961;5930678.0947;9.98195758;53.520995227
125524;2;6;2;602;2018;6;17;6;2;4;2;0;0;1;0;0;0;0;0;578698.6585;5927343.2848;10.186148988;53.489166359
125525;2;2;8;220;2018;6;7;6;3;6;7;0;1;0;1;0;0;0;0;557423.2079;5939302.8481;9.86772801;53.599405736
125526;2;4;5;413;2018;6;23;4;3;3;6;2;1;0;0;0;0;0;0;566483.5225;5937326.8434;10.004196666;53.580576105
125527;2;1;20;141;2018;6;16;4;3;6;4;0;0;1;1;0;0;0;0;558250.0604;5931930.6766;9.878846352;53.533057013
125528;2;6;1;601;2018;6;18;6;3;5;3;0;1;1;0;0;0;0;0;580310.597;5929444.3987;10.210976262;53.507804827
125529;2;5;4;512;2018;6;8;6;3;5;3;0;1;1;0;0;0;0;0;574455.3468;5936377.1647;10.124356046;53.570970414
125530;2;5;7;515;2018;6;18;3;3;0;6;0;1;1;0;0;0;0;0;571142.0942;5941018.9044;10.075391011;53.613145227
125531;2;5;6;514;2018;6;8;6;3;4;2;0;0;1;0;0;0;1;0;575438.4117;5942878.218;10.140771326;53.629253259
125532;2;4;4;407;2018;6;11;1;3;4;2;0;0;1;0;0;0;0;0;565817.5507;5939724.3165;9.994645107;53.602206622
125533;2;5;7;515;2018;6;7;6;3;3;2;0;1;1;0;0;0;0;0;571264.4846;5941441.5618;10.077337422;53.616926975
125534;2;7;14;715;2018;6;9;6;3;2;6;0;0;1;0;0;0;1;0;556738.089;5924647.1663;9.854719642;53.467760701
125535;2;5;12;520;2018;6;16;6;3;5;3;0;0;1;0;1;0;0;0;567814.5223;5943900.7029;10.025728044;53.639485404
125536;2;4;13;432;2018;6;8;6;3;3;2;0;0;1;0;1;0;0;0;568038.127;5948141.3898;10.030038353;53.677567349
125537;2;5;7;515;2018;6;16;7;3;5;3;0;1;1;0;0;0;0;0;573394.9915;5942138.4464;10.109702977;53.622895536
125538;2;5;2;509;2018;6;8;6;3;0;3;0;0;1;0;1;0;0;1;572076.299;5938114.8379;10.088838342;53.586918983
125539;2;4;13;432;2018;6;13;6;3;5;2;0;1;1;0;0;0;0;0;567638.3089;5946678.4852;10.023667762;53.664472156
125540;2;7;1;702;2018;6;7;5;3;2;6;0;0;1;0;0;0;0;0;565815.3843;5923906.6553;9.99128677;53.460049243
125541;2;5;18;526;2018;6;11;4;3;2;7;0;0;0;0;1;0;1;0;576255.0121;5939195.5951;10.152215677;53.596040401
125542;2;4;4;407;2018;6;15;6;3;0;7;0;1;0;0;0;0;1;0;566368.9363;5940629.8192;10.003169182;53.610274955
125543;2;2;3;209;2018;6;22;3;3;3;7;2;0;1;0;1;0;0;0;562358.5868;5935469.7785;9.941530503;53.564392694
125544;2;4;5;408;2018;6;16;3;3;2;6;0;0;1;0;0;0;0;0;567844.1579;5939723.6624;10.025266061;53.6019423
125545;2;4;5;409;2018;6;7;6;3;5;2;0;1;1;0;0;0;0;0;567097.0797;5939483.0794;10.013926329;53.599876337
125546;2;1;6;117;2018;6;20;7;2;5;3;0;0;0;0;0;0;1;1;567966.806;5934094.3477;10.025893634;53.551335126
125547;2;4;8;421;2018;6;16;6;2;0;3;0;1;1;0;0;0;0;0;568873.2045;5937342.7132;10.040288562;53.580410362
125548;2;5;4;512;2018;6;16;6;3;6;4;0;0;1;1;0;0;0;0;575255.8198;5937204.4778;10.136640859;53.578291095
125549;2;3;8;320;2018;6;10;6;3;0;3;0;1;1;0;0;0;0;0;559440.0032;5940516.3894;9.898431413;53.610087479
125550;2;1;12;130;2018;6;14;5;3;1;6;0;0;1;0;0;0;0;0;572524.1235;5933202.5005;10.094461792;53.542710399
125551;2;2;3;208;2018;6;15;4;3;2;6;0;0;1;0;0;0;0;0;563312.4439;5935184.1886;9.9558724;53.561711792
125552;2;1;6;115;2018;6;22;4;3;3;6;2;0;1;0;0;0;0;0;567170.9335;5933769.6208;10.013813024;53.54851917
125553;2;4;8;420;2018;6;12;6;3;5;3;0;1;1;0;0;0;0;0;568554.1214;5936748.5724;10.035339392;53.575112572
125554;2;4;5;408;2018;6;2;5;3;9;7;2;0;1;0;0;0;0;0;567440.5484;5940236.3119;10.019278677;53.606601623
125555;2;2;8;220;2018;6;20;4;3;0;6;0;0;1;0;1;0;0;0;559517.0207;5938592.7188;9.89922808;53.592789919
125556;2;4;6;414;2018;6;7;6;3;3;2;0;1;0;0;0;0;1;0;566951.7035;5936782.0085;10.011150218;53.575620033
125557;2;5;5;513;2018;6;5;2;3;1;5;0;1;1;0;0;0;0;0;574154.4225;5937187.3731;10.120005146;53.578294246
125558;2;3;1;304;2018;6;16;6;3;3;2;0;1;1;0;0;0;0;0;562543.2295;5936713.6253;9.944567035;53.575549599
125559;2;4;10;429;2018;6;18;5;3;1;7;0;0;1;0;0;0;0;0;568869.2421;5939805.8532;10.040772582;53.602547245
125560;2;5;16;524;2018;6;11;4;2;0;7;0;0;0;0;1;0;0;0;574468.5876;5948172.1616;10.127377511;53.676967191
125561;2;3;5;317;2018;6;18;6;3;0;7;0;1;0;0;0;0;0;0;564009.7717;5938026.8694;9.966981589;53.587175172
125562;2;7;12;713;2018;6;6;2;3;2;6;0;0;1;0;1;0;0;0;560176.0664;5929674.9487;9.907467573;53.512566566
125563;2;2;2;207;2018;6;19;3;3;4;2;0;1;0;0;0;0;0;0;564457.1004;5935470.2615;9.973210385;53.564143476
125564;2;3;5;317;2018;6;15;6;3;0;7;0;1;0;0;0;0;0;0;562577.0662;5938722.1639;9.945480782;53.593596942
125565;2;4;10;428;2018;6;12;2;3;1;7;0;0;1;0;0;0;0;0;568998.4155;5939256.0445;10.042602647;53.597589105
125566;2;5;9;517;2018;6;14;7;3;5;7;0;1;1;0;0;0;0;1;572536.3947;5943848.5036;10.097122587;53.638383156
125567;2;3;5;317;2018;6;12;6;3;5;2;0;1;1;0;0;0;0;0;562969.4123;5937486.8665;9.951158532;53.582447974
125568;2;5;12;520;2018;6;11;6;2;4;6;0;0;1;0;0;1;0;0;569061.2223;5947046.6491;10.045280739;53.667594816
125569;2;4;3;406;2018;6;7;6;3;2;6;0;0;1;0;0;0;0;1;565322.6537;5939856.7283;9.987195121;53.603458552
125570;2;5;10;518;2018;6;14;5;3;5;3;0;0;1;0;0;0;1;1;573718.55;5945333.3644;10.115351217;53.651562053
125571;2;3;3;314;2018;6;13;4;3;6;7;0;0;1;1;0;0;0;0;565366.8234;5937493.8896;9.987367309;53.582217753
125572;2;2;1;202;2018;6;8;6;2;0;2;0;0;1;0;1;0;0;0;562197.1064;5933441.1993;9.938689088;53.546180245
125573;2;3;3;314;2018;6;17;6;3;3;6;0;0;1;0;0;0;1;0;565839.5975;5937635.346;9.994537238;53.583429908
125574;2;4;2;403;2018;6;0;5;3;1;6;2;0;1;0;0;0;0;0;565052.153;5938305.8936;9.982784272;53.589554537
125575;2;3;2;312;2018;6;10;6;3;4;6;0;1;0;0;0;0;0;0;565814.624;5934847.986;9.99357264;53.55838245
125576;2;3;1;305;2018;6;9;4;3;4;6;0;1;0;0;0;0;0;0;563688.6535;5936815.8799;9.961884151;53.576330773
125577;2;2;9;221;2018;6;7;4;3;5;3;0;1;1;0;0;0;0;0;556188.6509;5936911.5137;9.848644047;53.578047308
125578;2;3;2;312;2018;6;8;6;3;6;4;0;1;0;1;0;0;0;0;565970.5842;5934993.7234;9.995957473;53.559672646
125579;2;4;13;432;2018;6;14;2;3;2;6;0;0;1;0;0;0;0;0;567377.1476;5945603.3834;10.01948273;53.654843928
125580;2;2;1;205;2018;6;16;6;3;5;3;0;0;1;0;0;0;0;0;563424.3524;5934410.8001;9.957404753;53.554747585
125581;2;4;8;423;2018;6;15;1;3;1;7;0;0;1;0;0;0;0;0;569044.4874;5937199.3429;10.042843504;53.579099364
125582;2;1;3;106;2018;6;13;7;3;0;1;0;0;0;0;1;0;0;1;564809.178;5934289.804;9.978280608;53.553491022
125583;2;6;13;614;2018;6;10;3;2;5;2;0;0;1;0;0;0;1;0;569893.6177;5927663.5047;10.053536605;53.493287431
125584;2;1;5;113;2018;6;16;6;3;0;7;0;1;0;1;0;0;0;0;566800.1529;5934922.0754;10.008464033;53.558923808
125585;2;4;5;413;2018;6;11;6;3;0;7;0;1;1;0;0;0;0;0;566860.7409;5937096.0443;10.009843932;53.578453925
125586;2;6;2;602;2018;6;16;2;3;0;6;0;0;1;1;0;0;0;0;580525.8258;5927288.1241;10.213667259;53.488394216
125587;2;7;1;701;2018;6;16;5;3;5;3;0;1;1;0;0;0;0;0;564711.5733;5923800.9928;9.974642494;53.459236364
125588;2;1;1;101;2018;6;13;2;3;3;6;0;0;1;0;0;0;0;0;566307.0879;5934549.2666;10.000942524;53.555635816
125589;2;3;5;317;2018;6;22;7;3;6;4;2;0;1;1;0;0;0;1;563184.032;5939326.009;9.954772431;53.59895106
125590;2;7;7;708;2018;6;13;5;3;0;7;0;0;1;0;0;0;0;0;564646.7116;5919915.4976;9.97286763;53.424323588
125591;2;4;13;432;2018;6;19;6;3;0;4;0;0;1;1;0;0;0;0;567136.9974;5944858.1705;10.015688666;53.648177558
125592;2;2;10;222;2018;6;17;5;3;2;6;0;0;1;0;0;0;1;1;556386.0083;5933724.7665;9.851049332;53.549384976
125593;2;1;12;130;2018;6;19;3;3;1;6;0;0;1;0;0;0;0;0;575030.9753;5931738.7896;10.131933799;53.52920408
125594;2;1;16;137;2018;6;16;5;2;4;2;0;0;1;0;1;0;0;0;565821.4054;5929354.6237;9.992519761;53.509011273
125595;2;6;1;601;2018;6;20;5;3;2;6;0;0;1;1;0;0;0;0;580010.145;5927930.884;10.206060818;53.494249159
125596;2;3;2;312;2018;6;16;5;3;4;7;0;0;1;0;1;0;0;0;565864.27;5935474.15;9.994453983;53.564003699
125597;2;1;6;116;2018;6;7;5;3;2;6;0;0;1;0;0;0;0;0;567564.0961;5933962.0129;10.01978758;53.550197789
125598;2;1;6;115;2018;6;7;4;3;5;3;0;1;0;0;0;0;0;0;566724.292;5933463.885;10.007007768;53.545828405
125599;2;5;18;526;2018;6;16;5;3;0;7;0;0;0;0;1;0;0;0;578082.7101;5942993.803;10.180777938;53.629904279
125600;2;2;8;220;2018;6;7;2;3;1;5;0;1;0;0;0;0;1;1;557847.6487;5939931.0238;9.87425754;53.605004771
125601;2;5;3;511;2018;6;22;5;3;2;6;1;0;1;0;0;0;0;0;571856.1946;5936424.4222;10.085124792;53.571757531
125602;2;1;8;123;2018;6;4;7;3;1;1;2;0;1;0;0;0;0;0;569960.6827;5934763.8145;10.056133575;53.557089766
125603;2;1;11;129;2018;6;8;6;3;5;3;0;0;1;0;0;0;0;1;571579.0521;5935142.8868;10.080646744;53.560278294
125604;2;1;14;132;2018;6;16;3;3;2;6;0;0;1;0;0;1;0;0;569722.8883;5932824.6181;10.052112114;53.53969369
125605;2;5;2;505;2018;6;16;5;2;4;2;0;1;1;0;0;0;0;0;570142.3064;5936569.5747;10.059280309;53.573293961
125606;2;3;3;314;2018;6;12;6;3;3;2;0;1;1;0;0;0;0;0;565273.6296;5937560.4861;9.985973773;53.582827877
125607;2;6;6;607;2018;6;18;4;3;5;3;0;1;1;0;0;0;0;0;577940.8488;5922314.0443;10.17348257;53.444082201
125608;2;5;18;526;2018;6;18;3;3;4;6;0;1;0;0;0;0;0;0;576906.0407;5940210.0044;10.162300777;53.60506145
125609;2;5;7;515;2018;6;12;5;3;3;6;0;1;0;0;0;0;0;0;572132.9341;5943069.8478;10.090840867;53.631441265
125610;2;5;8;516;2018;6;8;5;3;5;3;0;1;0;0;0;1;0;0;569738.5401;5940118.0197;10.053977094;53.605237722
125611;2;5;10;518;2018;6;20;3;3;0;7;0;1;0;0;0;0;0;0;573144.1645;5944853.2986;10.106549665;53.64732844
125612;2;3;2;312;2018;6;8;5;3;0;5;0;1;0;0;0;0;1;1;565083.7351;5935944.0945;9.982768876;53.56832459
125613;2;5;7;515;2018;6;16;5;3;4;6;0;1;0;0;0;0;0;0;571499.8472;5941739.2457;10.080963159;53.619570152
125614;2;5;12;520;2018;6;7;5;3;5;3;0;1;0;0;0;0;0;0;569454.1903;5943835.54;10.050509749;53.638684756
125615;2;1;7;119;2018;6;11;3;3;5;3;0;0;1;0;0;0;0;0;568674.6973;5934508.2931;10.036667592;53.554963186
125616;2;5;17;525;2018;6;19;5;3;5;3;1;0;1;0;1;0;0;0;577182.0965;5945172.4286;10.167702521;53.649616248
125617;2;6;14;615;2018;6;11;1;3;6;4;0;0;1;1;0;0;0;0;577657.9867;5926168.2509;10.170176891;53.47876115
125618;2;4;4;407;2018;6;17;5;3;4;2;0;1;1;0;0;0;0;0;566674.9647;5941129.9363;10.007901071;53.614730705
125619;2;3;7;319;2018;6;1;7;3;5;3;2;0;1;0;0;0;0;0;559257.7035;5942183.2388;9.895993511;53.625088763
125620;2;5;17;525;2018;6;17;6;3;5;3;0;1;1;0;0;0;0;0;578459.889;5944625.773;10.186891992;53.644513644
125621;2;5;5;513;2018;6;5;3;3;5;3;0;0;1;0;0;0;0;0;572821.6714;5938386.3584;10.100159603;53.589256119
125622;2;4;13;432;2018;6;14;5;3;2;6;0;0;1;0;1;0;0;0;565528.583;5946817.0919;9.991772842;53.665986482
125623;2;6;2;603;2018;6;11;5;3;5;3;0;1;1;0;0;0;0;0;580368.8822;5926695.2171;10.211150617;53.483089941
125624;2;4;9;425;2018;6;23;4;3;1;6;2;0;1;0;0;0;0;0;570534.1082;5937948.8941;10.065507819;53.585637368
125625;2;3;9;321;2018;6;15;5;3;5;2;0;1;0;0;0;0;1;0;561977.8166;5936423.8784;9.935971558;53.573012649
125626;2;1;3;106;2018;6;17;3;3;5;3;0;1;1;0;0;0;0;0;564856.2261;5934359.7871;9.979005194;53.554114169
125627;2;2;5;216;2018;6;18;3;3;4;2;0;1;1;0;0;0;0;0;559787.988;5935390.5932;9.902708183;53.563980187
125628;2;2;8;220;2018;6;7;5;3;6;2;0;0;1;1;0;0;0;0;557477.755;5939308.057;9.868553133;53.599446572
125629;2;4;12;431;2018;6;7;2;3;5;3;0;1;1;0;0;0;0;0;567183.5737;5943915.388;10.016189466;53.639698756
125630;2;5;2;508;2018;6;10;7;3;2;6;0;0;1;0;0;0;0;1;571656.5105;5937328.7912;10.082317456;53.579912364
125631;2;2;1;202;2018;6;16;5;3;2;6;0;1;1;0;1;0;0;0;561911.283;5933420.707;9.934371969;53.546029848
125632;2;5;2;507;2018;6;9;6;3;3;6;0;0;1;0;1;0;0;0;571149.317;5936761.6144;10.074528899;53.57488421
125633;2;3;8;320;2018;6;7;6;3;4;7;0;0;1;0;0;0;1;0;559848.9546;5938513.8302;9.904227366;53.592043125
125634;2;2;1;202;2018;6;17;5;3;3;6;0;1;0;0;0;0;1;0;562192.9236;5933466.1842;9.938630938;53.54640529
125635;2;3;1;309;2018;6;21;1;3;5;3;1;1;1;0;0;0;0;0;564206.2875;5936330.6792;9.969600932;53.571907038
125636;2;3;3;314;2018;6;22;5;3;5;3;2;0;1;0;0;0;0;0;565291.5204;5936989.2011;9.986124468;53.577691387
125637;2;1;17;138;2018;6;16;6;3;0;7;0;1;0;0;0;0;0;0;567035.2829;5930673.526;10.011102853;53.520711228
125638;2;4;6;414;2018;6;8;6;3;0;7;0;0;1;1;0;0;0;1;567478.8749;5936418.639;10.019032012;53.572286833
125639;2;1;3;107;2018;6;16;6;3;5;3;0;0;1;0;0;0;1;1;565230.3519;5933711.9016;9.984516546;53.548245096
125640;2;5;18;526;2018;6;18;3;3;5;3;0;1;1;0;0;0;0;0;577036.2041;5940268.0065;10.164281861;53.605563575
125641;2;3;2;311;2018;6;11;5;3;4;2;0;0;1;0;1;0;0;0;564738.7773;5935492.7783;9.977467293;53.564311168
125642;2;5;17;525;2018;6;15;5;2;5;3;0;0;1;0;1;0;0;0;578247.9073;5946107.4773;10.184059064;53.657860756
125643;2;4;10;427;2018;6;20;4;3;3;5;0;0;1;0;1;0;0;0;568935.6472;5938090.5193;10.041396748;53.587122736
125644;2;1;1;101;2018;6;17;5;3;2;6;0;0;1;0;0;0;0;0;566721.1089;5933711.7386;10.007012613;53.548056322
125645;2;1;11;129;2018;6;15;2;3;2;2;0;0;1;0;0;0;0;0;570798.538;5935057.766;10.068846109;53.559619177
125646;2;1;1;102;2018;6;9;3;3;6;4;0;1;0;1;0;0;0;0;565922.2691;5933977.749;9.995013922;53.550547919
125647;2;7;12;713;2018;6;16;4;3;0;7;0;1;0;0;0;0;1;0;559416.857;5929006.9551;9.895893459;53.506649282
125648;2;4;6;415;2018;6;13;2;3;5;3;0;1;1;0;0;0;0;0;567953.7494;5935976.7914;10.026105928;53.5682546
125649;2;4;10;426;2018;6;16;7;3;0;1;0;0;0;0;1;0;0;1;569675.6732;5938215.2355;10.052601961;53.58814575
125650;2;7;1;702;2018;6;12;4;3;2;6;0;0;1;0;0;0;0;0;565445.0506;5923507.6623;9.9856268;53.456509472
125651;2;5;11;519;2018;6;11;6;3;5;3;0;0;1;0;0;0;0;0;572326.0436;5945142.924;10.094242741;53.650044982
125652;2;4;5;409;2018;6;18;5;3;2;6;0;0;1;0;0;0;0;1;567018.8281;5939471.207;10.012741494;53.599779651
125653;2;5;18;526;2018;6;16;3;3;0;3;0;0;1;0;1;0;0;0;575334.6913;5940562.2641;10.138642935;53.608455377
125654;2;7;10;711;2018;6;16;4;3;5;2;0;1;1;0;0;0;0;0;562775.5688;5924074.1562;9.94554266;53.46192569
125655;2;1;16;136;2018;6;8;4;3;5;3;0;0;1;0;0;0;0;0;567332.5185;5930429.8289;10.015532948;53.518483073
125656;2;3;4;316;2018;6;12;5;3;3;7;0;0;1;0;0;0;1;0;564127.972;5937862.106;9.968733069;53.585679959
125657;2;1;16;137;2018;6;5;4;3;0;2;0;1;1;0;0;0;0;0;565367.8422;5929517.1816;9.985715506;53.510528813
125658;2;2;3;210;2018;6;18;4;3;2;6;0;1;0;0;0;0;0;0;562676.5041;5934696.6072;9.946174827;53.557406057
125659;2;1;13;131;2018;6;12;4;3;1;6;0;0;1;0;0;0;0;0;572452.1212;5929999.7963;10.092634299;53.513937659
125660;2;5;3;510;2018;6;8;5;3;2;6;0;0;1;0;0;0;1;1;570895.3937;5936427.4242;10.070618895;53.571915225
125661;2;4;9;425;2018;6;13;3;3;5;3;0;1;1;0;0;0;0;0;570326.6244;5937968.3412;10.062378487;53.585840007
125662;2;5;4;512;2018;6;16;4;3;3;2;0;1;1;0;0;0;0;0;573697.2278;5936920.5322;10.113038263;53.575960622
125663;2;3;9;321;2018;6;8;5;3;3;2;0;1;1;0;0;0;0;0;561803.6183;5938591.231;9.933770479;53.592511962
125664;2;5;4;512;2018;6;9;4;3;1;6;0;0;1;0;0;0;0;0;574418.0824;5936205.1465;10.123752443;53.569429802
125665;2;3;1;304;2018;6;19;4;3;3;7;0;0;1;0;0;0;0;0;562263.0905;5936524.9502;9.940299202;53.573887237