OBJECTID_1;ULAND;UREGBEZ;UKREIS;UGEMEINDE;UJAHR;UMONAT;USTUNDE;UWOCHENTAG;UKATEGORIE;UART;UTYP1;ULICHTVERH;IstRad;IstPKW;IstFuss;IstKrad;IstGkfz;IstSonstig;STRZUSTAND;LINREFX;LINREFY;XGCSWGS84;YGCSWGS84
125666;2;5;7;515;2018;6;8;4;3;2;7;0;0;1;0;0;0;1;0;571983.0468;5943050.9361;10.08857025;53.631291939
125667;2;5;3;511;2018;6;16;2;2;0;7;0;1;0;0;0;0;0;0;572219.538;5936542.9716;10.090638092;53.572773037
125668;2;5;3;510;2018;6;16;2;3;1;6;0;0;1;0;0;0;1;0;571350.3178;5935724.4195;10.077326956;53.565535665
125669;2;5;10;518;2018;6;7;4;3;4;7;0;1;1;0;0;0;0;0;574302.2852;5943834.9762;10.123823101;53.638013869
125670;2;5;18;526;2018;6;10;1;3;2;7;0;0;1;0;0;0;0;0;576508.4816;5941236.5528;10.156545789;53.614344902
125671;2;3;2;312;2018;6;16;7;2;6;4;0;0;1;1;0;0;0;1;565814.4344;5934890.9916;9.993578835;53.558768975
125672;2;5;3;511;2018;6;7;3;3;5;3;0;1;1;0;0;0;0;0;572845.7036;5936206.1271;10.10001378;53.569659275
125673;2;4;13;432;2018;6;14;4;3;0;4;0;0;0;1;0;0;1;0;568160.6678;5945078.5161;10.031220945;53.650025439
125674;2;4;5;409;2018;6;15;6;3;2;6;0;0;1;0;0;0;0;0;568243.4136;5939398.7294;10.031227441;53.598970268
125675;2;2;5;216;2018;6;9;5;3;6;4;0;1;0;1;0;0;0;1;559864.7641;5936031.7927;9.903990112;53.569734184
125676;2;4;6;415;2018;6;10;3;3;6;3;0;0;1;1;0;0;0;0;568089.81;5936092.2342;10.028185256;53.569274459
125677;2;4;13;432;2018;6;7;4;2;5;3;0;1;1;0;0;0;0;0;567739.2149;5947256.3822;10.025320727;53.669652642
125678;2;1;13;131;2018;6;7;4;2;3;2;0;0;1;0;1;0;0;0;571650.9749;5932678.1525;10.081167614;53.538117926
125679;2;4;8;422;2018;6;20;4;3;4;2;0;0;1;0;0;0;0;0;568572.3294;5936731.9707;10.035610683;53.574960992
125680;2;1;5;114;2018;6;17;5;3;0;7;0;1;1;0;0;0;0;0;567244.0674;5934559.1973;10.015086468;53.555605877
125681;2;4;6;415;2018;6;8;4;3;5;2;0;1;0;0;0;0;0;0;567532.964;5935698.9323;10.019693079;53.565811766
125682;2;1;16;137;2018;6;14;4;3;3;6;0;0;1;0;0;0;1;0;562833.8077;5928435.795;9.947292612;53.50111885
125683;2;3;8;320;2018;6;17;4;3;2;6;0;0;1;0;0;0;0;0;560548.3528;5940574.4141;9.915192987;53.610482047
125684;2;2;7;219;2018;6;13;2;3;4;6;0;1;1;0;0;0;0;0;557564.6538;5934589.4766;9.868995946;53.55702871
125685;2;2;9;221;2018;6;13;4;3;5;3;0;0;1;0;0;0;1;0;557385.737;5937295.021;9.86679247;53.581364484
125686;2;5;2;509;2018;6;23;7;3;6;4;2;0;1;1;0;0;0;0;571391.3011;5937889.9254;10.078440815;53.584991417
125687;2;1;8;123;2018;6;9;6;3;4;6;0;1;1;0;0;0;0;1;570368.1423;5934616.2504;10.062250247;53.555709138
125688;2;4;8;422;2018;6;21;3;3;6;3;1;1;0;1;0;0;0;0;568708.182;5936578.33;10.037628212;53.573562434
125689;2;4;10;428;2018;6;14;2;3;1;5;0;1;1;0;0;0;0;0;568730.3894;5938639.4494;10.038417466;53.592082948
125690;2;2;8;220;2018;6;19;4;3;5;2;0;1;1;0;0;0;0;0;558791.1967;5939500.2703;9.888434361;53.601028389
125691;2;3;2;311;2018;6;12;1;3;1;6;0;0;1;0;1;0;0;0;564950.6484;5935830.8535;9.980736034;53.567323355
125692;2;1;5;114;2018;6;15;7;3;6;4;0;0;1;1;0;0;0;1;566803.0686;5934335.6574;10.008382712;53.553653185
125693;2;2;3;208;2018;6;16;3;3;1;5;0;0;1;0;1;0;0;0;562860.436;5935300.5073;9.949072554;53.562811522
125694;2;2;8;220;2018;6;15;4;3;3;2;0;0;1;0;1;0;0;0;557892.191;5938252.4533;9.874618959;53.58991374
125695;2;2;14;227;2018;6;11;6;3;6;2;0;0;1;1;0;0;0;0;549942.9452;5937232.996;9.754373156;53.581568614
125696;2;1;5;113;2018;6;17;5;3;5;3;0;1;1;0;0;0;0;1;567886.3589;5934417.252;10.024749692;53.554247524
125697;2;2;1;205;2018;6;9;3;3;6;4;0;0;1;1;0;0;0;0;563231.9639;5934042.3755;9.954426532;53.551459635
125698;2;3;6;318;2018;6;8;4;3;8;1;0;0;1;0;0;0;0;0;561696.7275;5941150.0821;9.932662271;53.615521774
125699;2;3;1;310;2018;6;15;4;3;5;2;0;1;1;0;0;0;0;0;563963.8161;5935592.2872;9.965788646;53.565300514
125700;2;5;2;505;2018;6;10;3;2;5;2;0;0;1;0;1;0;0;0;570531.762;5937199.9594;10.065303121;53.578907013
125701;2;1;1;101;2018;6;13;4;3;4;7;0;1;1;0;0;0;0;0;566019.6221;5933990.3845;9.996485767;53.550649245
125702;2;5;7;515;2018;6;15;1;3;1;5;0;0;1;0;0;0;0;0;573446.8238;5942186.9176;10.110497934;53.62332387
125703;2;6;2;602;2018;6;19;4;3;2;6;0;0;1;0;0;0;0;0;578290.0651;5928190.0286;10.180203371;53.496836803
125704;2;1;16;137;2018;6;16;4;3;2;6;0;0;0;0;0;0;1;0;564076.5324;5929072.7185;9.966155394;53.506693204
125705;2;1;3;108;2018;6;21;7;3;5;3;1;0;1;0;0;0;0;0;565539.9525;5934834.1669;9.989423836;53.558292623
125706;2;5;17;525;2018;6;12;6;3;6;4;0;0;1;1;0;0;0;0;576908.8124;5945277.1714;10.163594811;53.650597774
125707;2;3;3;313;2018;6;21;3;3;0;7;2;0;1;0;0;0;1;0;564736.872;5936934.939;9.97773748;53.577272469
125708;2;1;19;140;2018;6;7;3;3;3;6;0;0;1;0;0;1;0;0;559248.4461;5930108.2353;9.893562676;53.516566106
125709;2;5;5;513;2018;6;15;5;2;3;2;0;1;1;0;0;0;0;0;574629.5009;5938162.7519;10.12741231;53.586992406
125710;2;5;10;518;2018;6;8;4;3;5;3;0;1;1;0;0;0;0;0;574422.2736;5944610.518;10.125823144;53.644966399
125711;2;3;3;314;2018;6;10;3;3;5;2;0;1;1;0;0;0;0;0;566041.8988;5937097.1668;9.997478704;53.578567754
125712;2;7;9;710;2018;6;8;3;3;3;2;0;1;1;0;0;0;0;0;564640.253;5923063.6333;9.973416912;53.452618147
125713;2;7;1;702;2018;6;16;3;3;5;2;0;1;1;0;0;0;0;0;565131.8767;5924658.2744;9.981149449;53.466889306
125714;2;6;2;603;2018;6;17;3;3;6;4;0;0;1;1;0;0;0;0;581542.6992;5926843.7321;10.228874057;53.484244046
125715;2;1;3;108;2018;6;20;6;3;4;6;0;1;0;0;0;0;0;0;565314.7149;5934812.2663;9.986019514;53.558123872
125716;2;5;6;514;2018;6;7;4;2;5;7;0;0;1;0;1;0;0;0;574294.2487;5940784.8888;10.122973638;53.610604622
125717;2;3;2;312;2018;6;15;3;3;2;6;0;0;0;0;1;0;1;0;565801.9689;5934894.5318;9.993391424;53.558802355
125718;2;1;7;119;2018;6;15;3;3;5;3;0;1;1;0;0;0;0;0;568211.7574;5934242.3885;10.029622584;53.552633823
125719;2;4;5;411;2018;6;17;3;3;0;3;0;1;0;1;0;0;0;0;568400.3463;5938024.9725;10.033297147;53.586603765
125720;2;5;18;526;2018;6;19;3;3;3;2;0;0;1;0;1;0;0;0;576543.2614;5938306.6326;10.156352001;53.588009549
125721;2;6;1;601;2018;6;14;7;3;5;3;0;0;1;0;0;1;0;0;580312.2866;5929433.8245;10.210999024;53.507709542
125722;2;5;6;514;2018;6;15;3;2;3;2;0;1;1;0;0;0;0;0;573667.906;5941404.6935;10.113654887;53.616263131
125723;2;1;11;129;2018;6;23;6;3;2;6;2;0;1;0;0;0;0;0;570941.282;5934950.632;10.070976384;53.558637089
125724;2;4;8;418;2018;6;8;6;3;6;4;0;0;1;1;0;0;0;1;567909.5502;5936879.1953;10.025634883;53.576370335
125725;2;7;9;710;2018;6;7;5;3;5;3;0;1;1;0;0;0;0;1;563364.0072;5922713.8972;9.954130441;53.449629916
125726;2;6;2;602;2018;6;18;2;3;0;7;0;0;1;0;1;0;0;0;580302.674;5927083.0513;10.210252322;53.486585392
125727;2;5;7;515;2018;6;15;3;3;1;5;0;1;1;0;0;0;0;0;571764.6317;5941125.2549;10.084824006;53.614016073
125728;2;4;4;407;2018;6;16;5;3;1;5;0;1;1;0;0;0;0;0;566529.6495;5940521.1058;10.005574744;53.609277551
125729;2;3;8;320;2018;6;23;4;3;4;2;2;0;1;0;0;0;0;0;560005.3237;5941211.9318;9.907109005;53.616274135
125730;2;5;17;525;2018;6;16;3;2;6;4;0;1;0;1;0;0;0;0;576010.9947;5945124.8294;10.149977015;53.649359953
125731;2;5;6;514;2018;6;12;2;3;3;7;0;0;1;0;0;0;0;0;573943.2356;5940385.8311;10.11757441;53.607068032
125732;2;7;1;702;2018;6;14;2;3;0;7;0;0;0;1;0;1;0;0;565364.2265;5923966.9658;9.984505244;53.460647453
125733;2;5;1;504;2018;6;22;3;3;5;3;2;0;1;0;0;0;0;0;570029.804;5935755.0685;10.057398997;53.565988996
125734;2;3;9;321;2018;6;12;2;3;5;3;0;1;1;0;0;0;0;0;560960.6702;5939123.5635;9.921140539;53.597394928
125735;2;2;5;215;2018;6;18;7;3;0;1;0;0;1;0;1;0;0;1;561375.1012;5935021.5454;9.926595301;53.560480189
125736;2;2;3;210;2018;6;8;3;3;0;7;0;1;1;0;0;0;0;0;561931.695;5934067.7707;9.934808136;53.551842862
125737;2;5;1;503;2018;6;16;3;3;2;6;0;0;1;0;0;0;0;0;569262.3377;5935497.5105;10.045755847;53.563776163
125738;2;4;5;413;2018;6;17;2;3;5;3;0;1;1;0;0;0;0;0;566576.7634;5937310.685;10.005601333;53.580419059
125739;2;5;12;520;2018;6;11;7;3;4;2;0;0;1;0;0;0;0;1;570137.5683;5945656.0231;10.061254777;53.654954134
125740;2;4;7;416;2018;6;16;3;3;2;6;0;0;1;0;0;0;0;0;567272.289;5935403.1103;10.015694079;53.563186649
125741;2;5;7;515;2018;6;17;6;3;4;3;0;1;0;0;0;0;0;0;570533.1974;5939369.3902;10.065815294;53.598403456
125742;2;3;6;318;2018;6;8;6;3;0;7;0;1;0;0;1;0;0;1;562180.7668;5941533.1272;9.94005484;53.618907073
125743;2;5;7;515;2018;6;18;5;3;5;3;0;0;1;0;0;0;0;1;570304.3206;5939103.8142;10.062297548;53.59604748
125744;2;6;2;602;2018;6;15;2;3;2;6;0;0;1;0;1;0;0;0;579967.9794;5926906.6188;10.205164375;53.485050809
125745;2;4;8;421;2018;6;8;3;3;2;6;0;0;1;0;0;1;0;0;568436.098;5937764.056;10.033779911;53.584254223
125746;2;2;11;224;2018;6;14;5;2;5;3;0;1;1;0;0;0;0;0;554194.425;5935905.6877;9.81835316;53.569217146
125747;2;5;1;504;2018;6;18;3;3;5;3;0;1;1;0;0;0;0;0;569985.9439;5936844.6106;10.056981034;53.575786599
125748;2;3;1;308;2018;6;0;4;3;0;4;2;0;0;1;1;0;0;0;563736.5882;5936461.2592;9.962535601;53.573137872
125749;2;3;8;320;2018;6;7;4;3;5;3;0;1;1;0;0;0;0;0;560341.4993;5942009.4281;9.91234486;53.623402893
125750;2;3;7;319;2018;6;15;3;3;2;6;0;0;1;0;0;0;1;0;561083.7364;5942921.7236;9.923744713;53.63151592
125751;2;5;2;509;2018;6;19;2;3;3;6;0;0;1;0;0;0;0;0;572280.1411;5938189.0683;10.091934316;53.587558026
125752;2;5;7;515;2018;6;16;2;3;5;3;0;1;1;0;0;0;0;0;572897.448;5942470.3222;10.10225957;53.625947541
125753;2;3;6;318;2018;6;16;3;3;5;3;0;1;1;0;0;0;0;0;562603.7249;5942293.2399;9.946601052;53.625688016
125754;2;5;16;524;2018;6;17;1;3;0;7;0;1;0;0;0;0;1;0;573230.2535;5947371.2841;10.108445344;53.669944902
125755;2;1;3;106;2018;6;8;7;3;2;6;0;0;1;0;0;0;0;1;564262.5875;5933902.8075;9.969951703;53.550080159
125756;2;1;11;129;2018;6;12;2;3;7;7;0;0;1;0;0;0;1;0;571575.3505;5935154.5704;10.080593547;53.560383799
125757;2;3;1;308;2018;6;8;3;3;0;1;0;0;0;0;1;0;0;0;563570.5916;5936431.0112;9.960022987;53.572886165
125758;2;4;5;409;2018;6;7;6;3;0;6;0;0;0;0;1;0;1;0;568088.0956;5939520.053;10.028907341;53.600080812
125759;2;3;2;312;2018;6;10;5;3;2;6;0;0;1;0;0;0;0;1;565634.4878;5935062.0116;9.990898606;53.560328505
125760;2;1;13;131;2018;6;14;2;2;5;3;0;0;1;0;0;0;0;0;572720.8967;5932251.6694;10.097209722;53.534138105
125761;2;2;2;207;2018;6;15;3;3;3;6;0;1;1;0;0;0;0;0;563281.8443;5935158.9169;9.955405369;53.561488358
125762;2;1;3;108;2018;6;19;3;3;1;7;0;1;1;0;0;0;0;0;565084.3952;5934531.0971;9.982484521;53.55562554
125763;2;4;4;407;2018;6;19;6;3;3;2;0;1;1;0;0;0;0;0;566505.5298;5941471.2303;10.005413099;53.617819491
125764;2;3;9;321;2018;6;15;5;3;5;3;0;1;1;0;0;0;0;1;562324.1098;5937683.2545;9.941451857;53.584290063
125765;2;1;16;137;2018;6;14;3;3;5;3;0;0;1;0;0;1;0;0;564090.1933;5928528.888;9.966250181;53.501803925
125766;2;1;16;137;2018;6;14;2;3;5;3;0;1;1;0;0;0;0;0;566371.56;5928320.585;10.000595262;53.49964891
125767;2;2;4;214;2018;6;10;5;3;6;3;0;1;0;1;0;0;0;0;561730.5228;5933844.4674;9.931727961;53.549859637
125768;2;1;11;129;2018;6;20;2;3;5;3;0;0;1;0;0;0;0;0;572753.3406;5934370.6247;10.098191966;53.553176567
125769;2;1;3;108;2018;6;21;4;3;0;7;0;1;0;0;0;0;0;0;565099.9033;5934532.076;9.98271879;53.555632414
125770;2;1;13;131;2018;6;7;2;3;2;2;0;0;1;0;0;0;0;0;572853.3662;5932447.2532;10.099253541;53.535877456
125771;2;4;7;416;2018;6;21;2;3;0;5;1;0;1;0;1;0;0;1;567883.4175;5935360.61;10.024910204;53.562725999
125772;2;5;4;512;2018;6;14;2;3;1;6;0;0;1;0;0;0;0;0;575127.785;5936816.454;10.134614101;53.57482236
125773;2;7;1;702;2018;6;20;7;3;2;2;0;0;1;0;0;0;0;0;565189.6098;5924260.8014;9.981936558;53.463309912
125774;2;6;5;606;2018;6;15;6;3;1;5;0;0;1;0;0;0;0;0;578460.0255;5922992.1843;10.181466622;53.450099509
125775;2;5;2;509;2018;6;23;2;2;5;3;2;0;1;0;0;0;0;0;572301.6912;5939078.2346;10.09246592;53.595545902
125776;2;4;2;405;2018;6;19;6;3;5;3;0;1;1;0;0;0;0;0;564710.7439;5939634.2929;9.977902882;53.601535399
125777;2;1;16;136;2018;6;6;4;2;4;2;0;0;1;0;0;0;0;0;567333.9157;5930432.0727;10.0155545;53.51850306
125778;2;4;9;425;2018;6;22;2;3;4;2;1;0;1;0;1;0;0;0;570745.1151;5937418.5883;10.068574519;53.580843094
125779;2;5;2;507;2018;6;14;2;2;5;3;0;1;1;0;0;0;0;0;571455.4561;5936827.6679;10.079166567;53.575436219
125780;2;4;11;430;2018;6;14;3;3;5;3;0;0;1;0;0;0;0;0;568730.1386;5940367.5438;10.03879466;53.607613439
125781;2;4;11;430;2018;6;20;2;3;2;6;0;0;1;0;0;0;0;0;568509.7821;5941116.9729;10.03562957;53.614377444
125782;2;2;1;204;2018;6;11;1;3;5;3;0;1;1;0;0;0;0;1;562536.4907;5934371.4327;9.94399642;53.554500294
125783;2;5;7;515;2018;6;17;2;3;2;6;0;0;1;0;0;0;0;0;570988.6574;5940577.5605;10.072971527;53.609199717
125784;2;6;1;601;2018;6;18;3;3;0;7;0;1;0;0;0;0;1;0;579976.1998;5928921.9341;10.205801957;53.503160573
125785;2;2;10;222;2018;6;19;2;3;5;3;0;0;1;0;0;0;0;0;556410.9655;5933727.3591;9.851426439;53.549405596
125786;2;6;5;606;2018;6;12;1;2;1;5;0;1;1;0;0;0;0;0;583136.0227;5919162.7294;10.250849816;53.414968675
125787;2;2;5;216;2018;6;16;2;3;1;5;0;1;1;0;0;0;0;0;559988.2537;5936084.3134;9.905864703;53.570192106
125788;2;4;5;413;2018;6;12;7;3;0;2;0;0;1;0;0;0;1;0;566875.146;5937609.935;10.010171575;53.583070502
125789;2;4;9;424;2018;6;19;6;3;1;5;0;1;1;0;0;0;0;0;569930.6839;5937509.5028;10.056295567;53.581769371
125790;2;2;8;220;2018;6;8;2;3;0;7;0;0;0;0;0;0;1;0;558849.9329;5939513.3288;9.889324312;53.601139159
125791;2;1;16;137;2018;6;15;5;2;5;3;0;1;1;0;0;0;0;0;565176.6369;5928990.6528;9.982723214;53.505820457
125792;2;5;4;512;2018;6;14;4;3;2;6;0;0;1;0;0;0;0;0;574410.1977;5936378.3647;10.123674676;53.570987603
125793;2;3;7;319;2018;6;20;2;3;3;6;1;0;1;0;1;0;0;0;560498.8325;5943280.6476;9.914970486;53.634809608
125794;2;3;3;314;2018;6;13;3;3;1;7;0;1;1;0;0;0;0;0;565904.9933;5937384.5137;9.995471937;53.581167416
125795;2;2;12;225;2018;6;8;3;3;1;5;0;1;1;0;0;0;0;0;554820.1766;5937157.3205;9.828020898;53.580401338
125796;2;2;4;213;2018;6;13;2;3;2;3;0;1;0;0;0;0;0;0;561694.839;5934202.0224;9.931260001;53.553077323
125797;2;5;18;526;2018;6;14;7;3;0;6;0;1;0;0;0;0;1;1;575762.2954;5940142.7041;10.145002522;53.604623254
125798;2;1;1;102;2018;6;9;2;3;3;6;0;0;1;0;1;0;0;0;565315.7176;5933593.3766;9.985779999;53.547169269
125799;2;5;2;508;2018;6;14;6;3;5;3;0;0;1;0;0;0;0;0;571971.1623;5937082.0551;10.087012207;53.57765188
125800;2;2;10;222;2018;6;21;6;3;5;3;0;1;1;0;0;0;0;0;555741.7533;5934869.2151;9.84153065;53.559739635
125801;2;1;8;121;2018;6;9;5;3;3;2;0;0;1;0;1;0;0;1;569268.7138;5934895.1024;10.04571856;53.558361431
125802;2;5;18;526;2018;6;10;4;3;5;3;0;1;1;0;0;0;0;0;576829.4158;5939273.7701;10.160912246;53.596659059
125803;2;6;1;601;2018;6;12;1;3;8;1;0;0;1;0;1;0;1;0;580115.4015;5929688.0617;10.208095971;53.510024317
125804;2;4;8;422;2018;6;23;5;3;5;2;2;0;1;0;0;0;0;0;568571.9983;5936740.4775;10.035607552;53.575037486
125805;2;1;12;130;2018;6;18;1;3;2;6;0;0;1;0;0;0;0;0;573143.828;5932838.3012;10.10372671;53.539351421
125806;2;5;3;511;2018;6;15;1;3;4;2;0;0;1;0;0;0;0;0;573080.3322;5936826.0744;10.103701178;53.575198048
125807;2;7;10;711;2018;6;9;6;3;5;3;0;1;1;0;0;0;0;0;562176.4537;5923292.4906;9.936365375;53.454971507
125808;2;4;8;423;2018;6;13;6;3;5;2;0;0;1;0;0;0;0;0;569433.3246;5936879.9485;10.048644357;53.576177621
125809;2;5;18;526;2018;6;13;1;3;6;4;0;1;0;1;0;0;0;0;578759.634;5940246.752;10.190317329;53.605116366
125810;2;5;9;517;2018;6;7;5;3;4;6;0;1;0;0;0;0;0;0;572902.6873;5943516.5317;10.102583882;53.635348897
125811;2;4;13;432;2018;6;16;4;3;2;6;0;0;1;0;0;0;0;0;566129.1769;5948025.2031;10.001118662;53.676768207
125812;2;5;5;513;2018;6;19;1;3;5;3;0;1;1;0;0;0;0;0;572949.2133;5937506.0029;10.101880242;53.58132674
125813;2;7;14;715;2018;6;18;2;3;8;1;0;1;0;0;0;0;0;1;557288.1895;5925550.9772;9.863170311;53.475824321
125814;2;1;1;101;2018;6;16;3;3;3;2;0;1;1;0;0;0;0;0;566279.0915;5934542.258;10.000518488;53.555576364
125815;2;5;2;507;2018;6;6;1;3;5;3;0;0;1;0;0;0;0;1;571676.6549;5936966.627;10.082538504;53.57665486
125816;2;4;10;428;2018;6;11;2;3;0;2;0;0;1;0;0;0;1;0;569116.8651;5938800.1687;10.044291113;53.593476528
125817;2;4;13;432;2018;6;21;7;3;2;6;1;0;1;0;0;0;0;1;566350.286;5945954.67;10.004022964;53.658132227
125818;2;5;7;515;2018;6;10;1;2;1;5;0;0;1;0;0;0;1;0;571471.473;5940596.7407;10.080272114;53.609306447
125819;2;5;11;519;2018;6;11;6;3;4;6;0;1;0;0;0;0;0;0;571712.312;5946024.181;10.085162624;53.658049174
125820;2;4;13;432;2018;6;13;5;3;1;6;0;0;1;0;0;0;0;1;565849.19;5944867.6661;9.996211226;53.648426568
125821;2;4;13;432;2018;6;12;1;3;0;1;0;1;0;0;0;0;0;0;567432.1698;5946047.0851;10.020411427;53.658824389
125822;2;4;8;422;2018;6;12;1;3;5;3;0;1;1;0;0;0;0;0;568597.0506;5936711.2425;10.035979412;53.574771473
125823;2;3;5;317;2018;6;9;5;3;5;3;0;1;1;0;0;0;0;0;562951.693;5938137.844;9.951022258;53.588300633
125824;2;3;8;320;2018;6;13;1;3;2;6;0;1;1;0;0;0;0;0;560323.99;5940624.8455;9.911811964;53.610961175
125825;2;2;1;205;2018;6;12;4;3;2;6;0;0;1;0;0;0;0;0;563209.7306;5934261.1483;9.954135224;53.553428499
125826;2;2;1;205;2018;6;18;4;3;6;4;0;1;0;1;0;0;0;0;563320.8283;5934040.3325;9.955767237;53.551430564
125827;2;2;5;216;2018;6;15;1;2;0;7;0;1;0;0;0;0;1;0;559507.7047;5936208.5642;9.898632737;53.571363529
125828;2;4;4;407;2018;6;7;2;3;1;7;0;1;1;0;0;0;0;0;566596.2342;5940095.8006;10.006490085;53.605446822
125829;2;2;8;220;2018;6;5;1;3;3;6;1;0;1;0;0;0;0;1;557964.1703;5938128.5814;9.875683245;53.58879249
125830;2;5;4;512;2018;7;8;2;3;1;6;0;0;1;0;0;0;0;0;574460.6112;5938035.8129;10.124831175;53.58587564
125831;2;4;13;432;2018;7;11;6;3;1;5;0;0;1;0;0;0;0;0;567172.888;5944929.229;10.016246902;53.648811556
125832;2;4;8;420;2018;7;18;4;3;5;3;0;0;1;0;0;0;0;0;568293.5062;5936861.6336;10.031428881;53.576162658
125833;2;4;5;408;2018;7;15;2;3;9;7;0;0;1;0;0;0;0;0;566335.0491;5939587.3432;10.002435165;53.600910374
125834;2;5;4;512;2018;7;9;2;3;3;2;0;1;1;0;0;0;0;0;575304.4232;5937364.9653;10.137413508;53.579726385
125835;2;1;1;101;2018;7;10;4;3;6;4;0;0;0;1;0;0;1;0;566571.6073;5934110.712;10.004841529;53.551660956
125836;2;5;18;526;2018;7;10;2;3;5;3;0;0;1;0;0;0;0;0;575122.1073;5941516.4579;10.135660644;53.617060987
125837;2;1;1;101;2018;7;19;7;3;6;4;0;1;0;1;0;0;0;0;566570.704;5934110.5165;10.004827855;53.551659314
125838;2;6;9;610;2018;7;20;2;3;5;3;0;0;1;0;0;0;1;0;574029.67;5927139.388;10.115744842;53.488011508
125839;2;5;18;526;2018;7;17;2;3;0;6;0;0;0;0;0;0;1;0;577167.5738;5940291.5079;10.166272676;53.605755444
125840;2;5;8;516;2018;7;14;2;3;6;2;0;0;1;1;0;0;0;0;569476.3334;5940692.2981;10.050143071;53.610433592
125841;2;4;3;406;2018;7;18;5;3;5;3;0;1;1;0;0;0;0;0;565100.7491;5940009.1376;9.983873945;53.604855898
125842;2;1;8;126;2018;7;14;6;3;5;3;0;0;1;0;0;0;1;0;569738.9041;5933978.5481;10.052611028;53.550062032
125843;2;4;10;429;2018;7;13;2;3;6;4;0;0;0;1;0;1;0;0;568880.5864;5939704.6011;10.040921615;53.601635798
125844;2;2;1;203;2018;7;15;4;3;5;3;0;1;1;0;0;0;0;1;562750.6941;5934001.4515;9.947155101;53.551149578
125845;2;5;7;515;2018;7;13;2;3;0;1;0;0;0;0;1;0;0;0;572218.022;5940168.08;10.091454418;53.605351754
125846;2;7;1;702;2018;7;11;5;3;6;2;0;0;1;1;0;0;0;0;565404.3647;5923547.0947;9.985022357;53.456868919
125847;2;7;9;710;2018;7;20;1;2;5;3;0;0;1;0;0;0;0;0;563627.853;5923481.2045;9.958258035;53.456494287
125848;2;5;18;526;2018;7;11;3;3;5;2;0;1;1;0;0;0;0;0;577353.6078;5939123.22;10.16879377;53.595229023
125849;2;5;13;521;2018;7;8;2;3;2;6;0;0;1;0;0;0;1;0;572218.6394;5948021.9611;10.093287591;53.675933117
125850;2;4;6;414;2018;7;11;6;3;3;2;0;0;1;0;1;0;0;0;567183.427;5936810.4359;10.01465538;53.575845888
125851;2;5;7;515;2018;7;17;2;3;5;3;0;0;1;0;0;0;1;0;571250.88;5941459.91;10.077135993;53.617093719
125852;2;4;5;409;2018;7;18;2;3;1;2;0;0;0;0;1;0;0;0;568264.6422;5939323.1844;10.031531628;53.598288576
125853;2;7;10;711;2018;7;21;5;3;2;2;0;0;1;0;0;0;1;0;562185.064;5925737.533;9.936978836;53.47694536
125854;2;4;5;409;2018;7;8;2;3;5;3;0;1;1;0;0;0;0;0;567094.2113;5939046.2347;10.013788986;53.595950731
125855;2;5;4;512;2018;7;19;6;3;3;5;0;0;1;0;0;0;0;0;574432.4452;5936610.0273;10.124065784;53.57306636
125856;2;5;18;526;2018;7;15;2;3;5;2;0;1;1;0;0;0;0;0;576396.6851;5941088.671;10.154819918;53.613032253
125857;2;4;6;415;2018;7;17;2;3;4;2;0;1;1;0;0;0;0;0;567583.8888;5935739.4134;10.020470626;53.566169019
125858;2;1;12;130;2018;7;9;3;3;4;2;0;0;1;0;0;0;1;0;574427.8266;5933025.805;10.123142559;53.540856126
125859;2;4;5;409;2018;7;20;5;3;0;5;0;1;1;0;0;0;0;0;566642.3938;5938577.369;10.006863024;53.591794606
125860;2;2;12;225;2018;7;22;2;2;0;1;1;1;0;0;0;0;0;0;554092.2745;5937459.5544;9.817080061;53.583193284
125861;2;3;2;311;2018;7;12;5;3;4;6;0;0;0;0;0;1;0;0;564613.1389;5936133.8442;9.975703233;53.570088081
125862;2;3;9;321;2018;6;9;3;3;2;6;0;0;1;0;0;0;0;0;560147.1511;5938461.4579;9.908721944;53.591538307
125863;2;5;17;525;2018;7;8;6;3;5;3;0;1;1;0;0;0;0;0;576693.9013;5944818.7833;10.160230942;53.646509973
125864;2;2;6;218;2018;7;8;3;3;1;5;0;1;1;0;0;0;0;0;558426.1389;5935878.9644;9.882240373;53.568522814
125865;2;2;9;221;2018;7;11;2;3;5;3;0;1;1;0;0;0;0;0;557157.6324;5936939.6856;9.863282386;53.578195806
125866;2;4;5;410;2018;7;16;5;3;0;7;0;1;0;0;0;0;0;0;567489.522;5938397.481;10.01962068;53.590069564
125867;2;4;6;415;2018;7;17;1;2;2;6;0;0;1;0;1;0;0;0;567815.596;5935986.3068;10.024022236;53.56835799
125868;2;5;1;501;2018;7;17;3;3;5;3;0;1;1;0;0;0;0;0;569144.2922;5936323.3325;10.04415667;53.571213454
125869;2;3;6;318;2018;7;18;2;3;1;5;0;1;1;0;0;0;0;0;563676.2027;5940305.7126;9.962408612;53.607696334