OBJECTID_1;ULAND;UREGBEZ;UKREIS;UGEMEINDE;UJAHR;UMONAT;USTUNDE;UWOCHENTAG;UKATEGORIE;UART;UTYP1;ULICHTVERH;IstRad;IstPKW;IstFuss;IstKrad;IstGkfz;IstSonstig;STRZUSTAND;LINREFX;LINREFY;XGCSWGS84;YGCSWGS84
125870;2;2;1;204;2018;7;14;6;3;5;3;0;0;1;0;0;0;0;0;562450.1676;5934207.3108;9.942660769;53.553035545
125871;2;3;2;312;2018;7;8;2;3;3;2;0;0;1;0;1;0;0;0;565946.8266;5935752.5448;9.995759028;53.566495325
125872;2;3;5;317;2018;7;17;2;3;5;2;0;1;1;0;0;0;0;0;564053.0169;5937897.2222;9.967608166;53.586004718
125873;2;1;12;130;2018;7;17;4;3;5;3;0;1;1;0;0;0;0;1;573889.6922;5935190.9796;10.115535273;53.560390295
125874;2;2;4;213;2018;7;15;2;3;3;6;0;1;0;0;0;0;1;0;561406.63;5933896.22;9.926850162;53.55036274
125875;2;5;18;526;2018;7;14;4;3;2;6;0;0;1;0;1;0;0;0;576405.2798;5941259.0711;10.154991604;53.614562329
125876;2;1;15;134;2018;7;16;5;3;0;7;0;1;1;0;0;0;0;0;567979.965;5931090.5261;10.02543965;53.524337559
125877;2;1;11;128;2018;7;13;2;3;2;6;0;0;0;0;0;1;0;0;571803.6747;5933615.1092;10.083686362;53.546517504
125878;2;2;4;214;2018;7;12;2;3;5;2;0;0;1;0;0;0;0;0;560892.8586;5933394.5505;9.918998892;53.545913851
125879;2;5;18;526;2018;7;17;4;3;5;3;0;0;1;0;0;0;0;0;576049.5435;5938057.6292;10.14883428;53.585843664
125880;2;1;5;113;2018;7;18;2;3;5;3;0;1;1;0;0;0;0;0;567213.0035;5935079.5693;10.014729531;53.560286528
125881;2;1;12;130;2018;7;18;4;3;5;3;0;1;1;0;0;0;0;0;574178.2284;5932033.4282;10.119141598;53.531973045
125882;2;1;4;112;2018;7;0;6;3;2;6;2;0;1;0;0;0;0;0;563963.364;5933501.3432;9.965353943;53.546508607
125883;2;1;18;139;2018;7;11;3;3;6;6;0;0;0;1;1;0;0;0;564523.4298;5931624.0329;9.973418178;53.529568109
125884;2;1;16;137;2018;7;14;1;3;8;6;0;0;1;0;0;0;1;0;566218.1088;5929114.6125;9.99844995;53.506804414
125885;2;2;8;220;2018;7;6;5;3;6;4;0;0;1;1;0;0;0;0;557964.4554;5938074.1358;9.875677435;53.58830313
125886;2;1;2;104;2018;7;17;1;3;2;6;0;0;1;0;0;0;0;0;567755.0131;5932334.6746;10.022316236;53.535548013
125887;2;3;6;318;2018;7;5;3;3;5;2;1;0;1;0;1;0;0;0;563468.86;5940816.9975;9.959379452;53.612316534
125888;2;6;7;608;2018;7;15;1;2;6;4;0;0;1;1;0;0;0;0;573445.9808;5921495.2906;10.105630735;53.437369504
125889;2;6;2;603;2018;7;12;1;2;0;1;0;0;0;0;1;0;0;0;580232.0598;5926721.154;10.209095851;53.483343902
125890;2;1;4;111;2018;7;22;6;3;5;7;1;1;1;0;0;0;0;0;563798.236;5934016.635;9.962967299;53.551159792
125891;2;2;3;209;2018;7;11;1;3;5;3;0;1;1;0;0;0;0;0;562997.8078;5935692.0088;9.951225238;53.566313605
125892;2;1;12;130;2018;7;12;1;3;2;6;0;0;1;0;0;0;1;0;573041.4233;5933116.5054;10.102246706;53.541865877
125893;2;1;6;115;2018;7;10;4;3;3;6;0;0;1;0;0;0;0;1;567112.7616;5933539.7097;10.012885846;53.546460353
125894;2;1;13;131;2018;7;20;1;2;0;1;0;0;0;0;1;0;0;0;572826.0159;5932651.2154;10.098888413;53.537714249
125895;2;5;17;525;2018;7;13;4;2;6;4;0;0;1;1;0;0;0;0;576959.8818;5944850.7347;10.164261713;53.646758052
125896;2;5;2;507;2018;7;17;2;3;2;6;0;0;1;0;0;0;0;0;570924.1991;5936592.3714;10.071091278;53.57339371
125897;2;1;7;119;2018;7;18;1;3;0;1;0;0;0;0;1;0;0;0;568149.6306;5934195.0915;10.028674667;53.552216826
125898;2;3;1;307;2018;7;17;4;3;2;6;0;0;1;0;0;0;1;0;563182.865;5936036.0224;9.954088642;53.569383116
125899;2;5;18;526;2018;7;16;1;2;5;2;0;1;1;0;0;0;0;0;576465.4969;5941224.3004;10.155893146;53.61424107
125900;2;2;1;203;2018;7;19;7;3;1;5;0;0;1;0;0;0;0;0;562121.8126;5933887.9173;9.937641649;53.550203988
125901;2;1;5;113;2018;7;16;3;3;0;7;0;0;1;0;0;0;0;0;567430.2447;5934617.5257;10.017909013;53.556106202
125902;2;5;18;526;2018;7;11;1;3;2;6;0;0;1;0;1;0;0;0;576438.7911;5941253.0322;10.155496588;53.614503171
125903;2;5;7;515;2018;7;19;1;3;4;6;0;1;0;0;0;0;0;0;571662.7687;5941594.2375;10.083392416;53.618244713
125904;2;2;9;221;2018;7;12;5;3;5;3;0;0;1;0;0;0;0;0;555985.517;5935298.2056;9.845287164;53.563569285
125905;2;4;3;406;2018;7;10;7;3;5;3;0;0;1;0;0;0;0;0;566168.3999;5941884.0504;10.000405039;53.621572254
125906;2;2;3;208;2018;7;9;3;3;5;3;0;1;0;0;0;0;0;0;562982.9888;5935603.1733;9.950983604;53.565516989
125907;2;5;17;525;2018;7;17;1;3;1;5;0;0;1;0;0;0;0;0;577168.2403;5945947.3612;10.167685368;53.65658228
125908;2;4;13;432;2018;7;18;1;3;3;2;0;1;1;0;0;0;0;0;566906.1567;5944677.7149;10.012158131;53.646585367
125909;2;1;14;133;2018;7;16;5;3;5;3;0;1;1;0;0;0;0;0;568854.3049;5932211.2322;10.038872687;53.534295687
125910;2;1;8;122;2018;7;20;7;3;1;7;0;1;1;0;0;0;0;0;569637.4059;5934810.4509;10.05126465;53.557551877
125911;2;4;5;413;2018;7;9;1;3;1;5;0;1;1;0;0;0;0;0;565997.6449;5937467.2564;9.996888672;53.581899389
125912;2;4;10;429;2018;7;12;4;3;5;2;0;0;1;0;0;0;0;1;568542.0973;5939614.7046;10.035787531;53.600872273
125913;2;2;8;220;2018;7;11;1;3;5;2;0;0;1;0;0;0;0;0;557834.8;5939429.15;9.873970259;53.600495614
125914;2;4;8;420;2018;7;23;6;3;0;1;2;1;0;0;0;0;0;0;568186.4459;5937127.6772;10.02987036;53.578567547
125915;2;2;11;223;2018;7;14;4;3;6;7;0;0;1;1;0;0;0;0;553767.182;5935235.761;9.81178706;53.563240023
125916;2;3;1;307;2018;6;18;3;3;2;6;0;1;0;0;0;0;0;0;563275.0615;5936120.7633;9.955497805;53.570133598
125917;2;4;8;423;2018;7;16;2;3;3;7;0;0;1;0;0;0;0;0;569163.3265;5937550.322;10.04471589;53.582237975
125918;2;2;7;219;2018;7;5;1;3;5;3;0;0;1;0;0;0;0;0;558976.5258;5933880.9727;9.890173108;53.550504296
125919;2;7;1;702;2018;7;23;3;1;4;6;2;0;1;0;0;0;1;0;565846.4535;5923191.1498;9.991604813;53.453614833
125920;2;2;1;203;2018;7;17;1;3;6;6;0;1;0;1;0;0;0;0;562056.481;5934055.717;9.936689009;53.551719796
125921;2;6;2;602;2018;7;11;6;3;5;3;0;1;1;0;0;0;0;0;580331.2151;5927080.9688;10.21068183;53.486562321
125922;2;1;11;129;2018;7;23;2;3;0;6;2;0;1;0;0;0;0;0;571547.75;5934683.3491;10.08006906;53.556152704
125923;2;3;2;312;2018;7;1;1;2;5;3;2;0;1;0;0;0;0;0;565565.78;5935191.46;9.98988864;53.561500476
125924;2;1;14;133;2018;7;10;3;3;1;7;0;0;1;0;1;0;0;0;568823.5742;5932155.6329;10.03839688;53.533800035
125925;2;1;4;109;2018;7;2;1;3;2;7;2;0;1;0;0;0;0;0;564730.375;5934768.5795;9.977190431;53.557803633
125926;2;2;4;214;2018;7;15;5;3;5;3;0;1;0;0;0;0;1;0;561131.9682;5933428.4239;9.922613657;53.546190505
125927;2;4;2;405;2018;6;16;3;3;5;3;0;0;1;0;0;0;0;0;564877.486;5939621.3518;9.980419575;53.60139848
125928;2;5;18;526;2018;7;15;6;3;2;6;0;0;1;0;1;0;0;0;578627.0627;5940558.147;10.188392782;53.60793465
125929;2;1;14;132;2018;7;18;3;3;4;2;0;0;1;0;0;0;0;0;569411.2016;5932966.4495;10.04744112;53.541009625
125930;2;6;1;601;2018;6;17;7;2;6;2;0;0;1;1;0;0;0;0;579908.1066;5927661.3844;10.204454445;53.491842756
125931;2;1;11;128;2018;7;17;5;2;3;6;0;0;1;0;1;1;0;0;572541.6083;5933342.694;10.094758113;53.543967898
125932;2;2;4;214;2018;7;10;7;3;3;6;0;0;1;0;1;0;0;0;561545.556;5933921.508;9.928951738;53.550573747
125933;2;6;2;602;2018;7;12;3;3;9;1;0;1;0;0;0;0;0;0;581396.7201;5928083.7519;10.226996286;53.495410236
125934;2;6;11;612;2018;6;13;7;3;1;5;0;1;1;0;0;0;0;0;572066.4055;5928317.3849;10.08643182;53.498870768
125935;2;3;6;318;2018;7;7;4;3;5;3;0;0;1;0;0;0;0;1;563086.569;5941664.287;9.953773347;53.619977513
125936;2;1;11;128;2018;6;15;7;3;2;6;0;0;1;0;0;0;0;0;571844.2964;5934172.4391;10.084427365;53.551520664
125937;2;2;4;214;2018;7;12;6;3;0;3;0;0;1;0;1;0;0;0;561683.3139;5933468.5657;9.930941372;53.546486802
125938;2;3;3;313;2018;7;23;4;3;1;5;2;1;1;0;0;0;0;0;565077.5432;5936602.937;9.98281269;53.574246534
125939;2;1;3;108;2018;7;15;2;3;0;6;0;0;1;0;1;0;0;0;565617.303;5934408.791;9.990502066;53.554460003
125940;2;5;18;526;2018;7;17;3;3;2;6;0;0;1;0;0;0;0;0;576962.5414;5941224.4284;10.163405069;53.61416943
125941;2;1;12;130;2018;6;14;7;3;6;7;0;1;0;1;0;0;0;0;572947.5411;5932960.5766;10.100793887;53.540477601
125942;2;5;5;513;2018;7;12;6;3;2;6;0;0;1;0;0;0;1;0;574929.2135;5939279.3838;10.132207288;53.596984585
125943;2;5;3;510;2018;7;19;2;3;3;2;0;1;1;0;0;0;0;0;570576.369;5936354.777;10.065785679;53.571305357
125944;2;5;6;514;2018;6;14;7;3;0;7;0;1;0;0;0;0;0;0;573597.6646;5941394.4473;10.11259083;53.616180924
125945;2;5;18;526;2018;7;11;3;3;4;2;0;1;1;0;0;0;0;0;575447.0554;5942204.6863;10.140738748;53.623199188
125946;2;4;4;407;2018;7;21;5;3;3;5;0;0;1;0;0;0;0;0;566846.3505;5940700.8032;10.010399318;53.610852199
125947;2;5;18;526;2018;6;13;7;3;5;3;0;1;0;0;0;0;1;0;576256.1973;5940079.726;10.152449844;53.603985649
125948;2;1;3;108;2018;7;13;5;3;3;2;0;1;1;0;0;0;0;0;565588.1067;5935015.4398;9.99018872;53.559915751
125949;2;4;5;409;2018;7;0;6;3;6;3;2;1;0;1;0;0;0;0;568224.6397;5938647.8278;10.030779511;53.592224306
125950;2;3;1;308;2018;7;1;3;3;5;3;2;1;0;0;0;1;0;0;563770.04;5936073.86;9.962961595;53.569652137
125951;2;5;7;515;2018;6;19;7;3;5;3;0;1;1;0;0;0;0;0;572538.7779;5939577.6636;10.096163732;53.600001454
125952;2;4;6;415;2018;7;15;5;3;2;6;0;0;1;0;0;0;0;0;568074.0011;5936081.6978;10.02794428;53.569181819
125953;2;3;3;314;2018;7;15;1;2;5;3;0;1;1;0;0;0;0;0;565509.1692;5937469.328;9.989511938;53.581979251
125954;2;5;1;501;2018;7;6;3;3;5;3;0;0;1;0;0;0;0;0;569008.1542;5935827.2404;10.041991597;53.566772959
125955;2;4;12;431;2018;6;14;7;3;5;3;0;0;1;0;1;0;0;0;566586.312;5942576.773;10.006870592;53.627744848
125956;2;3;3;313;2018;7;9;6;3;5;2;0;1;1;0;0;0;0;0;564734.2551;5936761.8988;9.977662082;53.575717637
125957;2;1;3;108;2018;7;16;2;3;3;6;0;0;1;0;0;0;1;0;565465.2243;5934668.9754;9.988261285;53.556817332
125958;2;5;5;513;2018;7;9;1;3;4;2;0;0;1;0;1;0;0;0;574425.2277;5938265.2653;10.124351506;53.587942708
125959;2;4;10;429;2018;7;13;3;3;6;2;0;0;1;1;0;0;0;0;568438.3844;5940205.2112;10.034350195;53.606192739
125960;2;4;8;423;2018;6;20;7;3;2;6;0;0;1;0;0;0;0;0;568887.278;5937266.692;10.040484317;53.579725306
125961;2;3;8;320;2018;7;18;6;3;2;2;0;1;1;0;0;0;0;0;560059.3584;5939655.5163;9.907625725;53.602279848
125962;2;5;7;515;2018;7;14;2;2;1;5;0;1;0;0;0;1;0;0;570469.96;5940000.3523;10.065002543;53.604082396
125963;2;3;8;320;2018;6;12;7;3;0;5;0;0;1;0;0;0;1;0;559569.6405;5941566.9863;9.900591536;53.619514876
125964;2;7;1;702;2018;7;14;4;3;0;4;0;0;0;1;0;0;1;1;565506.8921;5923555.51;9.986567973;53.456931812
125965;2;2;8;220;2018;6;6;7;3;6;6;0;0;1;1;0;0;0;0;559004.6573;5939495.7759;9.891658833;53.600964006
125966;2;1;7;120;2018;7;16;4;3;6;3;0;0;1;1;0;0;0;0;568915.3753;5934568.9911;10.040313433;53.555477145
125967;2;1;3;106;2018;7;8;6;3;5;2;0;1;0;0;0;0;1;0;564792.6991;5933814.0756;9.977933317;53.54921755
125968;2;6;2;603;2018;7;17;2;3;2;6;0;0;1;0;0;0;0;0;582343.6719;5926088.4375;10.240743801;53.477331818
125969;2;2;5;217;2018;6;3;7;3;0;1;2;1;0;0;0;0;0;0;558949.8807;5936422.8235;9.890250543;53.573352154
125970;2;1;16;137;2018;7;17;4;3;0;2;0;0;1;0;0;0;1;0;566307.8709;5930585.9637;10.000114503;53.520016551
125971;2;6;1;601;2018;7;14;7;3;5;2;0;1;1;0;0;0;0;0;579936.1069;5928124.3167;10.204994336;53.495998733
125972;2;3;1;308;2018;7;16;3;3;6;6;0;0;1;1;0;0;0;0;563780.551;5936072.7065;9.963120056;53.569640492
125973;2;3;6;318;2018;6;12;7;3;1;5;0;1;1;0;0;0;0;0;562532.938;5942781.3527;9.945628952;53.630083268
125974;2;3;2;312;2018;6;10;7;3;4;2;0;0;1;0;0;0;0;0;565816.0934;5936454.0497;9.99393319;53.572816313
125975;2;5;10;518;2018;7;11;3;3;2;6;0;0;1;0;1;0;0;0;573070.7572;5945532.8274;10.105599119;53.653445466
125976;2;7;13;714;2018;7;16;5;3;2;6;0;0;1;0;0;0;0;0;559659.5274;5925704.5306;9.898924076;53.476941016
125977;2;7;1;701;2018;7;16;3;3;5;3;0;0;1;0;1;0;0;0;564770.29;5923913.1801;9.975549819;53.460237424
125978;2;3;3;313;2018;7;11;1;3;2;6;0;0;1;0;0;0;1;0;564914.0174;5936891.0095;9.980403388;53.576855771
125979;2;3;3;314;2018;6;1;7;2;8;1;2;0;1;0;0;0;0;0;565173.1885;5937632.177;9.984471805;53.583484671
125980;2;4;5;409;2018;7;18;4;3;5;3;0;0;1;0;0;0;0;1;566317.1367;5938483.1767;10.001929696;53.59098933
125981;2;1;3;108;2018;6;13;7;3;0;7;0;1;0;0;0;0;0;0;565201.5812;5934513.8506;9.984249624;53.555455999
125982;2;4;12;431;2018;7;22;6;3;0;7;2;1;0;0;0;0;0;0;567289.8579;5943320.27;10.017668056;53.634336749
125983;2;4;5;408;2018;7;16;4;3;5;2;0;0;1;0;1;0;0;0;567839.8959;5939968.9223;10.025255045;53.604147021
125984;2;4;13;432;2018;7;16;2;3;5;3;0;0;1;0;0;0;0;0;566734.5337;5945434.5158;10.009724749;53.653408691
125985;2;1;19;140;2018;6;10;6;2;5;2;0;0;1;0;0;1;0;0;559455.5466;5929990.988;9.896663419;53.515488958
125986;2;1;13;131;2018;7;14;4;3;3;6;0;0;1;0;0;1;0;1;571691.7702;5932167.4522;10.081666077;53.533522689
125987;2;7;12;713;2018;6;9;6;3;2;6;0;0;1;0;0;1;0;0;558527.559;5930209.609;9.882710892;53.517557965
125988;2;5;2;508;2018;7;13;4;3;5;2;0;1;1;0;0;0;0;0;571715.7893;5936894.394;10.083112845;53.576000357
125989;2;1;14;133;2018;7;9;5;3;1;6;0;0;1;0;0;0;0;0;568343.8792;5932590.7775;10.031255654;53.537773371
125990;2;5;18;526;2018;7;19;2;3;2;6;0;0;1;0;0;0;0;0;575433.8497;5940635.2048;10.140158993;53.609096609
125991;2;7;13;714;2018;6;15;6;3;1;1;0;0;1;0;1;0;0;0;558378.9781;5925324.3924;9.879561178;53.47366803
125992;2;5;1;502;2018;7;17;4;3;3;2;0;1;1;0;0;0;0;0;569782.5717;5936065.5157;10.05373602;53.568811936
125993;2;7;1;702;2018;6;15;6;3;5;3;0;1;0;0;0;0;1;0;565584.0509;5923575.2005;9.987733942;53.457099179
125994;2;2;4;212;2018;7;19;7;3;5;3;0;1;1;0;0;0;0;0;560250.2457;5933766.3563;9.909373518;53.549329567
125995;2;1;4;112;2018;7;16;3;3;2;6;0;0;1;0;0;0;0;0;563994.5833;5933486.7334;9.965822051;53.546373501
125996;2;1;15;134;2018;6;20;6;3;4;6;0;1;0;0;0;0;0;0;568010.1746;5931426.8926;10.025968319;53.52735664
125997;2;6;2;602;2018;6;20;6;2;1;5;0;1;1;0;0;0;0;0;578622.1327;5926954.2976;10.18489842;53.485682061
125998;2;4;5;413;2018;7;12;3;3;2;6;0;0;1;0;0;0;0;0;566845.3372;5937054.1006;10.009602337;53.578078933
125999;2;5;8;516;2018;7;21;5;3;3;6;0;1;0;0;0;0;1;0;569626.3776;5939944.6296;10.052243531;53.603694381
126000;2;4;13;432;2018;7;21;7;3;3;7;1;0;1;0;0;0;0;0;566871.8013;5943862.9223;10.011463261;53.639267174
126001;2;1;13;131;2018;6;13;6;3;8;5;0;0;1;0;0;0;0;0;571339.4564;5930600.5219;10.075994505;53.519488575
126002;2;4;10;426;2018;7;16;4;3;5;3;0;1;1;0;0;0;0;1;569875.9111;5938573.7653;10.055706736;53.591341214
126003;2;1;11;129;2018;6;9;6;2;4;2;0;0;1;0;0;0;0;0;572451.1862;5934605.5068;10.093686378;53.555329226
126004;2;4;10;427;2018;7;11;6;3;2;6;0;0;1;0;0;0;0;0;569496.5755;5938408.4492;10.049939846;53.589905936
126005;2;4;1;401;2018;7;18;4;3;5;3;0;1;1;0;0;0;0;0;564731.135;5937674.1308;9.977804153;53.583916471
126006;2;3;1;308;2018;6;9;3;3;0;3;0;1;1;0;0;0;0;0;563796.4183;5936921.8215;9.963533111;53.577269805
126007;2;2;5;215;2018;7;17;2;3;3;6;0;0;1;0;0;0;0;0;560906.8567;5935367.195;9.919594477;53.563641234
126008;2;1;13;131;2018;7;5;3;3;3;2;0;1;1;0;0;0;0;0;572790.7481;5932466.3168;10.098313348;53.53605746
126009;2;1;12;130;2018;6;7;6;3;2;7;0;0;1;0;1;0;0;0;574147.2243;5932612.6472;10.118811152;53.537182807
126010;2;5;1;504;2018;7;8;3;3;5;3;0;0;1;0;0;0;0;0;569799.08;5936500.8051;10.054082541;53.572721704
126011;2;1;8;123;2018;7;17;6;3;2;2;0;0;1;0;0;0;0;0;569910.0506;5935192.2185;10.055465203;53.560946603
126012;2;1;7;119;2018;7;15;2;3;5;3;0;1;1;0;0;0;0;0;568577;5934221.1097;10.035130086;53.552395006
126013;2;5;6;514;2018;6;17;6;3;2;6;0;0;1;0;0;0;0;0;575412.2016;5942900.9211;10.140380568;53.629461061
126014;2;5;18;526;2018;6;16;6;3;2;6;0;0;1;0;1;0;0;0;576691.5481;5941938.7519;10.159485428;53.620628551
126015;2;1;1;102;2018;7;15;4;3;5;3;0;0;1;0;0;0;0;0;565424.561;5933793.8561;9.987464397;53.548957481
126016;2;5;18;526;2018;6;17;6;3;6;4;0;0;1;1;0;0;0;0;576338.9671;5940022.318;10.153686394;53.60345769
126017;2;1;1;101;2018;7;13;7;3;2;6;0;0;1;0;0;0;0;0;566658.0037;5933984.4941;10.00611848;53.550515648
126018;2;7;10;711;2018;7;0;2;3;6;2;2;0;1;1;0;0;0;0;563919.2446;5924917.7541;9.962937948;53.469369943
126019;2;5;10;518;2018;6;14;6;3;2;6;0;0;1;0;0;0;0;0;574504.0447;5945724.3173;10.127326856;53.654964147
126020;2;4;7;416;2018;6;20;6;3;6;4;0;0;0;1;1;0;0;0;567244.5759;5935367.7308;10.015268117;53.56287224
126021;2;3;8;320;2018;7;13;3;3;6;2;0;0;1;1;0;0;0;0;559763.505;5940256.5687;9.903270617;53.607715567
126022;2;2;8;220;2018;7;11;5;3;2;6;0;0;1;0;0;0;0;0;557893.0208;5938250.854;9.874631197;53.589899275
126023;2;1;8;125;2018;7;17;6;2;5;2;0;1;1;0;0;0;0;0;570055.5462;5934504.7822;10.057507321;53.554749177
126024;2;3;9;321;2018;6;18;6;3;5;3;0;1;1;0;0;0;0;0;561958.6512;5938855.8359;9.936165046;53.594871753
126025;2;2;4;213;2018;7;9;4;3;5;3;0;1;1;0;0;0;0;1;561501.2257;5934291.2373;9.928355456;53.553901851
126026;2;3;8;320;2018;6;6;6;3;0;6;0;1;0;0;0;0;1;0;559854.4944;5939965.7025;9.904589784;53.605091052
126027;2;1;20;141;2018;7;11;5;3;2;6;0;0;1;0;0;0;0;0;556816.8969;5932141.2117;9.857264444;53.535106168
126028;2;1;3;105;2018;7;22;4;2;5;3;2;1;1;0;0;0;0;0;565114.1639;5933260.3925;9.982669211;53.544201679
126029;2;1;17;138;2018;7;5;2;2;2;6;0;0;0;0;1;1;0;0;567383.0107;5931386.3268;10.016500144;53.527072862
126030;2;5;5;513;2018;7;7;3;3;5;3;0;1;1;0;0;0;0;0;572963.9426;5937421.4468;10.102082912;53.580564796
126031;2;2;8;220;2018;6;12;6;3;3;6;0;0;1;0;0;0;0;0;557775.0943;5938409.8193;9.872879268;53.591340982
126032;2;2;12;225;2018;7;14;3;3;4;6;0;1;0;0;0;0;0;0;555293.7576;5936240.6404;9.835010822;53.572112868
126033;2;4;8;423;2018;7;14;6;2;5;3;0;1;1;0;0;0;0;0;568936.16;5937253.71;10.041219638;53.579602213
126034;2;5;2;505;2018;7;7;2;3;5;3;0;0;1;0;1;0;0;0;570867.623;5936559.2242;10.070229511;53.573103462
126035;2;2;5;216;2018;6;8;6;3;2;6;0;1;1;0;0;0;0;0;560931.689;5935008.944;9.91989949;53.560418599
126036;2;2;1;204;2018;7;18;5;3;0;5;0;0;1;0;1;0;0;0;562475.748;5934197.9953;9.943044976;53.55294878
126037;2;2;5;215;2018;6;15;6;3;5;2;0;1;0;0;0;0;1;0;560786.0378;5937155.2185;9.918118611;53.57972494
126038;2;2;5;216;2018;7;1;3;3;8;1;2;1;0;0;0;0;0;0;559974.7105;5935214.1567;9.905493155;53.562373166
126039;2;6;14;615;2018;7;19;4;3;5;2;0;1;1;0;0;0;0;0;578436.9024;5926996.2061;10.182117976;53.486086322
126040;2;2;5;217;2018;7;18;6;3;2;6;0;0;1;0;0;0;0;0;559456.5578;5935816.8872;9.897785901;53.567849146
126041;2;1;5;113;2018;7;12;3;3;2;6;0;0;1;0;1;0;0;0;567544.4912;5934706.2724;10.019652526;53.556889095
126042;2;2;3;210;2018;6;14;6;3;5;3;0;1;1;0;0;0;0;0;562125.6731;5934196.728;9.937761271;53.552978933
126043;2;2;7;219;2018;7;11;5;3;1;5;0;0;1;0;0;0;0;0;560488.7657;5933412.9561;9.912904709;53.546125973
126044;2;5;7;515;2018;7;17;5;2;6;4;0;0;1;1;0;0;0;0;571269.2321;5940518.5246;10.077198001;53.608631076
126045;2;3;2;312;2018;6;16;6;3;5;3;0;0;1;0;0;0;0;0;565825.6279;5934875.7729;9.993744586;53.558630798
126046;2;2;4;214;2018;7;8;5;3;5;7;0;0;1;0;1;0;0;0;561758.6666;5933483.8003;9.932081459;53.546614865
126047;2;5;10;518;2018;7;17;6;3;0;1;0;0;1;0;0;0;0;0;573495.6704;5945519.6781;10.112023842;53.653267767
126048;2;4;10;426;2018;7;7;3;3;5;2;0;1;1;0;0;0;0;0;569718.2302;5938331.4456;10.053270728;53.589184475
126049;2;1;1;101;2018;6;12;6;3;3;6;0;0;1;0;0;0;0;0;566670.4037;5933720.615;10.006249349;53.548142536
126050;2;5;8;516;2018;7;13;5;3;3;6;0;0;1;0;0;0;1;0;569643.7434;5940468.3306;10.052622962;53.608398571
126051;2;4;13;432;2018;7;0;1;3;6;4;2;0;1;1;0;0;0;0;565293.8788;5944972.5649;9.987833516;53.649438904
126052;2;4;5;409;2018;7;20;3;2;5;3;0;0;1;0;0;0;1;0;568141.5964;5939533.4238;10.029718593;53.600194023
126053;2;1;3;108;2018;6;14;6;3;0;7;0;1;0;0;0;0;0;0;565822.0828;5934207.9764;9.993550454;53.552629598
126054;2;3;4;316;2018;7;20;3;3;1;7;0;1;1;0;0;0;0;0;563780.8266;5937391.8313;9.963393703;53.581495811
126055;2;4;3;406;2018;7;16;6;3;5;3;0;1;1;0;0;0;0;0;564417.4495;5940776.5163;9.973707465;53.611836936
126056;2;3;8;320;2018;7;18;2;3;0;7;0;1;0;1;0;0;0;0;558996.6325;5939697.17;9.891575698;53.602774925
126057;2;1;20;141;2018;6;22;5;3;9;1;1;0;1;0;0;0;0;0;558164.468;5931984.31;9.877565112;53.53354853
126058;2;6;14;615;2018;7;16;4;2;4;2;0;1;0;0;0;0;1;0;576072.456;5926888.506;10.146465395;53.485465523
126059;2;1;19;140;2018;6;10;5;3;3;6;0;0;1;0;0;1;0;0;558763.2048;5930247.7833;9.886271589;53.517874769
126060;2;5;3;511;2018;7;16;4;3;4;2;0;0;1;0;0;0;0;0;573183.677;5936419.432;10.105166325;53.571529191
126061;2;1;19;140;2018;7;16;5;3;3;6;0;0;1;0;1;0;0;0;560547.8549;5929893.5257;9.913115674;53.514488344
126062;2;1;11;129;2018;7;12;2;3;5;3;0;0;1;0;0;0;0;0;572456.948;5934595.7841;10.093771085;53.555241053
126063;2;7;1;702;2018;6;13;5;3;0;7;0;0;1;0;0;0;1;0;565391.3398;5923560.284;9.98482897;53.456989074
126064;2;1;12;130;2018;7;11;4;3;0;5;0;0;0;0;0;0;1;0;573591.1552;5933645.0126;10.110665183;53.546538787
126065;2;1;8;125;2018;6;8;5;3;3;2;0;1;1;0;0;0;0;0;570062.3889;5934425.4072;10.057592804;53.554034916
126066;2;5;17;525;2018;7;11;7;3;2;6;0;0;1;0;0;0;0;0;576569.3674;5945624.4509;10.158545885;53.65376843
126067;2;4;3;406;2018;7;17;3;3;5;2;0;1;1;0;0;0;0;0;565094.7171;5941071.6103;9.984004776;53.61440528
126068;2;1;8;125;2018;6;7;5;3;5;3;0;1;1;0;0;0;0;0;570042.4045;5934523.7277;10.057313225;53.554921195
126069;2;1;3;108;2018;7;7;1;2;5;2;0;1;1;0;0;0;0;0;565825.48;5934778.87;9.993721944;53.557759927
126070;2;2;8;220;2018;7;14;3;2;3;6;0;0;1;0;0;0;0;0;557946.2167;5938158.086;9.87541753;53.589059647
126071;2;5;18;526;2018;6;15;5;3;3;6;0;0;1;0;1;0;0;0;575615.5088;5942689.1599;10.143402849;53.627528706
126072;2;5;6;514;2018;6;9;5;3;5;3;0;1;1;0;0;0;0;0;574311.6794;5941391.8796;10.123381855;53.616057038
126073;2;3;5;317;2018;7;10;3;2;4;6;0;0;0;0;1;0;1;1;563573.3423;5937585.7679;9.960299695;53.583263966