OBJECTID_1;ULAND;UREGBEZ;UKREIS;UGEMEINDE;UJAHR;UMONAT;USTUNDE;UWOCHENTAG;UKATEGORIE;UART;UTYP1;ULICHTVERH;IstRad;IstPKW;IstFuss;IstKrad;IstGkfz;IstSonstig;STRZUSTAND;LINREFX;LINREFY;XGCSWGS84;YGCSWGS84
126074;2;3;2;312;2018;7;14;6;3;3;6;0;1;1;0;0;0;0;0;565034.5203;5935903.693;9.982017437;53.567967594
126075;2;6;7;608;2018;7;19;1;3;5;3;0;0;1;0;0;1;0;0;573378.2025;5923667.8561;10.105117328;53.45690396
126076;2;5;18;526;2018;6;14;5;2;5;3;0;0;1;0;1;0;0;0;577050.3612;5942851.536;10.165134959;53.628778732
126077;2;1;12;130;2018;7;12;4;2;5;2;0;0;1;0;0;0;0;1;575846.5471;5933531.1721;10.144669442;53.545194811
126078;2;5;9;517;2018;6;19;5;3;5;3;0;1;1;0;0;0;0;0;571600.3881;5943466.3341;10.082880194;53.635077541
126079;2;5;11;519;2018;7;20;4;3;5;2;0;1;1;0;0;0;0;0;571351.6712;5945730.0911;10.079638876;53.655455561
126080;2;4;11;430;2018;7;16;5;3;5;3;0;1;1;0;0;0;0;0;569062.4571;5940689.6697;10.043887843;53.610464692
126081;2;5;18;526;2018;7;19;2;3;0;1;0;0;0;0;1;0;0;0;574706.0534;5939685.4057;10.128933269;53.600665266
126082;2;5;16;524;2018;6;9;5;3;5;3;0;1;0;0;0;0;1;0;574345.1872;5947260.2373;10.125291326;53.668789592
126083;2;2;7;219;2018;7;20;4;3;5;2;0;1;1;0;0;0;0;0;559181.1378;5934654.3892;9.893407463;53.557432351
126084;2;5;10;518;2018;6;18;5;3;5;3;0;0;1;0;1;0;0;0;573943.6795;5943838.1926;10.118401088;53.638093561
126085;2;3;1;307;2018;7;1;7;3;3;7;2;0;1;0;0;0;0;0;563626.6619;5936045.1227;9.96079099;53.569411273
126086;2;1;3;108;2018;7;14;3;3;3;6;0;0;1;0;0;0;0;0;565060.5434;5934684.4248;9.982156438;53.557006493
126087;2;5;11;519;2018;6;7;5;3;5;3;0;1;1;0;0;0;0;0;571294.3595;5946740.09;10.079003661;53.66454007
126088;2;5;9;517;2018;6;10;5;3;2;7;0;0;1;0;1;0;0;0;572394.3766;5943935.842;10.094995305;53.639187714
126089;2;3;3;313;2018;7;14;3;3;5;3;0;1;1;0;0;0;0;0;566027.0676;5936580.2167;9.997145403;53.57392369
126090;2;4;10;426;2018;7;16;5;3;6;7;0;1;0;1;0;0;0;0;570057.0848;5938140.3794;10.058346122;53.587422195
126091;2;3;1;302;2018;7;23;7;3;0;1;2;1;0;0;0;0;0;0;562854.1776;5937479.0245;9.949416585;53.582391319
126092;2;5;11;519;2018;6;15;5;2;0;7;0;1;0;0;0;0;0;0;572159.1243;5945282.7108;10.091750328;53.651324269
126093;2;3;9;321;2018;7;15;4;3;2;6;0;0;1;0;0;0;0;1;561963.2828;5936430.3064;9.93575338;53.573072137
126094;2;4;12;431;2018;6;14;5;2;2;6;0;0;1;0;0;0;0;0;567131.9727;5943127.1501;10.015238998;53.632621442
126095;2;2;8;220;2018;7;17;6;3;5;2;0;1;1;0;0;0;0;0;557914.2863;5938026.0099;9.874910686;53.587876142
126096;2;3;5;317;2018;7;7;4;3;2;6;0;0;1;0;0;0;0;0;562706.0819;5938297.043;9.947344328;53.589760835
126097;2;4;5;412;2018;6;9;5;3;6;7;0;1;0;0;0;0;1;0;567024.0359;5937333.2976;10.012360812;53.580565314
126098;2;3;2;312;2018;7;10;3;3;0;7;0;1;0;0;0;0;0;0;565277.6498;5936363.8485;9.985784262;53.572072928
126099;2;6;1;601;2018;7;16;5;3;2;6;0;0;1;0;0;0;0;0;578813.9579;5929092.5357;10.188325874;53.50486917
126100;2;1;16;136;2018;7;10;7;3;4;6;0;1;1;0;0;0;0;0;567200.3524;5928990.6545;10.013231322;53.505565771
126101;2;4;4;407;2018;6;8;5;3;5;3;0;1;1;0;0;0;0;0;567391.8503;5941167.9886;10.018744329;53.614980944
126102;2;4;8;423;2018;7;16;4;3;2;6;0;0;1;0;0;0;0;1;569265.3565;5937617.6698;10.046271725;53.582829767
126103;2;4;5;408;2018;6;16;5;3;5;3;0;0;1;0;0;0;0;0;567821.5248;5939984.5707;10.024980859;53.604290033
126104;2;5;1;501;2018;7;11;6;3;4;6;0;1;0;0;0;0;0;0;569009.3491;5935821.2307;10.042008309;53.566718793
126105;2;4;10;429;2018;7;8;4;3;0;7;0;1;0;0;0;0;0;0;568580.0557;5939221.4702;10.036274543;53.59733329
126106;2;5;1;502;2018;7;14;2;3;5;3;0;0;1;0;0;0;0;0;569181.2017;5936246.1451;10.044696844;53.5705149
126107;2;4;5;408;2018;6;16;5;3;5;3;0;0;1;0;0;0;1;0;567839.7426;5939981.6515;10.025255499;53.60426144
126108;2;1;5;114;2018;7;10;4;3;3;2;0;1;1;0;0;0;0;0;566658.2994;5934127.4447;10.006153418;53.551800337
126109;2;4;5;409;2018;6;15;5;3;5;3;0;1;1;0;0;0;0;0;568163.3423;5939542.1071;10.030049045;53.600269233
126110;2;1;4;110;2018;7;8;3;3;5;3;0;1;1;0;0;0;0;0;563644.745;5934618.479;9.960773401;53.556587388
126111;2;7;1;702;2018;7;17;6;3;6;4;0;0;0;1;0;0;1;0;565591.5195;5923577.8769;9.987846963;53.457122303
126112;2;6;2;603;2018;7;12;2;2;5;3;0;1;1;0;0;0;0;0;580786.6242;5926712.9134;10.217448943;53.483185019
126113;2;4;8;422;2018;6;16;5;3;6;7;0;1;0;1;0;0;0;0;568660.904;5936651.387;10.036930415;53.574225193
126114;2;3;7;319;2018;6;10;5;3;2;6;0;0;1;0;0;0;0;0;561251.4672;5944042.01;9.92650147;53.64156466
126115;2;2;2;207;2018;7;0;3;3;1;6;2;1;1;0;0;0;0;0;563958.1502;5935528.9662;9.965690146;53.56473212
126116;2;2;4;214;2018;7;19;5;3;4;2;0;0;1;0;1;0;0;0;561754.5416;5933483.7314;9.932019199;53.546614731
126117;2;5;18;526;2018;7;16;6;3;4;2;0;0;1;0;0;0;0;0;576026.9681;5941882.7385;10.149426321;53.620222075
126118;2;1;12;130;2018;7;14;3;3;3;2;0;1;1;0;0;0;0;0;573402.8711;5933118.7313;10.107700614;53.54183549
126119;2;3;6;318;2018;6;9;5;3;6;4;0;1;0;1;0;0;0;0;562172.0206;5941588.0337;9.939933596;53.619401571
126120;2;7;16;717;2018;7;16;3;3;5;3;0;0;0;0;1;0;1;0;553358.794;5931540.058;9.804991273;53.530065789
126121;2;2;4;212;2018;6;8;5;3;4;2;0;1;1;0;0;0;0;0;560993.7034;5934783.6636;9.920791634;53.558386707
126122;2;1;15;134;2018;7;18;5;3;2;6;0;0;1;0;0;0;0;0;567288.788;5930827.5412;10.014958936;53.522063005
126123;2;1;6;115;2018;7;15;1;3;2;6;0;0;1;0;0;0;0;0;566882.6106;5933675.4431;10.009441959;53.547709581
126124;2;5;2;507;2018;7;10;3;3;0;2;0;1;0;0;0;0;1;0;571631.5107;5936935.0564;10.081849577;53.576377304
126125;2;1;5;114;2018;6;13;5;3;3;7;0;1;1;0;0;0;0;0;566615.7416;5934226.1206;10.005532176;53.552692559
126126;2;1;5;114;2018;7;7;3;3;6;4;0;0;1;1;0;0;0;0;566776.1808;5934423.1508;10.007995603;53.554442927
126127;2;3;2;312;2018;7;17;2;3;0;7;0;0;0;0;1;0;1;1;565354.5335;5935357.9093;9.986734652;53.563022744
126128;2;1;7;119;2018;7;8;3;3;3;6;0;0;1;0;0;0;0;0;568221.6856;5934192.5063;10.029761533;53.552184234
126129;2;1;1;101;2018;6;9;5;3;0;2;0;0;1;0;0;0;1;0;566282.5293;5934546.3253;10.000571237;53.555612483
126130;2;7;13;714;2018;7;14;2;3;0;3;0;1;1;0;0;0;0;0;558111.3878;5925339.3292;9.875532836;53.473831879
126131;2;5;5;513;2018;7;18;6;3;2;2;0;0;1;0;0;0;0;0;573414.6896;5937550.4407;10.10892016;53.581661145
126132;2;4;9;424;2018;7;12;2;3;0;6;0;0;1;0;1;0;0;0;570371.9943;5937096.8159;10.062867213;53.578001522
126133;2;1;1;101;2018;6;0;5;2;9;1;2;0;0;0;1;0;0;0;566658.6986;5933969.9059;10.006125857;53.550384452
126134;2;4;5;408;2018;7;4;5;2;0;1;2;0;0;0;1;0;0;1;568105.6242;5939545.9923;10.029177843;53.600311653
126135;2;1;5;114;2018;6;18;5;3;6;4;0;1;0;1;0;0;0;0;566824.8819;5934220.2065;10.008687247;53.552612829
126136;2;7;4;705;2018;7;10;2;3;4;2;0;0;1;0;0;0;0;0;565582.646;5922813.8915;9.98755403;53.450257161
126137;2;1;2;103;2018;7;15;5;3;6;4;0;0;1;1;0;0;0;0;565412.3123;5933123.3372;9.98713932;53.542932874
126138;2;4;5;413;2018;7;9;6;3;3;6;0;1;0;0;0;0;1;0;566911.944;5937465.3159;10.010696319;53.581766095
126139;2;4;1;401;2018;7;7;3;3;3;2;0;1;1;0;0;0;0;0;565020.183;5937743.422;9.982184138;53.584503448
126140;2;7;4;705;2018;6;17;4;3;2;6;0;0;1;0;0;0;1;0;565578.3447;5921507.2881;9.987216973;53.438514703
126141;2;4;8;423;2018;7;6;5;3;5;2;0;1;0;0;0;0;1;0;569302.7192;5937741.3703;10.046863466;53.583936532
126142;2;1;3;108;2018;7;17;4;3;2;6;0;1;1;0;0;0;0;0;565479.569;5934820.4142;9.988509524;53.55817656
126143;2;2;1;205;2018;7;4;1;3;5;3;2;1;1;0;0;0;0;0;563312.6596;5934108.2392;9.955657708;53.55204185
126144;2;4;6;415;2018;7;16;3;3;2;6;0;0;1;0;0;0;0;0;567818.5012;5935989.6244;10.024066817;53.56838743
126145;2;7;10;711;2018;6;7;4;3;5;2;0;0;1;0;0;0;0;0;561475.0786;5925829.5504;9.926300625;53.477855756
126146;2;7;2;703;2018;7;9;2;3;2;6;0;0;1;0;0;0;1;0;566559.9544;5924252.5049;10.002572563;53.463063961
126147;2;3;2;312;2018;7;13;6;3;4;2;0;1;1;0;0;0;0;0;565567.3986;5935227.8067;9.9899207;53.56182693
126148;2;1;1;101;2018;7;22;2;3;5;3;2;1;1;0;0;0;0;0;566407.4322;5934426.5822;10.00243096;53.554520541
126149;2;6;1;601;2018;6;18;4;2;3;7;0;0;0;0;1;0;1;0;580278.8726;5928368.1075;10.210222476;53.498137408
126150;2;1;13;131;2018;7;17;4;3;0;1;0;0;0;0;1;0;0;1;571846.2026;5930088.5521;10.083518727;53.514818463
126151;2;1;13;131;2018;6;12;4;3;5;3;0;0;1;0;0;1;0;0;572927.785;5931645.8072;10.100189466;53.528664563
126152;2;6;7;608;2018;7;19;2;3;1;7;0;1;1;0;0;0;0;0;573819.8381;5921093.6176;10.111163318;53.433707422
126153;2;5;4;512;2018;7;19;4;3;6;4;0;0;1;1;0;0;0;0;575207.1314;5937058.3674;10.135870442;53.576985015
126154;2;1;11;128;2018;7;14;5;3;4;6;0;0;1;0;0;0;1;0;571941.2529;5933892.336;10.085826105;53.548990107
126155;2;4;6;415;2018;7;16;6;3;2;6;0;0;1;0;0;0;0;0;567877.586;5935750.5698;10.0249069;53.566231375
126156;2;5;8;516;2018;7;18;2;3;2;6;0;0;1;0;0;0;0;0;569566.9889;5940477.3391;10.05146509;53.608489727
126157;2;1;12;130;2018;6;12;4;3;5;3;0;1;0;0;0;1;0;0;573841.3489;5932066.8969;10.114067983;53.53232128
126158;2;7;9;710;2018;7;16;4;3;8;1;0;0;1;0;0;0;0;1;563784.3552;5922075.055;9.960329525;53.443837618
126159;2;1;12;130;2018;6;15;4;3;1;5;0;1;1;0;0;0;0;0;573850.6406;5933501.0043;10.114546618;53.54520817
126160;2;6;2;602;2018;7;15;2;3;1;6;0;0;1;0;0;0;0;0;579744.9599;5927241.5255;10.201889239;53.488094359
126161;2;1;13;131;2018;7;20;4;2;3;7;0;0;1;0;1;0;0;0;571869.6955;5930064.8001;10.083867508;53.514601792
126162;2;1;3;108;2018;7;18;6;3;5;3;0;1;1;0;0;0;0;0;565536.6819;5934834.3849;9.989374515;53.55829499
126163;2;1;16;137;2018;7;14;2;3;1;6;0;0;1;0;0;0;0;0;565482.0394;5928625.4148;9.987250999;53.502500004
126164;2;1;8;122;2018;6;21;4;3;2;2;1;0;1;0;0;1;0;0;569847.0838;5935025.5234;10.054477482;53.559456888
126165;2;3;2;312;2018;7;10;5;3;4;2;0;1;1;0;0;0;0;0;565866.7041;5936348.1386;9.99467503;53.571858116
126166;2;7;7;708;2018;7;0;7;2;0;1;2;1;0;0;0;0;0;0;564612.5527;5920459.5335;9.972465245;53.429217289
126167;2;4;3;406;2018;7;21;3;3;6;4;0;1;0;1;0;0;0;0;565056.293;5941031.104;9.983415571;53.614046016
126168;2;5;18;526;2018;6;19;4;3;4;2;0;0;1;0;0;0;0;0;577649.0216;5940437.9247;10.173583851;53.607000114
126169;2;5;2;508;2018;6;18;4;3;2;6;0;0;1;0;0;0;0;0;573051.9585;5937054.7392;10.103326255;53.577256985
126170;2;6;1;601;2018;7;19;2;3;4;6;0;1;1;0;0;0;0;0;579550.3312;5929207.8438;10.199455219;53.505794541
126171;2;1;5;114;2018;7;11;6;3;6;2;0;0;0;1;0;0;1;0;566887.4978;5934178.9635;10.009623417;53.552234196
126172;2;2;1;205;2018;7;5;1;3;5;3;0;1;0;0;0;0;1;0;563320.7385;5934048.2404;9.955767483;53.551501646
126173;2;5;5;513;2018;6;7;4;3;3;2;0;1;1;0;0;0;0;0;574438.3138;5938285.0442;10.124553877;53.588118599
126174;2;5;12;520;2018;7;18;4;3;5;3;0;0;1;0;0;0;0;1;568782.1467;5944189.722;10.040425128;53.641956534
126175;2;5;18;526;2018;6;9;4;3;4;2;0;1;0;0;0;0;1;0;577112.3421;5942884.6286;10.166080204;53.629066997
126176;2;4;10;429;2018;7;17;6;3;5;3;0;0;1;0;0;0;0;0;569280.5637;5939829.9004;10.046992805;53.602709141
126177;2;5;10;518;2018;7;7;4;3;5;3;0;0;0;0;1;0;1;0;573159.9768;5945560.9877;10.106955412;53.653686065
126178;2;5;8;516;2018;7;15;2;3;5;2;0;0;0;0;1;0;1;0;569441.99;5940560.69;10.049594729;53.609255383
126179;2;5;18;526;2018;6;9;4;3;4;2;0;1;1;0;0;0;0;0;576511.5124;5939969.0063;10.156280346;53.60295343
126180;2;1;1;102;2018;7;19;4;3;4;2;0;1;1;0;0;0;0;0;565965.477;5933986.361;9.9956678;53.550619891
126181;2;5;18;526;2018;6;7;4;3;5;7;0;0;1;0;1;0;0;0;577289.142;5942395.044;10.16863156;53.624641222
126182;2;3;2;311;2018;7;10;7;3;4;2;0;1;1;0;0;0;0;0;564805.6;5936388.09;9.978661824;53.572349316
126183;2;1;14;132;2018;7;14;2;3;1;5;0;0;1;0;0;0;0;0;569097.7272;5933155.655;10.042753327;53.542751371
126184;2;5;6;514;2018;6;18;4;2;5;3;0;1;1;0;0;0;0;0;574338.1986;5939297.3905;10.123283028;53.59723056
126185;2;5;5;513;2018;7;7;4;3;5;3;0;1;0;0;0;0;1;0;574910.2139;5939294.929;10.131923994;53.597127001
126186;2;5;4;512;2018;6;12;4;3;0;7;0;1;0;0;0;0;0;0;573473.8872;5937110.6693;10.109710629;53.57770069
126187;2;2;11;223;2018;7;16;7;2;3;6;0;1;0;0;0;0;0;0;552007.9494;5935482.5226;9.7852697;53.565635142
126188;2;3;1;308;2018;7;7;3;3;5;7;0;1;1;0;0;0;0;0;564122.7746;5936437.4347;9.968361896;53.572876693
126189;2;5;2;507;2018;6;7;4;3;5;2;0;1;0;0;0;1;0;0;571494.0625;5936900.2699;10.079766138;53.57608343
126190;2;5;2;509;2018;6;15;4;3;5;3;0;0;1;0;1;0;0;0;571334.21;5938003.69;10.07760457;53.586021584
126191;2;1;7;120;2018;7;10;2;3;5;3;0;1;1;0;0;0;0;0;568009.3448;5934382.1871;10.026598218;53.553916473
126192;2;5;2;508;2018;7;17;5;3;2;6;0;0;1;0;0;0;0;0;572586.1065;5938300.0793;10.096581428;53.588513403
126193;2;5;4;512;2018;7;15;7;3;9;7;0;0;1;0;0;0;0;0;575010.4071;5937793.4779;10.133076575;53.583619469
126194;2;5;7;515;2018;6;20;4;3;2;2;0;0;1;0;0;0;0;0;570432.2299;5939249.6033;10.064262821;53.597340512
126195;2;4;8;422;2018;7;15;4;3;2;6;0;0;1;0;0;0;0;1;568541.0346;5936705.5639;10.035132342;53.574727761
126196;2;5;7;515;2018;6;14;4;2;2;6;0;0;1;0;0;1;0;0;571472.1063;5940698.2039;10.080304959;53.610218201
126197;2;5;1;504;2018;7;11;6;2;0;6;0;1;0;0;0;0;0;0;569940.8605;5936134.6082;10.056141251;53.569411797
126198;2;2;7;219;2018;7;11;4;2;5;3;0;1;1;0;0;0;0;0;559014.613;5934401.6588;9.890846197;53.555179685
126199;2;2;4;211;2018;6;19;3;3;3;2;0;0;1;0;1;0;0;0;561431.0282;5934826.6996;9.927401222;53.558722488
126200;2;2;9;221;2018;7;13;2;3;0;1;0;0;0;0;1;0;0;0;557370.6944;5937678.4513;9.866635776;53.584812216
126201;2;5;7;515;2018;6;15;4;3;3;6;0;1;1;0;0;0;0;0;571499.0112;5940847.9205;10.080745908;53.611560019
126202;2;7;8;709;2018;7;13;3;3;5;3;0;1;1;0;0;0;0;0;564327.8714;5921824.6566;9.968460178;53.441521115
126203;2;5;14;522;2018;6;18;4;3;2;2;0;0;1;0;0;0;0;0;572771.9606;5950581.9008;10.102263105;53.698861843
126204;2;5;4;512;2018;7;22;2;2;4;6;1;1;0;0;0;0;0;0;574388.0129;5936115.2551;10.123277065;53.568626226
126205;2;1;11;129;2018;7;15;6;3;5;3;0;1;1;0;0;0;0;0;571575.7523;5935153.3024;10.080599322;53.560372349
126206;2;1;11;129;2018;7;16;2;3;2;6;0;0;1;0;0;0;0;0;571872.314;5934531.641;10.084932762;53.554744969
126207;2;5;12;520;2018;6;23;4;3;3;3;2;0;1;0;0;0;0;0;568840.0036;5944827.1624;10.041441273;53.647677582
126208;2;4;13;432;2018;6;6;4;3;6;4;0;0;1;1;0;0;0;0;566571.9576;5945363.5992;10.007250123;53.652792076
126209;2;5;18;526;2018;7;15;2;3;5;2;0;1;1;0;0;0;0;0;576185.0685;5940674.3027;10.151520482;53.609339273
126210;2;2;3;208;2018;7;8;5;3;6;3;0;1;0;1;0;0;0;0;563255.9846;5935278.0959;9.955039136;53.562562576
126211;2;5;2;505;2018;7;10;6;3;6;4;0;1;0;1;0;0;0;0;570655.5651;5936442.3376;10.067001216;53.572081605
126212;2;1;5;113;2018;7;14;3;3;0;7;0;0;0;0;1;0;0;0;567209.3421;5935026.1456;10.014662773;53.559806869
126213;2;4;5;413;2018;6;12;4;3;2;6;0;0;1;0;1;0;0;0;566889.3221;5937583.961;10.010380106;53.582835262
126214;2;4;7;416;2018;6;18;4;3;4;2;0;1;0;0;0;0;0;0;567209.2004;5935313.6627;10.014722475;53.562390852
126215;2;2;9;221;2018;7;8;5;3;5;3;0;1;0;0;0;0;0;0;557178.9607;5937640.5788;9.863732889;53.584492778
126216;2;1;13;131;2018;7;15;6;3;4;2;0;0;0;0;1;0;1;0;571642.9559;5931992.1962;10.080889611;53.531954319
126217;2;4;8;421;2018;6;15;4;3;0;3;0;0;1;0;0;0;0;0;568455.5899;5937277.8386;10.033967647;53.579882003
126218;2;3;5;317;2018;7;12;4;3;2;6;0;0;1;0;0;0;0;1;563339.1901;5939346.0255;9.957120729;53.599112226
126219;2;4;7;416;2018;6;18;4;3;4;6;0;1;0;0;0;0;0;0;567479.4458;5935612.7194;10.018866515;53.565043843
126220;2;7;16;717;2018;7;12;5;3;2;6;0;0;1;0;0;0;0;0;554287.759;5931013.017;9.818913055;53.525233736
126221;2;3;2;311;2018;7;20;4;3;5;3;0;1;1;0;0;0;0;0;564796.5722;5936265.2831;9.978500031;53.571246734
126222;2;1;16;137;2018;7;11;2;3;5;3;0;0;0;0;1;1;0;0;564463.9328;5930664.5187;9.97232321;53.520951933
126223;2;5;6;514;2018;7;12;3;3;5;3;0;1;1;0;0;0;0;0;573523.7927;5942256.9863;10.111677993;53.623942762
126224;2;4;8;422;2018;6;11;4;3;5;2;0;1;1;0;0;0;0;0;568576.1031;5936744.5451;10.035670427;53.575073505
126225;2;5;3;510;2018;7;10;6;3;0;3;0;0;0;0;0;0;1;0;570874.4951;5936404.2674;10.070298102;53.571709938
126226;2;5;2;509;2018;7;18;2;3;5;3;0;1;1;0;0;0;0;0;571580.6475;5938798.5178;10.081509016;53.593131066
126227;2;4;10;426;2018;6;15;4;3;3;2;0;0;1;0;1;0;0;0;569497.8613;5938759.9101;10.050037578;53.593064353
126228;2;5;1;504;2018;7;15;5;3;0;2;0;1;1;0;0;0;0;0;570112.6378;5936224.7569;10.058754924;53.57019904
126229;2;3;8;320;2018;6;22;4;3;3;2;2;1;1;0;0;0;0;0;559469.86;5940040.99;9.898791903;53.605811486
126230;2;7;12;713;2018;7;12;4;2;4;6;0;0;1;0;0;0;0;0;559604.3838;5928752.6102;9.898672272;53.504342122
126231;2;3;8;320;2018;7;8;6;3;0;6;0;1;0;0;0;0;0;0;559123.8672;5939787.0045;9.893515293;53.603567966
126232;2;2;3;210;2018;7;10;3;3;4;2;0;1;1;0;0;0;0;1;562073.7501;5934135.4078;9.936965455;53.552433967
126233;2;3;9;321;2018;6;12;4;3;2;7;0;1;1;0;0;0;0;0;561271.2536;5939425.3202;9.925892212;53.600070706
126234;2;2;11;224;2018;7;10;5;3;2;2;0;0;1;0;0;1;0;0;553438.287;5935341.3981;9.806839952;53.564223049
126235;2;3;2;312;2018;7;8;1;3;0;7;0;1;0;0;0;0;0;0;566118.1825;5935473.1743;9.998286845;53.563963001
126236;2;2;7;219;2018;7;5;3;3;5;3;0;1;1;0;0;0;0;0;560250.2124;5933767.7238;9.909373279;53.549341861
126237;2;5;2;508;2018;7;17;3;3;2;2;0;0;1;0;0;0;0;0;572337.7245;5936835.3541;10.092490291;53.575384373
126238;2;2;8;220;2018;6;7;4;3;4;2;0;1;1;0;0;0;0;0;557839.8588;5937921.8455;9.873767143;53.586948181
126239;2;1;7;120;2018;7;16;5;3;5;3;0;1;1;0;0;0;0;0;568916.6658;5934569.2777;10.040332973;53.555479552
126240;2;5;11;519;2018;7;18;1;3;1;5;0;1;0;0;0;0;1;0;571020.9362;5944682.6032;10.074396056;53.646086945
126241;2;4;13;432;2018;7;9;3;3;3;6;0;0;1;0;1;0;0;0;566736.33;5944997.11;10.009657998;53.649477476
126242;2;3;7;319;2018;6;14;4;3;4;6;0;0;1;0;0;0;0;0;559655.2318;5942252.6313;9.902016736;53.62566728
126243;2;2;8;220;2018;7;14;6;3;0;3;0;1;1;0;0;0;0;0;558232.3325;5937566.407;9.87962901;53.583710244
126244;2;4;8;421;2018;7;17;2;3;0;7;0;1;1;0;0;0;0;0;568616.963;5937533.8232;10.036460901;53.582161469
126245;2;3;1;304;2018;6;8;4;3;2;6;0;0;1;0;0;0;0;0;562536.2633;5936727.3271;9.944464587;53.575673573
126246;2;7;1;702;2018;7;8;4;3;4;2;0;0;1;0;0;0;1;1;565979.2917;5925034.1748;9.993991782;53.470162175
126247;2;3;2;312;2018;6;13;4;3;5;3;0;0;1;0;0;0;0;0;565824.5001;5934873.8801;9.993727164;53.558613928
126248;2;1;8;126;2018;7;18;4;2;2;6;0;0;1;0;1;0;1;0;569735.4641;5933962.7582;10.052555594;53.549920584
126249;2;1;5;114;2018;7;9;6;3;3;7;0;0;1;0;0;0;1;0;566696.5875;5934135.5291;10.006732973;53.55186813
126250;2;1;11;129;2018;7;16;2;2;8;1;0;0;1;0;0;0;0;0;572613.5522;5934704.3605;10.096159845;53.556195184
126251;2;6;14;615;2018;6;6;3;3;5;3;0;1;1;0;0;0;0;0;578277.736;5927039.502;10.179730545;53.486499111
126252;2;6;1;601;2018;7;14;4;3;3;6;0;0;1;0;0;0;1;0;580304.2886;5929408.5671;10.210871985;53.507483784
126253;2;5;11;519;2018;7;11;7;3;3;6;0;0;1;0;0;0;0;0;570372.0354;5945121.2624;10.064680742;53.650116807
126254;2;4;2;404;2018;7;9;3;3;5;2;0;1;1;0;0;0;0;0;565914.813;5938195.4143;9.995791533;53.588453896
126255;2;1;12;130;2018;6;7;3;3;4;2;0;0;1;0;0;1;0;0;573435.351;5935034.619;10.108640618;53.559048864
126256;2;5;4;512;2018;6;16;3;3;2;6;0;0;1;0;0;0;0;0;574460.5004;5938039.5445;10.124830392;53.585909191
126257;2;1;15;134;2018;7;19;5;3;5;3;0;1;0;0;1;0;0;0;567287.0253;5930735.5739;10.014912596;53.521236699
126258;2;7;1;702;2018;7;13;3;3;5;3;0;0;1;0;0;0;0;0;564935.714;5923455.8504;9.977946533;53.456106841
126259;2;1;20;141;2018;7;13;7;3;2;7;0;0;1;0;1;0;0;0;557235.4694;5932513.3316;9.863647223;53.538405193
126260;2;5;2;506;2018;6;8;3;3;0;7;0;1;0;0;0;0;0;0;570853.5495;5937272.4964;10.070178896;53.579515531
126261;2;4;6;415;2018;7;19;4;3;2;6;0;0;1;0;0;0;0;1;568076.8644;5936263.5783;10.028027156;53.570816029
126262;2;5;2;508;2018;6;6;3;3;5;3;1;0;1;0;0;0;0;0;572695.2847;5937274.0862;10.097991472;53.579277787
126263;2;3;1;309;2018;7;17;6;3;0;7;0;1;0;0;0;0;0;0;564430.4656;5936609.7166;9.973043364;53.574387337
126264;2;1;1;101;2018;7;9;2;3;2;6;0;0;1;0;0;0;0;0;566107.6207;5934664.6716;9.997956366;53.556698144
126265;2;5;7;515;2018;6;6;3;3;5;3;0;1;1;0;0;0;0;0;570081.2848;5938962.9817;10.058896463;53.594811687
126266;2;1;12;130;2018;7;13;4;2;4;7;0;0;1;0;0;0;0;1;574033.6111;5932103.6473;10.116976791;53.532624496
126267;2;5;10;518;2018;6;14;3;3;2;6;0;0;1;0;0;0;0;0;572886.9216;5945545.0994;10.102821035;53.6535814
126268;2;4;10;428;2018;7;7;4;3;5;3;0;1;1;0;0;0;0;0;569786.629;5939529.7892;10.05457204;53.599944896
126269;2;5;2;507;2018;7;13;5;3;4;2;0;0;1;0;0;0;0;0;571176.4271;5936735.6259;10.074932324;53.574646975
126270;2;5;4;512;2018;7;19;2;3;1;5;0;0;1;0;0;0;0;0;573904.67;5936374.62;10.11604137;53.571025404
126271;2;5;11;519;2018;6;11;3;3;5;3;0;1;1;0;0;0;0;0;571627.8699;5946256.819;10.083938725;53.660151422
126272;2;2;11;223;2018;7;9;4;3;0;5;0;1;1;0;0;0;0;0;554330.5229;5935147.5114;9.820276188;53.562388847
126273;2;4;11;430;2018;6;15;3;3;5;2;0;0;1;0;0;0;0;0;568082.6956;5942026.9352;10.029373603;53.622610995
126274;2;2;5;216;2018;7;12;7;3;1;5;0;0;1;0;0;0;1;0;559821.5945;5935854.883;9.903304433;53.568149141
126275;2;1;1;101;2018;7;15;3;3;3;6;0;0;1;0;0;0;0;0;566538.7684;5933561.8017;10.004229137;53.546731944
126276;2;4;13;432;2018;6;16;3;3;4;6;0;1;0;0;0;0;0;0;567407.3184;5945887.3895;10.020000781;53.657392407
126277;2;4;8;420;2018;6;18;3;1;0;1;0;0;1;0;0;0;0;0;568175.8037;5936521.5646;10.029577294;53.573121733