OBJECTID_1;ULAND;UREGBEZ;UKREIS;UGEMEINDE;UJAHR;UMONAT;USTUNDE;UWOCHENTAG;UKATEGORIE;UART;UTYP1;ULICHTVERH;IstRad;IstPKW;IstFuss;IstKrad;IstGkfz;IstSonstig;STRZUSTAND;LINREFX;LINREFY;XGCSWGS84;YGCSWGS84
126278;2;5;8;516;2018;7;19;5;3;5;3;0;0;1;0;0;0;0;0;569474.9878;5940710.6045;10.050126818;53.610598289
126279;2;2;8;220;2018;7;23;7;3;4;6;2;0;1;0;0;0;1;0;556648.9374;5939154.4112;9.856002402;53.598155917
126280;2;5;1;501;2018;6;11;3;3;5;3;0;0;1;0;0;0;1;0;568899.6253;5936208.9886;10.040437368;53.570218024
126281;2;3;8;320;2018;7;18;4;3;4;2;0;0;1;0;0;0;0;1;559085.528;5941046.1249;9.893174739;53.614888526
126282;2;4;7;416;2018;6;8;3;3;2;6;0;0;1;0;0;1;0;0;567918.1498;5935118.0021;10.02538177;53.560541155
126283;2;2;11;224;2018;7;19;6;3;4;2;0;0;1;0;1;0;0;0;553721.8582;5935584.0924;9.811162728;53.566375353
126284;2;4;2;403;2018;7;12;4;3;5;2;0;1;1;0;0;0;0;0;565026.3842;5938041.0495;9.982339825;53.587177522
126285;2;2;1;203;2018;6;9;3;3;5;3;0;1;1;0;0;0;0;0;562529.9968;5933905.7966;9.943805278;53.550316223
126286;2;2;3;209;2018;7;16;2;3;5;3;0;1;1;0;0;0;0;0;562494.4693;5935569.2218;9.943601732;53.565270262
126287;2;1;7;120;2018;7;18;3;3;4;2;0;1;1;0;0;0;0;0;568794.9387;5934996.5036;10.038589808;53.559335043
126288;2;2;1;201;2018;7;16;7;3;2;6;0;0;1;0;0;0;0;1;562912.1255;5933777.794;9.94954637;53.549120169
126289;2;7;2;703;2018;8;19;6;3;5;3;0;0;1;0;0;0;1;0;566092.2901;5924437.3924;9.995568326;53.464784504
126290;2;5;6;514;2018;8;14;3;3;5;3;0;1;1;0;0;0;0;1;574223.485;5939496.404;10.121597397;53.599035311
126291;2;1;4;112;2018;7;4;7;2;6;4;2;0;1;1;0;0;0;0;563546.0883;5933828.422;9.959123731;53.549498837
126292;2;3;6;318;2018;8;16;6;3;0;7;0;0;1;0;0;0;0;0;562911.467;5941859.7712;9.951165971;53.621755442
126293;2;5;5;513;2018;8;12;5;3;5;3;0;1;1;0;0;0;0;0;572959.9978;5937445.7545;10.102029022;53.580783795
126294;2;1;1;101;2018;8;23;2;2;0;7;2;0;1;1;0;0;0;0;566505.5898;5934183.6499;10.003860735;53.552324831
126295;2;1;4;112;2018;7;14;7;3;2;6;0;0;1;0;0;0;0;0;564059.8186;5933475.5321;9.96680415;53.546264877
126296;2;6;2;602;2018;8;15;3;3;5;3;0;0;1;0;0;0;0;0;579372.6887;5925915.6467;10.195944648;53.476235314
126297;2;1;12;130;2018;8;15;6;3;0;6;0;0;0;0;0;0;1;0;574068.3894;5935165.5293;10.118226523;53.560136389
126298;2;5;4;512;2018;7;14;2;3;6;4;0;0;1;1;0;0;0;0;575546.574;5937842.8742;10.141185892;53.583986417
126299;2;7;1;702;2018;7;12;6;3;2;2;0;0;1;0;0;0;0;0;565361.6544;5923590.3441;9.984388213;53.45726292
126300;2;4;6;415;2018;8;18;2;3;3;2;0;1;1;0;0;0;0;0;567359.3323;5936170.2802;10.017173483;53.570070158
126301;2;7;4;705;2018;8;7;4;3;6;4;0;0;1;1;0;0;0;0;566284.3903;5922068.3443;9.99796219;53.443468837
126302;2;6;2;603;2018;7;11;6;3;5;3;0;0;1;0;0;0;1;0;580733.9474;5927008.9121;10.216731428;53.485853144
126303;2;4;5;413;2018;8;7;6;3;4;6;0;1;0;0;0;0;0;0;566435.0924;5937236.3313;10.003446014;53.579768794
126304;2;4;10;426;2018;8;21;3;3;0;1;2;0;0;0;1;0;0;1;569666.0759;5938199.4382;10.052453472;53.588005055
126305;2;1;12;130;2018;7;16;6;3;3;2;0;0;0;0;1;0;1;0;573991.67;5931884.7944;10.11629241;53.530663592
126306;2;5;6;514;2018;8;20;5;3;5;2;0;0;1;0;0;0;0;1;574099.3851;5940301.3009;10.119913851;53.606286317
126307;2;1;11;128;2018;8;12;1;2;5;3;0;0;0;0;1;0;1;0;571984.6909;5934248.7062;10.086563639;53.552186844
126308;2;3;7;319;2018;8;11;5;3;3;2;0;1;1;0;0;0;0;0;560887.32;5943613.95;9.92091029;53.637760053
126309;2;1;8;125;2018;8;15;7;3;5;2;0;1;1;0;0;0;0;0;570064.0971;5934425.6247;10.057618633;53.554036643
126310;2;1;11;129;2018;7;15;6;3;9;1;0;0;0;0;1;0;0;0;572636.247;5934716.968;10.096505302;53.556305347
126311;2;5;10;518;2018;8;7;3;3;4;2;0;0;1;0;0;0;0;0;573178.6146;5945642.83;10.107256629;53.654418955
126312;2;4;4;407;2018;8;12;6;3;5;3;0;0;1;0;0;0;0;0;565359.9081;5939842.4723;9.987755051;53.603325786
126313;2;6;5;606;2018;7;16;1;3;2;2;0;1;1;0;0;0;0;0;579611.3908;5924425.0567;10.199162741;53.462803717
126314;2;4;6;414;2018;8;18;5;3;2;6;0;0;1;0;0;0;0;0;567191.5154;5936755.9132;10.014765782;53.575354848
126315;2;5;3;510;2018;8;1;1;3;2;6;2;0;1;0;0;0;0;0;570201.8768;5936249.892;10.060107898;53.570412997
126316;2;5;18;526;2018;7;10;6;1;3;2;0;0;1;0;1;0;0;0;576069.6721;5941762.0235;10.150042315;53.619131047
126317;2;5;4;512;2018;8;17;3;2;4;6;0;1;0;0;0;0;0;0;575022.5211;5937170.5962;10.133109802;53.578020029
126318;2;4;7;416;2018;8;17;6;2;2;6;0;1;0;0;0;0;0;0;567198.9198;5935290.7956;10.014562367;53.562186658
126319;2;4;8;423;2018;8;16;4;3;2;6;0;0;1;0;1;0;0;0;568924.0935;5937261.8805;10.041039221;53.579677228
126320;2;2;1;204;2018;7;17;2;3;1;5;0;1;1;0;0;0;0;0;562892.5543;5934518.9311;9.949400114;53.555783377
126321;2;1;12;130;2018;7;10;6;3;2;6;0;0;1;0;0;0;0;0;574617.7551;5933683.0094;10.126164813;53.546735388
126322;2;5;18;526;2018;7;8;6;3;6;2;0;0;1;1;0;0;0;0;577700.3006;5941282.9824;10.174569457;53.61458672
126323;2;4;2;403;2018;8;18;2;3;3;6;0;1;1;0;0;0;0;0;564940.845;5938486.094;9.981140459;53.591187836
126324;2;2;8;220;2018;8;7;3;3;0;7;0;0;1;0;1;0;0;0;558613.1915;5939283.0275;9.88570391;53.59909587
126325;2;5;10;518;2018;8;7;4;3;8;7;0;0;1;0;0;0;0;0;574640.8627;5944016.2806;10.12898651;53.639595024
126326;2;5;6;514;2018;7;21;6;3;7;1;0;1;1;0;0;0;0;0;574618.1701;5941719.243;10.128092577;53.618955399
126327;2;4;7;416;2018;8;13;6;3;0;7;0;1;0;0;0;0;0;0;567729.3531;5935328.6294;10.0225776;53.56245849
126328;2;1;5;114;2018;8;23;3;3;5;3;2;0;1;0;0;0;0;0;566669.2184;5934455.6428;10.006388194;53.554748534
126329;2;4;6;415;2018;8;20;2;3;2;6;0;0;1;0;0;0;0;0;568042.8933;5936185.2909;10.027497193;53.570116857
126330;2;5;2;506;2018;7;13;6;2;4;6;0;0;1;0;0;0;1;0;571439.527;5937754.5413;10.079138181;53.58376816
126331;2;3;3;313;2018;8;18;5;3;0;5;0;1;1;0;0;0;0;0;564746.7191;5936809.8849;9.977860243;53.576147362
126332;2;4;6;415;2018;8;11;1;3;5;3;0;1;1;0;0;0;0;0;567555.5755;5935695.2273;10.020033634;53.565775558
126333;2;1;5;113;2018;8;10;5;3;2;2;0;0;1;0;0;0;0;0;567327.7936;5934534.9428;10.016344919;53.555377166
126334;2;4;8;423;2018;8;16;7;2;5;2;0;1;1;0;0;0;0;1;569257.2634;5937179.1774;10.046052197;53.578890082
126335;2;4;11;430;2018;7;22;6;2;3;2;2;1;0;0;0;0;0;0;568715.4839;5940452.8905;10.038592028;53.608382375
126336;2;4;5;408;2018;8;15;3;3;2;6;0;0;1;0;0;0;0;0;567839.7957;5940002.2125;10.025260777;53.604446216
126337;2;7;14;715;2018;8;8;5;3;1;5;0;1;1;0;0;0;0;0;557104.1219;5924602.0676;9.860224797;53.467315803
126338;2;2;11;223;2018;7;14;1;3;1;5;0;1;1;0;0;0;0;0;551823.0186;5935549.8606;9.782488882;53.566258654
126339;2;5;7;515;2018;7;13;6;3;5;3;0;1;1;0;0;0;0;0;570690.8023;5939841.7534;10.068303495;53.60262733
126340;2;5;18;526;2018;8;15;7;3;2;6;0;0;1;0;1;0;0;0;576941.634;5939572.003;10.162681104;53.59932272
126341;2;6;2;603;2018;8;16;2;3;5;3;0;1;1;0;0;0;0;0;580116.011;5926355.4892;10.207254118;53.480075459
126342;2;3;3;313;2018;8;21;4;3;0;6;1;1;1;0;0;0;1;0;565400.2869;5936431.331;9.987650086;53.572664135
126343;2;5;17;525;2018;7;14;6;3;4;2;0;0;1;0;0;0;0;0;575326.9906;5945548.9712;10.139733718;53.653270505
126344;2;3;3;314;2018;8;9;6;3;3;2;0;1;1;0;0;0;0;0;565569.1095;5937499.8395;9.990423594;53.582245973
126345;2;5;12;520;2018;8;16;2;3;2;6;0;0;1;0;0;1;0;0;568689.5162;5944879.5725;10.039176628;53.648168369
126346;2;5;12;520;2018;7;7;6;3;5;3;0;1;1;0;0;0;0;0;569102.1842;5947940.5661;10.046099607;53.675622958
126347;2;2;14;227;2018;8;0;1;3;2;6;2;1;1;0;0;0;0;0;550547.18;5937208.0207;9.76349501;53.581286253
126348;2;7;13;714;2018;8;13;2;3;5;3;0;1;1;0;0;0;0;0;558474.0273;5925342.2945;9.880996374;53.47381838
126349;2;4;8;422;2018;8;18;4;3;4;2;0;0;1;0;1;0;0;0;568633.7265;5936683.8574;10.036527187;53.574520564
126350;2;4;13;432;2018;7;15;6;3;6;4;0;0;0;1;1;0;0;0;566352.8636;5944904.9973;10.00383783;53.648698429
126351;2;3;1;307;2018;8;8;6;3;5;3;0;1;0;0;0;0;0;0;563199.5612;5936051.7631;9.954343909;53.569522572
126352;2;1;7;119;2018;8;20;2;3;2;2;0;0;1;0;0;0;1;1;568700.4201;5934227.0943;10.036994021;53.552432654
126353;2;4;5;408;2018;7;15;6;2;0;7;0;0;0;0;0;0;1;0;566995.5555;5940200.8768;10.012546712;53.60634025
126354;2;1;12;130;2018;8;11;4;2;6;4;0;0;1;1;0;0;0;0;574022.0313;5932108.7808;10.116803332;53.532672262
126355;2;1;12;130;2018;8;14;7;3;2;6;0;0;1;0;0;0;0;0;573254.9788;5932750.3302;10.105383016;53.538545341
126356;2;1;12;130;2018;8;21;4;3;0;7;0;1;0;0;0;0;0;0;575147.3922;5934125.5225;10.134262959;53.550636653
126357;2;1;5;114;2018;8;23;7;3;6;7;2;0;1;0;0;0;1;0;566884.463;5934218.719;10.009586121;53.552591874
126358;2;4;6;415;2018;7;23;6;3;4;6;2;1;0;0;0;0;0;0;567956.0407;5936151.1106;10.026178449;53.569820931
126359;2;3;3;314;2018;8;19;3;3;5;3;0;1;1;0;0;0;0;0;565455.2909;5937390.4494;9.988681699;53.58127708
126360;2;4;9;424;2018;8;10;5;3;4;2;0;0;1;0;0;0;0;0;570073.7037;5936874.0824;10.058312816;53.576039747
126361;2;3;5;317;2018;7;17;7;3;8;1;0;0;1;0;0;0;0;0;562719.4489;5938809.8663;9.947649366;53.594368134
126362;2;2;9;221;2018;8;14;7;3;5;3;0;1;1;0;0;0;0;0;557157.2702;5936939.5181;9.863276886;53.57819434
126363;2;1;16;137;2018;8;16;3;3;6;4;0;0;0;1;0;0;1;0;566609.3834;5928057.7518;10.004124187;53.497256689
126364;2;5;1;501;2018;7;18;6;3;3;2;0;1;1;0;0;0;0;0;569254.7854;5935522.969;10.045647482;53.564005957
126365;2;6;2;602;2018;8;7;5;3;5;3;0;1;1;0;0;0;0;0;580289.7389;5926972.4325;10.210029128;53.485593269
126366;2;2;1;206;2018;8;15;2;3;3;7;0;1;1;0;0;0;0;0;563073.4362;5934974.5283;9.952222163;53.559856283
126367;2;4;6;415;2018;7;21;6;3;6;4;0;1;0;1;0;0;0;0;568043.5879;5936185.8623;10.027507804;53.570121903
126368;2;2;7;219;2018;8;14;4;3;0;7;0;0;0;0;1;0;0;0;557912.4657;5933490.9436;9.874042359;53.547117336
126369;2;1;16;137;2018;8;17;6;3;6;4;0;0;1;1;0;0;0;0;565748.4237;5928216.5101;9.991180803;53.498791813
126370;2;1;16;136;2018;7;22;2;3;1;5;2;0;1;0;0;0;0;0;567694.4608;5929868.6342;10.020869695;53.513393007
126371;2;4;6;415;2018;7;18;6;3;0;7;0;1;1;0;0;0;0;0;567216.7232;5935985.627;10.014980617;53.56842894
126372;2;5;10;518;2018;8;6;4;3;4;6;0;1;0;0;0;0;0;0;573713.5385;5946294.6542;10.115503472;53.660201612
126373;2;4;10;426;2018;8;20;7;3;0;7;0;1;0;0;0;0;0;0;569497.0855;5938606.2447;10.049991618;53.591683461
126374;2;5;18;526;2018;8;8;4;3;0;1;0;1;0;0;0;0;0;0;576507.1019;5939651.6455;10.156135817;53.600102052
126375;2;4;4;407;2018;8;17;6;3;1;6;0;0;1;0;0;0;0;0;567082.2596;5941347.2631;10.014103751;53.616631839
126376;2;3;1;306;2018;7;15;3;3;2;5;0;1;1;0;0;0;0;0;563211.948;5936719.6773;9.954666134;53.575523834
126377;2;3;9;321;2018;7;9;6;3;3;6;0;0;1;0;0;0;0;0;561001.6572;5939075.1435;9.921750308;53.596954991
126378;2;7;4;705;2018;8;12;2;3;0;7;0;1;1;0;0;0;0;0;566019.3339;5922008.7535;9.993959722;53.442966536
126379;2;3;9;321;2018;8;19;5;3;1;7;1;0;1;0;0;0;1;0;561819.581;5937529.9249;9.933801317;53.582971757
126380;2;3;9;321;2018;7;23;6;2;3;7;2;0;1;0;1;0;0;0;561923.5802;5936452.0887;9.935158209;53.57327259
126381;2;1;8;123;2018;7;9;6;3;5;2;0;1;1;0;0;0;0;0;570697.133;5934386.753;10.067163717;53.553602434
126382;2;1;12;130;2018;8;16;6;3;5;2;0;0;1;0;0;0;0;0;575847.45;5933529.9612;10.144682772;53.545183798
126383;2;4;11;430;2018;8;14;3;3;0;6;0;1;1;0;0;0;0;0;569756.9585;5943135.5242;10.054931362;53.632353487
126384;2;2;5;217;2018;7;13;6;3;5;3;0;1;1;0;0;0;0;0;559674.2692;5938071.0106;9.901503779;53.588083232
126385;2;1;3;106;2018;8;17;6;3;2;6;0;0;1;0;1;0;0;0;564891.5663;5934552.9096;9.97957866;53.555845447
126386;2;5;2;509;2018;8;5;5;3;5;3;1;0;1;0;0;0;0;0;572298.5302;5939080.5157;10.092418696;53.595566838
126387;2;1;1;101;2018;8;17;2;3;5;3;0;1;1;0;0;0;0;0;566407.0504;5934426.2347;10.002425123;53.554517466
126388;2;2;8;220;2018;7;7;6;3;3;2;0;1;0;0;0;1;0;0;558004.1532;5938068.3217;9.876275998;53.588246485
126389;2;6;5;606;2018;8;8;3;3;5;3;0;0;1;0;0;0;0;0;579631.5508;5924438.3796;10.199469707;53.462920399
126390;2;5;6;514;2018;8;21;6;3;6;3;2;0;0;1;0;0;1;0;575360.9848;5943007.7005;10.139632096;53.63042803
126391;2;4;10;426;2018;8;8;4;3;2;6;0;0;1;0;0;0;0;0;570269.6873;5938294.6434;10.061592031;53.588780116
126392;2;5;4;512;2018;7;12;2;3;0;3;0;1;1;0;0;0;0;0;575675.3454;5936331.6875;10.142764327;53.57038717
126393;2;1;6;115;2018;7;0;6;3;5;3;2;1;1;0;0;0;0;0;567142.5256;5933755.7526;10.013381359;53.548398167
126394;2;3;7;319;2018;7;16;6;3;4;7;0;0;1;0;1;0;0;0;560801.5752;5943213.5765;9.919535343;53.634171741
126395;2;2;7;219;2018;8;15;2;3;2;6;0;1;1;0;0;0;0;0;557265.9165;5933562.8367;9.864298724;53.547834389
126396;2;4;10;427;2018;8;8;3;3;1;5;0;0;1;0;0;0;0;0;569114.9457;5938001.0957;10.044085071;53.586295479
126397;2;6;2;602;2018;8;7;4;3;0;7;0;1;0;0;0;0;1;0;579749.5415;5926679.3523;10.20181545;53.483041574
126398;2;2;1;205;2018;7;19;6;3;1;6;0;0;1;0;1;0;0;0;563172.3008;5934296.9655;9.953577554;53.553754906
126399;2;5;1;501;2018;8;7;6;3;3;2;0;1;1;0;0;0;0;0;568900.0306;5935828.4075;10.040359534;53.566797656
126400;2;1;1;102;2018;8;18;3;3;5;3;0;1;1;0;0;0;0;0;565926.302;5933586.8004;9.994992362;53.547033864
126401;2;3;3;314;2018;7;9;6;3;6;7;0;0;1;1;0;0;0;0;565294.2412;5937545.757;9.986281984;53.582692938
126402;2;5;10;518;2018;8;14;2;3;5;3;0;1;1;0;0;0;0;0;573563.8425;5946113.9704;10.113195811;53.658598934
126403;2;4;8;423;2018;8;16;4;3;2;6;0;0;1;0;0;0;0;0;569072.4559;5937193.5555;10.04326458;53.579043669
126404;2;1;4;112;2018;8;21;5;3;6;4;2;0;1;1;0;0;0;0;563715.7804;5933488.2005;9.96161524;53.546420589
126405;2;1;4;111;2018;7;22;6;3;2;6;2;0;1;0;0;0;0;0;563848.102;5933853.1523;9.963686474;53.549684458
126406;2;5;7;515;2018;8;16;6;3;3;2;0;1;1;0;0;0;0;0;570621.6176;5940337.3199;10.067370446;53.607090291
126407;2;4;8;422;2018;8;14;3;3;0;2;0;1;0;0;0;0;0;1;568821.625;5936280.1296;10.039275394;53.570867612
126408;2;2;1;201;2018;7;13;6;3;0;7;0;1;0;0;0;0;0;0;563255.1582;5933701.9057;9.954707699;53.548396921
126409;2;6;1;601;2018;8;12;5;3;5;3;0;1;1;0;0;0;0;0;579170.7739;5928879.1733;10.193650654;53.50289815
126410;2;7;14;715;2018;8;17;1;2;9;7;0;0;0;0;0;0;1;0;556746.9601;5924060.1675;9.854747273;53.462483962
126411;2;2;7;219;2018;8;18;5;3;4;2;0;0;1;0;0;0;0;0;558966.9494;5933447.512;9.889946848;53.546609638
126412;2;4;4;407;2018;8;15;1;3;6;4;0;1;1;1;0;0;0;0;567685.1921;5940745.8518;10.023086198;53.61114935
126413;2;7;10;711;2018;7;7;6;3;2;6;0;0;0;0;0;1;0;0;565021.693;5924443.1524;9.979445395;53.464969532
126414;2;5;18;526;2018;8;17;3;3;0;7;0;0;0;0;1;0;0;0;574674.617;5939747.158;10.128473106;53.6012247
126415;2;2;6;218;2018;8;16;6;3;4;2;0;1;1;0;0;0;0;0;559019.9481;5935524.8339;9.891138853;53.565273614
126416;2;3;9;321;2018;8;8;4;3;1;5;0;1;1;0;0;0;0;0;560829.2817;5939653.943;9.919258975;53.602176906
126417;2;2;4;211;2018;7;16;2;3;0;3;0;1;1;0;0;0;1;0;561269.7856;5934362.6861;9.924876393;53.554571053
126418;2;7;4;705;2018;7;19;5;3;2;6;0;0;1;0;0;0;0;0;565579.8736;5923010.6979;9.987553322;53.452026286
126419;2;3;1;309;2018;8;16;2;3;0;7;0;1;0;0;0;0;0;0;564326.4137;5936242.8746;9.971396626;53.571103199
126420;2;2;4;212;2018;8;7;3;3;3;6;0;1;0;0;0;0;0;0;560963.2178;5934556.627;9.920287189;53.556349774
126421;2;4;4;407;2018;8;17;4;3;2;6;0;1;1;0;0;0;0;0;566282.6766;5940687.9756;10.001877955;53.610808535
126422;2;7;1;702;2018;7;12;5;3;0;7;0;0;0;0;1;1;0;1;565996.464;5924553.1633;9.994149418;53.465836996
126423;2;2;8;220;2018;8;13;6;3;4;2;0;1;1;0;0;0;0;0;558707.613;5939255.8467;9.887125408;53.598841016
126424;2;6;14;615;2018;8;20;2;3;1;5;1;0;1;0;0;0;0;1;577522.285;5927287.6974;10.168408992;53.488841423
126425;2;1;6;117;2018;7;15;5;3;3;2;0;1;0;0;0;1;0;0;567738.8138;5933797.7808;10.022388667;53.548699296
126426;2;1;1;101;2018;8;19;5;3;3;6;0;1;1;0;0;0;0;0;566259.4865;5934497.4646;10.000213094;53.555176271
126427;2;1;1;102;2018;8;20;1;3;0;7;0;1;0;0;0;0;1;0;565609.8074;5933746.0822;9.990249872;53.54850501
126428;2;1;16;137;2018;8;21;4;3;5;3;1;0;1;0;0;0;1;0;565695.067;5930194.313;9.990791044;53.516573618
126429;2;3;1;308;2018;8;23;7;2;1;7;2;1;0;0;0;0;1;0;563743.0696;5936102.4822;9.962560232;53.56991265
126430;2;1;7;119;2018;7;17;5;3;2;6;0;0;1;0;0;0;1;0;568501.9925;5934215.4102;10.033996845;53.552353576
126431;2;2;8;220;2018;8;15;3;3;0;7;0;0;1;0;1;0;0;0;557724.9458;5938466.7775;9.872132251;53.591858418
126432;2;5;18;526;2018;8;13;5;3;2;6;0;0;1;0;0;0;1;0;576353.3201;5939522.6481;10.153780872;53.598965218
126433;2;4;4;407;2018;8;11;2;3;5;3;0;0;1;0;1;0;0;1;567590.756;5941143.2174;10.021745232;53.614732695
126434;2;1;8;123;2018;7;13;5;2;5;2;0;0;1;0;1;0;0;0;569959.3754;5935378.085;10.056251359;53.562610422
126435;2;4;7;416;2018;8;9;5;2;0;7;0;1;0;0;0;0;0;0;567502.7096;5935635.1293;10.019222555;53.565242252
126436;2;5;18;526;2018;8;22;1;3;5;2;2;0;1;0;0;0;0;0;574785.5868;5939579.0391;10.130109378;53.599698031
126437;2;3;1;310;2018;8;19;5;3;2;5;0;1;1;0;0;0;0;0;563739.1468;5935484.3831;9.962374879;53.564358084
126438;2;5;2;505;2018;8;14;7;3;4;6;0;1;0;0;0;0;0;1;570360.9658;5936307.6609;10.062522839;53.570910856
126439;2;4;9;424;2018;7;11;5;3;2;6;0;0;1;0;0;0;0;0;569970.567;5937391.9878;10.056871539;53.580707942
126440;2;4;13;432;2018;8;18;3;3;5;3;0;1;1;0;0;0;0;0;566963.9797;5944426.0737;10.012978528;53.644316459
126441;2;2;3;209;2018;8;9;6;3;1;5;0;1;1;0;0;0;0;0;562420.9654;5935858.553;9.942549881;53.567879332
126442;2;5;7;515;2018;7;20;1;3;4;6;0;1;0;0;0;0;0;0;570832.458;5940068.4747;10.070495358;53.604645735
126443;2;5;2;507;2018;7;17;5;3;3;6;0;1;1;0;0;0;0;0;570836.4999;5936770.3697;10.069807488;53.575005228
126444;2;1;3;108;2018;8;19;1;3;8;1;0;0;0;0;1;0;0;0;564986.578;5934619.5748;9.98102655;53.556432831
126445;2;6;13;614;2018;8;17;2;2;6;4;0;0;1;1;0;0;0;0;570212.6021;5926400.8009;10.058061422;53.481896843
126446;2;3;5;317;2018;8;6;4;3;3;6;0;0;1;0;1;0;0;0;563684.647;5939835.3833;9.962440108;53.603468344
126447;2;5;11;519;2018;7;16;5;3;5;3;0;1;1;0;0;0;0;0;571627.5066;5946255.0695;10.083932825;53.660135749
126448;2;2;1;206;2018;8;3;6;3;1;5;2;0;1;0;0;0;0;0;562943.5767;5934601.5679;9.950186852;53.556519948
126449;2;5;6;514;2018;8;18;2;3;6;4;0;0;1;1;0;0;0;0;573905.0421;5940407.8024;10.117002487;53.607270872
126450;2;4;4;407;2018;7;18;5;3;2;6;0;0;1;0;1;0;0;0;566820.5892;5940815.1129;10.010034514;53.611882799
126451;2;5;3;511;2018;8;16;4;3;1;5;0;1;1;0;0;0;0;0;572906.696;5936225.8883;10.100939228;53.569828395
126452;2;4;9;424;2018;8;10;7;3;3;2;0;0;0;0;1;0;1;0;570083.1229;5936989.6243;10.058480984;53.577076866
126453;2;1;6;117;2018;8;16;4;3;5;3;0;0;1;0;1;0;0;0;567882.9109;5933458.7706;10.024489572;53.545633947
126454;2;7;9;710;2018;8;13;6;3;4;2;0;1;1;0;0;0;0;0;564526.764;5922955.3325;9.971685934;53.451658709
126455;2;2;14;227;2018;8;9;4;3;5;3;0;0;1;0;0;0;1;0;549754.5393;5936096.7644;9.751346523;53.57137432
126456;2;4;4;407;2018;8;8;4;3;5;2;0;1;1;0;0;0;0;0;567074.6059;5941629.4579;10.014048848;53.619168928
126457;2;4;6;414;2018;7;21;5;3;3;2;0;0;1;0;0;0;0;0;567017.0153;5936644.5713;10.012106932;53.574376524
126458;2;1;5;114;2018;8;13;3;3;2;7;0;0;1;0;0;0;0;0;567201.379;5934338.5484;10.014394739;53.553628332
126459;2;4;13;432;2018;8;17;5;3;3;6;0;1;1;0;0;0;0;0;567580.1037;5944296.7805;10.022269043;53.643075286
126460;2;2;14;227;2018;7;7;5;3;5;3;0;1;1;0;0;0;0;0;550069.7281;5937162.1992;9.756276632;53.58092022
126461;2;4;1;401;2018;8;3;7;3;1;5;2;1;1;0;0;0;0;0;564454.92;5937514.475;9.97359944;53.582515627
126462;2;5;6;514;2018;8;14;3;3;2;2;0;0;1;0;0;0;0;0;574313.4578;5941391.4166;10.123408623;53.616052625
126463;2;1;4;109;2018;7;18;1;3;4;7;0;0;1;0;0;0;0;0;564612.96;5934994.9663;9.975464984;53.559852701
126464;2;3;8;320;2018;7;15;5;3;5;7;0;0;1;0;0;0;0;0;559897.2976;5938350.8251;9.904926353;53.59057261
126465;2;4;11;430;2018;8;16;7;3;9;2;0;0;1;0;1;0;0;0;569518.9061;5943415.0441;10.051394432;53.634897188
126466;2;5;11;519;2018;8;13;2;3;1;5;0;1;0;0;0;0;1;1;571242.8826;5945730.3499;10.077993151;53.655472716
126467;2;1;18;139;2018;8;8;4;3;0;7;0;1;0;0;0;0;0;0;564287.8578;5931637.1936;9.969867537;53.529715264
126468;2;2;5;215;2018;7;15;5;2;5;3;0;1;1;0;0;0;0;0;560792.4451;5936170.3681;9.918023608;53.57087295
126469;2;1;1;102;2018;8;16;6;3;3;6;0;1;0;0;0;0;1;0;565660.8015;5933783.9071;9.991027342;53.548838578
126470;2;2;5;216;2018;8;21;2;2;3;6;2;1;0;0;0;0;0;0;560937.6161;5935014.2148;9.919989988;53.560465282
126471;2;3;1;301;2018;7;6;5;3;0;3;0;0;1;0;1;0;0;0;562729.2939;5937475.7772;9.94752984;53.582377087
126472;2;4;8;418;2018;8;19;4;3;5;3;0;0;1;0;0;0;0;0;567811.7094;5936876.3043;10.024156829;53.576357011
126473;2;3;1;304;2018;8;10;7;3;5;3;0;1;0;0;0;0;1;0;562328.8181;5936963.7861;9.941379286;53.5778234
126474;2;5;12;520;2018;8;8;4;3;5;3;0;0;1;0;0;0;1;0;570083.9331;5944975.9011;10.060289998;53.648849134
126475;2;2;5;215;2018;8;14;6;3;2;6;0;0;1;0;1;0;0;0;561236.262;5936223.462;9.924735119;53.571298512
126476;2;1;3;108;2018;7;11;3;3;2;6;0;0;1;0;0;1;0;0;565612.752;5934795.4173;9.990514538;53.557935276
126477;2;2;5;215;2018;8;17;4;3;1;6;0;0;1;0;0;0;0;0;560816.5031;5936256.7462;9.918403677;53.571646477
126478;2;2;3;208;2018;7;13;5;3;3;6;0;1;0;0;0;0;0;0;562884.1392;5935354.4058;9.949441221;53.563293086
126479;2;1;16;135;2018;8;1;2;3;8;1;2;0;1;0;0;0;0;0;569156.267;5929302.373;10.042785625;53.508113673
126480;2;3;3;314;2018;8;18;5;3;3;6;0;1;1;0;0;0;0;0;566071.2554;5937126.2212;9.997928174;53.578825174
126481;2;3;2;312;2018;7;13;5;3;6;4;0;1;0;1;0;0;0;0;565481.8966;5935251.3294;9.988634953;53.562049009
126482;2;5;6;514;2018;7;17;6;3;1;6;0;0;1;0;1;0;0;0;572447.438;5940301.2783;10.094951926;53.606517121