OBJECTID_1;ULAND;UREGBEZ;UKREIS;UGEMEINDE;UJAHR;UMONAT;USTUNDE;UWOCHENTAG;UKATEGORIE;UART;UTYP1;ULICHTVERH;IstRad;IstPKW;IstFuss;IstKrad;IstGkfz;IstSonstig;STRZUSTAND;LINREFX;LINREFY;XGCSWGS84;YGCSWGS84
126483;2;1;14;133;2018;8;17;6;3;5;3;0;0;1;0;1;0;0;0;568380.7034;5932338.7796;10.031756139;53.535503834
126484;2;5;10;518;2018;8;16;3;3;3;6;0;0;1;0;0;1;0;0;572936.349;5945036.594;10.103449412;53.649004687
126485;2;2;2;207;2018;7;20;5;3;3;2;1;1;0;0;0;0;0;0;564336.4029;5935448.1493;9.971383759;53.563959558
126486;2;1;1;102;2018;8;16;6;3;0;7;0;1;0;1;0;0;0;0;565680.7965;5933847.296;9.991342394;53.549405769
126487;2;3;1;304;2018;8;9;2;3;2;6;0;0;1;0;1;0;0;1;562529.21;5936734.68;9.944359552;53.575740496
126488;2;4;5;413;2018;8;22;5;3;0;6;2;1;1;0;0;0;0;0;566425.7363;5937297.7698;10.003317797;53.580322137
126489;2;1;12;130;2018;8;20;1;2;5;7;2;0;0;0;1;1;0;0;574153.0309;5935374.6631;10.119553735;53.562003894
126490;2;2;7;219;2018;8;13;4;3;0;1;0;0;0;0;1;0;0;0;558951.8119;5933444.3529;9.889717823;53.546582946
126491;2;1;3;108;2018;7;22;5;3;0;7;2;0;1;0;0;0;1;0;565520.1844;5934840.6799;9.989126821;53.558353625
126492;2;1;14;133;2018;8;21;3;3;2;2;2;0;1;0;1;0;0;0;568635.1026;5932409.809;10.035609509;53.53610901
126493;2;4;6;414;2018;8;16;6;3;4;3;0;1;1;0;0;0;0;0;567196.2041;5937057.314;10.014901456;53.57806298
126494;2;1;5;114;2018;7;19;5;3;1;5;0;1;1;0;0;0;0;0;567112.3464;5934407.7128;10.013065885;53.554261314
126495;2;2;5;216;2018;8;13;6;3;3;6;0;1;0;0;0;0;1;0;560231.3587;5934977.6735;9.90932189;53.560218394
126496;2;1;12;130;2018;8;9;5;3;4;6;0;0;1;0;1;0;0;0;576757.4677;5931054.1736;10.157806454;53.522802211
126497;2;3;2;312;2018;8;7;2;2;5;3;0;1;1;0;0;0;0;0;565876.56;5934872.09;9.994512585;53.558591309
126498;2;7;4;705;2018;7;22;4;3;6;6;2;0;0;1;1;0;0;0;566032.1805;5921720.5979;9.994092645;53.440375155
126499;2;7;14;715;2018;8;16;3;2;0;2;0;0;1;0;1;0;0;0;557036.7838;5924624.6235;9.859214625;53.467525826
126500;2;6;14;615;2018;8;15;6;2;5;3;0;0;1;0;0;0;0;0;578409.4053;5926707.3068;10.181631505;53.483494145
126501;2;6;12;613;2018;7;14;2;3;5;3;0;0;1;0;0;0;0;0;570667.1941;5927453.3482;10.065147524;53.491295395
126502;2;2;5;216;2018;8;8;4;3;0;4;0;0;0;1;1;0;0;0;560382.2874;5934986.9836;9.911601965;53.560284726
126503;2;1;13;131;2018;7;9;4;3;5;3;0;0;1;0;0;0;1;0;572787.8183;5932467.0156;10.098269312;53.536064146
126504;2;4;3;406;2018;8;13;2;3;4;2;0;0;1;0;0;1;0;0;565974.1134;5941766.2593;9.997443137;53.620538163
126505;2;1;5;114;2018;8;17;5;3;0;4;0;0;0;1;0;0;1;0;566760.8138;5934150.4782;10.007705446;53.551994318
126506;2;5;3;510;2018;7;14;4;3;2;6;0;0;1;0;0;0;1;0;571249.5676;5935889.4072;10.075843643;53.567032096
126507;2;4;3;406;2018;8;7;6;3;5;2;0;1;1;0;0;0;0;0;566177.7974;5941881.6173;10.000546579;53.6215492
126508;2;4;8;420;2018;8;9;3;3;0;1;0;0;0;0;1;0;0;0;568435.5479;5936932.5606;10.033589286;53.576781574
126509;2;5;8;516;2018;7;9;4;3;5;3;0;1;0;0;0;0;1;0;569894.0981;5940482.7015;10.056409439;53.608494384
126510;2;1;6;117;2018;8;15;5;3;5;3;0;1;1;0;0;0;0;0;568021.5979;5933934.8447;10.02668582;53.549894553
126511;2;7;4;705;2018;8;2;1;3;0;7;2;1;1;0;0;0;0;0;565938.0296;5922182.7836;9.992772305;53.444540792
126512;2;2;7;219;2018;8;7;5;2;5;3;0;1;1;0;0;0;0;0;557489.39;5933578.78;9.867674055;53.547953261
126513;2;7;9;710;2018;8;18;7;3;5;3;0;0;1;0;1;0;0;0;563738.4416;5923777.109;9.959983268;53.459140353
126514;2;3;8;320;2018;8;7;4;3;5;2;0;1;0;0;0;0;1;0;559840.1798;5938587.6976;9.904108982;53.592708003
126515;2;4;12;431;2018;7;5;4;3;3;6;0;1;1;0;0;0;0;0;567999.7251;5942409.5961;10.028202946;53.626060763
126516;2;5;11;519;2018;8;11;3;3;3;6;0;0;1;0;1;0;0;0;572245.3574;5945727.0149;10.093158047;53.655305241
126517;2;3;1;310;2018;8;13;6;3;1;7;0;0;1;0;0;0;0;0;563565.1254;5935458.8547;9.959742603;53.56414976
126518;2;1;5;114;2018;7;8;2;3;0;7;0;1;0;0;0;0;0;0;566715.0194;5934139.652;10.007012021;53.551902842
126519;2;3;1;303;2018;8;9;4;2;1;6;0;1;1;0;0;0;0;0;562633.0811;5937137.9388;9.94600896;53.579352324
126520;2;4;13;432;2018;7;16;4;3;1;6;0;0;1;0;1;0;0;0;567816.3704;5947426.5498;10.026525543;53.67117193
126521;2;4;6;414;2018;8;20;1;3;0;7;0;1;0;0;0;0;0;0;567153.7583;5937017.9155;10.014252008;53.577714336
126522;2;1;5;114;2018;8;18;3;3;1;6;0;0;1;0;0;0;0;0;566588.0541;5934776.3889;10.005231536;53.557641445
126523;2;4;5;411;2018;8;18;4;3;1;5;0;1;1;0;0;0;0;1;568195.6762;5938032.5694;10.030207487;53.586698697
126524;2;4;13;432;2018;7;17;4;3;8;1;0;0;0;0;1;0;0;1;567876.8685;5945073.2364;10.026926877;53.65001489
126525;2;4;5;408;2018;7;18;2;3;0;7;0;0;0;0;1;0;0;0;567306.7414;5939634.8498;10.017126817;53.60121343
126526;2;3;9;321;2018;7;19;4;3;5;3;0;1;1;0;0;0;0;0;560885.3753;5939220.146;9.920021824;53.598271702
126527;2;3;6;318;2018;8;12;2;3;5;3;0;1;1;0;0;0;0;0;562093.9439;5943510.1539;9.93913688;53.636685447
126528;2;2;11;224;2018;8;16;3;3;5;3;0;1;1;0;0;0;0;0;554017.6559;5935786.9146;9.815663646;53.568167883
126529;2;5;17;525;2018;8;15;4;3;5;3;0;1;1;0;0;0;0;0;576961.1097;5944850.9868;10.164280347;53.646760137
126530;2;3;8;320;2018;7;9;4;3;0;7;0;0;0;0;0;1;0;0;560597.2883;5939470.3049;9.915717859;53.600553359
126531;2;4;6;415;2018;8;17;6;2;3;6;0;0;1;0;1;0;0;0;567936.9284;5935910.0473;10.025837458;53.56765694
126532;2;3;2;312;2018;8;13;3;3;2;6;0;0;1;0;0;0;0;0;566093.633;5934783.4201;9.997770355;53.557767124
126533;2;4;10;426;2018;8;16;2;3;2;6;0;0;1;0;0;0;0;0;570211.6694;5938349.3547;10.060728011;53.589279579
126534;2;2;10;222;2018;7;16;4;3;2;6;0;0;1;0;0;0;1;1;556394.9713;5933722.6498;9.851184214;53.549364989
126535;2;2;7;219;2018;8;4;5;2;6;2;2;0;1;1;0;0;0;0;560772.5373;5933402.2023;9.917184738;53.54599656
126536;2;4;7;416;2018;8;13;1;3;4;6;0;1;1;0;0;0;0;0;567564.8578;5935617.2156;10.020156892;53.565073261
126537;2;2;2;207;2018;8;10;5;3;6;4;0;1;0;1;0;0;0;0;563773.5842;5935112.0421;9.962818758;53.561007557
126538;2;4;12;431;2018;8;1;7;3;5;3;2;0;1;0;0;0;0;0;568259.489;5943456.6064;10.03235973;53.63543646
126539;2;2;3;208;2018;8;15;4;3;1;5;0;1;0;0;0;0;1;0;563361.4168;5935356.4326;9.956646595;53.563253895
126540;2;2;9;221;2018;7;10;4;3;3;2;0;1;0;0;0;1;0;0;557310.8684;5936053.6727;9.865433871;53.570216015
126541;2;4;5;408;2018;8;23;3;3;3;6;2;1;0;0;0;0;0;0;567010.1304;5939933.9639;10.012709563;53.603939611
126542;2;1;3;108;2018;8;9;6;3;0;7;0;1;0;0;0;0;1;0;565452.8035;5934436.8099;9.988025197;53.554732351
126543;2;4;10;426;2018;7;0;1;3;5;2;2;0;1;0;0;0;0;0;569878.3925;5938576.5979;10.055744854;53.59136634
126544;2;2;5;217;2018;7;23;4;3;0;7;2;1;0;0;0;0;0;0;558347.2539;5936282.4215;9.881124735;53.572157663
126545;2;1;17;138;2018;8;12;1;3;5;3;0;0;1;0;0;0;0;0;564941.5557;5931430.2074;9.979684927;53.527774627
126546;2;6;4;605;2018;8;13;2;2;1;5;0;0;1;0;1;0;0;0;584616.123;5920615.7156;10.273503324;53.427790754
126547;2;2;1;201;2018;8;18;4;3;6;3;0;1;0;1;0;0;0;0;562839.76;5933979.87;9.948494917;53.550944965
126548;2;3;6;318;2018;7;19;4;3;5;3;0;1;1;0;0;0;0;0;563045.5981;5942095.1444;9.953241272;53.623854667
126549;2;3;3;314;2018;8;13;6;3;0;7;0;1;1;0;0;0;0;0;564865.976;5937316.0126;9.979766248;53.580681318
126550;2;4;11;430;2018;8;23;2;3;5;3;2;0;1;0;0;0;0;1;567862.9325;5942039.6008;10.026054251;53.622753347
126551;2;4;2;403;2018;7;17;4;3;6;4;0;0;1;1;0;0;0;0;564786.3723;5938370.3321;9.978782982;53.590166569
126552;2;5;7;515;2018;8;19;4;3;6;4;0;1;0;1;0;0;0;0;571325.5398;5940622.9292;10.078072797;53.609561688
126553;2;4;4;407;2018;8;0;7;3;1;5;2;0;1;0;0;0;0;0;567051.2845;5940781.542;10.013513792;53.611551618
126554;2;5;6;514;2018;8;11;4;3;2;6;0;0;1;0;0;0;1;0;574366.188;5940100.868;10.123897544;53.604447272
126555;2;4;12;431;2018;8;18;6;3;3;6;0;0;1;1;0;0;0;0;566546.1464;5943123.7688;10.006380314;53.632665853
126556;2;2;7;219;2018;8;9;6;3;0;2;0;1;1;0;0;0;0;0;560196.2662;5934342.8392;9.908669897;53.554516876
126557;2;1;11;129;2018;8;8;2;3;5;3;0;0;1;0;0;0;0;0;571593.463;5935097.4004;10.080853846;53.559867543
126558;2;3;1;305;2018;7;14;4;2;4;7;0;0;1;0;1;0;0;0;563596.0003;5936584.9388;9.960437993;53.574266479
126559;2;1;16;137;2018;8;8;4;2;4;6;0;0;1;0;0;1;1;0;566165.7599;5925805.6691;9.996963004;53.477072467
126560;2;1;12;130;2018;8;22;7;3;2;2;2;0;1;0;0;0;0;0;573304.6082;5933653.3643;10.106343354;53.546653922
126561;2;6;2;603;2018;8;16;4;3;5;3;0;0;1;0;0;0;0;0;581880.3685;5926734.9658;10.233933178;53.483214182
126562;2;1;1;101;2018;8;15;7;3;2;6;0;0;1;0;0;0;0;0;566634.9721;5934095.5487;10.005794573;53.551516642
126563;2;1;1;102;2018;8;7;4;3;3;6;0;1;1;0;0;0;0;0;565908.58;5934067.8;9.994826318;53.551358948
126564;2;3;5;317;2018;7;7;4;3;5;3;0;1;1;0;0;0;0;0;563560.565;5938210.4644;9.960233978;53.588879836
126565;2;2;1;203;2018;8;10;3;3;2;6;0;0;1;0;1;0;0;0;562867.6891;5933766.3132;9.948873474;53.549022309
126566;2;5;3;510;2018;8;7;5;3;5;3;0;1;1;0;0;0;0;0;571336.8536;5935755.7561;10.077130854;53.565819117
126567;2;5;4;512;2018;7;0;7;3;6;2;2;0;1;1;0;0;0;0;575142.7135;5936824.9874;10.134841563;53.57489691
126568;2;2;3;210;2018;7;10;4;3;4;2;0;0;1;0;0;0;0;0;562427.5113;5934471.9211;9.942371675;53.555416391
126569;2;5;1;504;2018;8;12;7;3;3;2;0;1;1;0;0;0;0;0;569815.0632;5936664.9339;10.054360567;53.574194609
126570;2;4;5;408;2018;8;19;2;3;2;6;1;0;1;0;0;0;0;0;567825.2441;5939796.3605;10.024996103;53.602598092
126571;2;1;16;137;2018;8;20;3;3;2;6;1;0;1;0;1;0;0;1;566638.9994;5928048.1662;10.004568531;53.49716679
126572;2;2;4;214;2018;7;14;4;3;2;6;0;0;1;0;1;0;0;0;561335.2362;5933461.11;9.925687382;53.546460566
126573;2;7;1;702;2018;8;11;5;3;5;3;0;1;1;0;0;0;0;0;565638.9861;5923591.8327;9.988564635;53.457241818
126574;2;3;4;316;2018;8;14;2;3;3;2;0;0;1;0;0;0;1;0;564276.6265;5937551.1415;9.970914273;53.582867041
126575;2;3;1;309;2018;7;11;4;3;5;3;0;1;1;0;0;0;0;0;564330.8946;5936697.1435;9.971557871;53.575185286
126576;2;2;11;223;2018;8;9;4;3;2;6;0;0;1;0;0;0;0;0;554520.691;5934964.5415;9.823115075;53.560724656
126577;2;7;6;707;2018;8;7;6;3;4;6;0;1;0;0;0;0;0;0;565312.7499;5920661.2662;9.983043857;53.430944098
126578;2;7;12;713;2018;7;16;2;3;2;6;0;0;1;0;0;1;0;0;560488.5977;5929790.4113;9.912202243;53.513568424
126579;2;1;19;140;2018;8;18;4;3;3;6;0;0;1;0;0;1;0;0;561173.895;5930505.8826;9.922675146;53.519919415
126580;2;2;2;207;2018;7;16;4;3;3;7;0;1;1;0;0;0;0;0;563947.0026;5935454.8196;9.965506681;53.564067101
126581;2;5;18;526;2018;8;8;2;3;3;6;0;1;1;0;0;0;0;0;575997.6515;5940219.0617;10.148577316;53.605275377
126582;2;1;3;106;2018;8;8;5;3;3;7;0;0;1;0;1;0;0;0;564276.4576;5934018.7045;9.970184844;53.551120062
126583;2;1;1;101;2018;7;16;4;3;4;2;0;0;1;0;0;0;0;0;566658.7826;5933952.0659;10.006123321;53.55022411
126584;2;2;9;221;2018;7;11;3;3;2;6;0;0;0;0;0;0;1;0;557305.4424;5936083.8208;9.865357477;53.570487565
126585;2;1;19;140;2018;8;14;4;3;3;7;0;0;1;0;1;0;0;0;561073.4555;5930020.0196;9.921065735;53.51556441
126586;2;1;3;108;2018;7;14;4;3;3;7;0;0;1;0;0;0;0;0;565472.0038;5934682.4984;9.988366444;53.556938021
126587;2;7;13;714;2018;8;7;2;3;2;6;0;0;1;0;0;0;1;0;559461.852;5925745.9608;9.895953832;53.477335739
126588;2;4;6;414;2018;8;6;5;3;3;2;0;0;1;0;0;0;0;0;566960.7914;5936785.6994;10.011288238;53.575652044
126589;2;6;1;601;2018;7;17;3;3;2;6;0;0;1;0;0;0;0;0;580274.9014;5929579.7372;10.21047281;53.509026517
126590;2;6;2;602;2018;8;12;6;3;5;3;0;1;1;0;0;0;0;0;579764.6167;5927340.0931;10.20221048;53.488977178
126591;2;5;7;515;2018;8;18;3;3;2;2;0;0;1;0;0;0;0;0;571352.1446;5941546.7145;10.078686452;53.617860037
126592;2;6;1;601;2018;7;18;3;3;1;6;0;0;1;0;0;0;1;0;578681.293;5929819.4127;10.186508519;53.511421282
126593;2;1;4;111;2018;8;12;6;3;1;5;0;0;1;0;0;0;0;0;563834.8823;5934012.6299;9.963519533;53.551119342
126594;2;5;2;508;2018;8;10;5;3;3;7;0;0;1;0;0;0;0;0;571581.2779;5937931.9915;10.081319704;53.585343565
126595;2;1;4;109;2018;8;19;2;3;4;2;0;1;1;0;0;0;0;1;564603.5497;5935128.2343;9.97535049;53.561051576
126596;2;7;4;705;2018;7;11;3;3;5;3;0;1;1;0;0;0;0;0;565892.4869;5922498.2375;9.992152783;53.4473816
126597;2;1;13;131;2018;7;20;3;3;5;3;0;0;1;0;0;0;0;0;573657.404;5931923.2868;10.11125953;53.531056486
126598;2;6;1;601;2018;8;12;3;3;1;6;0;0;1;0;0;0;0;0;579078.9086;5929862.898;10.192514084;53.511752421
126599;2;1;8;122;2018;8;14;6;3;2;6;0;0;1;0;0;0;0;1;569968.9172;5935407.7995;10.056402049;53.562876195
126600;2;5;18;526;2018;7;21;2;3;1;5;0;0;1;0;0;0;0;0;576532.1096;5942638.3276;10.157247432;53.626938717
126601;2;6;2;602;2018;7;7;3;3;4;2;0;1;1;0;0;0;0;0;579508.2525;5927330.0296;10.198344944;53.488925537
126602;2;1;12;130;2018;7;12;3;3;5;2;0;1;1;0;0;0;0;0;572805.7064;5933049.2789;10.098674646;53.541294444
126603;2;4;8;418;2018;8;8;2;3;0;2;0;1;1;0;0;0;0;0;568018.174;5936206.2062;10.027128534;53.570308031
126604;2;5;1;501;2018;8;17;4;3;2;6;0;1;1;0;0;0;0;0;569034.398;5935672.2152;10.042353535;53.565376283
126605;2;5;1;502;2018;8;18;3;3;5;2;0;1;1;0;0;0;0;0;569537.8441;5936022.2006;10.050031605;53.568455151
126606;2;6;1;601;2018;8;15;4;3;4;6;0;0;1;0;0;0;0;0;580317.1089;5928732.5335;10.210892079;53.501406545
126607;2;1;8;122;2018;7;10;3;3;0;2;0;1;1;0;0;0;0;0;569533.0146;5934826.4163;10.049692575;53.557709198
126608;2;4;5;409;2018;8;14;6;3;0;7;0;0;0;0;1;0;0;0;566092.603;5938646.7375;9.998572631;53.592487633
126609;2;1;4;111;2018;8;8;3;3;5;3;0;0;1;0;1;0;0;0;563745.1587;5933933.272;9.962149282;53.550417028
126610;2;5;2;508;2018;7;6;3;2;6;7;0;0;1;1;0;0;0;0;572451.9767;5937195.9438;10.094299142;53.578609194
126611;2;4;9;424;2018;8;16;5;2;5;2;0;0;1;0;1;0;0;0;570263.7265;5937404.2684;10.061301503;53.580779115
126612;2;1;8;123;2018;8;0;1;3;4;2;2;0;1;0;0;0;0;0;570312.7718;5935117.6021;10.061527344;53.560222225
126613;2;2;3;210;2018;8;11;5;3;5;3;0;1;1;0;0;0;0;0;562873.2033;5934824.2935;9.94916947;53.558530094
126614;2;5;18;526;2018;8;14;7;3;2;6;0;0;1;0;0;0;0;1;576422.7632;5941139.4715;10.155226492;53.613484977
126615;2;6;5;606;2018;7;9;3;3;4;6;0;1;1;0;0;0;0;0;581047.9522;5922642.5335;10.220336513;53.446565631
126616;2;5;3;510;2018;8;17;6;3;5;3;0;1;1;0;0;0;0;0;570254.0501;5936250.6892;10.06089579;53.570413178
126617;2;4;10;428;2018;8;16;3;3;0;7;0;1;1;0;0;0;0;0;569101.8472;5938894.2105;10.044085085;53.594323665
126618;2;5;2;506;2018;7;18;3;3;6;4;0;0;1;1;0;0;0;0;571595.5502;5937463.1741;10.081427703;53.581128381
126619;2;7;7;708;2018;8;7;5;3;0;3;0;1;1;0;0;0;0;0;566022.3378;5919963.9475;9.993576187;53.424588632
126620;2;1;2;104;2018;8;18;2;3;3;2;0;0;1;0;1;0;0;0;566690.2098;5933322.2494;10.006463284;53.544559825
126621;2;5;1;504;2018;8;15;5;3;2;6;0;0;1;0;0;0;0;0;570094.7763;5936205.5142;10.058480933;53.570028492
126622;2;4;13;432;2018;8;16;1;2;1;5;0;0;1;0;0;0;0;0;567135.5754;5944303.6524;10.015547412;53.643194265
126623;2;1;11;129;2018;7;16;3;3;1;6;0;0;1;0;0;0;1;0;571588.7008;5935112.4316;10.080785408;53.560003278
126624;2;5;11;519;2018;7;14;3;3;5;3;0;0;1;0;0;0;0;0;571625.9455;5946247.5509;10.083907472;53.660068394
126625;2;5;18;526;2018;8;6;3;3;5;3;0;1;1;0;0;0;0;0;576127.7785;5941934.1822;10.150962679;53.620669739
126626;2;3;9;321;2018;8;6;6;3;0;3;0;0;1;0;1;0;0;0;561212.5016;5937996.3859;9.924724048;53.587235227
126627;2;2;4;213;2018;7;18;2;3;5;3;0;1;1;0;0;0;0;0;561276.1743;5933955.0374;9.924892918;53.550906598
126628;2;5;3;510;2018;7;18;3;3;4;2;0;0;1;0;0;0;0;0;570935.7103;5936435.5201;10.071229454;53.571982533
126629;2;4;5;411;2018;7;21;3;3;0;7;2;0;0;0;1;0;0;0;568328.9168;5937875.7374;10.032185601;53.585271889
126630;2;3;3;313;2018;8;15;2;3;6;4;0;1;0;1;0;0;0;0;565466.9679;5936494.3694;9.988670129;53.573222358
126631;2;3;4;316;2018;8;11;3;3;3;7;0;0;1;0;0;0;1;0;564245.4981;5937597.9675;9.970453785;53.583291693
126632;2;5;11;519;2018;8;9;4;2;6;4;0;0;1;1;0;0;0;0;571179.3117;5945463.2038;10.076970236;53.65308057
126633;2;4;5;409;2018;7;15;3;3;4;6;0;1;0;0;0;0;0;0;568330.6784;5938574.0341;10.032365157;53.591547307
126634;2;3;8;320;2018;8;6;6;3;3;6;0;0;1;0;0;0;0;0;559937.4136;5940167.9981;9.90588169;53.606899683
126635;2;5;12;520;2018;8;6;4;3;4;6;0;1;0;0;0;0;0;1;568705.0352;5943458.5122;10.039097398;53.635395295
126636;2;1;16;137;2018;8;13;2;3;6;4;0;0;0;1;0;0;1;0;566555.1467;5928078.8304;10.003311189;53.497452994
126637;2;4;6;414;2018;7;9;3;3;4;2;0;0;1;0;1;0;0;0;567119.9983;5937140.2743;10.013768514;53.578818314
126638;2;2;1;201;2018;8;8;5;3;5;3;0;1;0;0;0;0;0;0;563198.6942;5933556.1217;9.953826158;53.547093507
126639;2;2;7;219;2018;8;9;1;3;0;1;0;1;0;0;0;0;0;0;557446.3691;5934345.4159;9.86716569;53.554848159
126640;2;7;1;702;2018;8;19;4;3;5;7;0;0;1;0;0;0;1;0;565365.4143;5923782.5697;9.984484793;53.458990063
126641;2;2;8;220;2018;8;8;7;2;2;6;0;0;1;0;0;0;0;0;557401.2;5937671.797;9.867095308;53.584749072
126642;2;5;7;515;2018;7;18;3;3;2;6;0;0;1;0;0;0;0;0;570533.1383;5940503.0315;10.06607094;53.608591451
126643;2;4;8;422;2018;7;17;3;3;5;2;0;1;1;0;0;0;0;0;568745.3577;5936956.9322;10.0382729;53.576960092
126644;2;3;8;320;2018;8;15;3;3;5;3;0;1;1;0;0;0;0;0;559867.8093;5940382.3037;9.904871024;53.608833688
126645;2;7;7;708;2018;8;17;5;3;5;2;0;0;1;0;0;0;0;0;565257.4269;5919197.9485;9.981908205;53.417799431
126646;2;3;6;318;2018;7;16;1;3;2;6;0;0;1;0;1;0;0;0;564148.0056;5943868.8606;9.970272599;53.639661492
126647;2;5;7;515;2018;7;15;3;3;5;2;0;1;1;0;0;0;0;0;570303.2221;5939104.5612;10.062281122;53.596054341
126648;2;2;8;220;2018;7;17;3;3;1;6;0;0;1;0;0;0;0;0;557899.5792;5938238.2129;9.87472792;53.589784939
126649;2;5;2;507;2018;8;22;7;3;5;2;2;0;1;0;0;0;0;0;571178.8935;5936737.5095;10.074969995;53.574663568
126650;2;5;6;514;2018;8;13;2;3;3;7;0;0;1;0;1;0;0;1;573940.3489;5940387.4966;10.117531185;53.607083406
126651;2;1;6;115;2018;8;17;4;3;3;6;0;0;1;0;0;0;0;1;566691.137;5933871.899;10.006594486;53.549499525
126652;2;4;2;405;2018;7;15;3;3;5;3;0;0;1;0;0;0;0;0;564970.9016;5939615.588;9.98182983;53.601335106
126653;2;5;9;517;2018;8;13;3;2;5;3;0;1;1;0;0;0;0;0;571152.2568;5943409.2402;10.076090942;53.634625553
126654;2;2;1;204;2018;8;17;6;3;4;6;0;1;0;0;0;0;0;0;562834.6695;5934801.3163;9.94858321;53.558328205
126655;2;1;12;130;2018;7;0;1;3;0;7;2;1;0;0;0;0;0;1;575953.1974;5934002.1138;10.14639302;53.549411655
126656;2;5;10;518;2018;7;20;3;3;0;7;0;1;1;0;0;0;0;0;572620.932;5945039.1941;10.098679062;53.649071931
126657;2;3;3;314;2018;7;10;3;3;5;3;0;1;0;0;0;0;1;0;565442.4764;5937490.4232;9.988509135;53.582177164
126658;2;2;8;220;2018;8;0;1;3;0;7;2;0;0;0;1;0;0;0;557488.824;5938895.24;9.86864426;53.595735169
126659;2;1;16;137;2018;8;4;2;3;0;7;2;1;0;0;0;0;0;0;564815.5405;5929653.3994;9.97741657;53.511821421
126660;2;3;6;318;2018;8;21;4;3;5;3;2;1;1;0;0;0;0;0;563248.6632;5941214.5427;9.956132247;53.615916002
126661;2;7;13;714;2018;7;14;2;3;5;3;0;1;1;0;0;0;0;0;558526.8;5925694.21;9.881856944;53.476975407
126662;2;3;5;317;2018;8;9;6;3;5;3;0;0;1;0;0;0;0;0;563705.0913;5939918.9594;9.962766109;53.604216978
126663;2;1;14;132;2018;8;13;2;3;1;6;0;0;1;0;0;0;0;0;569381.4532;5932951.5313;10.04698898;53.540879485
126664;2;7;13;714;2018;7;7;2;3;5;2;0;1;1;0;0;0;0;0;559742.983;5926324.409;9.900299317;53.482502766
126665;2;1;11;128;2018;8;11;4;2;1;6;0;0;1;0;1;0;0;0;572210.2185;5933437.3994;10.08977982;53.544864683
126666;2;1;8;121;2018;8;14;7;3;0;7;0;0;0;0;0;0;1;0;569263.2387;5934848.4954;10.045625591;53.557943292
126667;2;1;12;130;2018;8;17;4;3;6;4;0;0;1;1;0;0;0;0;573384.001;5933126.6422;10.107417765;53.541909222
126668;2;1;5;114;2018;8;17;7;3;6;4;0;0;1;1;0;0;0;1;566934.5167;5934185.8737;10.010334495;53.552290307
126669;2;5;11;519;2018;7;17;3;3;2;6;0;0;1;0;0;0;0;0;570927.131;5944640.6393;10.072967683;53.645722545
126670;2;6;11;612;2018;7;18;2;3;5;7;0;0;1;0;1;0;0;0;572272.6906;5928113.4521;10.089494051;53.497009712
126671;2;1;1;101;2018;8;14;3;3;3;6;0;0;1;0;0;0;0;0;566200.3952;5934625.3428;9.99934832;53.556332995
126672;2;5;9;517;2018;8;18;5;3;3;6;0;0;1;0;0;0;0;0;572211.3707;5943547.4342;10.092137647;53.635722442
126673;2;1;12;130;2018;7;22;2;3;4;2;2;1;1;0;0;0;0;0;575800.006;5931293.1195;10.143425153;53.52508854
126674;2;2;8;220;2018;8;18;7;3;3;6;0;0;1;0;0;0;0;0;558008.9231;5938119.5579;9.876357575;53.588706442
126675;2;1;12;130;2018;8;14;3;3;0;7;0;0;0;0;0;0;1;0;575635.166;5932824.845;10.141309225;53.538877661
126676;2;1;12;130;2018;7;18;2;3;4;2;0;0;1;0;0;0;0;0;573264.9561;5933805.6132;10.105780698;53.548027705
126677;2;1;11;128;2018;8;17;5;3;4;6;0;1;0;0;0;0;0;0;571780.0309;5933387.4532;10.083277345;53.544474793
126678;2;2;1;204;2018;8;17;2;3;5;3;0;0;1;0;0;0;1;0;562635.5218;5934648.8279;9.945546669;53.556981539
126679;2;1;12;130;2018;7;17;2;3;4;2;0;0;1;0;0;0;0;0;574708.895;5932793.6668;10.127327653;53.538730027
126680;2;2;2;207;2018;8;20;6;3;2;6;1;1;1;0;1;0;0;0;563746.9038;5935213.86;9.962436787;53.561925868
126681;2;4;4;407;2018;8;17;2;3;5;3;0;1;1;0;0;0;0;0;566641.9174;5941291.783;10.007436222;53.616189444
126682;2;5;2;508;2018;7;16;2;3;0;7;0;0;0;0;1;0;0;0;572177.1508;5938151.6624;10.0903701;53.587236049
126683;2;4;8;422;2018;8;16;4;3;1;6;0;0;1;0;0;0;0;0;569274.29;5937185.5587;10.046310733;53.578945183
126684;2;3;7;319;2018;8;9;7;3;5;3;0;1;1;0;0;0;0;0;561088.873;5944318.156;9.924096643;53.644065469
126685;2;4;10;429;2018;8;7;4;3;5;2;0;1;1;0;0;0;0;0;568847.3919;5939891.2623;10.0404613;53.60331769
126686;2;4;5;410;2018;8;15;6;3;5;2;0;0;1;0;0;0;0;0;566605.9379;5937931.2804;10.006174379;53.585992744