OBJECTID_1;ULAND;UREGBEZ;UKREIS;UGEMEINDE;UJAHR;UMONAT;USTUNDE;UWOCHENTAG;UKATEGORIE;UART;UTYP1;ULICHTVERH;IstRad;IstPKW;IstFuss;IstKrad;IstGkfz;IstSonstig;STRZUSTAND;LINREFX;LINREFY;XGCSWGS84;YGCSWGS84
126687;2;1;3;106;2018;7;20;3;3;5;2;0;0;1;0;0;0;1;0;564423.5527;5934297.3472;9.972462155;53.553606279
126688;2;4;5;409;2018;7;6;3;3;1;5;0;0;0;0;0;0;1;0;567983.5169;5938507.1766;10.027106469;53.590991585
126689;2;5;7;515;2018;7;11;2;2;6;4;0;0;1;1;0;0;0;0;570641.2599;5940599.8636;10.067726783;53.609447109
126690;2;1;16;136;2018;8;16;2;3;5;2;0;1;1;0;0;0;0;0;567752.8375;5927801.978;10.021303324;53.49481196
126691;2;2;7;219;2018;8;21;5;2;6;4;2;0;1;1;0;0;0;0;559507.7574;5934405.8503;9.898290181;53.555161686
126692;2;4;5;410;2018;7;14;2;3;0;7;0;1;1;0;0;0;0;0;566223.7408;5938381.9174;10.000497395;53.590091102
126693;2;5;2;506;2018;7;20;6;3;1;6;0;0;1;0;0;0;0;0;570802.1862;5937320.9103;10.06941423;53.579957563
126694;2;1;13;131;2018;8;6;6;2;5;3;0;0;0;0;1;0;1;0;571665.3049;5930271.4818;10.080832967;53.516487152
126695;2;5;9;517;2018;8;18;3;3;2;6;0;0;1;0;0;0;0;0;570896.9836;5944145.0367;10.072398705;53.64127271
126696;2;4;10;428;2018;7;12;2;3;0;5;0;1;1;0;0;0;0;0;569201.2637;5938815.7684;10.045569525;53.593605589
126697;2;1;4;112;2018;8;16;6;3;6;7;0;0;0;1;0;0;1;0;564143.2801;5933423.9897;9.968053001;53.545791461
126698;2;3;9;321;2018;8;22;2;3;4;2;2;1;1;0;0;0;0;0;562000.8454;5937439.4893;9.936520996;53.582137582
126699;2;4;4;407;2018;8;13;5;3;0;2;0;0;1;0;0;0;0;0;566590.3448;5940107.6943;10.006403633;53.605554461
126700;2;1;16;136;2018;8;22;1;3;0;4;2;0;0;1;0;0;1;0;566799.577;5928091.3473;10.00699799;53.497534505
126701;2;4;7;417;2018;7;19;3;3;5;7;0;0;1;0;0;0;0;0;568164.478;5935519.141;10.029187518;53.564114307
126702;2;5;1;501;2018;7;12;2;3;5;3;0;0;1;0;0;0;1;0;569086.2721;5936014.0283;10.04321224;53.568441358
126703;2;1;12;130;2018;8;18;3;3;5;3;0;0;1;0;0;0;1;0;573653.7997;5931926.271;10.111205865;53.53108381
126704;2;4;12;431;2018;8;23;6;3;6;4;2;0;1;1;0;0;0;0;566532.5581;5943437.8875;10.006242028;53.635490591
126705;2;5;2;506;2018;7;17;2;3;5;3;0;1;1;0;0;0;0;0;571346.2508;5937268.2103;10.077618283;53.579410222
126706;2;3;8;320;2018;7;21;3;3;2;2;1;1;1;0;0;0;0;0;559940.4274;5940170.0992;9.905927637;53.606918222
126707;2;5;1;504;2018;7;18;2;3;0;7;0;1;0;1;0;0;0;0;570066.6136;5936192.7256;10.058052867;53.569917322
126708;2;2;5;217;2018;8;8;2;3;5;3;0;1;0;0;0;0;1;0;558346.1144;5937506.0133;9.881336228;53.583154809
126709;2;3;9;321;2018;8;15;3;3;4;2;0;1;1;0;0;0;0;0;562011.4771;5936413.4415;9.936477742;53.572914871
126710;2;1;8;125;2018;8;16;4;3;4;2;0;1;1;0;0;0;0;0;570453.7687;5934449.0549;10.063504902;53.55419506
126711;2;2;5;216;2018;7;8;2;3;5;2;0;1;1;0;0;0;0;0;559829.5975;5935914.2679;9.903436636;53.568681947
126712;2;3;5;317;2018;8;13;4;3;6;7;0;1;0;0;0;0;1;0;562117.7484;5940167.8862;9.93883002;53.606644729
126713;2;6;1;601;2018;8;22;6;3;1;5;2;1;1;0;0;0;1;0;579825.6935;5929953.7609;10.203796066;53.512456129
126714;2;1;16;137;2018;7;17;2;3;5;3;0;1;1;0;0;0;0;0;565135.8462;5929973.423;9.982312511;53.514657996
126715;2;2;8;220;2018;7;8;2;3;5;3;0;1;1;0;0;0;0;0;557617.5898;5938573.2423;9.870530147;53.59282708
126716;2;5;9;517;2018;8;16;2;3;2;6;0;0;1;0;0;0;0;0;571436.3393;5944167.3498;10.080560619;53.641399888
126717;2;1;1;102;2018;8;12;5;3;1;5;0;1;1;0;0;0;0;0;565952.5378;5933795.247;9.995432221;53.548903929
126718;2;3;5;317;2018;7;9;2;3;3;6;0;1;0;0;0;0;0;0;562768.2113;5938883.7618;9.948400896;53.595026418
126719;2;4;12;431;2018;8;14;6;3;6;7;0;0;1;1;0;0;0;0;566577.4845;5943023.57;10.006832721;53.631761374
126720;2;4;6;415;2018;8;10;3;3;2;6;0;0;1;0;0;0;1;0;567974.9809;5936141.5292;10.026462322;53.569732369
126721;2;1;5;114;2018;7;12;2;3;4;2;0;0;1;1;0;0;0;0;567298.8712;5934518.4845;10.015904853;53.555232961
126722;2;1;12;130;2018;8;18;5;3;2;6;0;1;1;0;0;0;0;0;573342.1416;5932684.2238;10.106682498;53.537939084
126723;2;7;16;717;2018;8;19;1;3;1;5;0;1;1;0;0;0;0;0;551990.1306;5930766.5971;9.784216819;53.523251296
126724;2;2;5;217;2018;8;8;5;3;1;7;0;0;0;0;1;0;1;0;559039.9844;5936417.1396;9.891610017;53.573290938
126725;2;1;6;115;2018;8;0;1;3;5;3;2;0;1;0;0;0;0;0;566690.5035;5933940.6707;10.006599593;53.550117671
126726;2;6;14;615;2018;7;15;1;2;9;1;0;0;0;0;1;0;0;0;578316.7275;5926308.0299;10.18013558;53.479919725
126727;2;5;7;515;2018;8;16;3;3;2;6;0;0;1;0;0;0;0;0;570252.4961;5939034.7341;10.061499065;53.595433607
126728;2;3;7;319;2018;8;13;6;3;5;3;0;1;1;0;0;0;0;0;560766.946;5943396.248;9.919047382;53.635817488
126729;2;1;3;108;2018;7;17;2;3;6;4;0;1;0;1;0;0;0;0;565427.3543;5933951.6183;9.98753956;53.550374983
126730;2;1;13;131;2018;7;12;1;2;5;3;0;0;1;0;1;0;0;0;572554.3405;5931759.534;10.094583166;53.529738322
126731;2;6;5;606;2018;8;5;1;3;8;7;1;0;1;0;0;0;0;0;583135.975;5920339.486;10.25115954;53.42554378
126732;2;1;3;108;2018;8;17;3;2;1;6;0;0;1;0;0;0;0;0;565173.6384;5934776.1293;9.983882571;53.557816635
126733;2;4;4;407;2018;8;8;4;3;5;2;0;1;1;0;0;0;0;0;567590.9927;5940369.3178;10.021580905;53.607777572
126734;2;1;8;121;2018;7;14;1;3;9;1;0;0;1;0;0;0;0;0;569537.9449;5935045.8854;10.049815823;53.55968093
126735;2;2;5;217;2018;8;12;6;1;6;4;0;0;1;1;0;0;0;0;559117.5746;5936467.0466;9.892791062;53.573730737
126736;2;6;14;615;2018;8;20;2;2;5;3;0;1;1;0;0;0;0;1;576675.5254;5927194.4105;10.155626781;53.488127128
126737;2;5;18;526;2018;7;4;1;3;5;3;2;1;1;0;0;0;0;0;576829.426;5939275.9599;10.160912939;53.596678736
126738;2;1;20;141;2018;8;7;4;2;5;3;0;1;1;0;0;0;0;0;557160.8924;5932628.8788;9.862543152;53.539451805
126739;2;7;2;703;2018;8;12;7;3;9;1;0;0;0;0;0;0;1;0;566413.4823;5924281.6507;10.000372826;53.463344394
126740;2;5;10;518;2018;7;16;1;3;6;4;0;0;1;1;0;0;0;0;573378.4752;5945541.2229;10.110256078;53.653477838
126741;2;4;7;416;2018;8;9;6;2;5;2;0;1;1;0;0;0;0;0;567847.749;5935652.6128;10.024435185;53.565354881
126742;2;1;2;104;2018;8;16;3;3;2;6;0;0;1;0;0;0;0;0;566746.803;5932855.4199;10.007217617;53.540357136
126743;2;4;7;417;2018;8;18;2;3;5;3;0;1;0;0;1;0;0;0;567851.7929;5935669.3418;10.024499867;53.565504704
126744;2;4;13;432;2018;7;17;1;1;6;4;0;0;1;1;0;0;0;0;566964.9967;5944293.6439;10.012965388;53.643126175
126745;2;3;9;321;2018;8;8;5;3;5;3;0;1;1;0;0;0;0;0;561979.796;5939221.7722;9.936557225;53.598158041
126746;2;5;5;513;2018;8;13;1;3;0;5;0;0;1;0;1;0;0;0;573082.942;5938119.7824;10.104043519;53.586824082
126747;2;1;4;111;2018;8;10;5;3;5;2;0;1;0;0;0;1;0;0;563882.7349;5934673.6396;9.964376784;53.557054225
126748;2;4;11;430;2018;8;17;7;3;2;6;0;0;1;0;0;0;0;1;569585.5651;5943451.8946;10.052410629;53.635219504
126749;2;4;5;408;2018;7;13;1;3;1;5;0;1;1;0;0;0;0;0;565771.1469;5939502.5641;9.993897174;53.600219523
126750;2;4;4;407;2018;8;18;3;3;2;6;0;0;1;0;0;0;0;0;567652.9133;5940816.2291;10.022613661;53.611786005
126751;2;3;3;313;2018;8;19;6;3;3;2;1;1;1;0;0;0;0;0;566179.2978;5936511.3811;9.999429421;53.573285869
126752;2;5;1;502;2018;7;11;1;3;5;3;0;0;1;0;0;0;1;0;569546.4811;5936524.5865;10.050273878;53.572968975
126753;2;4;5;408;2018;7;15;1;3;5;3;0;0;1;0;0;0;0;0;567828.2599;5939553.8304;10.024988898;53.600418065
126754;2;1;3;105;2018;8;5;1;3;5;3;0;1;1;0;0;0;0;0;565113.1622;5933261.7418;9.982654378;53.54421393
126755;2;6;6;607;2018;8;10;2;3;0;7;0;1;0;0;0;0;0;1;578242.6977;5918051.5787;10.176967576;53.405731189
126756;2;3;1;303;2018;8;13;4;3;2;6;0;1;1;0;0;0;0;0;562725.118;5936986.9649;9.947368538;53.577984474
126757;2;2;8;220;2018;7;10;1;3;5;2;0;0;1;0;1;0;0;0;556458.7973;5938603.9056;9.853029938;53.593228748
126758;2;3;2;311;2018;8;16;6;3;3;2;0;1;0;0;0;0;1;0;564737.5615;5936278.8459;9.977611858;53.571375911
126759;2;5;3;511;2018;8;5;2;3;3;2;0;0;1;0;1;0;0;0;572496.9318;5936453.0283;10.094805491;53.571926464
126760;2;1;3;106;2018;7;18;1;3;5;3;0;1;1;0;0;0;0;0;564882.6002;5934563.15;9.979445458;53.555938588
126761;2;5;2;508;2018;8;13;4;3;2;6;0;0;1;0;0;0;0;0;571908.3589;5937066.7277;10.086060316;53.577522747
126762;2;5;9;517;2018;8;18;7;2;0;7;0;0;0;0;1;0;0;0;572101.9919;5943782.6922;10.090538243;53.637851745
126763;2;1;8;125;2018;8;16;4;3;5;3;0;0;1;0;1;0;0;0;570457.1314;5934448.2625;10.063555475;53.554187488
126764;2;1;13;131;2018;8;17;6;3;0;7;0;0;1;0;0;0;0;0;571824.2393;5932639.6581;10.083772715;53.537748314
126765;2;4;5;413;2018;8;0;4;3;3;6;2;1;0;0;0;0;0;0;566489.8495;5937325.1136;10.004291847;53.580559757
126766;2;7;13;714;2018;7;15;7;3;8;7;0;0;0;0;1;0;0;0;558392.0448;5925799.8389;9.879846413;53.477939726
126767;2;7;10;711;2018;8;10;3;3;0;6;0;0;1;0;0;0;1;0;565014.7648;5924440.3984;9.97934048;53.464945636
126768;2;4;5;409;2018;8;18;5;3;4;2;0;1;1;0;0;0;0;0;567202.882;5938597.8;10.015334077;53.591906675
126769;2;1;16;137;2018;8;11;4;3;5;3;0;1;1;0;0;0;0;0;565875.1647;5926280.0518;9.992684655;53.481372355
126770;2;3;2;312;2018;8;17;7;3;6;7;0;0;1;1;0;0;0;0;565577.4535;5935457.4484;9.99012068;53.563889517
126771;2;1;20;141;2018;7;13;7;3;1;5;0;0;1;0;1;0;0;0;557634.91;5930767.3022;9.869352313;53.522668921
126772;2;4;2;405;2018;8;7;3;3;6;7;0;1;0;1;0;0;0;0;564805.054;5939165.9828;9.979230512;53.597314946
126773;2;5;4;512;2018;8;10;5;3;6;2;0;0;1;1;0;0;0;0;574624.0517;5936827.4624;10.127010744;53.574993191
126774;2;6;1;601;2018;7;19;7;3;0;7;0;0;0;0;1;0;0;1;578024.7398;5929950.8246;10.17664276;53.512700087
126775;2;1;11;128;2018;7;14;7;3;4;2;0;1;1;0;0;0;0;0;571859.4378;5934373.2973;10.084702032;53.553323701
126776;2;5;17;525;2018;8;15;7;2;5;3;0;1;1;0;0;0;0;0;576314.2484;5946870.9107;10.154992842;53.665007152
126777;2;5;9;517;2018;8;7;2;3;2;6;0;1;1;0;0;0;0;0;571587.4807;5943460.6919;10.082683723;53.635028601
126778;2;7;13;714;2018;8;8;3;3;4;6;0;0;1;0;0;0;0;0;558967.4568;5924844.8751;9.888336266;53.469292724
126779;2;5;10;518;2018;7;3;7;2;7;1;1;0;1;0;0;0;0;0;573841.3978;5945137.5443;10.117162975;53.649784943
126780;2;1;6;115;2018;8;14;6;3;5;3;0;1;1;0;0;0;0;0;566818.0731;5933979.0493;10.008532951;53.550446368
126781;2;2;7;219;2018;8;18;2;3;0;6;0;0;1;0;0;0;1;0;559567.6557;5934501.7452;9.899212518;53.556016746
126782;2;2;14;227;2018;7;18;7;3;1;6;0;1;1;0;0;0;0;0;549377.7704;5936096.572;9.745657413;53.571408187
126783;2;4;10;426;2018;8;12;4;3;5;3;0;0;1;0;0;0;0;0;570255.3667;5938309.5355;10.061379079;53.58891587
126784;2;1;19;140;2018;8;18;6;3;3;6;0;0;1;0;0;0;1;0;560858.2322;5929996.6918;9.91781582;53.515379711
126785;2;1;5;114;2018;7;7;3;3;3;2;0;1;1;0;0;0;0;0;567459.6578;5934219.8061;10.018267122;53.55252805
126786;2;7;1;702;2018;7;17;6;3;2;6;0;0;1;0;0;0;1;0;565641.1003;5923592.408;9.988596591;53.457246725
126787;2;6;2;603;2018;8;15;2;3;5;3;0;1;1;0;0;0;0;0;580085.1161;5926150.8239;10.206736486;53.478240893
126788;2;3;2;311;2018;8;23;5;3;5;3;2;1;0;0;0;0;0;0;564517.3483;5936045.492;9.974238706;53.569305825
126789;2;6;9;610;2018;7;16;6;2;8;1;0;0;0;0;0;0;1;0;573507.2386;5928488.2946;10.108188633;53.500207364
126790;2;6;1;601;2018;7;12;6;3;1;6;0;0;1;0;0;0;0;0;570932.714;5939253.3659;10.071824769;53.597306835
126791;2;1;8;121;2018;8;23;6;2;9;1;2;0;1;0;0;0;0;0;569029.5964;5934570.3419;10.042037645;53.555474278
126792;2;4;12;431;2018;8;14;3;3;2;6;0;0;1;0;0;0;1;1;567158.1594;5943231.2155;10.015657415;53.633553324
126793;2;1;1;101;2018;8;21;6;3;0;1;2;0;0;0;1;0;0;0;566693.235;5933714.069;10.006592485;53.548080807
126794;2;2;3;210;2018;8;15;2;3;1;5;0;1;1;0;0;0;0;0;562700.3775;5935112.1777;9.946618547;53.561138085
126795;2;4;4;407;2018;9;17;4;3;2;6;0;0;1;0;0;0;0;0;567407.4348;5941127.8081;10.018971179;53.614617834
126796;2;7;16;717;2018;9;16;2;3;5;3;0;1;1;0;0;0;0;0;552660.4505;5929866.0404;9.794175447;53.515090554
126797;2;1;5;114;2018;8;7;4;3;5;3;0;1;1;0;0;0;0;0;567179.436;5934634.703;10.014127217;53.556292735
126798;2;4;5;413;2018;9;8;3;3;6;6;0;1;0;1;0;0;0;0;566590.958;5937599.1659;10.005877251;53.583009881
126799;2;5;11;519;2018;9;7;7;3;5;2;0;0;1;0;0;0;0;0;571793.0267;5946248.2745;10.086435561;53.660051987
126800;2;1;16;137;2018;8;20;3;3;3;7;1;0;1;0;0;0;0;0;565419.59;5929302.931;9.986450995;53.508596837
126801;2;5;2;508;2018;9;22;5;3;3;6;2;0;1;0;0;0;0;0;573003.915;5937274.1233;10.102652094;53.579235254
126802;2;6;4;605;2018;8;19;3;2;5;3;0;1;1;0;0;0;0;0;584610.298;5920586.301;10.273407779;53.427527353
126803;2;3;5;317;2018;9;16;2;3;5;2;0;1;0;0;0;0;0;0;563979.3938;5939641.9297;9.966854093;53.601693828
126804;2;1;12;130;2018;9;10;5;3;1;7;0;0;1;0;0;0;0;0;574324.4712;5932833.2188;10.121537469;53.539140012
126805;2;5;2;506;2018;9;5;5;3;5;3;1;0;1;0;0;0;0;0;570790.8347;5937343.7445;10.069247986;53.580164305
126806;2;3;1;307;2018;9;11;4;3;1;6;0;0;1;0;0;0;0;1;563170.0074;5936020.8228;9.953891442;53.56924806
126807;2;6;3;604;2018;8;7;3;3;0;1;0;0;0;0;1;0;0;0;580408.8652;5924516.6564;10.211195363;53.46350576
126808;2;2;4;213;2018;9;13;7;3;1;7;0;1;1;0;0;0;0;0;561426.9435;5934380.5187;9.927251878;53.554712956
126809;2;5;1;501;2018;8;14;6;3;3;6;0;0;1;0;1;0;0;0;568352.1632;5935788.2425;10.032079674;53.566508341
126810;2;2;8;220;2018;9;8;4;3;3;6;0;0;1;0;0;0;1;0;557747.5489;5938441.3327;9.872468994;53.591627244
126811;2;2;9;221;2018;9;17;2;3;5;3;0;0;1;0;0;0;0;0;556848.9385;5936127.8235;9.858472771;53.570932704
126812;2;6;1;601;2018;8;16;3;3;2;2;0;0;1;0;0;0;0;0;579212.4183;5928856.6418;10.194272682;53.502689395
126813;2;1;13;131;2018;8;18;3;3;5;3;0;0;1;0;0;0;0;0;573659.5507;5931924.6042;10.11129222;53.531068024
126814;2;1;5;114;2018;9;8;3;3;6;3;0;1;0;1;0;0;0;0;567186.1692;5934428.3152;10.014184482;53.554437029
126815;2;1;12;130;2018;9;18;6;3;6;3;0;0;1;1;0;0;0;0;573382.1262;5933127.4542;10.107389669;53.541916781
126816;2;1;14;132;2018;8;17;3;3;3;2;0;0;0;0;1;1;0;0;570721.5935;5932361.4325;10.067074953;53.535397496
126817;2;2;3;210;2018;9;18;5;3;2;6;0;1;1;0;0;0;0;0;561901.1462;5934493.9389;9.93443148;53.555676606
126818;2;1;6;115;2018;8;8;3;3;6;3;0;1;0;1;0;0;0;0;567175.3983;5933771.803;10.013880869;53.548538211
126819;2;1;12;130;2018;9;20;1;3;1;5;1;0;1;0;0;0;0;0;573297.8596;5933639.5752;10.106238291;53.546530943
126820;2;3;5;317;2018;9;18;7;3;2;6;0;0;1;0;0;0;0;0;564274.2081;5939678.9285;9.971316242;53.60199027
126821;2;5;7;515;2018;8;14;3;2;3;7;0;0;1;0;0;0;0;0;570308.1547;5939705.6215;10.062491184;53.601455394
126822;2;4;7;416;2018;9;8;5;3;2;6;0;0;1;0;0;0;0;0;567843.4465;5935632.5845;10.024365883;53.56517544
126823;2;5;7;515;2018;8;7;3;3;0;6;0;1;0;0;0;0;0;0;572126.4756;5939680.7678;10.089958357;53.600984943
126824;2;1;3;106;2018;9;22;2;3;0;3;2;1;0;0;1;0;0;0;564450.65;5933630.3287;9.972733629;53.547608258
126825;2;5;5;513;2018;8;17;5;3;6;4;0;0;1;1;0;0;0;1;574508.705;5938093.5594;10.125571335;53.586387765
126826;2;5;11;519;2018;8;18;5;3;0;7;0;0;1;0;1;0;0;0;572195.8679;5945502.792;10.092357266;53.653297027
126827;2;4;5;409;2018;9;16;5;3;2;6;0;0;1;0;0;0;0;0;567106.5041;5938822.4786;10.013926547;53.593938234
126828;2;1;15;134;2018;9;13;3;3;5;3;0;1;0;0;0;1;0;0;567178.695;5930741.814;10.013280233;53.521306638
126829;2;4;13;432;2018;8;16;3;3;5;2;0;1;1;0;0;0;0;0;566734.4547;5945000.8359;10.009630431;53.6495112
126830;2;3;3;313;2018;8;13;6;3;1;7;0;1;1;0;0;0;0;0;565013.5628;5936571.0085;9.981839954;53.573967518
126831;2;2;3;210;2018;9;19;4;3;3;2;1;1;1;0;0;0;0;0;562009.892;5934497.6568;9.936073554;53.555697186
126832;2;5;18;526;2018;9;11;1;3;5;3;0;1;1;0;0;0;0;0;576914.5576;5942331.0586;10.162953224;53.624121363
126833;2;4;3;406;2018;8;14;3;3;1;7;0;1;1;0;0;0;0;0;566163.2546;5941132.8831;10.000167663;53.614822072
126834;2;4;5;411;2018;8;15;3;2;5;3;0;1;1;0;0;0;0;0;568049.7118;5938229.0111;10.028045694;53.5884831
126835;2;1;11;129;2018;9;13;6;3;3;6;0;0;1;0;1;0;0;0;571988.3392;5934546.0465;10.086687166;53.554858533
126836;2;4;5;408;2018;8;19;3;3;0;2;0;1;1;0;0;0;0;0;567814.9032;5939554.9926;10.024787346;53.600430238
126837;2;6;1;601;2018;9;7;2;3;5;3;0;1;1;0;0;0;0;0;579050.2322;5928101.999;10.191637811;53.495932028
126838;2;5;5;513;2018;9;13;6;3;0;6;0;0;1;0;1;0;0;0;574575.1459;5938429.8106;10.126655193;53.589400142
126839;2;3;9;321;2018;8;12;3;3;5;3;0;1;1;0;0;0;0;0;560611.1457;5938240.0485;9.915688116;53.589494976
126840;2;1;4;112;2018;9;8;5;3;4;2;0;1;1;0;0;0;0;0;564103.5534;5933719.8717;9.967514186;53.548455498
126841;2;4;2;404;2018;8;16;3;3;5;2;0;1;1;0;0;0;0;0;565372.238;5938464.395;9.98765243;53.590939208
126842;2;3;5;317;2018;9;0;1;3;0;7;2;1;0;0;0;0;0;0;562629.3042;5938506.3411;9.946226592;53.591651039
126843;2;1;11;128;2018;9;19;4;3;0;2;0;0;0;0;0;0;1;0;571996.7643;5934241.8541;10.086744266;53.552123609
126844;2;4;4;407;2018;9;13;3;3;6;4;0;1;0;1;0;0;0;0;567076.7857;5941625.0025;10.014080838;53.619128607
126845;2;3;5;317;2018;8;8;3;3;2;2;0;0;0;0;0;0;1;0;563317.1987;5937519.0523;9.956417605;53.582695362
126846;2;1;12;130;2018;9;7;3;3;5;3;0;0;1;0;0;0;0;0;574099.9061;5932713.134;10.11812111;53.538092549
126847;2;5;4;512;2018;9;18;7;3;5;3;0;0;1;0;0;0;0;0;575555.7306;5937842.4209;10.14132407;53.583981024
126848;2;2;1;206;2018;8;18;3;3;0;6;0;1;1;0;0;0;0;0;562678.8899;5935207.077;9.946313223;53.561993545
126849;2;2;1;204;2018;9;20;5;3;5;3;2;1;1;0;0;0;0;0;562889.4628;5934815.8595;9.949413199;53.558452347
126850;2;5;18;526;2018;9;13;3;3;3;7;0;0;1;0;0;0;0;0;575549.9886;5939415.1141;10.141618273;53.59811525
126851;2;2;1;204;2018;8;18;3;3;5;3;0;0;1;0;1;0;0;0;562229.3876;5934283.0668;9.939343754;53.55374261
126852;2;7;1;702;2018;9;9;3;3;5;2;0;1;1;0;0;0;0;0;566087.1512;5923122.9609;9.995214636;53.452971858
126853;2;3;1;307;2018;9;19;1;3;4;6;0;1;1;0;0;0;0;0;563685.3052;5935938.8087;9.961654715;53.568448682
126854;2;2;4;212;2018;8;16;3;3;5;3;0;1;1;0;0;0;0;0;560938.1124;5934846.5245;9.91996478;53.558958121
126855;2;5;18;526;2018;9;13;6;3;8;7;0;1;0;0;0;0;0;0;576713.346;5939879.3933;10.159307817;53.602118601
126856;2;1;12;130;2018;8;7;2;3;5;3;0;0;1;0;0;0;0;0;573305.9587;5933643.9422;10.106361524;53.546569058
126857;2;5;5;513;2018;9;15;2;3;5;2;0;1;1;0;0;0;0;0;573016.5969;5937226.7466;10.10283252;53.578807719
126858;2;4;13;432;2018;9;18;6;2;0;7;0;0;0;0;1;0;0;1;566623.6512;5947046.4154;10.008393068;53.667909026
126859;2;1;11;129;2018;8;11;2;3;3;6;0;0;1;0;0;0;1;0;570950.4653;5935011.6882;10.071128856;53.55918456
126860;2;1;11;129;2018;9;7;4;2;5;3;1;1;1;0;0;0;0;1;571205.9929;5934538.842;10.074878052;53.554900487
126861;2;1;8;122;2018;8;17;2;3;1;6;0;1;1;0;0;0;0;0;570004.8109;5935520.2812;10.056969079;53.563882287
126862;2;6;1;601;2018;9;11;7;3;2;6;0;0;1;0;0;0;0;0;577947.3229;5929967.827;10.175479782;53.512864367
126863;2;5;2;508;2018;9;17;4;2;3;6;0;0;0;0;0;0;1;0;572528.9966;5937221.6756;10.095468179;53.578829799
126864;2;3;4;315;2018;9;15;3;3;5;3;0;1;1;0;0;0;0;0;564247.295;5937257.8483;9.970410906;53.580234734
126865;2;5;6;514;2018;8;18;2;3;5;2;0;1;1;0;0;0;0;0;573922.7386;5940397.6301;10.117267483;53.607176959
126866;2;5;9;517;2018;9;12;3;3;6;2;0;0;0;1;0;0;1;0;572396.9898;5943952.348;10.095038665;53.639335689
126867;2;5;2;507;2018;9;13;7;3;1;6;0;0;1;0;0;0;0;0;571235.3634;5936777.1337;10.0758317;53.575012004
126868;2;5;2;508;2018;8;14;2;3;2;6;0;0;1;0;0;0;0;1;572049.918;5936797.4047;10.08813576;53.575082933
126869;2;7;1;701;2018;9;7;5;3;4;2;0;1;1;0;0;0;0;0;564841.0719;5923533.3982;9.97653742;53.456815453
126870;2;4;9;424;2018;8;17;2;3;2;6;0;0;1;0;0;0;0;0;570317.1582;5937424.2741;10.062112919;53.580951745
126871;2;2;6;218;2018;9;8;2;3;5;3;0;1;1;0;0;0;0;0;558772.1633;5935285.0848;9.887352957;53.56314668
126872;2;7;16;717;2018;9;7;5;3;2;6;0;0;1;0;0;0;0;0;552608.7164;5931963.4526;9.793747674;53.533946795
126873;2;5;6;514;2018;9;10;5;3;4;2;0;0;1;0;0;0;0;0;574097.092;5940302.826;10.119879564;53.606300347
126874;2;4;13;432;2018;9;13;6;2;0;2;0;1;1;0;0;0;0;0;567780.3685;5947244.5701;10.025940951;53.669541153
126875;2;5;11;519;2018;8;12;2;3;5;3;0;1;1;0;0;0;0;0;572442.5438;5945422.2921;10.096070072;53.652539487
126876;2;4;5;408;2018;9;17;2;3;5;3;0;0;1;0;0;0;1;0;567838.6467;5939976.7646;10.025237876;53.604217663
126877;2;2;7;219;2018;9;18;6;3;1;6;0;1;0;0;0;0;1;0;559686.755;5934546.189;9.901018643;53.556402655
126878;2;4;12;431;2018;8;10;2;3;1;7;0;1;1;0;0;0;0;0;567628.8733;5942798.9674;10.022681003;53.629608091
126879;2;4;9;425;2018;9;23;4;3;8;1;2;0;1;0;0;0;0;0;570960.0587;5938251.0454;10.072009832;53.588295323
126880;2;4;10;427;2018;8;18;2;3;2;6;0;0;1;0;1;0;0;0;568399.1288;5938232.4499;10.033324246;53.588468539
126881;2;4;11;430;2018;9;5;7;3;2;6;2;1;1;0;0;0;0;0;568954.8415;5943102.7459;10.04279594;53.632165181
126882;2;1;16;137;2018;8;15;6;3;2;6;0;0;1;0;0;0;1;0;566085.3544;5928291.3987;9.996275091;53.499422639
126883;2;4;13;432;2018;8;13;5;3;0;1;0;0;0;0;1;0;0;1;566942.7139;5944607.623;10.012695981;53.645950772
126884;2;4;6;415;2018;9;19;4;3;3;2;0;1;1;0;0;0;0;0;567877.9817;5936040.361;10.024975848;53.568835715
126885;2;5;5;513;2018;9;0;2;3;8;6;2;0;1;0;0;0;0;0;573917.125;5937801.733;10.116567329;53.583848896
126886;2;4;6;415;2018;8;7;2;3;5;3;0;1;1;0;0;0;0;1;568373.1283;5936496.2124;10.032551169;53.57286821
126887;2;3;8;320;2018;9;15;3;3;5;3;0;1;1;0;0;0;0;0;558839.7594;5940301.6475;9.889319425;53.60822526
126888;2;3;8;320;2018;9;5;7;3;6;7;2;0;0;1;0;0;1;0;559078.9795;5939761.3677;9.892832154;53.60334262
126889;2;4;8;419;2018;8;11;2;3;1;5;0;1;1;0;0;0;0;0;568066.7279;5937329.2123;10.028106439;53.580394313
126890;2;5;9;517;2018;9;7;5;3;2;7;0;1;1;0;0;0;0;0;572044.3096;5943388.1659;10.089574604;53.634314144