OBJECTID_1;ULAND;UREGBEZ;UKREIS;UGEMEINDE;UJAHR;UMONAT;USTUNDE;UWOCHENTAG;UKATEGORIE;UART;UTYP1;ULICHTVERH;IstRad;IstPKW;IstFuss;IstKrad;IstGkfz;IstSonstig;STRZUSTAND;LINREFX;LINREFY;XGCSWGS84;YGCSWGS84
126891;2;2;14;227;2018;8;8;2;3;0;6;0;1;1;0;0;0;0;1;550347.2378;5936544.4502;9.760368227;53.575341472
126892;2;1;3;108;2018;9;17;2;3;4;2;0;0;1;0;0;0;0;0;565161.7581;5934770.1423;9.983702003;53.557764304
126893;2;5;4;512;2018;8;19;5;3;2;6;0;0;1;0;0;0;0;1;574478.4802;5936392.9057;10.124709065;53.571108592
126894;2;4;13;432;2018;8;5;5;3;6;4;2;1;0;1;0;0;0;1;567257.1052;5947918.8267;10.018168186;53.675668272
126895;2;4;4;407;2018;9;10;5;2;5;3;0;1;1;0;0;0;0;0;566968.2113;5940864.378;10.012276122;53.612306699
126896;2;2;1;206;2018;9;15;4;3;2;6;0;0;1;0;0;0;0;1;562772.9119;5935097.5824;9.947710538;53.560998241
126897;2;3;5;317;2018;8;14;2;3;5;3;0;0;1;0;0;0;0;1;563628.1482;5937620.0093;9.961134412;53.583565056
126898;2;2;1;201;2018;9;19;7;3;5;3;0;1;1;0;0;0;0;0;563196.7104;5933556.6907;9.953796337;53.54709886
126899;2;2;8;220;2018;8;14;6;3;3;2;0;1;1;0;0;0;0;0;557996.9499;5938078.6688;9.876169114;53.588340277
126900;2;4;2;404;2018;9;14;4;3;5;3;0;1;1;0;0;0;0;0;565925.1773;5938196.8492;9.995948386;53.588465489
126901;2;3;1;310;2018;9;8;2;3;3;2;0;1;1;0;0;0;0;0;563770.3071;5935499.4578;9.962848362;53.564489779
126902;2;3;1;307;2018;8;8;2;3;5;3;0;1;0;0;0;0;1;0;563200.2146;5936052.339;9.95435389;53.569527669
126903;2;1;12;130;2018;8;7;5;3;5;3;0;1;0;0;0;0;1;1;572852.9478;5932740.5987;10.099315523;53.538513798
126904;2;2;10;222;2018;9;13;4;3;1;5;0;1;1;0;0;0;0;1;555130.8243;5934919.0189;9.832317345;53.56025178
126905;2;2;4;211;2018;8;23;2;3;4;2;2;0;1;0;0;0;0;0;561469.8509;5934828.71;9.927987624;53.558736011
126906;2;2;9;221;2018;9;6;7;3;1;5;1;0;1;0;0;0;0;0;556296.7544;5936976.7651;9.850288356;53.578622167
126907;2;5;3;510;2018;8;15;6;3;6;4;0;0;1;1;0;0;0;0;570252.5271;5936254.2279;10.060873592;53.570445184
126908;2;2;10;222;2018;9;21;4;3;2;2;2;0;1;0;1;0;0;0;555224.0775;5934433.592;9.833639263;53.555879138
126909;2;5;7;515;2018;9;11;2;3;4;2;0;1;1;0;0;0;0;0;570582.1165;5939297.9806;10.066538196;53.597755115
126910;2;2;2;207;2018;8;16;2;3;0;4;0;0;0;1;1;0;0;1;563782.8338;5935094.9479;9.962954893;53.560852803
126911;2;2;3;208;2018;8;16;2;3;2;6;0;0;1;0;1;0;0;1;563513.1691;5935358.3245;9.958937821;53.563252554
126912;2;3;2;311;2018;9;19;3;3;3;2;0;1;1;0;0;0;0;0;564777.3576;5935756.6548;9.978104426;53.566677934
126913;2;7;14;715;2018;9;21;6;3;5;3;2;1;1;0;0;0;0;0;556938.6919;5925647.3167;9.85792249;53.476728107
126914;2;1;3;107;2018;8;10;2;3;5;3;0;0;1;0;1;0;0;1;565156.1219;5934251.3499;9.983508792;53.55310248
126915;2;2;6;218;2018;9;13;5;3;2;2;0;1;1;0;0;0;0;0;557874.0843;5934896.185;9.87372331;53.559751238
126916;2;7;10;711;2018;8;11;1;3;0;4;0;0;1;1;0;0;0;0;563505.6581;5924320.6754;9.956587598;53.464053758
126917;2;1;5;114;2018;9;2;2;2;5;3;2;1;0;0;0;0;1;0;567109.5279;5933916.4118;10.01291789;53.549846261
126918;2;5;7;515;2018;8;7;5;3;5;3;0;1;1;0;0;0;0;1;573343.9704;5942096.4961;10.108921834;53.622525686
126919;2;4;7;416;2018;9;22;5;3;3;2;2;1;1;0;0;0;0;0;567498.3597;5935614.961;10.01915253;53.565061556
126920;2;1;6;116;2018;9;17;3;3;5;3;0;0;1;0;1;0;0;0;567677.1657;5933357.0974;10.021363007;53.544746748
126921;2;1;14;132;2018;8;14;1;3;6;7;0;1;0;1;0;0;0;0;569103.0919;5932828.7117;10.042762055;53.539812387
126922;2;7;13;714;2018;8;13;5;3;6;4;0;0;1;1;0;0;0;0;558325.767;5925786.48;9.878845393;53.477827009
126923;2;1;5;114;2018;9;4;4;3;8;1;2;0;0;0;1;0;0;0;567128.0238;5934360.5216;10.013292362;53.553835194
126924;2;4;11;430;2018;9;4;1;3;0;6;2;0;0;1;0;0;1;0;568196.893;5941000.17;10.030875046;53.613368559
126925;2;5;18;526;2018;8;12;1;2;6;4;0;0;1;1;0;0;0;0;577732.5007;5941344.7088;10.175071507;53.615136654
126926;2;5;4;512;2018;9;15;6;3;2;6;0;0;1;0;0;0;0;0;574345.7431;5935997.8499;10.12261097;53.567577115
126927;2;5;10;518;2018;8;21;1;2;8;1;2;0;0;1;1;0;0;0;572951.9834;5945506.9278;10.103796296;53.65322929
126928;2;1;12;130;2018;9;14;2;3;4;2;0;0;1;0;0;0;0;0;576018.362;5933385.471;10.147226477;53.543860581
126929;2;4;11;430;2018;9;15;6;3;2;6;0;0;1;0;0;0;0;1;569187.0775;5943231.2654;10.046335954;53.63328954
126930;2;2;9;221;2018;8;18;1;3;6;6;0;1;0;1;0;0;0;0;556873.7764;5936749.0437;9.858960955;53.57651326
126931;2;7;16;717;2018;9;17;4;2;0;4;0;0;0;1;0;0;1;0;551651.884;5930684.1406;9.779101643;53.522543545
126932;2;2;11;223;2018;8;12;1;3;1;5;0;1;1;0;0;0;0;0;552142.13;5935747.16;9.787339662;53.568000313
126933;2;3;1;302;2018;8;16;1;3;0;6;0;0;1;0;0;0;1;0;562829.5817;5937476.6341;9.949044637;53.582372783
126934;2;1;16;137;2018;9;10;6;3;3;6;0;0;1;0;0;1;0;0;565822.2197;5928405.9133;9.992332871;53.500484811
126935;2;2;4;212;2018;8;13;1;3;3;2;0;1;1;0;0;0;0;0;560837.0073;5934268.8298;9.918326201;53.553777858
126936;2;1;20;141;2018;9;14;2;3;2;6;0;0;1;0;1;0;0;0;558143.5144;5931969.2431;9.877246213;53.533415435
126937;2;5;6;514;2018;9;22;6;3;6;7;2;0;1;1;0;0;0;0;573450.4879;5938735.3937;10.109739741;53.592305132
126938;2;6;5;606;2018;8;3;7;3;3;6;2;1;1;0;0;0;0;0;581911.2594;5921720.9888;10.233092167;53.438150541
126939;2;3;3;314;2018;9;15;5;3;6;4;0;0;1;1;0;0;0;0;565329.8809;5937520.2888;9.986814909;53.582459611
126940;2;1;11;129;2018;8;4;7;2;4;6;2;0;1;0;0;0;0;1;572931.6197;5934878.1562;10.101000911;53.557712979
126941;2;5;18;526;2018;9;16;1;3;0;7;0;0;0;0;1;0;0;0;576977.5895;5941978.5251;10.16381889;53.620944013
126942;2;3;2;312;2018;9;12;5;3;3;7;0;0;1;0;0;0;0;0;565296.7763;5935409.8105;9.985873612;53.563496382
126943;2;5;5;513;2018;9;21;3;3;4;6;2;0;1;0;0;0;0;0;574028.4711;5937935.2713;10.118280614;53.585033275
126944;2;5;18;526;2018;8;17;7;3;2;6;0;0;1;0;0;0;0;0;576330.804;5941263.1848;10.153867039;53.614610155
126945;2;6;9;610;2018;9;22;3;3;9;7;2;0;1;0;0;0;0;0;574460.5909;5926565.0945;10.122101915;53.482789553
126946;2;6;4;605;2018;9;11;7;3;5;3;0;0;1;0;1;0;0;0;585414.88;5920605.3;10.285518778;53.427568396
126947;2;5;4;512;2018;8;7;7;3;5;3;0;0;1;0;0;0;0;0;574361.485;5936378.863;10.122939335;53.570998988
126948;2;5;7;515;2018;9;11;6;3;5;3;0;1;1;0;0;0;0;0;570808.8448;5939973.7483;10.070117038;53.603797625
126949;2;5;18;526;2018;8;12;7;3;2;3;0;0;1;0;0;0;0;1;576157.1401;5941145.2467;10.151213568;53.61357556
126950;2;5;5;513;2018;9;6;2;3;4;6;0;0;1;0;0;0;0;0;574293.4981;5937960.8101;10.122289374;53.585225307
126951;2;4;7;417;2018;9;15;6;3;3;7;0;0;1;0;1;0;0;1;567906.9817;5935206.6851;10.025232463;53.561339607
126952;2;5;2;506;2018;8;19;7;3;5;3;1;0;1;0;0;0;0;0;571206.6514;5937416.959;10.075544109;53.580765993
126953;2;2;1;206;2018;8;15;5;3;4;2;0;0;1;0;0;0;0;0;563176.048;5935057.9956;9.953787936;53.56059409
126954;2;1;14;133;2018;8;8;5;3;2;6;0;0;1;0;0;0;1;1;568392.8971;5932702.9885;10.03201969;53.538775449
126955;2;5;18;526;2018;9;19;4;2;5;3;1;1;0;0;0;0;1;1;575450.7763;5942201.7919;10.140794294;53.623172641
126956;2;5;3;510;2018;8;22;7;3;5;3;2;0;1;0;0;0;0;0;570235.5424;5936262.7891;10.060619082;53.570524398
126957;2;5;18;526;2018;9;3;7;2;0;5;2;0;1;0;0;1;0;0;576828.2282;5938990.1713;10.160824434;53.594110621
126958;2;4;12;431;2018;9;8;4;3;5;3;0;1;1;0;0;0;0;0;567697.2021;5942436.4288;10.023635229;53.62634111
126959;2;1;1;101;2018;9;21;3;3;3;2;2;1;1;0;0;0;0;0;566308.6863;5934561.358;10.000969214;53.555744282
126960;2;4;11;430;2018;8;13;7;3;5;3;0;0;1;0;0;0;0;1;568707.3454;5940449.9462;10.038468393;53.608356982
126961;2;1;4;112;2018;9;16;1;3;2;6;0;0;1;0;1;0;0;0;564398.7688;5933389.4241;9.971901121;53.54544954
126962;2;5;6;514;2018;9;18;4;3;4;6;0;1;0;0;0;0;0;0;573931.8322;5940392.4028;10.117403655;53.607128699
126963;2;4;10;426;2018;9;16;3;3;4;2;0;1;1;0;0;0;0;0;569874.5477;5938598.0965;10.055691592;53.59156006
126964;2;5;7;515;2018;8;12;7;3;6;2;0;0;1;1;0;0;0;1;572091.4657;5940391.7399;10.089593852;53.607379186
126965;2;5;18;526;2018;9;17;3;3;1;6;0;0;1;0;0;0;0;0;576407.3628;5939517.4191;10.154596051;53.598910351
126966;2;5;18;526;2018;9;11;7;3;6;4;0;0;1;1;0;0;0;0;575612.7053;5939107.4502;10.142491157;53.595341312
126967;2;5;17;525;2018;8;13;7;3;1;7;0;0;1;0;0;0;1;1;576868.7648;5945149.9555;10.162957585;53.649460423
126968;2;7;11;712;2018;9;6;5;3;3;2;1;1;1;0;0;0;0;0;560442.709;5928212.7254;9.911206136;53.499394212
126969;2;4;6;415;2018;8;13;7;3;8;1;0;0;1;1;0;0;0;1;568003.3298;5936144.3044;10.026890936;53.569753636
126970;2;5;1;504;2018;9;10;2;3;6;4;0;0;1;1;0;0;0;0;570045.7615;5936183.2231;10.057735914;53.569834707
126971;2;2;1;203;2018;9;12;6;3;5;3;0;0;1;0;0;0;0;0;562153.4421;5933896.847;9.938120757;53.5502805
126972;2;2;9;221;2018;8;22;7;1;8;1;2;0;1;0;0;0;0;1;555180.981;5937017.5654;9.83344526;53.579107437
126973;2;7;14;715;2018;8;17;4;3;1;5;0;1;1;0;0;0;0;0;557308.9;5925164.5128;9.863411811;53.472348645
126974;2;1;11;129;2018;9;9;5;3;1;6;0;0;1;0;0;0;0;0;573369.2786;5935652.6738;10.107788462;53.564612499
126975;2;4;4;407;2018;9;11;4;3;5;3;0;1;1;0;0;0;0;1;567276.5701;5941258.9313;10.017021615;53.615813072
126976;2;2;9;221;2018;8;8;7;3;5;2;0;1;1;0;0;0;0;0;557362.3703;5935852.7563;9.866174586;53.568404643
126977;2;4;10;426;2018;9;17;7;3;2;6;0;0;1;0;1;0;0;0;569629.9476;5938776.1095;10.052036507;53.593192409
126978;2;1;12;130;2018;8;15;6;2;6;2;0;0;0;1;0;1;0;0;574709.5659;5932791.643;10.127337291;53.538711744
126979;2;4;5;411;2018;8;10;5;3;6;4;0;0;0;1;0;0;1;1;568199.0344;5937993.9343;10.030249764;53.586351043
126980;2;4;8;422;2018;9;7;4;2;6;4;0;0;1;1;0;0;0;0;569239.9949;5937036.5475;10.045759786;53.57761054
126981;2;4;9;424;2018;9;18;2;3;5;2;0;1;1;0;0;0;0;0;570074.4157;5937360.6794;10.0584328;53.580412708
126982;2;4;2;405;2018;8;12;7;3;4;6;0;0;1;0;0;0;0;1;565394.7415;5938946.9874;9.98809355;53.595273553
126983;2;3;5;317;2018;8;12;7;3;1;7;0;1;1;0;0;0;0;1;563122.3271;5939619.0398;9.953899485;53.601592043
126984;2;2;8;220;2018;9;18;3;3;3;6;0;1;0;0;0;0;0;0;557909.002;5938020.686;9.874829879;53.587828878
126985;2;3;6;318;2018;9;18;7;3;2;6;0;0;1;0;0;0;0;0;563173.8067;5941964.3714;9.955152936;53.622663928
126986;2;3;1;310;2018;8;13;7;3;4;2;0;0;1;0;0;0;0;1;563594.8991;5935416.7343;9.9601835;53.563767604
126987;2;7;4;705;2018;8;11;4;3;2;7;0;0;0;0;1;0;1;0;565905.4265;5922520.9688;9.992352346;53.447584277
126988;2;4;13;432;2018;9;17;5;2;5;3;0;1;0;0;0;0;1;0;568044.6733;5948132.5506;10.030135502;53.677487059
126989;2;2;1;201;2018;8;17;7;3;2;6;0;0;1;0;0;0;0;1;563254.4775;5933700.3973;9.954697121;53.548383446
126990;2;1;1;101;2018;9;10;2;3;5;3;0;0;1;0;0;0;0;0;566667.7575;5933719.0867;10.006209091;53.548129137
126991;2;4;5;409;2018;9;15;3;3;1;7;0;1;1;0;0;0;0;0;565968.0257;5938748.6417;9.996712299;53.593419154
126992;2;5;7;515;2018;9;17;7;3;5;3;0;0;0;0;1;0;1;0;570927.8176;5939264.4838;10.071753326;53.597407414
126993;2;1;3;108;2018;8;17;7;3;6;7;0;0;1;1;0;0;0;0;565481.1039;5934522.863;9.988470355;53.555502203
126994;2;1;11;129;2018;9;9;5;3;4;2;0;0;1;0;0;0;0;0;572204.2748;5934465.2928;10.089927485;53.554103147
126995;2;1;17;138;2018;8;13;7;3;0;7;0;0;0;0;1;0;0;1;566540.5077;5931038.7461;10.003718941;53.524056425
126996;2;3;6;318;2018;9;14;2;3;6;7;0;0;1;1;0;0;0;0;563092.8737;5941933.1467;9.953923133;53.622393061
126997;2;1;16;135;2018;9;17;5;3;0;3;0;1;0;0;0;0;1;0;570090.3614;5925722.6117;10.056068301;53.47581813
126998;2;1;11;129;2018;8;8;4;3;6;7;0;0;1;1;0;0;0;0;571919.902;5934409.828;10.08562295;53.553643722
126999;2;5;18;526;2018;9;9;5;3;5;3;0;0;1;0;0;1;0;0;576148.6491;5941145.2746;10.151085251;53.613577045
127000;2;3;5;317;2018;9;12;4;3;2;2;0;0;0;0;1;0;1;0;563197.3604;5940068.625;9.955124369;53.605623541
127001;2;7;12;713;2018;8;19;6;2;2;6;0;0;0;0;1;0;0;0;560440.3945;5929383.8838;9.911397013;53.509920295
127002;2;3;1;301;2018;9;10;7;3;3;6;0;1;0;0;0;0;0;0;562716.4415;5937476.1538;9.947335808;53.582382009
127003;2;4;13;432;2018;8;7;6;3;3;2;0;1;1;0;0;0;0;0;566976.3124;5943926.4751;10.013057449;53.639824962
127004;2;2;5;215;2018;9;17;4;3;3;7;0;0;1;0;1;0;0;0;561303.2572;5936366.5019;9.925774756;53.572576243
127005;2;5;1;503;2018;9;9;2;3;3;2;0;1;1;0;0;0;0;0;569270.9121;5935525.3413;10.045891454;53.564025149
127006;2;7;1;701;2018;8;6;6;3;5;3;0;0;1;0;0;0;1;0;564102.7916;5924252.9737;9.965567034;53.463372954
127007;2;1;16;137;2018;8;11;6;3;6;4;0;0;1;1;0;0;0;0;565398.0103;5928971.8271;9.986056579;53.505623782
127008;2;1;3;108;2018;9;10;3;3;5;2;0;1;1;0;0;0;0;0;565461.9463;5934674.0082;9.988212863;53.556862972
127009;2;1;16;137;2018;9;14;6;3;5;3;0;0;1;0;0;0;0;0;565478.3765;5930282.0367;9.987541858;53.517389053
127010;2;1;13;131;2018;8;8;6;3;5;2;0;0;0;0;0;1;1;0;572821.1658;5930508.5672;10.098316904;53.518458994
127011;2;1;13;131;2018;8;15;4;3;3;6;0;0;1;0;0;0;0;0;571454.8942;5932023.4967;10.07805999;53.532261227
127012;2;3;5;317;2018;9;19;5;3;3;6;0;0;1;0;0;0;0;0;564275.584;5939308.298;9.971260614;53.598659161
127013;2;1;11;129;2018;8;12;6;3;2;6;0;0;1;0;0;0;0;0;572064.6257;5934549.5844;10.087839323;53.554879862
127014;2;6;7;608;2018;9;17;1;3;0;7;0;0;0;0;1;0;0;0;571900.3749;5925115.037;10.083195862;53.47011371
127015;2;1;11;128;2018;8;9;4;2;6;3;0;1;0;1;0;0;0;0;572227.7441;5933423.7076;10.090041098;53.544739225
127016;2;3;5;317;2018;9;16;5;3;8;1;0;0;1;0;0;0;0;0;563220.8674;5940064.1775;9.955478682;53.605580735
127017;2;5;5;513;2018;9;12;3;3;3;2;0;0;1;0;0;0;1;0;574434.3584;5938281.0371;10.124493178;53.58808315
127018;2;1;6;117;2018;8;14;6;3;0;3;0;0;1;0;1;0;0;0;567681.73;5933896.42;10.021548595;53.549593144
127019;2;7;7;708;2018;8;14;5;3;0;1;0;0;0;0;1;0;0;1;564351.8772;5919990.2534;9.968446637;53.42503151
127020;2;4;5;409;2018;9;16;5;3;6;4;0;0;1;1;0;0;0;0;566187.1112;5938663.3892;10.000003821;53.592625361
127021;2;1;15;134;2018;9;13;3;3;5;3;0;0;1;0;0;1;0;0;569123.3173;5930835.5093;10.042627084;53.521896547
127022;2;1;6;115;2018;8;23;6;3;9;7;2;0;0;0;1;0;0;0;566797.5941;5933710.8385;10.008166606;53.548038508
127023;2;2;1;206;2018;8;13;6;3;5;3;0;1;1;0;0;0;0;0;563077.893;5934978.3128;9.952290201;53.55988976
127024;2;2;4;214;2018;9;17;4;3;3;6;0;1;1;0;0;0;0;0;561811.6499;5933476.6936;9.932879579;53.54654476
127025;2;6;1;601;2018;9;17;1;3;0;7;0;0;1;0;0;0;0;0;579027.7279;5928971.3851;10.191517715;53.503748344
127026;2;5;18;526;2018;8;20;6;3;5;3;0;1;1;0;0;0;0;0;576107.0683;5938121.9879;10.149718778;53.586413692
127027;2;5;6;514;2018;8;17;6;3;2;6;0;0;1;0;0;0;1;0;573201.7976;5940267.4016;10.106342841;53.606107834
127028;2;1;11;129;2018;9;14;6;3;0;6;0;0;0;0;1;1;0;0;571688.1723;5934597.6773;10.082168781;53.555363615
127029;2;5;7;515;2018;8;18;6;3;6;7;0;0;1;1;0;0;0;1;569896.9686;5939345.0015;10.056197684;53.598269507
127030;2;6;1;601;2018;9;18;2;2;5;3;0;0;1;0;0;0;0;0;578148.027;5929913.9542;10.178492352;53.512350432
127031;2;5;6;514;2018;9;15;6;3;6;2;0;0;1;1;0;0;0;1;573303.1671;5940926.6596;10.108029683;53.612018299
127032;2;5;12;520;2018;8;17;6;3;2;2;0;0;1;0;0;0;0;0;570220.2352;5945551.8136;10.062481828;53.654006523
127033;2;1;13;131;2018;8;6;4;3;0;7;0;1;0;0;0;0;0;0;571868.7642;5930735.5487;10.084007333;53.520629961
127034;2;1;4;112;2018;9;6;5;3;5;3;2;0;1;0;1;0;0;0;563364.9207;5933862.516;9.956396632;53.549827146
127035;2;4;5;409;2018;8;1;6;3;2;6;2;0;1;0;0;0;0;0;565802.5881;5939209.3265;9.994310326;53.5975802
127036;2;4;13;432;2018;9;14;1;3;3;6;0;1;1;0;0;0;0;0;566674.9147;5945122.051;10.008755803;53.650608158
127037;2;6;1;601;2018;9;16;4;3;5;3;0;0;1;0;0;0;0;0;579888.7441;5927658.4484;10.204161917;53.491819312
127038;2;5;12;520;2018;9;16;3;3;1;6;0;0;1;0;0;0;0;0;570180.9044;5945362.0017;10.06184397;53.652305982
127039;2;4;8;423;2018;8;15;6;3;5;2;0;1;1;0;0;0;0;1;569294.858;5937648.981;10.046724224;53.583107265
127040;2;1;11;129;2018;9;18;3;3;0;3;0;1;1;0;0;0;0;0;570794.3705;5935050.1886;10.068781488;53.559551641
127041;2;5;4;512;2018;9;8;7;3;5;3;0;1;1;0;0;0;0;0;575567.9432;5936347.0426;10.141146528;53.570540643
127042;2;5;1;501;2018;8;11;6;2;5;3;0;0;1;0;0;0;0;0;568899.5071;5936209.2142;10.040435633;53.570220067
127043;2;4;12;431;2018;9;18;6;3;5;3;0;1;1;0;0;0;0;0;567048.175;5942217.1016;10.01377588;53.624453513
127044;2;4;7;417;2018;8;15;6;3;2;6;0;0;1;0;0;0;0;0;567922.1401;5935111.3675;10.02544056;53.560481012
127045;2;4;11;430;2018;9;18;2;3;0;7;0;1;1;0;0;0;0;0;567319.4219;5941468.2381;10.017714538;53.617688623
127046;2;2;9;221;2018;9;18;6;3;3;2;0;1;0;0;0;0;1;1;556523.1587;5937571.0787;9.853815114;53.58393924
127047;2;2;8;220;2018;8;17;6;3;1;1;0;0;1;0;1;0;0;0;557278.5486;5937981.7168;9.86529968;53.587547893
127048;2;7;14;715;2018;9;16;3;3;3;6;0;1;1;0;0;0;0;0;557239.3331;5926449.9661;9.862598152;53.483909462
127049;2;2;8;220;2018;9;17;1;3;3;7;0;0;1;0;0;0;0;0;558047.2112;5938163.413;9.87694409;53.589096352
127050;2;2;5;215;2018;8;23;6;3;8;7;2;0;1;0;0;0;0;0;560295.0173;5937600.4262;9.910789234;53.583782883
127051;2;5;6;514;2018;9;7;6;3;2;6;0;0;1;0;0;0;0;0;573991.1297;5940360.4866;10.11829211;53.606833505
127052;2;2;5;217;2018;8;12;6;3;5;3;0;0;0;0;0;1;1;0;558348.5185;5937506.8579;9.881372696;53.583162133
127053;2;1;14;132;2018;9;17;2;3;6;4;0;0;1;1;0;0;0;0;569699.2217;5932020.7869;10.051576026;53.532472718
127054;2;5;10;518;2018;9;8;6;3;5;2;0;0;1;0;1;0;0;0;573463.43;5945519.0191;10.111535975;53.653266374
127055;2;3;8;320;2018;8;3;6;2;5;3;2;0;1;0;0;0;1;0;560112.2099;5938467.7498;9.908195327;53.591598862
127056;2;5;18;526;2018;8;14;4;3;5;3;0;1;1;0;0;0;0;0;576429.008;5940272.4284;10.155108183;53.605692229
127057;2;7;1;702;2018;9;15;4;2;6;4;0;0;1;1;0;0;0;1;566077.5939;5923118.2515;9.995069746;53.452930731
127058;2;2;5;216;2018;8;18;6;3;5;3;0;1;0;0;0;0;0;0;560070.2242;5935755.6607;9.907039136;53.567228981
127059;2;1;5;113;2018;9;20;1;3;2;6;2;1;1;0;0;0;0;0;567046.5812;5934832.2483;10.012164388;53.558085096
127060;2;5;4;512;2018;9;11;4;3;2;6;0;0;1;0;0;0;0;0;573818.2104;5936373.2894;10.114735693;53.571025618
127061;2;3;6;318;2018;9;17;3;3;5;3;0;0;1;0;1;0;0;0;563615.4429;5940846.6366;9.961600873;53.612565128
127062;2;3;7;319;2018;8;14;6;3;5;3;0;0;1;0;0;1;0;0;561257.1792;5944052.5348;9.926589932;53.641658581
127063;2;5;2;505;2018;9;12;3;3;4;6;0;1;0;0;0;0;0;0;570627.7686;5936426.4788;10.066577942;53.571942825
127064;2;4;9;425;2018;9;18;7;2;5;3;0;1;1;0;0;0;0;0;570466.5936;5938044.7325;10.064509763;53.586507744
127065;2;2;1;203;2018;8;15;6;3;6;6;0;1;0;1;0;0;0;0;562016.8538;5934035.7696;9.936087002;53.551545203
127066;2;7;7;708;2018;9;13;5;2;4;2;0;0;1;0;0;0;0;0;563664.6246;5920212.6939;9.95815056;53.427114103
127067;2;3;3;314;2018;8;14;6;3;3;2;0;1;0;0;0;0;0;0;565168.7782;5937382.7464;9.98435311;53.581243532
127068;2;4;6;414;2018;9;10;2;3;6;2;0;0;1;1;0;0;0;0;567247.2208;5936433.1268;10.015537413;53.572446781
127069;2;1;3;106;2018;9;18;6;3;3;6;0;1;1;0;0;0;0;0;564636.0209;5933880.8404;9.97558271;53.549836895
127070;2;5;18;526;2018;8;18;4;2;0;7;0;1;0;0;0;0;0;0;578921.5399;5938843.5595;10.192408481;53.592482114
127071;2;5;18;526;2018;9;23;5;2;2;6;2;0;0;0;1;0;0;0;575413.7624;5942370.1269;10.140275555;53.624690749
127072;2;2;10;222;2018;9;14;4;3;2;6;0;0;1;0;0;0;0;1;554978.6774;5934633.9919;9.829970486;53.55770602
127073;2;1;5;114;2018;8;17;6;3;6;4;0;0;1;1;0;0;0;0;567206.282;5934443.491;10.014491298;53.554570842
127074;2;2;9;221;2018;9;21;7;3;5;3;0;0;1;0;0;0;0;0;556051.2163;5935304.4049;9.846280107;53.563617989
127075;2;5;2;507;2018;8;16;6;3;5;2;0;0;1;0;0;0;0;0;571179.1206;5936726.8726;10.074970999;53.574567943
127076;2;4;7;417;2018;9;15;4;3;5;3;0;1;1;0;0;0;0;0;568302.9785;5935636.5006;10.031303967;53.565151023
127077;2;5;5;513;2018;8;12;4;3;2;6;0;0;1;0;0;0;0;0;573044.7077;5937387.2954;10.103294587;53.580246639
127078;2;5;2;508;2018;9;17;4;3;3;2;0;0;1;0;0;0;1;0;572679.133;5937710.3819;10.097849165;53.58320097
127079;2;7;14;715;2018;8;15;5;2;5;3;0;1;1;0;0;0;0;0;555916.228;5925716.0189;9.842530615;53.477455178
127080;2;5;3;510;2018;9;6;7;2;1;7;1;0;1;0;0;0;1;0;571462.0737;5935476.2833;10.078957285;53.563290463
127081;2;7;10;711;2018;8;17;6;3;0;7;0;0;1;0;0;0;0;0;563472.007;5924335.528;9.956083787;53.464191301
127082;2;4;5;413;2018;9;18;4;3;2;6;0;0;1;0;0;0;0;0;565992.4158;5937723.2035;9.996863825;53.584200291
127083;2;1;12;130;2018;9;7;2;3;5;3;0;0;1;0;0;0;1;0;574701.0157;5932800.8007;10.127210486;53.538795259
127084;2;6;2;603;2018;8;16;5;3;2;6;0;0;1;0;0;0;0;0;580113.8539;5926258.489;10.207196874;53.479204075
127085;2;5;1;502;2018;9;18;3;3;5;7;0;0;1;0;1;0;0;0;569542.5742;5936526.5392;10.050215323;53.572987042
127086;2;4;13;432;2018;9;13;7;3;5;3;0;1;1;0;0;0;0;0;566803.7007;5944919.7303;10.010660448;53.648773463
127087;2;1;11;129;2018;8;15;5;3;2;6;0;0;1;0;1;0;0;0;572646.924;5934722.8993;10.096667827;53.556357174
127088;2;5;18;526;2018;8;19;4;3;5;3;0;0;1;0;0;0;0;0;576898.1587;5938604.1764;10.161785632;53.590631554
127089;2;5;2;505;2018;9;19;5;3;2;6;0;0;1;0;0;0;1;0;570185.6334;5936424.7797;10.05990196;53.57198689
127090;2;1;12;130;2018;8;12;5;2;2;6;0;0;1;0;0;0;0;0;573362.7858;5933770.5798;10.107248711;53.547699204
127091;2;3;1;301;2018;9;11;2;3;5;5;0;1;1;0;0;0;0;0;562627.3028;5937164.7972;9.945927087;53.579594399
127092;2;1;13;131;2018;9;10;5;3;5;3;0;1;1;0;0;0;0;0;573659.9964;5931924.8778;10.111299007;53.531070421
127093;2;4;9;425;2018;8;10;4;3;2;2;0;1;1;0;0;0;0;0;570701.2649;5937588.7368;10.067950852;53.58237813
127094;2;4;13;432;2018;9;12;5;3;5;2;0;1;1;0;0;0;0;0;566194.7826;5947042.9454;10.001902213;53.667932317