OBJECTID_1;ULAND;UREGBEZ;UKREIS;UGEMEINDE;UJAHR;UMONAT;USTUNDE;UWOCHENTAG;UKATEGORIE;UART;UTYP1;ULICHTVERH;IstRad;IstPKW;IstFuss;IstKrad;IstGkfz;IstSonstig;STRZUSTAND;LINREFX;LINREFY;XGCSWGS84;YGCSWGS84
127095;2;1;12;130;2018;8;2;5;3;8;1;2;0;1;0;0;0;0;0;576132.3229;5931023.6098;10.148371455;53.522618466
127096;2;3;1;308;2018;9;17;4;3;3;7;0;0;1;0;0;0;0;0;563630.2883;5936045.3565;9.960845789;53.569412934
127097;2;1;11;129;2018;8;13;5;3;0;4;0;0;1;1;0;0;0;0;573086.0921;5934961.1162;10.103351805;53.558437048
127098;2;3;2;311;2018;9;11;7;3;1;5;0;0;1;0;0;0;1;0;564849.3365;5936078.0951;9.979257833;53.569557909
127099;2;5;1;504;2018;8;7;6;3;0;5;0;1;1;0;0;0;0;0;569862.9457;5936690.294;10.055089237;53.574416146
127100;2;3;1;302;2018;9;20;4;3;0;7;1;0;1;0;1;0;0;0;563001.8868;5936956.5457;9.951541942;53.577677916
127101;2;2;7;219;2018;9;14;2;3;1;6;0;0;1;0;0;0;1;0;560234.1042;5934333.2432;9.909239138;53.554426293
127102;2;1;13;131;2018;8;8;5;2;3;6;0;0;1;0;1;0;0;0;570876.4845;5931412.5501;10.069196724;53.52684896
127103;2;7;4;705;2018;9;16;6;3;1;5;0;1;1;0;0;0;0;0;565626.776;5922235.376;9.988097762;53.44505231
127104;2;5;6;514;2018;8;9;5;3;5;3;0;1;1;0;0;0;0;0;573822.6121;5939926.3259;10.115642849;53.602955555
127105;2;7;1;702;2018;9;17;3;3;2;6;0;1;0;0;0;0;1;0;565555.2872;5924569.264;9.987508119;53.466036799
127106;2;1;8;124;2018;9;18;6;3;4;2;0;1;1;0;0;0;0;0;569589.6845;5934556.4022;10.050487808;53.555275052
127107;2;5;18;526;2018;8;14;5;3;2;7;0;1;1;0;0;0;0;0;576847.8215;5941076.8751;10.161634895;53.612860262
127108;2;4;12;431;2018;8;9;4;3;5;2;0;1;1;0;0;0;0;0;568343.1137;5943598.8618;10.033655501;53.636703997
127109;2;5;2;509;2018;9;7;2;2;5;3;0;1;1;0;0;0;0;0;571369.1997;5938119.7841;10.078159592;53.587060154
127110;2;5;2;507;2018;8;7;5;3;5;3;0;1;1;0;0;0;0;0;571022.3458;5937039.0083;10.072674797;53.57739435
127111;2;5;2;505;2018;8;8;5;3;5;3;0;1;1;0;0;0;0;0;570646.1109;5937233.0781;10.0670374;53.579189261
127112;2;3;8;320;2018;9;8;3;3;5;3;0;1;1;0;0;0;0;0;559805.5011;5938905.7133;9.90364609;53.595570098
127113;2;1;5;114;2018;9;13;7;3;4;2;0;1;0;0;0;0;1;0;567107.1512;5934191.4478;10.012941054;53.552318365
127114;2;4;12;431;2018;8;8;5;3;3;2;0;1;1;0;0;0;0;0;567183.608;5943421.9286;10.016083402;53.635264008
127115;2;5;1;504;2018;8;16;4;3;3;2;0;1;0;0;0;0;1;0;569962.811;5936133.7756;10.056472465;53.569401388
127116;2;2;5;217;2018;9;16;5;3;2;6;0;0;1;0;1;0;0;0;559156.4035;5936417.493;9.893367988;53.573280999
127117;2;4;5;408;2018;8;16;5;3;2;6;0;0;1;0;0;0;0;0;567787.7827;5940599.6152;10.024604801;53.609821848
127118;2;1;5;114;2018;9;16;2;3;4;6;0;1;0;0;0;0;1;0;566586.9701;5934650.9425;10.005188449;53.556514171
127119;2;4;8;422;2018;8;14;4;3;2;6;0;0;1;0;0;0;0;0;568786.3541;5936428.1756;10.038775474;53.572202739
127120;2;4;5;409;2018;9;8;5;3;1;6;0;0;1;0;0;0;0;0;566070.9271;5938856.8611;9.998289707;53.59437878
127121;2;6;2;602;2018;9;20;3;3;4;6;2;1;0;0;0;0;0;0;580645.6847;5927180.6739;10.215445691;53.487410242
127122;2;4;8;419;2018;8;14;5;3;1;5;0;1;1;0;0;0;0;0;567790.3542;5937251.3291;10.023915801;53.579730163
127123;2;1;5;114;2018;8;18;6;3;2;6;0;0;1;0;0;0;0;0;567369.76;5934170.25;10.016899719;53.552094224
127124;2;2;1;206;2018;9;9;4;3;4;2;0;1;1;0;0;0;0;0;563568.6796;5935013.3956;9.959705631;53.560145848
127125;2;7;4;705;2018;8;8;5;3;0;3;0;0;1;0;1;0;0;1;565657.9531;5922855.0677;9.988696426;53.450617851
127126;2;5;7;515;2018;9;17;1;3;1;6;0;0;1;0;0;0;0;0;570521.3478;5939354.9027;10.065632994;53.598274851
127127;2;5;1;501;2018;8;8;5;3;3;2;0;0;1;0;1;0;0;0;568894.4235;5935810.6628;10.040270971;53.56663892
127128;2;1;12;130;2018;9;13;6;3;4;6;0;1;0;0;0;0;0;0;573789.2955;5934923.5179;10.113956717;53.558000773
127129;2;3;9;321;2018;8;21;5;3;5;3;2;1;1;0;0;0;0;0;561298.0365;5939285.7335;9.926269435;53.59881306
127130;2;6;9;610;2018;9;17;2;3;2;6;0;0;1;0;0;0;0;0;573341.7173;5927700.1941;10.105509499;53.493147808
127131;2;5;4;512;2018;9;14;6;3;0;3;0;0;1;0;0;0;1;0;573880.8246;5936373.9987;10.115681206;53.571023179
127132;2;3;8;320;2018;8;14;5;3;1;5;0;1;1;0;0;0;0;0;558702.8229;5941124.4825;9.887405057;53.615635788
127133;2;4;8;421;2018;8;10;4;3;2;6;0;1;0;0;0;0;0;0;568781.3231;5937128.8685;10.038853877;53.578500582
127134;2;1;1;101;2018;9;12;5;3;2;6;0;0;1;0;0;0;0;0;566319.75;5934573.683;10.001138814;53.555853652
127135;2;2;11;224;2018;8;17;5;2;0;6;0;1;0;1;0;0;0;0;553235.1595;5935868.2019;9.803863136;53.568978441
127136;2;1;1;102;2018;9;13;1;3;3;6;0;0;1;0;0;0;0;0;565451.5086;5933339.4208;9.987775951;53.544869992
127137;2;3;9;321;2018;8;16;4;3;5;2;0;1;1;0;0;0;0;0;560925.4878;5938263.3355;9.920440943;53.589667832
127138;2;1;12;130;2018;9;10;4;3;1;6;0;0;1;0;0;0;0;0;574697.2071;5933405.4498;10.127297396;53.544229702
127139;2;4;5;410;2018;9;8;3;3;5;3;0;1;1;0;0;0;0;1;566719.0471;5937900.7567;10.007876232;53.585704044
127140;2;2;6;218;2018;8;18;5;3;2;6;0;0;1;0;0;0;0;0;557471.6833;5935556.5237;9.867770507;53.565730279
127141;2;2;1;203;2018;9;13;5;3;5;3;0;0;1;0;1;0;0;0;562148.3087;5933886.6129;9.938041253;53.55018913
127142;2;2;5;215;2018;8;12;5;3;1;6;0;0;1;0;0;0;0;0;561344.123;5936279.5468;9.926374723;53.571789967
127143;2;1;11;128;2018;9;10;1;3;1;7;0;1;1;0;0;0;0;0;571605.1586;5934244.7038;10.080835044;53.552202776
127144;2;2;7;219;2018;8;10;4;3;2;6;0;0;1;0;0;0;0;0;558152.6161;5933452.944;9.877659291;53.546749272
127145;2;2;3;209;2018;9;7;5;3;3;2;0;1;0;0;0;0;1;0;562620.9712;5935308.0869;9.945459153;53.56290827
127146;2;5;6;514;2018;9;11;3;3;4;6;0;0;1;0;0;0;0;0;575362.7232;5942859.6248;10.139622519;53.629097068
127147;2;3;6;318;2018;8;3;5;3;1;5;2;1;1;0;0;0;0;0;562806.118;5940658.2325;9.949331121;53.610969546
127148;2;1;16;136;2018;9;15;3;3;2;6;0;0;1;0;0;0;0;0;567440.2333;5930455.7197;10.017162834;53.518701951
127149;2;2;4;212;2018;9;15;1;2;2;6;0;0;1;0;1;0;0;0;560936.874;5934846.6808;9.919946118;53.55895967
127150;2;3;1;310;2018;8;16;5;3;0;7;0;1;0;0;0;0;0;0;563734.8205;5935604.9332;9.962334162;53.56544203
127151;2;5;2;507;2018;9;23;6;2;6;4;2;0;1;1;0;0;0;0;571732.4354;5936813.1026;10.083345521;53.575267519
127152;2;3;3;314;2018;8;1;5;3;0;7;2;1;0;0;0;0;0;0;565912.5697;5937175.1058;9.995542135;53.579284475
127153;2;5;6;514;2018;9;8;2;3;3;2;0;1;1;0;0;0;0;0;574081.8569;5940067.3865;10.119593388;53.604186655
127154;2;4;10;426;2018;9;9;6;2;5;3;0;0;1;0;1;0;0;0;569737.62;5938378.792;10.05357419;53.5896074
127155;2;3;2;312;2018;8;19;5;3;1;6;0;1;1;0;0;0;0;0;565222.5672;5936197.2926;9.984917786;53.570582902
127156;2;4;2;404;2018;8;19;4;3;1;6;0;1;1;0;0;0;0;0;565419.5693;5938612.5558;9.988398476;53.592264854
127157;2;1;8;123;2018;9;11;4;3;0;1;0;0;0;0;1;0;0;1;570359.9953;5934652.617;10.062135472;53.556037058
127158;2;7;17;718;2018;8;14;4;3;2;6;0;0;1;0;0;0;0;0;551797.8344;5932381.1834;9.781583682;53.537781844
127159;2;5;6;514;2018;9;15;7;3;3;6;0;0;1;0;0;0;0;0;574970.4366;5942236.9351;10.133541725;53.623557451
127160;2;4;9;424;2018;9;16;4;3;3;2;0;1;1;0;0;0;0;0;570100.0258;5936885.5227;10.058712849;53.576139044
127161;2;3;1;307;2018;9;11;3;3;3;6;0;0;1;0;0;0;1;0;563186.5097;5936022.311;9.954140896;53.569259448
127162;2;6;14;615;2018;8;19;4;3;2;3;0;1;1;0;0;0;0;0;576463.909;5926811.729;10.152344859;53.48471881
127163;2;5;10;518;2018;9;17;3;3;5;3;0;1;1;0;0;0;0;0;574100.8138;5944480.9532;10.120930407;53.643847658
127164;2;5;2;508;2018;9;6;7;3;1;5;1;0;1;0;0;0;0;0;572119.2525;5937482.6695;10.089340997;53.581231831
127165;2;6;2;602;2018;8;8;4;3;5;3;0;0;1;0;0;0;0;0;578264.4863;5928117.0948;10.17979967;53.496185169
127166;2;5;18;526;2018;9;7;3;3;6;4;0;0;1;1;0;0;0;0;576410.5277;5939985.2069;10.154758527;53.603113754
127167;2;5;6;514;2018;9;17;7;2;5;2;0;0;1;0;0;0;0;0;573440.3684;5938849.2205;10.109613683;53.593329493
127168;2;1;11;128;2018;8;15;4;3;5;3;0;1;1;0;0;0;0;0;572346.87;5933322.74;10.091815202;53.543815435
127169;2;3;8;320;2018;9;22;6;3;5;3;2;0;1;0;0;0;0;0;560122.6911;5938474.0978;9.908354882;53.591654712
127170;2;1;8;123;2018;8;14;4;3;5;3;0;1;1;0;0;0;0;0;570340.5288;5934804.2545;10.061875792;53.557402439
127171;2;4;6;414;2018;9;13;2;3;0;4;0;1;0;1;0;0;0;0;567126.9146;5937149.2242;10.013874883;53.578897863
127172;2;2;1;206;2018;9;14;6;3;3;2;0;1;1;0;0;0;0;1;563158.5601;5935047.6541;9.953521866;53.560503252
127173;2;5;4;512;2018;8;10;4;3;2;6;0;0;1;0;0;1;0;0;574688.1418;5937207.9551;10.128069489;53.578403486
127174;2;3;2;311;2018;8;18;4;3;6;3;0;1;0;1;0;0;0;0;565163.4005;5935530.7861;9.983885417;53.564600198
127175;2;4;9;425;2018;9;15;4;3;5;3;0;0;1;0;1;0;0;1;570201.0044;5937861.459;10.060457138;53.584896289
127176;2;5;18;526;2018;8;19;4;3;2;6;0;1;1;0;0;0;0;0;575588.5352;5942723.1289;10.143003313;53.627837869
127177;2;4;8;420;2018;9;4;7;2;4;2;2;0;1;0;1;0;0;0;568558.7931;5936744.3183;10.035408999;53.57507373
127178;2;1;15;134;2018;8;20;6;3;0;6;2;0;0;0;0;1;1;0;567305.3501;5930909.1705;10.015226251;53.522794505
127179;2;4;8;418;2018;8;9;5;3;5;3;0;1;0;0;0;0;1;1;567641.5069;5937259.4042;10.021669732;53.579821953
127180;2;5;1;504;2018;9;16;4;3;5;7;0;0;1;0;1;0;0;0;570110.3065;5936212.5608;10.058716988;53.570089745
127181;2;5;18;526;2018;9;9;2;3;2;6;0;0;1;0;0;0;0;0;574667.376;5939812.8657;10.128379444;53.601816232
127182;2;5;2;505;2018;8;22;4;1;6;4;2;0;1;1;0;0;0;0;570587.5294;5936403.5211;10.0659652;53.571741919
127183;2;5;3;510;2018;8;16;4;3;2;6;0;0;1;0;0;0;0;0;571266.1885;5935857.5584;10.076087298;53.566743615
127184;2;2;9;221;2018;9;15;3;3;3;2;0;0;1;0;0;0;1;0;556438.0023;5937603.9986;9.852534888;53.584244281
127185;2;2;11;223;2018;9;14;7;3;3;6;0;1;0;0;0;0;1;0;554489.6557;5935304.598;9.822705882;53.563784188
127186;2;4;11;430;2018;8;7;4;3;6;4;0;1;1;1;0;0;0;0;568617.9747;5940463.689;10.037120881;53.608492201
127187;2;2;3;208;2018;8;9;4;3;3;2;0;1;0;0;0;0;1;0;563437.1297;5935282.1591;9.957774471;53.562577228
127188;2;5;10;518;2018;9;8;5;3;5;2;0;1;1;0;0;0;0;0;572950.3992;5945510.9578;10.103773277;53.653265728
127189;2;5;7;515;2018;8;14;4;3;5;3;0;1;1;0;0;0;0;0;571188.3669;5940875.1357;10.076057484;53.611846904
127190;2;1;4;109;2018;9;17;2;3;3;6;0;1;0;0;0;0;0;0;564598.4882;5935057.9451;9.975259556;53.56042049
127191;2;1;5;113;2018;8;17;4;3;3;6;0;0;1;0;1;0;0;0;566958.93;5935048.91;10.010887815;53.560043463
127192;2;4;5;413;2018;9;9;5;3;4;6;0;1;0;0;0;0;0;0;566807.8835;5937059.7406;10.009037956;53.578134393
127193;2;7;14;715;2018;9;14;3;3;0;6;0;0;1;0;0;0;1;0;554638.95;5925302;9.823215117;53.473868187
127194;2;4;4;407;2018;8;15;4;3;5;7;0;0;1;0;0;0;0;0;566139.3015;5940890.0666;9.999754075;53.612642874
127195;2;6;1;601;2018;9;16;5;3;2;6;0;0;1;0;1;0;0;0;578415.1793;5929864.537;10.182507773;53.511866557
127196;2;4;5;408;2018;8;17;4;3;5;3;0;1;1;0;0;0;0;0;566576.8632;5939399.4391;10.00604864;53.599190992
127197;2;3;7;319;2018;9;18;2;2;6;4;0;0;1;1;0;0;0;0;560739.3918;5943339.7576;9.918619678;53.635312989
127198;2;7;4;705;2018;9;6;5;3;5;3;0;1;1;0;0;0;0;0;565611.8606;5922806.1206;9.987992256;53.450183684
127199;2;5;18;526;2018;9;16;5;3;1;6;0;0;1;0;0;0;0;0;576431.589;5941328.219;10.15540619;53.6151799
127200;2;4;3;406;2018;9;7;4;3;2;2;0;0;1;0;0;0;0;1;564389.7289;5940873.4201;9.973308548;53.612711238
127201;2;4;5;408;2018;8;17;4;3;6;2;0;0;1;1;0;0;0;0;566478.551;5939306.7805;10.004543529;53.598370735
127202;2;2;14;227;2018;9;12;7;3;2;6;0;0;1;0;0;0;0;0;550159.84;5937156.92;9.757636745;53.580864161
127203;2;5;10;518;2018;8;5;6;3;4;2;2;0;1;0;0;0;0;0;574257.4326;5944544.502;10.123314272;53.644396551
127204;2;2;11;224;2018;9;15;4;3;5;3;0;0;1;0;0;0;0;0;552334.5192;5936130.0176;9.790308568;53.571422172
127205;2;4;8;423;2018;9;18;2;3;5;3;0;1;1;0;0;0;0;0;569091.039;5937472.2909;10.043606908;53.581546233
127206;2;3;8;320;2018;8;8;4;3;1;5;0;0;1;0;0;1;1;0;560057.9392;5940728.8108;9.907811139;53.611926117
127207;2;2;7;219;2018;8;12;4;3;4;6;0;0;1;0;0;0;0;0;558966.9246;5933596.4889;9.889974563;53.547948573
127208;2;1;2;103;2018;9;13;3;3;4;7;0;0;1;0;1;0;0;0;566123.5344;5933247.649;9.997896895;53.54396103
127209;2;7;1;701;2018;9;17;6;3;0;7;0;0;0;0;1;0;0;0;564968.2155;5924029.0562;9.978554382;53.461254477
127210;2;3;1;302;2018;8;15;4;3;1;6;0;0;1;0;1;0;0;0;562983.9768;5936992.567;9.95127875;53.578003802
127211;2;3;5;317;2018;9;16;5;3;5;3;0;0;1;0;1;0;0;0;563863.8163;5939844.4613;9.965149259;53.603528125
127212;2;4;2;405;2018;8;5;4;3;6;4;0;0;1;1;0;0;0;0;565046.3658;5939028.1366;9.982847486;53.596046203
127213;2;1;5;114;2018;9;18;2;3;6;4;0;0;1;1;0;0;0;0;567085.8741;5934352.9592;10.012654602;53.553772617
127214;2;5;1;501;2018;9;16;5;3;6;7;0;1;0;1;0;0;0;0;568894.4611;5936219.0748;10.040361624;53.570309348
127215;2;1;6;117;2018;9;8;3;2;6;6;0;1;0;1;0;0;0;0;567928.6931;5934161.079;10.025332956;53.551939783
127216;2;2;1;203;2018;8;15;4;3;0;6;0;1;0;0;0;0;1;0;562034.7845;5933738.1354;9.93629856;53.548868129
127217;2;7;4;705;2018;8;16;5;3;6;4;0;0;1;1;0;0;0;0;565422.6151;5921871.7376;9.984948751;53.441809517
127218;2;1;16;137;2018;9;7;4;3;0;2;0;1;1;0;0;0;0;0;564506.3459;5927923.1458;9.972398699;53.496309018
127219;2;5;13;521;2018;9;19;1;3;8;1;0;0;1;0;0;0;0;0;572827.7314;5949129.9297;10.102766601;53.685805619
127220;2;3;2;311;2018;8;17;4;3;3;2;0;1;1;0;0;0;0;0;564721.0031;5936275.9843;9.977361254;53.571352236
127221;2;5;5;513;2018;9;7;6;3;5;3;0;1;1;0;0;0;0;0;573845.9545;5937767.5133;10.115484377;53.583551395
127222;2;3;2;312;2018;8;23;4;2;4;2;2;0;1;0;1;0;0;0;565863.9413;5935572.1087;9.994469672;53.564884117
127223;2;3;5;317;2018;8;9;6;3;4;2;0;1;1;0;0;0;0;0;562770.6527;5938887.2932;9.94843849;53.595057864
127224;2;3;4;315;2018;9;9;4;3;3;2;0;1;0;0;0;1;0;0;564604.3007;5937123.08;9.975774479;53.578979684
127225;2;1;5;113;2018;9;15;2;3;5;3;0;1;1;0;0;0;0;0;567268.2695;5935209.0402;10.015591621;53.561443025
127226;2;3;1;308;2018;8;23;4;3;3;2;2;1;1;0;0;0;0;0;564334.3661;5936706.9896;9.97161232;53.57527335
127227;2;3;2;311;2018;8;12;4;3;3;2;0;1;1;0;0;0;0;0;564778.7215;5936249.657;9.978227267;53.571108503
127228;2;6;1;601;2018;9;12;6;3;1;5;0;1;1;0;0;0;0;0;579489.7727;5929073.2229;10.198508211;53.5045939
127229;2;1;4;112;2018;8;21;4;3;6;3;2;1;1;1;0;0;0;0;564250.4662;5933849.5343;9.969757832;53.549602859
127230;2;6;2;602;2018;9;20;2;3;3;6;2;1;0;0;1;0;0;0;579763.8172;5926987.7271;10.202108885;53.485810688
127231;2;5;18;526;2018;9;17;6;3;2;6;0;0;1;0;0;0;0;1;578353.5858;5940472.3064;10.184238759;53.607204204
127232;2;1;1;102;2018;8;7;4;3;3;7;0;1;1;0;0;0;0;0;566020.2395;5933491.9738;9.996389861;53.546169832
127233;2;1;4;112;2018;9;19;5;3;4;2;0;1;1;0;0;0;0;0;563799.4204;5933551.8044;9.962890336;53.546982063
127234;2;1;5;114;2018;8;12;4;3;4;6;0;1;0;0;0;0;0;0;566467.0579;5934743.9508;10.003398354;53.557365252
127235;2;5;5;513;2018;9;17;1;3;0;7;0;1;0;0;0;0;0;0;573573.7087;5937623.9454;10.111338957;53.582299437
127236;2;1;4;112;2018;9;4;5;2;6;4;2;0;1;1;0;0;0;0;563492.0688;5933844.4016;9.958311766;53.549648986
127237;2;5;2;507;2018;9;14;3;3;3;6;0;0;1;0;1;0;0;0;571136.4055;5936713.1249;10.074322894;53.574450187
127238;2;7;1;702;2018;8;14;4;3;1;5;0;1;0;0;0;0;1;0;565278.6524;5924457.8657;9.983318499;53.46506998
127239;2;6;6;607;2018;9;19;3;3;5;3;0;1;1;0;0;0;0;0;575692;5919983.79;10.139071047;53.42346797
127240;2;1;12;130;2018;9;18;7;3;5;3;0;0;1;0;0;0;0;0;572348.8664;5933320.8226;10.091844881;53.543797928
127241;2;1;18;139;2018;8;12;4;3;3;2;0;1;0;0;0;1;0;0;564541.0373;5931469.0303;9.973651814;53.528172887
127242;2;5;16;524;2018;9;20;6;3;5;3;2;0;1;0;1;0;0;1;574338.4;5947574.35;10.125263834;53.671613387
127243;2;6;6;607;2018;8;12;3;2;8;1;0;0;1;0;0;0;0;0;574463.9463;5920192.1286;10.120643508;53.425515119
127244;2;5;11;519;2018;9;10;2;3;4;2;0;1;1;0;0;0;0;0;571159.5507;5946614.2306;10.076934956;53.663427356
127245;2;2;9;221;2018;9;8;6;3;0;3;0;1;1;0;0;0;0;1;556384.8813;5935318.6478;9.851319854;53.563710254
127246;2;5;5;513;2018;8;10;3;3;5;3;0;1;1;0;0;0;0;0;574585.7401;5938143.801;10.126746835;53.586828325
127247;2;5;2;508;2018;8;7;5;3;2;4;0;0;1;1;0;0;0;1;573019.5421;5937216.0118;10.102874484;53.578710837
127248;2;5;18;526;2018;9;6;4;3;5;3;1;1;1;0;0;0;0;1;576333.243;5941265.1155;10.153904374;53.614627151
127249;2;5;6;514;2018;8;15;3;3;2;6;0;0;1;0;1;0;0;0;574061.5134;5940323.3827;10.119346839;53.606490116
127250;2;4;9;425;2018;9;14;7;3;5;3;0;0;1;0;1;0;0;0;570679.0913;5937580.9023;10.067614206;53.58231071
127251;2;7;4;705;2018;8;19;6;3;0;7;0;0;1;0;0;0;0;0;566528.8049;5921993.8444;10.001625673;53.442768484
127252;2;1;11;128;2018;9;8;2;3;5;3;0;0;1;0;0;0;0;0;572298.1971;5933367.9949;10.091091266;53.544228842
127253;2;5;16;524;2018;9;10;6;3;1;6;0;0;1;0;0;0;0;0;574342.5142;5947273.2975;10.125254003;53.66890734
127254;2;5;8;516;2018;8;6;3;3;2;6;0;0;1;0;0;0;1;0;570424.1514;5940954.3208;10.064525985;53.612661827
127255;2;7;13;714;2018;9;23;4;3;8;1;2;0;1;0;0;0;0;0;557593.4897;5926813.7055;9.868001369;53.487139993
127256;2;4;11;430;2018;8;4;3;3;5;3;1;1;1;0;0;0;0;0;568870.8822;5940430.8499;10.04093548;53.608163892
127257;2;1;5;114;2018;9;11;1;2;6;4;0;0;1;1;0;0;0;0;566803.2374;5934334.8221;10.008385081;53.553645657
127258;2;5;5;513;2018;9;17;4;3;5;3;0;1;1;0;0;0;0;0;575573.0485;5938254.8564;10.141685507;53.587684986
127259;2;2;5;215;2018;9;17;3;3;5;3;0;1;0;0;0;0;0;0;561246.6114;5936480.2489;9.92494175;53.573605148
127260;2;5;14;522;2018;8;14;3;3;5;3;0;1;0;0;0;0;0;0;572588.219;5951237.3227;10.099634117;53.704777502
127261;2;5;2;509;2018;9;15;3;3;1;5;0;1;1;0;0;0;0;0;571660.6776;5938830.052;10.082725196;53.593403528
127262;2;4;9;424;2018;9;20;7;3;5;3;2;0;1;0;0;0;0;0;569855.9872;5937638.4407;10.055196353;53.582938094
127263;2;4;13;432;2018;8;7;3;3;6;4;0;0;1;1;0;0;0;0;567893.3189;5947756.8225;10.027762337;53.67413009
127264;2;7;9;710;2018;9;18;5;3;1;5;0;0;1;0;1;0;0;0;561929.5665;5923005.2873;9.932591288;53.452419331
127265;2;5;1;502;2018;8;17;3;3;5;3;0;0;1;0;0;0;0;0;569360.178;5936437.4131;10.047441529;53.572210207
127266;2;4;8;418;2018;9;7;2;3;4;2;0;1;0;0;0;0;1;0;567923.8823;5936592.6872;10.025788971;53.573793598
127267;2;3;2;312;2018;9;9;6;3;5;3;0;1;0;0;0;0;1;0;565839.249;5934912.609;9.993957945;53.558960144
127268;2;1;6;117;2018;9;16;5;3;3;2;0;1;1;0;0;0;0;0;567624.4349;5934003.9332;10.020707219;53.550566765
127269;2;4;3;406;2018;9;12;4;3;0;7;0;1;1;0;0;0;0;0;566077.9072;5941010.6704;9.998851784;53.613734504
127270;2;4;10;427;2018;8;17;3;3;5;7;0;0;1;0;0;1;0;0;569118.9148;5938646.1848;10.044287951;53.592092399
127271;2;3;8;320;2018;9;21;7;2;6;4;2;0;1;1;0;0;0;0;559631.0717;5940520.3741;9.90131977;53.610101579
127272;2;5;5;513;2018;8;9;6;3;2;2;0;0;1;0;0;0;0;0;574478.068;5938073.3366;10.125103786;53.586210379
127273;2;3;1;308;2018;8;15;5;3;5;3;0;1;0;0;0;0;0;1;563562.7581;5936151.1822;9.959847748;53.570372207
127274;2;4;8;420;2018;9;5;4;3;4;2;0;0;1;0;0;0;0;0;568557.8919;5936745.2289;10.035395591;53.575082031
127275;2;5;2;509;2018;9;12;2;3;1;5;0;1;1;0;0;0;0;0;571282.9866;5938588.0836;10.076964451;53.591280465
127276;2;4;8;420;2018;8;14;3;3;2;6;0;0;1;0;0;1;0;0;568450.6738;5936645.2523;10.033754701;53.574197534
127277;2;2;5;217;2018;9;9;3;2;3;2;0;0;1;0;1;0;0;0;558358.0232;5937497.2216;9.881514446;53.583074469
127278;2;1;1;101;2018;9;16;7;3;3;6;0;0;1;0;0;0;0;1;566630.3416;5934114.1018;10.005728646;53.55168397
127279;2;5;18;526;2018;9;14;3;3;2;6;0;0;1;0;0;1;1;0;576199.2019;5940702.9862;10.151741072;53.609594988
127280;2;7;1;702;2018;9;19;6;3;6;4;2;0;0;1;0;0;1;0;565282.0535;5923909.8072;9.983255899;53.460143936
127281;2;7;8;709;2018;9;16;6;3;4;6;0;0;0;0;1;1;0;0;562469.8615;5920567.9173;9.94024255;53.43044957
127282;2;3;1;303;2018;9;11;7;3;2;6;0;0;1;0;0;0;0;0;562801.2995;5936866.9639;9.94849483;53.57689687
127283;2;7;1;702;2018;9;14;6;3;5;3;0;0;1;0;0;0;0;1;565911.2792;5923478.9274;9.992641201;53.456193097
127284;2;7;10;711;2018;9;12;6;3;0;7;0;0;1;0;1;0;0;1;563900.2396;5924501.119;9.96256696;53.465627762
127285;2;2;3;209;2018;9;10;5;3;5;3;0;1;1;0;0;0;0;0;562701.1895;5935562.1728;9.946721111;53.565182251
127286;2;1;16;137;2018;9;11;6;3;5;3;0;0;1;0;0;0;0;0;565480.3756;5930286.7136;9.987572981;53.517430837
127287;2;6;6;607;2018;9;16;6;3;5;3;0;0;1;0;0;0;0;1;577949.2238;5922313.217;10.17360843;53.444073528
127288;2;2;7;219;2018;9;15;3;3;1;5;0;1;1;0;0;0;0;0;559831.8136;5934157.2896;9.903133682;53.552890919
127289;2;1;8;123;2018;9;13;6;3;6;4;0;0;0;1;1;0;0;1;570000.0457;5935504.9398;10.056893708;53.563745049
127290;2;5;6;514;2018;9;16;6;3;5;3;0;1;1;0;0;0;0;1;574248.9497;5940675.3262;10.122262968;53.609626429
127291;2;5;3;510;2018;9;9;6;3;5;3;0;1;1;0;0;0;0;0;571458.8878;5935483.1605;10.078910766;53.563352702
127292;2;4;9;424;2018;9;13;6;2;5;3;0;0;0;0;1;0;1;1;569873.6673;5937610.9569;10.055457213;53.582688741
127293;2;1;14;133;2018;9;7;6;2;4;7;0;0;1;0;0;0;1;0;568980.0761;5932211.808;10.040770104;53.534284362
127294;2;5;7;515;2018;9;16;2;3;5;3;0;0;1;0;1;0;0;0;571431.6904;5940954.7752;10.079753018;53.612529496
127295;2;4;4;407;2018;9;17;2;3;3;2;0;1;0;0;0;1;0;0;567388.3972;5941165.3741;10.018691573;53.614957892
127296;2;5;7;515;2018;9;11;6;3;1;7;0;1;1;0;0;0;0;0;571593.6242;5941917.6139;10.082421651;53.621160316
127297;2;1;11;129;2018;9;17;4;3;8;1;0;0;1;0;0;0;0;0;572086.29;5935375.83;10.088356867;53.562302324
127298;2;5;16;524;2018;9;15;6;3;5;3;0;0;1;0;0;0;0;1;574609.1373;5947646.3336;10.129378426;53.672221708