OBJECTID_1;ULAND;UREGBEZ;UKREIS;UGEMEINDE;UJAHR;UMONAT;USTUNDE;UWOCHENTAG;UKATEGORIE;UART;UTYP1;ULICHTVERH;IstRad;IstPKW;IstFuss;IstKrad;IstGkfz;IstSonstig;STRZUSTAND;LINREFX;LINREFY;XGCSWGS84;YGCSWGS84
127706;2;3;2;311;2018;10;13;4;3;2;6;0;1;1;0;0;0;0;0;564962.6154;5936024.2265;9.980956922;53.569059765
127707;2;5;12;520;2018;10;18;2;3;2;6;0;0;1;0;0;0;0;0;568359.9738;5943610.3273;10.033912976;53.636804836
127708;2;5;18;526;2018;10;4;2;2;6;2;2;0;1;1;0;0;0;0;576034.1065;5941886.3313;10.149535097;53.620253326
127709;2;4;5;409;2018;10;17;3;3;0;1;0;0;0;0;1;0;0;1;567034.9149;5939473.8714;10.012985118;53.599801539
127710;2;1;8;122;2018;10;11;2;3;0;7;0;0;1;0;0;0;0;0;569646.1548;5934809.4632;10.051396482;53.55754184
127711;2;6;1;601;2018;10;17;2;3;5;3;0;1;1;0;0;0;0;0;577351.7535;5930106.07;10.16653451;53.514194686
127712;2;6;11;612;2018;10;17;6;3;3;2;0;0;1;0;0;1;0;0;572251.204;5929699.268;10.089535628;53.511264454
127713;2;6;1;601;2018;10;14;4;3;0;2;0;1;0;0;0;0;1;0;580115.3078;5927653.2884;10.20757476;53.491738492
127714;2;6;6;607;2018;10;23;7;3;1;5;2;0;0;0;0;0;1;0;579041.2906;5918383.4648;10.189060783;53.408594821
127715;2;5;1;501;2018;10;14;3;3;6;3;0;0;0;1;0;0;1;1;568350.0669;5935786.3637;10.032047615;53.566491729
127716;2;4;10;426;2018;10;20;5;2;5;3;2;0;1;0;1;0;0;0;569890.5482;5938587.2248;10.055930853;53.591460223
127717;2;1;14;132;2018;10;15;3;3;4;7;0;0;1;0;0;0;1;0;571038.7983;5932450.2744;10.071880311;53.536153124
127718;2;1;3;106;2018;10;7;6;3;2;2;0;0;1;0;0;0;0;0;564714.3475;5934728.6153;9.976940238;53.55744644
127719;2;3;8;320;2018;10;14;3;3;0;7;0;0;1;0;0;0;0;1;559535.3695;5940602.0807;9.899889047;53.610846792
127720;2;1;12;130;2018;10;18;3;3;0;7;1;0;0;0;1;0;1;0;574966.7934;5931783.0479;10.130976342;53.529610985
127721;2;3;5;317;2018;10;18;2;3;2;6;2;0;1;0;0;0;1;0;562988.1616;5939309.8103;9.951809815;53.598829054
127722;2;2;8;220;2018;10;14;2;3;4;2;0;1;1;0;0;0;0;0;557829.564;5938346.1133;9.873690293;53.59076242
127723;2;2;9;221;2018;10;17;3;3;2;6;0;0;1;0;0;0;0;1;557380.1882;5937335.7763;9.866716161;53.58173138
127724;2;6;7;608;2018;10;14;4;3;0;7;0;1;0;0;0;0;0;0;573766.5245;5921204.7438;10.110387022;53.434713584
127725;2;2;1;201;2018;10;2;7;2;9;1;2;0;1;0;0;0;0;0;563226.4167;5933393.973;9.954211716;53.545632882
127726;2;2;3;208;2018;10;11;3;3;1;6;0;0;1;0;0;0;0;1;562836.655;5935233.726;9.94870013;53.562214183
127727;2;1;8;121;2018;10;17;4;3;8;1;0;0;0;0;1;0;0;0;568839.7853;5935002.2521;10.039267996;53.559380825
127728;2;5;1;501;2018;10;15;3;2;2;6;0;0;1;0;0;0;0;0;568681.0601;5935664.1288;10.037017655;53.565349974
127729;2;1;6;117;2018;10;19;4;3;2;6;1;0;1;0;0;0;1;0;567660.301;5934007.7625;10.021249308;53.550596559
127730;2;5;2;507;2018;10;20;7;3;4;2;2;0;1;0;0;0;0;0;570825.2026;5937269.3922;10.069750119;53.579491463
127731;2;3;2;312;2018;10;21;3;3;5;3;2;0;1;0;0;0;0;1;565564.8891;5935188.4404;9.989874558;53.561473449
127732;2;1;19;140;2018;10;18;5;3;3;6;2;0;1;0;0;1;0;0;561476.0831;5930349.756;9.927201704;53.518480977
127733;2;5;18;526;2018;10;14;3;3;5;3;0;1;1;0;0;0;0;0;575012.3423;5939694.6845;10.133563045;53.600704903
127734;2;1;3;106;2018;10;18;3;2;6;4;0;0;0;1;1;0;0;1;564335.5715;5934128.7164;9.971099602;53.552101532
127735;2;5;16;524;2018;10;7;3;3;2;6;0;0;1;0;0;0;0;0;574776.0051;5947788.2173;10.131937988;53.673472925
127736;2;7;1;702;2018;10;12;1;3;5;3;0;0;1;0;0;0;0;0;565428.9422;5923009.6387;9.985280627;53.45203553
127737;2;5;18;526;2018;10;16;4;3;4;2;0;1;1;0;0;0;0;0;576734.0534;5942482.4527;10.160261924;53.625508369
127738;2;3;2;311;2018;10;14;2;3;0;7;0;0;0;0;1;0;0;0;564497.8982;5936029.5885;9.973941764;53.569165287
127739;2;1;1;101;2018;10;14;3;3;2;6;0;0;1;0;0;0;1;1;566613.797;5933941.2765;10.005442141;53.550132853
127740;2;5;4;512;2018;10;5;4;2;4;2;2;0;1;0;1;0;0;0;574588.3385;5937618.0995;10.12666042;53.582103578
127741;2;5;7;515;2018;10;11;5;3;4;2;0;0;1;0;0;0;0;0;570717.5348;5939683.258;10.068671451;53.601199333
127742;2;1;13;131;2018;10;6;6;3;5;3;2;0;0;0;0;1;0;0;572821.2384;5930508.5155;10.098317987;53.518458519
127743;2;1;3;108;2018;10;12;3;3;3;6;0;0;1;0;0;0;0;1;565281.7352;5934807.6945;9.985520764;53.558086887
127744;2;5;2;509;2018;10;17;4;3;3;6;0;1;0;0;0;0;0;0;571970.2908;5938075.6262;10.087228175;53.586581152
127745;2;4;2;405;2018;10;15;3;3;6;3;0;1;0;1;0;0;0;0;564496.7629;5939254.8064;9.974591225;53.598151249
127746;2;7;1;702;2018;10;16;2;3;6;4;0;0;1;1;0;0;0;1;565098.2795;5924098.164;9.980527409;53.461859519
127747;2;3;2;312;2018;10;8;3;3;5;3;0;1;1;0;0;0;0;0;565883.5021;5934902.6559;9.994623814;53.55886514
127748;2;5;6;514;2018;10;17;7;3;5;3;0;1;1;0;0;0;0;1;573369.354;5939494.854;10.108692857;53.599141643
127749;2;5;17;525;2018;10;14;4;2;2;7;0;0;1;0;0;0;0;0;576336.6305;5944018.5446;10.154630878;53.639370772
127750;2;6;1;601;2018;10;14;2;3;2;6;0;0;1;0;0;0;0;1;580367.2643;5929034.5441;10.211725458;53.504112949
127751;2;2;8;220;2018;10;15;3;3;5;3;0;0;1;0;0;0;0;0;558227.0528;5938373.8635;9.879699967;53.590967829
127752;2;1;12;130;2018;10;6;1;3;5;3;2;0;1;0;1;0;0;1;574926.7969;5931806.2332;10.130378618;53.529825053
127753;2;4;11;430;2018;10;12;4;3;4;6;0;1;0;0;0;0;0;0;567861.4575;5941972.2985;10.026017284;53.62214869
127754;2;5;4;512;2018;10;17;1;3;3;7;0;0;1;0;1;0;0;0;573202.2604;5936338.4351;10.105427914;53.570798688
127755;2;6;2;603;2018;10;16;2;3;5;3;0;0;1;0;0;0;0;0;580128.9255;5926346.3757;10.207446351;53.479991593
127756;2;4;13;432;2018;10;8;4;2;5;7;0;0;1;0;0;0;1;0;566681.2502;5944854.7514;10.008794295;53.648205115
127757;2;5;6;514;2018;10;9;6;3;3;6;0;0;1;0;0;0;1;0;574301.6899;5942629.3659;10.123526195;53.627179446
127758;2;1;13;131;2018;10;9;2;3;5;3;0;0;1;0;0;0;1;0;572813.1053;5932460.3218;10.098649224;53.536000485
127759;2;4;8;421;2018;10;17;4;3;6;6;0;1;0;1;0;0;0;0;568855.2808;5937275.1899;10.040002989;53.579805879
127760;2;6;2;603;2018;10;9;2;3;8;1;0;0;1;0;0;0;0;0;580034.8196;5925944.5474;10.205926226;53.476394794
127761;2;1;13;131;2018;10;14;5;3;2;6;0;0;1;0;0;0;1;0;572814.9139;5932565.3881;10.098700955;53.536944461
127762;2;1;1;101;2018;10;8;3;3;4;2;0;1;1;0;0;0;0;0;566057.014;5933787.313;9.997007159;53.548819491
127763;2;3;2;311;2018;10;10;7;3;5;3;0;1;1;0;0;0;0;0;564572.3618;5935610.1587;9.974979307;53.5653866
127764;2;4;5;409;2018;10;13;4;3;3;6;0;0;1;0;0;0;0;0;565948.4124;5938763.2394;9.996419098;53.593552814
127765;2;3;5;317;2018;10;4;1;2;6;4;2;0;1;1;0;0;0;0;562969.2012;5937485.5411;9.951155077;53.582436087
127766;2;1;13;131;2018;10;13;2;3;8;1;0;0;0;0;1;0;0;0;570999.2813;5931457.5392;10.071059003;53.527236703
127767;2;3;8;320;2018;10;18;4;3;5;3;1;1;1;0;0;0;0;0;559548.1043;5940597.2409;9.900080585;53.610801848
127768;2;4;5;411;2018;10;0;5;3;1;5;2;1;1;0;0;0;0;0;567608.8687;5937739.2493;10.021280796;53.584138586
127769;2;6;2;602;2018;10;17;3;3;2;3;0;0;1;0;0;0;0;0;580307.642;5927084.446;10.210327534;53.486597167
127770;2;2;5;216;2018;10;11;6;3;5;3;0;1;1;0;0;0;0;0;559978.7348;5935696.4729;9.905646504;53.566707499
127771;2;5;15;523;2018;10;2;1;3;8;1;2;0;1;0;0;0;0;0;574527.8383;5950411.2471;10.128812402;53.69708061
127772;2;1;13;131;2018;10;8;2;2;2;6;0;0;1;0;0;1;0;0;571110.8633;5930832.1324;10.072599938;53.521601048
127773;2;3;8;320;2018;10;13;4;3;0;6;0;0;1;0;0;0;1;0;559175.8056;5939814.9139;9.894305411;53.603812937
127774;2;3;3;313;2018;10;18;4;3;4;2;1;1;1;0;0;0;0;0;565253.7397;5936422.536;9.985435509;53.572603341
127775;2;5;3;510;2018;10;13;6;3;5;3;0;1;1;0;0;0;0;0;570254.4725;5936249.7079;10.060901947;53.570404302
127776;2;1;8;122;2018;10;12;2;3;3;5;0;0;1;0;0;0;1;0;569847.465;5935026.731;10.054483506;53.55946769
127777;2;2;3;209;2018;10;16;4;3;6;6;0;1;0;1;0;0;0;0;561912.5124;5935994.1489;9.934900301;53.569158224
127778;2;4;9;424;2018;10;18;2;3;5;2;0;1;1;0;0;0;0;0;570099.6871;5936885.3639;10.058707699;53.576137662
127779;2;6;1;601;2018;10;7;2;3;5;3;2;0;1;0;0;0;1;0;578479.2844;5929850.3955;10.183470716;53.511729906
127780;2;1;6;115;2018;10;17;6;3;3;6;0;0;1;0;0;0;1;0;567234.0102;5933468.3709;10.014700115;53.545803707
127781;2;2;5;216;2018;10;19;4;3;4;2;2;1;1;0;0;0;0;0;559706.5749;5935480.6919;9.901496354;53.564799215
127782;2;1;6;118;2018;10;18;7;3;3;2;2;0;1;0;1;0;0;0;568941.4339;5933736.6403;10.040523193;53.547993296
127783;2;5;3;510;2018;10;18;2;3;4;2;1;1;1;0;0;0;0;1;570675.128;5935435.003;10.067068666;53.563026045
127784;2;3;7;319;2018;10;17;5;2;6;4;0;0;1;1;0;0;0;0;559843.2706;5942963.714;9.904996324;53.632036576
127785;2;5;6;514;2018;10;11;3;3;6;4;0;0;0;1;0;0;1;0;574353.787;5941084.0637;10.123944788;53.613284792
127786;2;6;2;603;2018;10;8;5;3;2;6;0;0;1;0;0;0;0;0;580229.404;5926707.017;10.209052225;53.483217262
127787;2;4;9;424;2018;10;17;2;3;5;3;0;0;1;0;0;0;0;1;570192.7208;5937278.9392;10.060201011;53.579662288
127788;2;5;18;526;2018;10;11;3;3;4;2;0;1;1;0;0;0;0;0;575407.14;5942352.1006;10.140171078;53.624529706
127789;2;4;2;405;2018;10;8;2;3;0;7;0;0;0;0;0;0;1;0;565461.1937;5939194.9081;9.989149505;53.597493368
127790;2;5;10;518;2018;10;17;2;3;5;3;0;1;1;0;0;0;0;1;574170.313;5945285.1904;10.122173394;53.651065269
127791;2;1;1;101;2018;10;7;4;3;5;3;1;0;1;0;1;0;0;0;566217.6743;5933579.9706;9.999387718;53.546935821
127792;2;4;5;409;2018;10;12;2;3;4;2;0;0;1;0;0;0;0;0;565775.4218;5939392.5135;9.993938544;53.599229943
127793;2;4;5;411;2018;10;16;2;3;3;2;0;1;1;0;0;0;0;0;567729.948;5937785.208;10.023119442;53.584535998
127794;2;4;10;427;2018;10;19;2;3;2;6;1;0;1;0;0;0;0;1;568373.4752;5938464.898;10.032987708;53.590560913
127795;2;3;7;319;2018;10;11;4;2;5;3;0;1;1;0;0;0;0;0;560671.3183;5943326.7133;9.917587739;53.635203651
127796;2;4;11;430;2018;10;13;7;3;2;6;0;0;1;0;0;0;0;0;567877.6277;5942436.1898;10.026362874;53.626315604
127797;2;4;5;408;2018;10;6;2;3;2;6;0;0;1;0;0;0;0;0;567907.1121;5939545.5657;10.026178465;53.600333578
127798;2;7;1;702;2018;10;13;4;3;4;6;0;1;1;0;0;0;0;0;565493.2403;5923700.5365;9.986392611;53.458236921
127799;2;1;11;128;2018;9;15;7;3;2;6;0;0;1;0;0;0;0;0;572315.4763;5933352.7906;10.091348469;53.544089823
127800;2;5;11;519;2018;10;18;3;3;3;2;2;1;1;0;0;0;0;0;572274.9612;5945842.2697;10.093632708;53.656336922
127801;2;4;8;421;2018;10;18;2;3;4;2;0;1;1;0;0;0;0;1;568970.0614;5937821.1134;10.04185699;53.584697045
127802;2;4;5;413;2018;10;16;3;3;2;6;0;0;1;0;0;0;0;0;565940.3703;5937689.2913;9.996070604;53.583902063
127803;2;6;1;601;2018;10;8;1;3;1;7;0;0;1;0;0;0;0;0;578893.9617;5929046.9598;10.189520387;53.504447596
127804;2;4;2;403;2018;10;8;4;3;3;6;0;1;1;0;0;0;0;0;565386.6799;5938597.5282;9.987898494;53.592133902
127805;2;1;2;104;2018;10;16;2;3;5;3;0;0;1;0;1;0;0;0;566737.3258;5932876.8259;10.007079195;53.540550721
127806;2;2;5;216;2018;10;16;2;3;4;6;0;1;1;0;0;0;0;1;560519.882;5935073.9789;9.913695814;53.561050743
127807;2;4;2;405;2018;10;7;4;3;3;2;0;1;0;0;0;0;1;0;564409.0047;5939280.576;9.973270672;53.598393638
127808;2;1;13;131;2018;10;15;6;3;3;3;0;0;1;0;0;0;0;0;573656.7606;5931922.8919;10.111249732;53.531053027
127809;2;2;7;219;2018;10;7;2;3;3;2;0;0;1;0;1;0;0;1;560277.7758;5934655.3842;9.909960396;53.557316507
127810;2;3;1;307;2018;10;17;2;3;1;5;0;1;1;0;0;0;0;0;563617.658;5935906.8571;9.960626885;53.56816973
127811;2;2;8;220;2018;10;0;2;3;3;6;2;0;1;0;0;0;0;0;558485.9325;5937309.7883;9.883411174;53.581375667
127812;2;1;5;114;2018;10;21;7;3;2;2;2;0;1;0;0;0;0;0;567110.6244;5934205.1273;10.012996407;53.552440861
127813;2;3;7;319;2018;10;17;2;3;2;6;0;0;1;0;0;0;0;1;560950.6783;5943645.7748;9.921874674;53.638038697
127814;2;5;4;512;2018;10;16;4;2;6;4;0;0;0;1;0;0;1;0;573833.6636;5936373.4402;10.11496904;53.571024799
127815;2;2;12;225;2018;10;14;3;3;2;6;0;0;1;0;0;0;0;0;554502.6456;5936759.9644;9.823155976;53.576863144
127816;2;3;4;316;2018;10;13;2;3;1;5;0;1;1;0;0;0;0;1;564120.4727;5937404.7979;9.968525834;53.581570929
127817;2;3;6;318;2018;10;8;3;2;1;6;0;0;1;0;1;0;1;0;564102.8052;5943766.616;9.969567953;53.638748141
127818;2;5;12;520;2018;10;13;1;3;8;7;0;0;1;0;0;0;0;0;569386.4007;5943771.952;10.04947042;53.638122285
127819;2;5;2;508;2018;10;3;1;2;1;1;2;0;1;0;0;0;0;0;572123.008;5937483.0854;10.089397808;53.581235052
127820;2;2;1;201;2018;10;11;2;3;0;2;0;1;1;0;0;0;0;0;562961.5713;5933302.603;9.950196887;53.544843528
127821;2;5;2;507;2018;10;22;6;3;2;7;2;0;0;0;1;0;1;0;571113.9846;5936700.7404;10.073981531;53.574341928
127822;2;2;1;205;2018;10;20;2;3;2;6;2;0;1;0;0;0;0;1;563180.93;5934289.44;9.95370627;53.553686233
127823;2;4;2;403;2018;10;16;4;3;0;7;0;1;0;1;0;0;0;0;565235.8446;5938145.2574;9.985525376;53.588088043
127824;2;1;8;126;2018;10;11;2;3;2;6;0;0;0;0;0;0;1;0;569100.6127;5933882.4535;10.04295744;53.549282811
127825;2;1;16;136;2018;10;8;2;3;5;3;0;1;0;0;0;1;0;0;567579.0061;5926105.4533;10.018318172;53.479587193
127826;2;5;9;517;2018;10;19;4;3;3;6;2;0;1;0;0;0;1;0;572514.7499;5943864.8963;10.096799094;53.638533473
127827;2;2;1;201;2018;10;18;3;3;3;2;0;1;1;0;0;0;0;0;563097.6831;5933832.408;9.952357627;53.549588738
127828;2;2;4;212;2018;10;7;2;3;2;6;0;0;1;0;0;0;0;0;560804.8858;5934295.2708;9.917846542;53.554019217
127829;2;2;3;208;2018;10;14;3;3;4;2;0;1;0;0;0;0;1;0;563352.5546;5935218.7279;9.95648489;53.562017368
127830;2;5;5;513;2018;10;19;7;3;2;6;2;0;1;0;0;0;0;0;573485.751;5937582.572;10.110000878;53.581939953
127831;2;2;8;220;2018;10;19;1;3;2;6;2;0;1;0;0;0;0;0;556542.3929;5939167.2075;9.854394963;53.598282429
127832;2;1;1;101;2018;10;17;2;3;0;3;1;0;0;0;1;0;1;1;566094.1583;5933996.5668;9.99761192;53.550695429
127833;2;1;4;111;2018;10;17;4;3;3;7;0;0;1;0;1;0;0;0;564272.4436;5934704.0507;9.970265175;53.557279966
127834;2;4;10;428;2018;10;14;6;3;2;6;0;0;1;0;0;0;0;0;569079.2898;5939253.3248;10.043823875;53.597554011
127835;2;1;20;141;2018;9;13;1;3;2;6;0;0;1;0;0;0;0;0;557313.6871;5932021.6425;9.864737282;53.533977563
127836;2;2;1;204;2018;10;14;4;3;2;6;0;0;0;0;1;0;0;0;562380.973;5934077.1421;9.941590486;53.551873897
127837;2;5;16;524;2018;10;15;2;3;5;3;0;1;1;0;0;0;0;0;574345.8799;5947262.0555;10.125302244;53.668805833
127838;2;5;4;512;2018;10;14;2;3;1;6;0;0;1;0;0;0;0;0;574482.7735;5936404.4362;10.124776635;53.571211605
127839;2;7;17;718;2018;9;10;1;3;2;6;0;0;1;0;1;0;0;0;551796.2482;5932382.1436;9.781559909;53.537790631
127840;2;5;18;526;2018;10;11;5;3;1;6;0;0;1;0;0;0;0;0;576163.9284;5940631.6832;10.151190606;53.608959339
127841;2;5;18;526;2018;10;20;7;3;6;4;1;0;0;0;0;0;1;0;578104.0394;5940426.6145;10.180456535;53.606830846
127842;2;5;16;524;2018;9;9;1;3;5;3;0;0;1;0;0;0;0;0;574256.8569;5947533.9751;10.124020116;53.67126214
127843;2;7;3;704;2018;10;5;6;3;0;7;2;1;0;0;0;0;0;0;567727.974;5921123.434;10.019489399;53.434793091
127844;2;1;3;108;2018;10;4;1;3;1;5;2;1;1;0;0;0;0;0;565622.5298;5934793.2142;9.99066166;53.557914254
127845;2;4;5;410;2018;9;10;1;3;0;1;0;1;0;0;0;0;0;0;566616.9671;5937924.2962;10.006339471;53.585928575
127846;2;4;8;420;2018;10;13;5;3;6;4;0;1;0;1;0;0;0;1;568477.622;5937161.398;10.03427482;53.578832665
127847;2;1;11;129;2018;10;15;3;3;4;7;0;0;1;0;0;0;0;0;572269.2634;5934382.6563;10.090889192;53.553351554
127848;2;3;2;312;2018;10;8;6;3;5;3;0;1;1;0;0;0;0;0;565567.4696;5935240.7124;9.98992448;53.561942908
127849;2;5;1;503;2018;9;0;1;3;3;5;2;0;1;0;0;0;0;0;569544.0799;5936012.6496;10.050123623;53.568368489
127850;2;1;12;130;2018;10;11;3;3;2;6;0;0;1;0;0;0;1;0;574310.6384;5935622.7325;10.121991774;53.564210965
127851;2;4;8;422;2018;10;8;2;3;5;3;0;1;1;0;0;0;0;0;568635.56;5936685.4948;10.036555232;53.574535039
127852;2;2;12;225;2018;10;15;2;3;4;2;0;1;0;0;0;0;1;0;554502.4171;5936723.2969;9.823146124;53.576533614
127853;2;3;8;320;2018;9;12;1;3;4;2;0;0;1;0;0;0;0;0;560198.0329;5939646.7354;9.909719408;53.60218502
127854;2;2;4;214;2018;10;19;7;3;6;4;1;0;1;1;0;0;0;0;561292.7424;5933262.0161;9.92500713;53.544676186
127855;2;2;5;216;2018;9;16;1;3;2;4;0;0;1;1;0;0;0;0;560057.4535;5935764.1561;9.906847963;53.567306794
127856;2;6;10;611;2018;10;14;4;3;5;1;0;0;1;0;0;0;0;0;577078.4071;5929309.2653;10.162217182;53.507074104
127857;2;1;12;130;2018;9;15;7;3;4;6;0;0;1;0;0;0;1;0;574884.1612;5933574.2066;10.130158625;53.54571967
127858;2;5;10;518;2018;10;14;3;3;5;3;0;0;1;0;1;0;0;0;573087.5427;5945536.094;10.105853809;53.653472477
127859;2;2;5;216;2018;10;16;3;3;5;3;0;1;1;0;0;0;0;0;560384.87;5935370.278;9.911715024;53.563729264
127860;2;6;6;607;2018;10;17;1;2;6;4;0;0;1;1;0;0;0;0;577669.4984;5917469.8849;10.168203965;53.400588196
127861;2;5;18;526;2018;10;12;5;3;5;3;0;1;1;0;0;0;0;1;576737.7698;5940866.1369;10.159919813;53.610982562
127862;2;5;5;513;2018;10;16;5;2;6;4;0;0;1;1;0;0;0;1;575504.1735;5938576.4612;10.140723075;53.590585091
127863;2;5;10;518;2018;10;7;3;3;5;3;0;0;1;0;1;0;0;1;574491.4056;5944338.9449;10.126803655;53.642516012
127864;2;5;3;510;2018;10;8;5;3;6;4;0;0;1;1;0;0;0;1;570338.4632;5936104.7483;10.062137391;53.569090294
127865;2;5;5;513;2018;11;11;3;3;2;6;0;0;1;0;0;0;0;1;573277.0534;5937486.8141;10.106826669;53.58110859
127866;2;3;1;301;2018;10;18;1;3;5;3;2;0;1;0;0;0;0;0;562302.749;5937014.4011;9.940995714;53.578281392
127867;2;5;3;510;2018;10;14;5;3;2;2;0;0;1;0;0;0;0;1;570756.214;5936391.1313;10.068509267;53.57160785
127868;2;1;12;130;2018;11;16;6;3;2;6;1;0;1;0;0;0;0;1;573433.2392;5935192.3163;10.108645799;53.560466369
127869;2;4;11;430;2018;10;8;5;3;4;2;0;1;1;0;0;0;0;1;569004.469;5940382.9292;10.042943572;53.607715651
127870;2;2;3;210;2018;11;14;5;3;6;7;0;0;0;1;0;0;1;0;562062.1083;5934135.9445;9.936789862;53.552440167
127871;2;5;17;525;2018;10;15;5;3;6;4;0;0;1;1;0;0;0;0;576963.9918;5944851.5783;10.164324084;53.646765029
127872;2;4;5;413;2018;11;10;4;3;5;3;0;1;0;0;0;0;0;0;566185.499;5937306.6189;9.999691652;53.580432037
127873;2;5;10;518;2018;10;15;5;3;0;3;0;1;1;0;0;0;0;0;573235.7436;5944596.5366;10.107874335;53.645008168
127874;2;1;12;130;2018;10;13;2;3;2;6;0;0;1;0;0;1;0;0;573476.8839;5932650.261;10.108707274;53.537615032
127875;2;4;12;431;2018;10;16;5;3;4;2;0;1;1;0;0;0;0;0;567861.9918;5943028.9521;10.026255747;53.631644806
127876;2;2;3;209;2018;11;17;3;2;0;6;2;1;0;0;0;0;1;0;562633.0126;5935556.3446;9.945690698;53.565138012
127877;2;4;4;407;2018;10;14;5;3;4;2;0;1;1;0;0;0;0;0;567365.6417;5941146.5265;10.018343567;53.614791434
127878;2;4;11;430;2018;11;9;6;3;1;6;0;1;0;0;0;0;0;1;567885.9222;5942303.917;10.026459423;53.625125788
127879;2;4;13;432;2018;11;19;3;3;2;7;2;0;1;0;0;0;0;0;568057.11;5948400.8599;10.030382601;53.679896721
127880;2;3;8;320;2018;10;6;5;3;2;6;2;0;1;0;0;0;0;1;559874.8419;5940359.8318;9.904972985;53.608630921
127881;2;5;18;526;2018;11;13;6;3;5;2;0;1;1;0;0;0;0;0;577720.059;5940431.9736;10.174655775;53.606936102
127882;2;3;9;321;2018;10;14;7;3;3;2;0;1;1;0;0;0;0;0;560726.1215;5939351.5238;9.917641314;53.599470918
127883;2;3;5;317;2018;10;14;7;3;1;6;0;0;1;0;0;0;0;0;564326.4758;5939297.5393;9.972027292;53.598556226
127884;2;3;1;310;2018;10;15;5;3;4;6;0;1;1;0;0;0;1;0;563715.1058;5935691.3342;9.962054158;53.566220936
127885;2;5;5;513;2018;10;17;4;3;3;2;1;1;1;0;0;0;0;0;573408.0658;5937547.3765;10.108819408;53.581634535
127886;2;2;1;206;2018;10;11;5;3;5;3;0;0;1;0;0;0;0;1;562883.685;5934835.3436;9.949329908;53.55862815
127887;2;3;5;317;2018;11;6;4;2;5;3;2;1;1;0;0;0;0;0;562987.0681;5939305.5967;9.951792442;53.598791316
127888;2;2;3;208;2018;10;11;5;3;5;3;0;1;0;0;0;0;1;1;562923.9626;5935450.4763;9.950061743;53.564151731
127889;2;5;3;511;2018;10;16;2;2;6;4;0;0;1;1;0;0;0;0;572351.9208;5936586.2445;10.092646925;53.573143686
127890;2;1;4;111;2018;10;14;5;3;5;3;0;1;1;0;0;0;0;1;564511.7405;5934466.5064;9.973828033;53.555115732
127891;2;5;2;507;2018;11;15;2;3;5;3;0;0;1;0;0;1;0;0;571674.4258;5936965.6827;10.082504627;53.576646679
127892;2;3;1;309;2018;10;13;5;3;0;2;0;1;0;0;1;0;0;1;563965.7267;5935606.4483;9.965820389;53.565427551
127893;2;3;2;311;2018;11;14;6;3;5;2;0;0;1;0;0;0;0;0;564733.6766;5935493.2393;9.977390387;53.56431594
127894;2;1;4;111;2018;10;16;5;3;5;3;0;1;1;0;0;0;0;1;563690.6025;5933833.0579;9.961305543;53.549522992
127895;2;1;1;102;2018;10;20;5;3;0;7;2;0;1;0;0;0;0;0;565964.4076;5933986.2909;9.995651646;53.550619395
127896;2;2;2;207;2018;10;11;4;3;3;3;0;1;0;0;0;0;0;0;563717.0464;5935210.7572;9.961985443;53.561901608
127897;2;1;1;101;2018;10;18;5;3;2;6;2;0;1;0;0;0;0;0;566265.135;5934504.1724;10.000299768;53.555235842
127898;2;7;1;702;2018;11;15;3;3;1;7;0;0;1;0;0;0;0;0;565180.2517;5924220.3119;9.981787225;53.462947175
127899;2;7;1;702;2018;10;9;4;3;4;2;0;1;1;0;0;0;0;1;566086.3204;5923121.8824;9.9952019;53.452962269
127900;2;6;2;602;2018;10;15;4;3;6;4;0;0;1;1;0;0;0;0;578273.0022;5928090.8538;10.179921466;53.495948081
127901;2;5;17;525;2018;10;13;4;3;5;3;0;1;1;0;0;0;0;0;576693.7485;5944816.2657;10.16022801;53.646487371
127902;2;6;1;601;2018;10;15;4;3;5;3;0;0;1;0;1;0;0;0;579477.3554;5929744.0204;10.198491098;53.510624028
127903;2;3;3;314;2018;11;9;4;3;5;3;0;0;1;0;0;0;0;0;565769.374;5936852.6621;9.993311732;53.576404584
127904;2;3;8;320;2018;10;6;2;3;3;2;2;1;1;0;0;0;0;0;559963.1439;5941027.9381;9.906436031;53.614625345
127905;2;6;1;601;2018;10;14;4;3;6;4;0;0;1;1;0;0;0;0;579821.8382;5928351.1274;10.203329929;53.498054361
127906;2;3;8;320;2018;11;21;1;3;5;3;2;0;1;0;0;0;0;1;558952.2728;5940337.0379;9.891026451;53.608530681
127907;2;6;1;601;2018;10;14;4;3;6;4;0;0;1;0;0;0;1;0;579984.9292;5927640.9972;10.205606913;53.49164787