OBJECTID_1;ULAND;UREGBEZ;UKREIS;UGEMEINDE;UJAHR;UMONAT;USTUNDE;UWOCHENTAG;UKATEGORIE;UART;UTYP1;ULICHTVERH;IstRad;IstPKW;IstFuss;IstKrad;IstGkfz;IstSonstig;STRZUSTAND;LINREFX;LINREFY;XGCSWGS84;YGCSWGS84
128110;2;2;1;205;2018;11;0;1;3;5;3;2;0;1;0;0;0;1;0;563178.2128;5934291.79;9.953665735;53.55370768
128111;2;1;7;119;2018;10;11;5;3;2;6;0;0;1;0;0;0;0;1;568251.9622;5934193.6309;10.030218703;53.552190406
128112;2;4;10;428;2018;10;20;7;3;2;6;2;0;1;0;0;0;0;0;569249.9514;5939097.8416;10.046367657;53.59613416
128113;2;1;15;134;2018;11;12;5;3;4;2;0;1;1;0;0;1;0;0;567737.9187;5931162.4595;10.021804715;53.525015292
128114;2;5;1;502;2018;10;15;7;3;3;2;0;0;1;0;0;0;1;0;569365.5351;5936435.3538;10.047521957;53.572190992
128115;2;3;7;319;2018;10;16;7;3;2;6;0;0;1;0;0;0;0;0;561366.1759;5944262.75;9.928279889;53.643535072
128116;2;5;16;524;2018;10;10;3;3;2;6;0;0;1;0;0;0;0;1;574546.5781;5948337.9261;10.128597778;53.678445741
128117;2;4;2;403;2018;10;11;7;3;1;7;0;0;1;0;1;0;0;0;565140.5433;5938010.9871;9.984057846;53.586893175
128118;2;1;8;123;2018;11;14;3;3;5;3;0;0;1;0;0;0;0;0;570502.2258;5935094.994;10.06438193;53.559993631
128119;2;5;15;523;2018;10;11;1;3;5;3;0;1;1;0;0;0;0;0;574577.9773;5950298.862;10.129544613;53.696063489
128120;2;1;16;136;2018;10;12;6;3;0;1;0;1;0;0;0;0;0;0;566777.6812;5927010.6699;10.00643797;53.487824919
128121;2;1;4;111;2018;10;1;4;2;1;7;2;0;1;0;0;0;0;1;563692.0589;5933876.8034;9.961336432;53.54991597
128122;2;6;4;605;2018;10;8;6;3;5;3;0;0;1;0;0;0;0;0;583580.108;5920239.204;10.257815177;53.424572392
128123;2;1;16;137;2018;11;16;3;3;6;4;0;0;1;1;0;0;0;0;565226.0067;5930192.2031;9.983717543;53.516613065
128124;2;1;3;107;2018;10;14;2;3;5;3;0;1;1;0;0;0;0;0;564990.7106;5933795.3933;9.980917594;53.549025175
128125;2;1;11;129;2018;10;12;6;3;6;4;0;1;1;1;0;0;0;0;573381.1633;5935597.5597;10.107954925;53.564115532
128126;2;5;5;513;2018;11;13;7;3;6;7;0;1;0;1;0;0;0;0;574533.9369;5938110.1552;10.125956386;53.586533322
128127;2;1;8;124;2018;10;10;5;3;6;4;0;0;0;1;0;0;1;1;569064.8873;5934567.6134;10.04256968;53.555445115
128128;2;1;8;122;2018;10;9;6;3;3;3;0;1;0;0;0;0;1;0;569891.5656;5934580.3075;10.055049338;53.555449785
128129;2;5;7;515;2018;11;8;5;3;4;2;0;1;1;0;0;0;0;0;572559.0252;5941086.0061;10.09682084;53.613553918
128130;2;5;18;526;2018;10;19;6;3;2;6;2;0;1;0;0;0;0;1;574437.7751;5940062.2086;10.124969979;53.604089685
128131;2;5;6;514;2018;10;17;6;3;1;5;0;1;1;0;0;0;0;0;573693.5723;5939719.4415;10.113644232;53.601114485
128132;2;5;7;515;2018;10;7;6;3;4;6;2;1;0;0;0;0;0;0;570470.9274;5939295.1075;10.064857732;53.597744255
128133;2;4;4;407;2018;10;16;3;3;6;3;0;1;0;1;0;0;0;0;567762.3342;5940644.554;10.024229992;53.610229008
128134;2;5;7;515;2018;10;12;6;3;5;3;0;1;1;0;0;0;0;0;570823.93;5940034.19;10.070358708;53.604338773
128135;2;5;8;516;2018;11;17;3;3;5;2;2;1;1;0;0;0;0;0;569960.23;5940475.7613;10.05740724;53.608423187
128136;2;1;14;133;2018;10;8;5;3;3;2;0;1;1;0;0;0;0;1;568529.797;5932499.779;10.034040579;53.536931332
128137;2;5;10;518;2018;10;17;6;3;2;6;0;0;1;0;0;0;0;0;573030.9196;5945526.2673;10.104994937;53.653392075
128138;2;1;8;122;2018;11;6;6;3;5;3;2;0;1;0;1;0;0;0;569762.3855;5934780.1432;10.053144261;53.557262905
128139;2;1;14;133;2018;10;8;5;3;6;4;0;0;1;1;0;0;0;1;569037.186;5932191.603;10.041627164;53.534095276
128140;2;5;16;524;2018;10;13;6;3;2;2;0;0;1;0;0;0;0;0;573986.802;5946761.7463;10.119749157;53.664360644
128141;2;4;3;406;2018;10;14;6;3;4;2;0;1;1;0;0;0;0;0;566596.9814;5942052.6808;10.00691977;53.623033425
128142;2;2;1;202;2018;11;14;7;3;1;7;0;1;1;0;0;0;0;0;562234.6166;5933260.6228;9.939219184;53.544552889
128143;2;4;5;408;2018;10;7;6;3;2;6;0;0;1;0;0;0;0;0;567983.4843;5940206.2547;10.027476465;53.606261335
128144;2;2;9;221;2018;11;17;5;3;4;2;2;0;1;0;1;0;0;0;557276.7238;5936312.0972;9.864965727;53.572542344
128145;2;3;8;320;2018;10;23;6;3;2;2;2;0;1;0;0;0;0;0;559872.5648;5938794.1338;9.904637843;53.594559632
128146;2;2;8;220;2018;10;16;6;2;6;4;0;0;0;1;0;1;0;0;557585.0351;5938661.7498;9.87005469;53.593626117
128147;2;2;3;208;2018;10;20;3;3;9;1;2;0;1;0;0;0;1;1;562943.8944;5935502.9732;9.950373216;53.564621148
128148;2;2;4;212;2018;10;19;6;2;0;7;2;1;0;0;0;0;0;0;560569.1845;5933717.5197;9.914177218;53.548853955
128149;2;3;1;307;2018;11;23;3;3;0;7;2;1;0;0;0;0;1;0;563767.2156;5936050.1032;9.962914101;53.56943897
128150;2;3;1;307;2018;10;10;6;3;0;6;0;0;0;0;0;0;1;0;563168.7294;5935999.9124;9.953867917;53.569060286
128151;2;5;2;506;2018;11;14;6;3;5;3;0;0;1;0;0;0;0;0;571546.2303;5937447.1919;10.080679224;53.58099148
128152;2;3;1;301;2018;10;17;6;2;5;3;0;1;1;0;0;0;0;0;562339.1322;5936970.6108;9.941536404;53.57788351
128153;2;4;9;424;2018;10;12;4;3;0;1;0;0;0;0;1;0;0;0;570296.2807;5937417.3442;10.061796071;53.580892265
128154;2;2;4;212;2018;10;7;6;3;5;3;0;1;1;0;0;0;0;0;560906.919;5933958.157;9.919320835;53.550977601
128155;2;3;3;314;2018;11;9;4;3;2;6;0;0;1;0;1;0;0;0;565769.8742;5936868.3536;9.993322591;53.576545544
128156;2;4;5;410;2018;10;18;2;3;5;3;2;0;1;0;0;0;0;0;566523.337;5938079.049;10.004958297;53.587331249
128157;2;1;16;137;2018;10;19;4;3;0;7;2;0;0;1;0;0;1;0;565477.4787;5930225.9914;9.987516606;53.516885468
128158;2;2;1;206;2018;10;7;6;3;2;2;0;1;1;0;0;0;0;0;562882.4116;5934839.2428;9.949311471;53.558663346
128159;2;4;6;415;2018;11;13;4;3;5;2;0;1;1;0;0;0;0;0;568450.184;5936574.071;10.033731701;53.573557884
128160;2;3;3;313;2018;10;14;6;3;2;2;0;0;1;0;0;0;1;0;565816.9942;5936463.328;9.993948747;53.572899586
128161;2;5;6;514;2018;10;8;2;2;4;2;0;0;1;0;1;0;0;0;574342.1423;5941481.1624;10.123863582;53.616855079
128162;2;3;3;314;2018;10;13;6;3;5;2;0;1;1;0;0;0;0;0;565252.4678;5937575.6084;9.985657333;53.582966418
128163;2;1;1;101;2018;11;13;3;3;3;7;0;0;1;0;1;0;0;0;566228.6695;5933917.0037;9.999625014;53.549963428
128164;2;1;4;112;2018;10;21;6;3;5;7;2;0;1;0;0;0;0;0;563772.6173;5933724.3173;9.962521054;53.548535749
128165;2;2;1;201;2018;11;14;6;3;5;3;0;0;0;0;1;0;1;0;563156.081;5933369.609;9.953145453;53.545422378
128166;2;1;5;114;2018;10;7;6;3;3;2;0;1;1;0;0;0;0;0;567132.2743;5934387.7043;10.01336235;53.554078946
128167;2;1;16;137;2018;10;16;5;3;0;6;0;1;1;0;0;0;0;0;566592.8221;5929015.1939;10.004077885;53.505863594
128168;2;3;9;321;2018;10;14;4;3;5;3;0;0;1;0;0;0;0;0;562152.2135;5939300.3519;9.939177852;53.598843845
128169;2;1;6;115;2018;10;9;5;3;4;6;0;1;0;0;0;0;0;0;567085.7194;5933352.919;10.012437722;53.544785083
128170;2;1;5;114;2018;11;12;4;3;3;6;0;0;1;0;0;0;0;0;566854.1465;5934172.1527;10.00911863;53.552177234
128171;2;2;5;215;2018;10;17;2;3;2;6;1;0;1;0;0;0;0;0;560529.9698;5937504.5553;9.914319228;53.582894186
128172;2;5;4;512;2018;10;19;5;3;5;3;1;1;1;0;0;0;0;0;574458.3429;5936377.085;10.124401262;53.570969273
128173;2;1;4;112;2018;11;6;1;3;6;7;2;0;1;1;0;0;0;0;563441.509;5933864.3264;9.957552805;53.549834169
128174;2;1;13;131;2018;10;21;7;3;2;6;2;0;1;0;0;0;0;0;571678.9698;5932122.6835;10.081462734;53.533122098
128175;2;5;18;526;2018;10;15;5;3;5;3;0;0;1;0;0;0;1;0;576845.2213;5941804.2595;10.161775069;53.61939739
128176;2;5;18;526;2018;11;18;5;3;0;1;2;1;0;0;0;0;0;0;575326.3196;5938847.5209;10.13810209;53.593046623
128177;2;5;18;526;2018;10;17;5;3;0;6;0;0;1;0;1;0;0;0;578057.3444;5940016.037;10.179648124;53.603148106
128178;2;1;4;112;2018;11;14;2;3;0;7;0;1;0;0;0;0;0;1;563672.428;5933755.4952;9.961015477;53.548828114
128179;2;5;6;514;2018;10;7;5;3;5;3;0;1;0;0;0;0;1;0;574382.7809;5941634.3468;10.124514392;53.618225941
128180;2;1;20;141;2018;11;14;5;3;0;6;0;0;1;0;0;0;1;0;556382.2819;5932259.7799;9.850729046;53.53621864
128181;2;4;9;424;2018;10;14;5;3;0;6;0;0;1;0;1;0;0;1;569897.5198;5937575.9573;10.055809604;53.58237102
128182;2;5;7;515;2018;10;20;5;3;3;2;2;1;1;0;0;0;0;0;570936.234;5940522.3833;10.072166754;53.608710944
128183;2;1;12;130;2018;10;12;3;3;5;3;0;0;1;0;0;0;0;0;573392.9977;5933122.7456;10.10755259;53.541872946
128184;2;5;11;519;2018;10;20;5;3;2;2;2;0;1;0;0;0;0;0;572700.1853;5945698.2382;10.10003201;53.654983611
128185;2;6;1;601;2018;11;7;3;3;5;3;0;0;1;0;0;0;1;0;578608.6078;5929491.8475;10.185330539;53.508488413
128186;2;7;9;710;2018;10;19;1;3;0;7;2;1;0;0;0;0;0;1;562633.2472;5922860.9631;9.94315764;53.451039038
128187;2;5;11;519;2018;10;13;5;3;6;6;0;1;0;1;0;0;0;1;570632.4637;5945718.8409;10.068755914;53.655452074
128188;2;4;5;410;2018;11;17;7;3;5;3;2;0;1;0;1;0;0;0;566776.13;5937874.58;10.008732793;53.585461524
128189;2;4;11;430;2018;10;13;5;3;2;2;0;0;1;0;0;0;0;1;567273.5889;5941446.9557;10.017017171;53.617503245
128190;2;5;1;501;2018;11;14;5;3;5;3;0;1;1;0;0;0;0;0;569039.5927;5935669.2537;10.042431302;53.565348984
128191;2;5;18;526;2018;10;15;6;3;5;3;0;1;1;0;0;0;0;1;576331.0036;5941263.3428;10.153870094;53.614611546
128192;2;4;5;408;2018;10;18;5;3;2;6;1;0;1;0;0;0;0;0;566995.2684;5940202.8954;10.012542807;53.606358428
128193;2;1;14;133;2018;10;9;5;3;2;6;0;0;1;0;0;0;0;1;568428.2319;5932716.2821;10.03255569;53.538890318
128194;2;4;10;426;2018;10;11;3;3;3;2;0;0;1;0;0;0;0;0;569514.1732;5937939.4904;10.050101167;53.585689057
128195;2;1;4;109;2018;11;7;4;3;6;6;1;1;0;1;0;0;0;0;564427.9014;5934675.3935;9.972605708;53.557003357
128196;2;2;1;205;2018;11;15;5;3;3;6;0;0;1;0;0;1;0;0;563320.0347;5933974.9997;9.955742029;53.550843491
128197;2;1;6;117;2018;11;20;4;3;5;3;2;1;1;0;0;0;0;0;567961.858;5934091.9235;10.025818435;53.55131398
128198;2;2;3;209;2018;11;13;5;3;2;6;0;0;1;0;0;0;0;0;563001.0299;5935647.3613;9.951264878;53.565911956
128199;2;3;1;309;2018;11;11;5;3;3;6;0;1;0;0;0;0;0;0;564396.4907;5936161.6736;9.972437951;53.570364827
128200;2;2;8;220;2018;11;16;2;3;2;6;2;0;1;0;0;0;0;0;558751.3949;5939498.1708;9.887832573;53.601013983
128201;2;1;2;103;2018;11;17;5;3;6;4;2;0;1;1;0;0;0;0;566086.7307;5933370.8955;9.997367608;53.545073309
128202;2;4;5;413;2018;11;9;6;3;1;5;0;0;1;0;0;0;0;0;566891.6977;5937281.413;10.010351139;53.580115915
128203;2;1;12;130;2018;11;9;4;3;5;2;0;1;1;0;0;0;0;0;576229.1209;5931406.1346;10.149924333;53.526042119
128204;2;3;9;321;2018;11;16;3;3;2;6;1;0;1;0;0;0;0;0;562245.1499;5938445.3986;9.940411347;53.59114908
128205;2;5;5;513;2018;11;9;4;3;5;5;0;1;1;0;0;0;0;0;574148.1509;5937643.8315;10.120018879;53.582397248
128206;2;5;12;520;2018;11;17;4;3;5;3;2;0;1;0;0;0;0;0;569352.301;5944705.5982;10.049162986;53.646517435
128207;2;7;7;708;2018;11;22;3;3;5;3;2;0;1;0;0;0;0;0;565259.3513;5920376.4606;9.982181253;53.428391032
128208;2;1;16;136;2018;11;10;6;3;5;3;0;1;1;0;0;0;0;0;567891.7955;5928093.0264;10.023460594;53.497409769
128209;2;5;10;518;2018;11;23;4;1;5;3;2;0;1;0;0;0;1;0;572849.7578;5944843.9853;10.102094507;53.647285819
128210;2;3;7;319;2018;11;18;1;3;4;2;2;0;1;0;0;0;0;0;560232.886;5943056.043;9.910905448;53.632821683
128211;2;5;16;524;2018;11;19;4;3;2;6;2;0;1;0;0;0;1;0;574184.7762;5947035.4161;10.122810135;53.66679198
128212;2;4;13;432;2018;11;19;4;3;3;2;2;1;1;0;0;0;0;0;567526.702;5946298.4725;10.021896326;53.66107141
128213;2;2;1;201;2018;11;7;2;3;5;3;2;1;0;0;0;0;1;0;563266.1057;5933726.461;9.954877871;53.548616289
128214;2;4;13;432;2018;11;10;4;3;2;6;0;0;1;0;0;0;1;1;566087.8285;5948259.937;10.000542796;53.678882999
128215;2;5;11;519;2018;11;15;6;2;5;3;0;1;1;0;0;0;0;0;571165.52;5946795.79;10.077066885;53.665058188
128216;2;5;1;504;2018;11;10;6;3;1;5;0;0;1;0;0;0;0;0;569921.4926;5935720.9309;10.055756239;53.565696643
128217;2;7;1;701;2018;11;9;5;3;0;7;0;0;1;0;0;0;0;0;564974.4725;5923766.9312;9.978594435;53.458897878
128218;2;4;12;431;2018;11;7;4;3;5;3;1;0;1;0;1;0;0;1;567465.1585;5942796.7647;10.02020527;53.629609418
128219;2;4;2;403;2018;11;8;3;3;2;6;0;1;1;0;0;0;0;0;564915.5156;5938540.4733;9.980769156;53.591679691
128220;2;4;11;430;2018;11;10;4;3;2;6;0;0;1;0;0;0;0;1;567194.7113;5941410.2218;10.015817009;53.61718324
128221;2;3;1;302;2018;11;15;2;3;0;1;0;1;0;0;0;0;0;1;563259.6628;5937373.8886;9.955519223;53.581397676
128222;2;4;10;426;2018;11;14;4;3;5;3;0;0;1;0;0;0;0;0;569891.699;5938586.4096;10.055948053;53.591452744
128223;2;2;7;219;2018;11;8;3;3;5;3;1;1;1;0;0;0;0;0;557641.424;5933527.3385;9.869958897;53.54747426
128224;2;4;10;429;2018;11;2;6;3;0;7;2;0;1;0;0;0;0;1;568850.3607;5939916.294;10.040511688;53.603542261
128225;2;2;11;223;2018;11;18;4;3;6;4;2;0;1;1;0;0;0;1;553751.3342;5935236.4682;9.811547935;53.563248002
128226;2;6;2;602;2018;11;13;7;3;6;4;0;0;0;1;0;0;1;0;580095.2505;5927379.509;10.207202632;53.489281176
128227;2;2;5;216;2018;11;16;4;3;5;3;0;1;1;0;0;0;0;1;560069.9896;5935755.8167;9.907035624;53.567230409
128228;2;1;1;102;2018;11;13;5;3;2;6;0;0;1;0;1;0;0;0;565421.3892;5933766.2177;9.98741075;53.548709482
128229;2;2;5;216;2018;11;8;4;3;4;2;0;1;1;0;0;0;0;0;560160.19;5935692.5465;9.908385245;53.566651438
128230;2;3;8;320;2018;11;7;5;3;6;2;1;0;1;1;0;0;0;1;559938.1147;5940516.8956;9.9059594;53.610035278
128231;2;4;3;406;2018;11;16;4;3;5;3;0;1;1;0;0;0;0;1;564950.904;5940119.4102;9.981632669;53.605865534
128232;2;5;6;514;2018;11;7;5;3;2;6;1;0;1;0;0;0;0;0;573740.4154;5939745.4414;10.11435812;53.601341552
128233;2;3;1;301;2018;11;10;4;3;0;7;0;0;0;0;1;0;0;0;562444.93;5937387.1956;9.943217422;53.581614912
128234;2;4;5;410;2018;11;9;5;3;0;2;0;0;1;0;0;0;1;1;566606.1909;5937931.6273;10.006178275;53.58599583
128235;2;1;8;122;2018;11;8;2;3;2;6;0;0;1;0;0;0;0;0;569873.5392;5935181.4294;10.054911663;53.560854503
128236;2;2;4;212;2018;11;12;4;2;0;7;0;1;0;0;0;0;0;0;560949.8261;5934882.2523;9.920148561;53.559277862
128237;2;5;11;519;2018;11;4;1;3;9;5;2;0;1;0;0;0;1;0;571343.3845;5944910.6389;10.079325398;53.648092401
128238;2;1;1;102;2018;11;18;4;3;6;4;2;1;0;1;0;0;0;0;565944.8709;5933982.4765;9.995356008;53.550587568
128239;2;1;1;102;2018;11;12;3;3;6;4;0;1;0;1;0;0;0;0;565888.4943;5934125.698;9.994535396;53.551881812
128240;2;3;1;310;2018;11;14;6;3;4;2;0;1;1;0;0;0;0;0;563594.6915;5935402.764;9.960177523;53.563642073
128241;2;1;3;108;2018;11;12;4;3;0;1;0;1;0;0;0;0;0;0;565486.0357;5934510.968;9.988542298;53.555394684
128242;2;4;7;416;2018;11;15;7;3;2;6;0;0;1;0;0;0;0;0;567932.9859;5935055.6801;10.025592167;53.559979138
128243;2;1;5;114;2018;11;14;4;3;0;4;0;0;0;1;0;0;1;0;566829.8023;5934193.5553;10.008755808;53.552372683
128244;2;2;5;216;2018;11;17;4;3;5;3;2;1;1;0;0;0;0;0;560870.9059;5935017.5115;9.918983633;53.560502652
128245;2;7;13;714;2018;11;10;3;3;5;3;0;1;1;0;0;0;0;1;558956.8712;5925820.1374;9.888359863;53.478059207
128246;2;7;1;701;2018;11;15;4;3;6;4;0;1;0;1;0;0;0;0;565005.734;5923639.3061;9.979038808;53.457747
128247;2;7;1;702;2018;11;6;3;3;2;6;2;0;1;0;0;0;1;1;565834.7994;5923162.0538;9.991423248;53.453354792
128248;2;7;10;711;2018;11;19;6;3;6;4;0;0;1;1;0;0;0;0;563193.1471;5924832.6992;9.951983912;53.46869315
128249;2;1;16;137;2018;11;5;3;3;4;2;2;0;1;0;0;0;0;1;565774.4707;5928640.2681;9.991662281;53.502597007
128250;2;5;7;515;2018;11;7;2;3;6;4;0;0;1;1;0;0;0;0;571679.2097;5941587.3548;10.083639337;53.618180609
128251;2;6;1;601;2018;11;19;3;3;5;3;2;0;1;0;0;0;0;0;578287.2218;5929390.3779;10.180460186;53.507624476
128252;2;2;5;216;2018;11;13;7;3;4;7;0;1;1;0;0;0;0;0;560824.0252;5935300.2195;9.918330994;53.563048904
128253;2;6;3;604;2018;11;7;3;3;6;4;0;0;1;1;0;0;0;1;579898.0614;5925403.6679;10.203728544;53.471554831
128254;2;1;6;118;2018;11;11;2;3;5;3;0;0;1;0;0;0;0;0;569067.3367;5933940.5166;10.042468111;53.549809009
128255;2;1;8;125;2018;11;17;5;3;2;2;2;0;1;0;0;0;0;1;570067.8181;5934424.0517;10.057674439;53.55402201
128256;2;6;2;602;2018;11;9;3;2;0;6;0;1;0;1;0;0;0;1;578771.6765;5927507.0888;10.187290374;53.4906275
128257;2;1;11;128;2018;11;9;6;3;2;6;0;0;1;0;0;0;0;0;571991.267;5933467.783;10.086483102;53.545167801
128258;2;6;1;601;2018;11;11;3;3;6;4;0;0;1;1;0;0;0;0;580393.5534;5929025.0937;10.212119308;53.504024004
128259;2;3;8;320;2018;11;17;6;3;5;3;2;1;1;0;0;0;0;0;558245.5925;5941015.267;9.880473625;53.614705263
128260;2;1;4;109;2018;11;13;4;3;5;3;0;0;1;0;0;0;0;0;564623.1057;5934846.8923;9.97558751;53.55852067
128261;2;6;14;615;2018;11;17;3;2;6;4;2;0;1;1;0;0;0;1;578204.3548;5927092.4486;10.178638059;53.486985841
128262;2;5;4;512;2018;11;17;4;3;4;6;2;0;1;0;1;0;0;0;575242.3672;5936695.8243;10.13631513;53.573721864
128263;2;5;3;511;2018;11;14;3;3;5;3;0;0;1;0;1;0;0;1;572319.3593;5936576.0111;10.092152915;53.573056209
128264;2;3;8;320;2018;11;5;2;3;5;3;2;1;1;0;0;0;0;0;559881.6809;5938880.2882;9.904792107;53.595332895
128265;2;5;7;515;2018;11;17;3;3;0;1;2;0;0;0;1;0;0;1;571469.8216;5940561.9674;10.080239182;53.608994168
128266;2;5;11;519;2018;11;7;6;3;5;3;1;1;1;0;0;0;0;0;571835.4034;5945453.6218;10.086892985;53.65290477
128267;2;3;9;321;2018;11;17;6;3;1;1;1;0;1;0;0;0;0;0;561248.8441;5938798.923;9.925430575;53.594443674
128268;2;2;13;226;2018;11;13;6;3;8;1;0;0;1;0;0;0;0;0;554054.3669;5936531.105;9.816346735;53.574852625
128269;2;5;16;524;2018;11;8;3;3;2;6;0;0;1;0;0;0;1;1;574760.8291;5947775.6182;10.131705272;53.673361872
128270;2;2;8;220;2018;11;7;3;3;3;2;1;1;1;0;0;0;0;0;557879.7372;5938256.6962;9.874431622;53.589953248
128271;2;4;13;432;2018;11;16;3;3;5;3;1;0;1;0;0;0;0;1;567757.308;5945141.9805;10.02513332;53.650648192
128272;2;4;8;418;2018;11;16;2;3;5;2;2;1;1;0;0;0;0;0;568019.4897;5936207.1996;10.027148615;53.570316788
128273;2;5;11;519;2018;11;17;6;3;5;3;2;0;1;0;0;0;0;0;571804.0946;5946268.052;10.086607589;53.660228204
128274;2;5;2;507;2018;11;13;6;3;0;2;0;1;1;0;0;0;0;0;571630.7497;5936936.9283;10.081838515;53.57639423
128275;2;4;10;426;2018;11;16;3;3;1;5;2;1;1;0;0;0;0;1;569635.7073;5938771.9765;10.052122591;53.593154501
128276;2;5;7;515;2018;11;2;3;3;2;6;2;0;1;0;1;0;0;0;570928.748;5940521.6534;10.072053462;53.608705398
128277;2;3;6;318;2018;11;15;5;3;0;7;0;0;0;0;1;0;0;1;564529.488;5944710.0191;9.976216373;53.647174211
128278;2;4;8;423;2018;11;6;3;3;5;3;1;1;1;0;0;0;0;0;568949.1167;5937258.5164;10.041416363;53.579643706
128279;2;2;8;220;2018;11;21;4;3;6;2;2;0;1;1;0;0;0;0;558845.4148;5939505.9574;9.889254654;53.601073416
128280;2;1;4;112;2018;12;23;7;3;6;4;2;0;1;1;0;0;0;1;564153.2623;5933424.3681;9.968203706;53.545793642
128281;2;4;8;422;2018;11;18;3;2;5;3;2;1;1;0;0;0;0;1;569155.9987;5936740.1553;10.044425734;53.574957926
128282;2;1;18;139;2018;11;17;2;2;2;6;2;0;1;0;0;0;0;1;564212.0824;5932262.7262;9.968852867;53.535346401
128283;2;2;9;221;2018;11;8;3;3;6;4;0;0;1;1;0;0;0;1;557259.2688;5936407.666;9.864719688;53.573403177
128284;2;5;12;520;2018;11;9;6;3;1;6;0;0;1;0;0;0;0;1;568489.2766;5944950.5014;10.036163456;53.648832057
128285;2;6;2;602;2018;11;18;5;3;0;4;2;0;0;1;0;0;1;0;579421.0636;5927318.1181;10.197028137;53.488831658
128286;2;2;12;225;2018;11;10;3;3;5;3;0;0;0;0;0;0;1;0;554752.7089;5935511.346;9.826713343;53.565614985
128287;2;5;2;505;2018;11;19;5;3;2;6;2;0;1;0;0;0;1;1;570863.1918;5936593.9891;10.070170495;53.573416493
128288;2;1;19;140;2018;11;8;2;3;3;6;0;0;1;0;0;1;0;0;560751.5781;5929973.1926;9.916203017;53.515180848
128289;2;2;9;221;2018;11;8;3;3;3;2;0;1;0;0;1;0;0;1;555642.7455;5935414.8088;9.840133272;53.564653724
128290;2;5;4;512;2018;11;4;1;3;8;1;2;0;1;0;0;0;0;0;574480.7592;5936399.0263;10.124744933;53.571163274
128291;2;2;5;216;2018;11;18;3;3;0;7;2;0;0;1;0;0;1;1;560123.7766;5935458.7193;9.907790496;53.564554103
128292;2;3;1;309;2018;11;16;3;3;6;4;0;1;0;1;0;0;0;0;564497.9107;5936047.3593;9.973945623;53.569324996
128293;2;4;5;409;2018;11;10;6;3;8;7;0;0;1;0;0;0;0;0;565933.0929;5938592.8155;9.996151645;53.592023112
128294;2;3;7;319;2018;11;18;3;3;6;2;2;0;0;1;0;0;1;1;560792.8794;5942531.5106;9.919270593;53.62804281
128295;2;5;6;514;2018;11;18;7;2;5;2;2;0;1;0;0;0;0;0;574100.1262;5940300.8079;10.119924932;53.606281782
128296;2;3;1;308;2018;11;17;3;3;1;7;2;1;1;0;0;0;0;1;563676.4165;5936532.2534;9.96164152;53.573783225
128297;2;6;2;603;2018;11;9;3;3;5;3;0;1;1;0;0;0;0;1;580712.9529;5927008.7001;10.216415046;53.485854459
128298;2;5;6;514;2018;11;17;6;2;4;2;2;0;1;0;1;0;0;0;573224.0033;5940247.9495;10.10667381;53.605929918
128299;2;3;4;315;2018;11;17;3;3;3;2;2;1;1;0;0;0;0;1;564358.888;5937459.2041;9.972137697;53.582030688
128300;2;1;3;108;2018;11;17;1;3;2;6;2;0;1;0;0;0;0;1;566046.1822;5934692.7858;9.997034989;53.556958546
128301;2;1;3;106;2018;11;15;3;3;0;2;0;1;1;0;0;0;0;1;564349.9684;5934156.2404;9.971322544;53.552347134
128302;2;4;2;404;2018;11;15;5;3;6;3;1;1;0;1;0;0;0;0;565652.7856;5938368.2097;9.991870039;53.590039716
128303;2;7;1;702;2018;11;14;2;3;2;6;0;0;1;0;0;0;0;1;565455.7241;5923497.4422;9.985785393;53.456416293
128304;2;4;6;415;2018;11;18;5;3;6;4;2;0;1;1;0;0;0;1;567497.4126;5935802.9195;10.019178844;53.566750889
128305;2;5;17;525;2018;11;12;2;2;6;4;0;0;1;1;0;0;0;0;577177.965;5945079.455;10.167616944;53.648781343
128306;2;7;7;708;2018;11;17;2;3;0;1;2;0;0;0;1;0;0;1;565252.941;5919197.363;9.981840596;53.417794724
128307;2;1;12;130;2018;11;3;7;3;9;1;2;0;1;0;0;0;0;0;574187.9477;5932042.7085;10.119290403;53.532055074
128308;2;6;7;608;2018;11;18;2;3;8;1;2;0;1;0;0;0;0;1;573710.2364;5923325.7027;10.11003672;53.453782659
128309;2;6;2;603;2018;11;7;2;3;6;4;1;0;0;1;0;0;1;1;582349.7671;5926110.1703;10.240841318;53.477526168
128310;2;1;1;101;2018;11;9;6;3;2;6;0;0;1;0;0;0;1;0;566576.891;5933602.9094;10.004813152;53.547096556
128311;2;6;1;601;2018;11;17;2;3;2;6;2;0;1;0;0;0;0;1;580485.803;5929039.2643;10.213513479;53.504137241
128312;2;7;1;701;2018;11;16;5;3;5;2;1;1;1;0;0;0;0;0;564879.5668;5923847.4723;9.977181889;53.459633432