OBJECTID_1;ULAND;UREGBEZ;UKREIS;UGEMEINDE;UJAHR;UMONAT;USTUNDE;UWOCHENTAG;UKATEGORIE;UART;UTYP1;ULICHTVERH;IstRad;IstPKW;IstFuss;IstKrad;IstGkfz;IstSonstig;STRZUSTAND;LINREFX;LINREFY;XGCSWGS84;YGCSWGS84
128313;2;1;14;133;2018;11;15;6;3;2;6;0;0;1;0;0;0;0;0;568157.1484;5932236.4322;10.028361358;53.534613072
128314;2;1;4;110;2018;11;12;7;3;9;1;0;0;1;0;0;0;0;0;563583.7264;5934507.7237;9.959829884;53.555599389
128315;2;1;12;130;2018;11;12;2;3;2;6;0;0;1;0;0;1;0;1;572958.5324;5932980.4474;10.100964348;53.540654652
128316;2;3;2;311;2018;11;11;4;3;2;6;0;0;1;0;0;0;0;0;565278.4256;5936423.9758;9.985808545;53.57261321
128317;2;1;8;123;2018;11;20;2;3;4;2;2;0;1;0;0;0;0;1;570054.2327;5934528.919;10.057492906;53.554966271
128318;2;1;8;121;2018;11;20;2;3;6;4;2;0;1;1;0;0;0;1;569398.174;5935291.1914;10.047760565;53.561904013
128319;2;6;3;604;2018;11;6;4;3;1;5;2;0;1;0;0;0;0;0;579780.4679;5924748.3547;10.201790948;53.465683532
128320;2;1;8;123;2018;11;15;2;3;6;4;0;0;0;1;0;0;1;1;570234.7027;5935331.242;10.060396959;53.562152668
128321;2;3;6;318;2018;11;7;5;2;6;4;2;0;0;1;0;1;0;1;562926.7816;5941940.4474;9.951413785;53.622478659
128322;2;5;5;513;2018;11;9;2;3;3;6;0;0;1;0;0;0;0;1;573072.0886;5938478.3566;10.103963582;53.590048054
128323;2;1;1;101;2018;11;3;7;3;2;6;2;0;1;0;0;0;1;0;566417.3243;5934470.0245;10.002589487;53.554909715
128324;2;5;4;512;2018;11;10;2;3;6;4;0;1;0;1;0;0;0;1;574421.364;5936215.259;10.123804397;53.569520216
128325;2;1;14;133;2018;11;7;2;3;5;3;0;1;1;0;0;0;0;0;568395.0925;5932342.3549;10.03197399;53.535534092
128326;2;5;3;510;2018;11;5;5;3;2;6;2;0;1;0;0;0;1;1;570988.9707;5936201.4373;10.071980397;53.569871629
128327;2;5;2;509;2018;11;6;2;3;1;6;2;0;1;0;0;1;0;1;572069.505;5938112.3248;10.088735146;53.586897332
128328;2;7;1;702;2018;11;10;5;3;5;2;0;0;1;0;0;0;0;0;565981.6347;5924494.7305;9.993913804;53.465313697
128329;2;1;7;120;2018;11;10;6;3;1;5;0;1;1;0;0;0;0;0;568069.9006;5934564.4723;10.027551837;53.555546848
128330;2;4;8;423;2018;11;18;2;2;0;7;2;1;0;0;0;0;1;0;569219.5638;5937194.0848;10.045486197;53.579029033
128331;2;2;1;205;2018;11;18;6;3;5;3;2;0;1;0;0;0;0;0;563309.6631;5934117.768;9.955614415;53.55212785
128332;2;6;1;601;2018;11;14;3;2;6;7;0;0;1;1;0;0;0;0;579491.2185;5929214.6325;10.198565856;53.505864487
128333;2;4;10;427;2018;11;6;2;3;6;4;2;0;1;1;0;0;0;1;569112.3979;5938063.1828;10.044060343;53.586853794
128334;2;4;5;410;2018;11;14;4;3;8;1;0;1;0;0;0;0;0;0;567164.3693;5938381.1963;10.014705668;53.589964966
128335;2;3;8;320;2018;11;12;2;3;2;3;0;0;1;0;0;0;1;1;559809.7004;5940368.5278;9.903990213;53.608716515
128336;2;6;1;601;2018;11;11;5;3;3;2;0;1;1;0;0;0;0;0;580207.896;5927894.392;10.20903163;53.493891108
128337;2;3;2;311;2018;11;21;2;3;4;2;2;0;1;0;0;0;0;0;564501.8871;5936032.8662;9.974002665;53.569194254
128338;2;1;11;129;2018;11;16;4;3;6;4;2;0;1;1;0;0;0;0;572472.156;5933672.818;10.09378668;53.546944299
128339;2;3;9;321;2018;11;6;2;3;6;2;2;0;1;1;0;0;0;1;560706.9342;5939368.5538;9.917354729;53.599626195
128340;2;2;9;221;2018;11;12;2;3;8;1;0;0;1;0;0;0;0;1;555864.307;5935714.9207;9.843531835;53.56732747
128341;2;4;10;428;2018;11;8;2;3;5;3;0;1;1;0;0;0;0;0;569130.4522;5939192.4124;10.044583319;53.596999844
128342;2;3;5;317;2018;11;16;2;3;2;6;1;0;1;0;0;0;0;1;563067.4895;5939667.5192;9.953080719;53.602034342
128343;2;6;1;601;2018;11;11;5;3;0;2;0;0;1;0;0;0;1;0;580131.8181;5927984.7106;10.207908201;53.494714364
128344;2;4;13;432;2018;11;17;6;2;6;2;2;0;1;1;0;0;0;0;567293.6846;5946332.1489;10.018377933;53.661404097
128345;2;3;5;317;2018;11;7;2;3;2;6;1;0;1;0;0;0;0;1;564383.2536;5939285.8261;9.972882698;53.598443986
128346;2;4;10;428;2018;11;7;3;2;4;6;1;0;1;0;0;0;0;0;569195.1613;5939148.7215;10.04555122;53.596598654
128347;2;3;3;314;2018;11;8;2;3;5;3;0;1;1;0;0;0;0;1;565442.3079;5937492.9681;9.988507124;53.582200057
128348;2;3;2;311;2018;11;20;2;3;0;7;2;1;1;0;0;0;0;1;564509.686;5936034.3817;9.974120726;53.569206916
128349;2;2;1;202;2018;11;6;4;3;4;3;2;0;1;0;0;0;0;0;562039.5437;5933466.8;9.936316553;53.546428967
128350;2;7;7;708;2018;11;19;6;3;1;5;2;0;1;0;0;0;0;0;565357.5185;5919939.2706;9.983567767;53.424449648
128351;2;1;5;114;2018;11;7;2;3;1;5;1;1;1;0;0;0;0;1;567039.6612;5933961.4172;10.011873186;53.550259658
128352;2;1;13;131;2018;11;8;5;2;2;2;0;0;1;0;1;0;0;0;573073.4211;5931088.4451;10.102256023;53.523635336
128353;2;4;8;422;2018;11;20;1;2;0;7;2;1;0;0;0;0;0;0;568608.2955;5936701.8139;10.036147135;53.574685267
128354;2;7;17;718;2018;11;22;1;3;6;4;2;0;1;1;0;0;0;1;551898.8227;5932320.0449;9.783097211;53.537222377
128355;2;1;7;119;2018;11;13;5;3;3;2;0;0;1;0;0;0;0;0;568822.095;5934236.872;10.038832456;53.552504592
128356;2;5;4;512;2018;11;14;5;3;5;3;0;1;1;0;0;0;0;0;575731.5011;5936323.9309;10.143610261;53.570309361
128357;2;5;2;507;2018;11;21;1;3;1;5;2;0;1;0;1;0;0;1;571256.093;5936791.2749;10.076147935;53.575136275
128358;2;5;10;518;2018;11;7;5;3;2;6;1;0;1;0;0;0;0;1;573407.5704;5945581.5883;10.110705749;53.65383651
128359;2;5;17;525;2018;11;14;1;2;6;7;0;0;1;1;0;0;0;0;576887.4896;5945158.7071;10.163242975;53.649536318
128360;2;3;4;315;2018;11;10;6;3;0;4;0;0;0;1;0;0;1;0;564514.2246;5937213.4943;9.974432886;53.579803347
128361;2;4;6;414;2018;11;15;1;3;5;3;0;1;0;0;0;0;0;0;567507.0314;5937442.3336;10.019678509;53.581483288
128362;2;3;1;301;2018;11;8;3;3;6;4;0;0;1;1;0;0;0;0;562696.1806;5937280.2609;9.946990459;53.580623879
128363;2;3;7;319;2018;11;19;1;3;6;4;2;0;1;1;0;0;0;1;560941.3754;5942983.2694;9.921604206;53.632085643
128364;2;3;1;307;2018;11;7;2;3;2;6;0;0;1;0;0;0;0;0;563240.4895;5936018.8719;9.954955191;53.569222036
128365;2;3;1;307;2018;11;18;1;3;3;2;2;1;1;0;0;0;0;1;563332.0305;5936142.7419;9.956362402;53.570324253
128366;2;2;9;221;2018;11;10;3;3;4;6;0;0;0;0;1;0;1;0;555795.79;5936532.12;9.842643382;53.574679413
128367;2;4;10;429;2018;11;18;6;2;3;2;2;1;1;0;0;0;0;0;568901.2311;5939510.2143;10.041190576;53.599886123
128368;2;3;1;309;2018;11;21;1;3;5;2;2;1;1;0;0;0;0;1;564236.3592;5935856.9139;9.969957541;53.567645497
128369;2;5;18;526;2018;11;9;5;3;5;2;0;1;1;0;0;0;0;0;574734.3961;5939636.9928;10.129349877;53.600226149
128370;2;1;16;136;2018;11;22;7;3;2;6;2;0;1;0;0;0;0;0;566833.7882;5927984.854;10.007490943;53.496573074
128371;2;3;3;313;2018;11;0;1;3;0;7;2;1;0;0;0;0;0;1;565295.2811;5936714.0397;9.986123707;53.575217982
128372;2;1;1;101;2018;11;0;5;3;5;7;2;0;1;0;0;0;0;0;566145.642;5933906.782;9.998369882;53.549882029
128373;2;3;2;312;2018;11;22;1;3;3;7;2;1;1;0;0;0;0;1;565698.1894;5935166.6414;9.991882163;53.561260867
128374;2;4;8;422;2018;11;8;5;3;5;3;1;0;1;0;0;0;0;1;568443.6202;5936590.2954;10.033636149;53.573704551
128375;2;4;12;431;2018;11;7;2;3;2;6;1;0;1;0;0;0;0;1;568230.7396;5943059.4575;10.031837902;53.631871027
128376;2;1;16;136;2018;11;20;7;3;5;3;2;0;1;0;0;0;0;1;567318.761;5930427.115;10.015324905;53.518460445
128377;2;2;11;223;2018;11;15;7;3;6;7;0;0;1;1;0;0;0;0;553748.5019;5934702.7195;9.811413368;53.558451131
128378;2;1;12;130;2018;11;17;7;3;6;2;2;0;1;1;0;0;0;1;573880.9745;5933535.703;10.115012515;53.545515737
128379;2;1;8;123;2018;11;14;2;3;2;6;0;0;1;0;0;0;0;0;570554.0549;5934429.3748;10.065014001;53.554004726
128380;2;1;16;137;2018;11;7;5;3;6;4;2;0;1;1;0;0;0;1;565869.8032;5930175.6632;9.993422002;53.516384141
128381;2;1;12;130;2018;11;19;7;3;6;4;2;0;1;1;0;0;0;1;576222.75;5931537.696;10.149860274;53.527225361
128382;2;6;2;602;2018;11;10;2;3;6;7;0;0;1;1;0;0;0;0;580154.841;5927436.0375;10.208115004;53.489780106
128383;2;5;7;515;2018;11;13;7;2;6;4;0;0;1;1;0;0;0;1;570999.5557;5940526.7774;10.073124648;53.608741856
128384;2;5;7;515;2018;11;21;1;3;2;6;2;0;1;0;1;0;0;1;570438.1982;5939365.8368;10.064379247;53.598384297
128385;2;4;7;416;2018;11;13;7;3;0;7;0;0;0;0;1;0;0;1;567469.6983;5935382.0305;10.018669546;53.56297186
128386;2;1;1;101;2018;11;7;3;3;4;2;2;0;1;0;0;0;0;0;566298.0981;5934541.0429;10.000805097;53.555563043
128387;2;2;1;203;2018;11;18;6;3;2;6;2;0;1;0;0;0;0;0;562193.4792;5933883.7713;9.938722372;53.550158242
128388;2;3;9;321;2018;11;14;7;3;6;7;0;0;1;1;0;0;0;1;562649.5959;5937551.7712;9.946341433;53.583069596
128389;2;5;18;526;2018;11;8;5;3;5;3;0;0;1;0;0;0;0;0;575601.7432;5939517.0011;10.14242486;53.599023419
128390;2;5;1;504;2018;11;14;7;3;2;6;0;0;1;0;0;0;0;0;570115.7196;5936208.2065;10.058797737;53.570049889
128391;2;2;9;221;2018;11;16;7;3;5;3;1;0;1;0;0;0;0;1;557377.7119;5935857.7252;9.866407129;53.568447623
128392;2;4;6;414;2018;11;7;4;3;5;2;1;1;1;0;0;0;0;0;567205.3667;5936658.3615;10.014953938;53.574476363
128393;2;2;9;221;2018;11;7;7;3;5;3;0;1;1;0;0;0;0;1;556062.7669;5936450.8796;9.84666027;53.573920795
128394;2;1;5;114;2018;11;19;5;3;5;3;2;0;1;0;0;0;1;1;566825.25;5934552.72;10.008763882;53.555601146
128395;2;2;1;202;2018;11;16;7;3;2;2;2;0;1;0;1;0;0;1;562424.5664;5933186.0242;9.942070515;53.543859897
128396;2;7;1;702;2018;11;15;6;3;0;4;0;0;0;1;0;0;1;0;565109.2264;5923661.1149;9.980601753;53.457930225
128397;2;2;1;203;2018;11;11;7;3;3;2;0;0;1;0;1;0;0;1;562751.7687;5933980.8026;9.947167175;53.55096387
128398;2;4;9;425;2018;11;16;2;3;2;7;2;0;1;0;0;0;0;0;570596.6191;5937548.1282;10.06636128;53.582027278
128399;2;1;3;108;2018;11;14;7;3;3;2;0;1;1;0;0;0;0;1;565778.4215;5934741.8312;9.993003856;53.55743295
128400;2;5;18;526;2018;11;6;5;3;5;3;2;0;1;0;0;0;0;1;576032.5709;5941368.7848;10.149385527;53.615602523
128401;2;4;10;429;2018;11;6;6;2;6;2;2;0;1;1;0;0;0;1;569443.3368;5939726.4183;10.049429183;53.601757603
128402;2;7;10;711;2018;11;9;6;3;5;2;0;1;0;0;0;0;0;0;563483.4347;5924317.1492;9.956252185;53.464024745
128403;2;5;3;510;2018;11;16;5;3;5;2;0;1;0;0;0;0;1;0;570383.6121;5936126.1463;10.06282385;53.569276544
128404;2;1;5;114;2018;11;15;7;3;4;6;0;1;0;0;0;0;1;0;566584.0227;5934653.3768;10.005144482;53.556536422
128405;2;7;4;705;2018;11;7;6;3;5;3;0;1;0;0;1;0;0;1;566163.404;5921606.0976;9.996043776;53.439329641
128406;2;1;3;107;2018;11;9;4;3;1;5;0;1;1;0;0;0;0;0;565184.7442;5933820.9015;9.983851025;53.549230372
128407;2;6;1;601;2018;11;15;6;3;5;2;0;0;1;0;0;0;0;1;578538.414;5929234.627;10.184207902;53.506187328
128408;2;5;5;513;2018;11;18;4;3;1;3;2;1;1;0;0;0;0;0;573978.9827;5937883.1423;10.117520835;53.584571785
128409;2;6;2;602;2018;11;10;6;3;6;4;0;0;1;1;0;0;0;0;580541.4891;5927262.4355;10.213896682;53.488160964
128410;2;5;3;511;2018;11;12;5;3;5;3;0;0;1;0;0;0;0;0;572855.7303;5936752.712;10.10029268;53.574569989
128411;2;1;11;129;2018;11;10;6;3;1;7;0;1;0;0;0;0;1;1;570863.5293;5934576.6396;10.069718011;53.555286515
128412;2;2;8;220;2018;11;22;2;3;4;2;2;1;1;0;0;0;0;1;557400.9803;5938933.4243;9.867324157;53.596087977
128413;2;1;12;130;2018;11;14;6;3;2;6;0;1;0;0;0;0;0;1;574618.2308;5932789.5647;10.125958878;53.538706049
128414;2;5;2;507;2018;11;13;5;3;6;2;0;0;1;1;0;0;0;0;571484.5377;5936533.8175;10.079538415;53.572791435
128415;2;4;8;422;2018;11;19;6;3;1;5;2;1;1;0;0;0;0;0;568733.0499;5936725.4714;10.038036089;53.574881548
128416;2;5;2;508;2018;11;11;6;3;2;6;0;0;1;0;0;0;1;0;572834.4126;5937316.5256;10.100102341;53.579639884
128417;2;1;14;133;2018;11;8;6;3;2;6;0;0;1;0;0;0;1;1;569013.8297;5932208.2377;10.041278498;53.534247843
128418;2;2;5;215;2018;11;17;3;3;2;6;2;0;1;0;0;0;1;0;560808.3459;5936203.1614;9.918270076;53.571165834
128419;2;5;18;526;2018;11;18;6;3;5;3;2;1;1;0;0;0;0;0;575121.2877;5941516.3036;10.135648219;53.617059717
128420;2;5;6;514;2018;11;16;6;3;2;6;0;0;1;0;0;0;0;1;573664.7118;5941411.222;10.113608154;53.61632225
128421;2;7;1;702;2018;11;6;3;3;5;3;2;1;1;0;0;0;0;0;565108.6017;5924069.3403;9.980676889;53.461599193
128422;2;1;13;131;2018;11;13;6;3;6;4;0;0;0;1;0;1;0;0;572417.1036;5930007.5212;10.092108097;53.514011908
128423;2;4;9;424;2018;11;1;6;3;1;7;2;0;1;0;0;0;1;0;570460.9391;5937179.6485;10.064229039;53.578733998
128424;2;5;7;515;2018;11;14;5;3;4;2;0;1;1;0;0;0;0;0;571457.1348;5940493.6732;10.080031801;53.608382145
128425;2;5;18;526;2018;11;13;3;3;5;3;0;0;1;0;0;0;0;0;576224.7999;5938164.3433;10.151507255;53.586777228
128426;2;3;7;319;2018;11;7;5;3;4;6;1;1;0;0;0;0;0;0;560295.8756;5942677.3693;9.911784533;53.629411164
128427;2;4;13;432;2018;11;13;6;3;0;1;0;0;0;0;1;0;0;1;565995.7832;5944856.4573;9.998426238;53.648307362
128428;2;4;8;419;2018;11;16;4;3;5;3;2;1;1;0;0;0;0;0;567712.15;5937394.27;10.02276581;53.581024892
128429;2;4;5;410;2018;11;11;6;3;5;3;0;1;1;0;0;0;0;1;566754.7333;5938314.6936;10.008503796;53.589419613
128430;2;4;11;430;2018;11;14;5;3;6;2;0;0;1;1;0;0;0;0;567214.511;5941816.9917;10.016204081;53.620836372
128431;2;1;5;114;2018;11;6;2;3;2;6;2;0;1;0;0;0;0;1;566567.6403;5934792.8993;10.004926933;53.557792417
128432;2;3;8;320;2018;11;15;6;3;3;2;0;1;1;0;0;0;0;1;560112.964;5940061.7527;9.908514061;53.605924704
128433;2;4;13;432;2018;11;8;5;3;2;6;0;0;1;0;0;0;0;0;566123.6301;5948055.6799;10.001041199;53.677042805
128434;2;7;7;708;2018;11;18;5;3;1;6;2;0;1;0;0;0;0;1;565197.4079;5919637.0378;9.981096104;53.421753156
128435;2;3;9;321;2018;11;15;6;3;5;2;0;1;1;0;0;0;0;0;559952.1768;5939034.8946;9.905886856;53.596714347
128436;2;5;2;508;2018;11;17;5;3;1;7;2;0;1;0;0;0;0;1;572001.3396;5937092.8844;10.087470396;53.577745061
128437;2;2;3;208;2018;11;9;3;3;6;7;0;0;1;1;0;0;1;0;563261.6974;5935285.8579;9.955126946;53.562631647
128438;2;1;11;129;2018;11;7;6;2;6;4;1;0;1;1;0;0;0;1;573429.3716;5935476.8078;10.108654275;53.563023605
128439;2;3;8;320;2018;11;12;6;3;2;6;0;0;1;0;0;0;0;0;559600.783;5940094.8614;9.900780629;53.606280774
128440;2;1;2;103;2018;11;11;2;3;0;6;0;1;0;0;0;0;1;0;565467.748;5932955.901;9.987940726;53.541421173
128441;2;3;1;308;2018;11;13;6;3;3;7;0;0;1;0;0;0;0;0;563637.7429;5936045.8371;9.960958437;53.569416349
128442;2;3;1;307;2018;11;23;3;3;5;3;2;1;0;0;0;0;1;0;563424.5956;5936106.0443;9.957752539;53.569983259
128443;2;5;12;520;2018;11;7;6;3;5;3;1;1;1;0;0;0;0;1;569909.7775;5944705.6009;10.057594928;53.646443269
128444;2;3;2;312;2018;11;10;6;3;5;3;0;1;1;0;0;0;0;1;565203.4723;5936139.7463;9.984617469;53.570068093
128445;2;4;13;432;2018;11;11;5;3;0;4;0;0;1;1;0;0;0;0;566129.6617;5947501.6356;10.001014441;53.672062827
128446;2;1;12;130;2018;11;19;7;3;1;5;2;0;1;0;0;0;0;0;574373.2617;5932756.224;10.122255249;53.538441162
128447;2;1;4;109;2018;11;15;6;3;6;7;0;1;0;1;0;0;0;0;564143.0811;5934710.7231;9.968313978;53.557355756
128448;2;4;5;413;2018;11;19;5;3;6;4;2;0;1;1;0;0;0;0;566753.13;5937234.04;10.008248398;53.57970782
128449;2;1;5;114;2018;11;16;5;3;2;6;2;0;1;0;0;0;0;0;566187.176;5934743.912;9.999173907;53.557400269
128450;2;3;1;309;2018;11;22;1;3;1;6;2;0;1;0;0;0;0;0;564241.588;5935839.274;9.970032854;53.567486322
128451;2;7;17;718;2018;11;19;5;3;6;4;2;0;1;1;0;0;0;0;551393.1693;5931914.1179;9.775401557;53.533623704
128452;2;4;5;413;2018;11;11;5;3;0;7;0;1;0;0;0;1;0;0;566448.0677;5937151.1269;10.003623823;53.579001404
128453;2;3;8;320;2018;11;7;5;3;6;7;1;0;1;1;0;0;0;1;559939.6692;5940505.7988;9.905980758;53.609935369
128454;2;1;16;136;2018;11;7;5;3;2;6;0;0;1;0;0;0;0;1;567012.3616;5925739.8296;10.009703099;53.476373661
128455;2;4;10;428;2018;11;6;5;3;5;2;2;1;0;0;0;0;1;1;568988.5543;5939302.096;10.042463855;53.59800427
128456;2;1;14;132;2018;11;21;2;3;8;1;2;0;1;0;0;0;0;0;568484.5381;5932933.2611;10.03345267;53.540833003
128457;2;6;14;615;2018;11;20;5;3;8;7;2;0;1;0;0;0;1;0;576021.2847;5927400.6834;10.145818433;53.4900758
128458;2;3;9;321;2018;11;15;1;3;5;3;0;1;1;0;0;0;0;0;562133.9697;5937316.5998;9.938507072;53.581017376
128459;2;6;6;607;2018;11;11;5;3;5;3;0;0;1;0;0;0;0;0;576860.4865;5918839.5395;10.156372376;53.413015663
128460;2;7;1;701;2018;11;11;2;3;2;6;0;0;1;0;0;0;1;0;564938.216;5924390.037;9.978177177;53.464502461
128461;2;1;1;101;2018;11;18;6;3;4;2;2;0;1;0;0;0;0;0;566284.456;5934548.6047;10.0006008;53.555632725
128462;2;6;5;606;2018;11;9;5;2;6;4;0;0;1;1;0;0;0;1;581445.7384;5922494.0833;10.22628604;53.445170233
128463;2;4;5;409;2018;11;17;5;3;4;2;2;1;1;0;0;0;0;0;565858.5847;5938943.793;9.99510024;53.595186773
128464;2;3;8;320;2018;11;19;7;3;2;6;2;0;1;0;0;0;0;0;559818.8971;5938527.8375;9.903775991;53.592172445
128465;2;1;8;122;2018;11;17;5;3;5;2;2;1;1;0;0;0;0;0;569340.9154;5934880.8493;10.046805193;53.558223804
128466;2;3;3;314;2018;11;14;4;3;4;2;0;1;1;0;0;0;0;0;564685.8521;5937016.0024;9.976983834;53.5780073
128467;2;1;8;122;2018;11;13;5;2;2;6;0;0;1;0;0;0;0;0;569898.4949;5935188.5881;10.055289962;53.560915515
128468;2;6;2;603;2018;11;15;4;3;2;6;0;0;1;0;0;0;0;1;581875.4174;5927299.4516;10.234005821;53.488287765
128469;2;5;6;514;2018;11;20;5;3;5;3;2;1;1;0;0;0;0;0;573497.2454;5938814.187;10.110464607;53.593006682
128470;2;1;16;136;2018;11;9;6;3;2;6;0;0;1;0;0;0;0;0;567123.5759;5927776.8452;10.011814116;53.494666746
128471;2;5;3;510;2018;11;18;5;3;4;2;2;1;1;0;0;0;0;0;570383.1137;5936127.7143;10.062816679;53.569290702
128472;2;5;3;510;2018;11;5;5;3;2;6;2;0;1;0;0;0;0;1;570983.1311;5936325.8696;10.071920514;53.570990691
128473;2;2;8;220;2018;11;14;5;3;3;7;0;0;1;0;0;0;1;1;557740.1722;5938449.772;9.872359121;53.591703904
128474;2;5;7;515;2018;11;17;5;3;1;5;2;1;1;0;0;0;0;0;570422.7744;5939364.3296;10.064145884;53.598372824
128475;2;1;4;111;2018;11;15;7;3;1;2;0;0;1;0;0;0;0;0;563883.6215;5934673.7944;9.964390198;53.557055508
128476;2;5;17;525;2018;11;10;5;3;5;3;0;1;1;0;0;0;0;0;576693.9155;5944819.016;10.160231215;53.646512062
128477;2;1;14;133;2018;11;10;2;3;5;3;0;1;1;0;0;0;0;0;568397.831;5932316.484;10.032009649;53.53530123
128478;2;5;18;526;2018;11;6;5;3;5;3;2;1;1;0;0;0;0;1;576328.606;5941261.4448;10.153833394;53.614594839
128479;2;5;11;519;2018;11;14;5;3;5;3;0;1;1;0;0;0;0;0;571628.0962;5945817.9399;10.083840959;53.656207262
128480;2;2;11;223;2018;11;11;5;3;4;2;0;1;1;0;0;0;0;0;553737.476;5934978.41;9.811294342;53.560930078
128481;2;1;12;130;2018;11;19;6;3;2;6;2;0;1;0;0;0;0;1;573388.489;5933745.1789;10.107630603;53.547467336
128482;2;4;13;432;2018;11;22;5;3;3;6;2;0;1;0;1;0;0;0;566196.2305;5947057.4391;10.001927215;53.66806239
128483;2;3;2;312;2018;11;20;6;3;5;3;2;0;1;0;0;0;0;0;565466.0149;5936430.2759;9.988642302;53.572646455
128484;2;1;16;137;2018;11;21;3;2;9;1;2;0;1;0;0;0;0;0;566167.7764;5925799.2535;9.996992031;53.477014554
128485;2;5;1;504;2018;11;16;5;3;6;4;0;1;1;1;0;0;0;0;570033.4034;5935647.9141;10.057429314;53.565025514
128486;2;5;7;515;2018;11;7;4;3;6;4;2;0;1;1;0;0;0;0;572561.4469;5941835.3754;10.097032036;53.620288049
128487;2;2;12;225;2018;11;14;5;3;6;7;0;0;1;1;0;0;0;0;554933.1219;5935900.55;9.829505541;53.56909415
128488;2;2;5;216;2018;11;17;5;3;6;4;2;0;1;1;0;0;0;0;560151.4947;5935380.1794;9.908193824;53.563845054
128489;2;2;5;216;2018;11;18;2;3;5;2;2;1;1;0;0;0;0;0;559909.4767;5935279.3049;9.904520888;53.562966133
128490;2;4;2;404;2018;11;14;5;3;1;5;0;1;0;0;0;0;1;0;565757.0966;5938238.1683;9.993418278;53.588857938
128491;2;2;7;219;2018;11;12;5;3;0;7;0;0;1;0;0;0;1;0;559762.6883;5933340.8924;9.90193438;53.545561437
128492;2;2;14;227;2018;11;15;6;3;2;6;0;0;1;0;0;0;0;0;549996.392;5937292.7301;9.755189946;53.582100398
128493;2;4;12;431;2018;11;21;2;3;3;5;2;0;1;0;0;0;0;0;568190.1407;5943022.4472;10.031215933;53.631543705
128494;2;3;5;317;2018;11;12;5;3;3;6;0;0;1;0;0;1;0;0;562566.2576;5938709.2181;9.945314901;53.593481884
128495;2;5;10;518;2018;11;7;6;3;2;6;0;0;1;0;0;0;0;0;573293.2016;5945569.7486;10.108972836;53.653746147
128496;2;3;3;313;2018;11;19;5;3;5;3;2;1;1;0;0;0;0;0;565017.487;5936411.9922;9.981866097;53.572537914
128497;2;4;10;426;2018;11;18;3;3;6;2;2;0;1;1;0;0;0;0;569501.2789;5938606.1204;10.050054935;53.591681788
128498;2;4;1;401;2018;11;13;5;1;6;7;0;0;1;1;0;0;0;0;564533.1698;5937560.7941;9.974790804;53.582922285
128499;2;3;1;309;2018;11;6;5;3;6;2;2;0;0;1;0;0;1;1;564002.2642;5936022.9521;9.966457325;53.569166336
128500;2;2;8;220;2018;11;12;4;3;2;6;0;0;1;0;0;1;0;0;557901.5238;5937817.4579;9.874679204;53.586003193
128501;2;1;1;101;2018;12;17;7;3;6;4;2;0;1;1;0;0;0;0;566212.0898;5934166.1656;9.999427573;53.552204793
128502;2;1;4;111;2018;11;17;5;3;2;6;2;0;1;0;0;0;0;0;564466.9765;5934662.1861;9.973192769;53.556879861
128503;2;6;14;615;2018;11;2;1;2;9;1;2;0;1;0;0;0;0;1;576509.571;5927366.8708;10.153168174;53.48970116
128504;2;3;1;310;2018;11;15;5;3;1;5;0;0;1;0;0;0;1;0;563782.7807;5935505.5764;9.963037917;53.564543253
128505;2;1;11;129;2018;11;22;5;3;5;3;2;0;1;0;0;0;0;0;572011.3553;5934249.8163;10.086966298;53.552193164
128506;2;1;5;114;2018;11;23;5;3;6;4;2;0;1;1;0;0;0;0;567025.5937;5934796.7217;10.011839987;53.557768492
128507;2;5;17;525;2018;11;18;5;3;6;4;2;0;1;1;0;0;0;1;575772.528;5947277.402;10.146895079;53.668738919
128508;2;6;1;601;2018;11;18;2;3;4;2;2;1;1;0;0;0;0;0;579116.7415;5928806.899;10.192817972;53.502256771
128509;2;7;13;714;2018;11;17;4;3;3;2;2;1;1;0;0;0;0;0;558071.4952;5925742.1398;9.875006349;53.477456605
128510;2;5;6;514;2018;11;20;1;2;6;4;2;0;1;1;0;0;0;1;573980.0923;5940366.1708;10.118126676;53.606886146
128511;2;7;11;712;2018;11;14;4;3;2;6;0;0;1;0;0;0;0;0;560251.2081;5927392.048;9.908161935;53.492040304
128512;2;3;3;313;2018;11;17;3;2;6;4;2;0;1;1;0;0;0;0;565136.2272;5936415.8988;9.983659786;53.572558294
128513;2;7;7;708;2018;11;17;4;3;5;3;2;0;1;0;0;0;0;0;565175.7903;5919943.8114;9.980834312;53.424512946
128514;2;3;1;308;2018;11;11;3;3;3;6;0;0;1;0;0;0;0;0;563517.8923;5936068.3374;9.959153495;53.569633089