OBJECTID_1;ULAND;UREGBEZ;UKREIS;UGEMEINDE;UJAHR;UMONAT;USTUNDE;UWOCHENTAG;UKATEGORIE;UART;UTYP1;ULICHTVERH;IstRad;IstPKW;IstFuss;IstKrad;IstGkfz;IstSonstig;STRZUSTAND;LINREFX;LINREFY;XGCSWGS84;YGCSWGS84
128515;2;1;8;126;2018;11;13;4;3;5;3;0;0;1;0;0;0;0;0;569741.1194;5933974.3057;10.052643513;53.550023611
128516;2;2;8;220;2018;11;16;2;2;0;4;1;0;1;1;0;0;0;0;556434.5059;5938510.9684;9.85264615;53.592396087
128517;2;1;6;117;2018;11;8;4;3;6;4;0;1;0;1;0;0;0;0;567717.9753;5934035.7284;10.022125735;53.550840458
128518;2;4;4;407;2018;11;15;3;3;0;7;0;1;0;0;0;0;1;0;567882.4379;5941400.0671;10.026209689;53.617003299
128519;2;5;2;505;2018;11;13;6;3;3;6;0;0;1;0;0;0;0;0;570135.8595;5936592.553;10.059188128;53.573501329
128520;2;5;18;526;2018;11;9;4;3;4;2;0;0;1;0;0;0;0;1;576432.244;5941157.9709;10.155374314;53.613649841
128521;2;1;5;114;2018;11;17;1;3;5;3;2;1;1;0;0;0;0;0;566759.1203;5934893.9762;10.007838678;53.558676496
128522;2;5;3;511;2018;11;16;4;3;6;3;0;0;1;1;0;0;0;0;573169.9098;5936477.028;10.10497196;53.57204872
128523;2;3;3;314;2018;11;15;5;3;0;7;1;1;0;0;0;0;0;0;565256.1704;5937572.9625;9.985712699;53.582942178
128524;2;5;18;526;2018;11;8;4;3;2;6;0;0;1;0;0;0;0;1;576427.3428;5938255.794;10.154588736;53.587569587
128525;2;4;10;429;2018;11;7;5;3;6;4;2;0;1;1;0;0;0;1;568886.4221;5939360.5726;10.040933769;53.598543234
128526;2;5;16;524;2018;11;15;2;2;4;2;0;1;1;0;0;0;0;1;575364.7938;5947356.1578;10.14074407;53.669505605
128527;2;5;2;508;2018;11;6;4;3;1;6;1;0;1;0;1;0;0;1;572970.7653;5937389.6778;10.102178517;53.580278342
128528;2;5;2;505;2018;11;14;7;3;5;3;0;0;1;0;0;0;1;0;570870.828;5936569.6437;10.070280268;53.573196669
128529;2;5;18;526;2018;11;19;4;3;6;4;2;0;1;1;0;0;0;0;575152.1982;5939018.8592;10.135513154;53.594611389
128530;2;1;12;130;2018;11;8;2;3;5;3;0;0;1;0;0;0;0;0;572950.0931;5932946.5953;10.100829129;53.540351597
128531;2;1;19;140;2018;11;11;6;3;5;3;0;0;1;0;0;1;0;0;560044.18;5930817.9984;9.905698045;53.522854828
128532;2;5;18;526;2018;11;23;4;3;4;6;2;0;1;0;0;0;0;1;576813.533;5942049.759;10.161356665;53.621608255
128533;2;1;8;125;2018;11;10;6;3;5;3;0;0;1;0;0;0;0;0;570561.0001;5934424.0278;10.065117612;53.553955739
128534;2;1;1;101;2018;11;18;7;3;2;6;2;0;1;0;0;0;0;0;566331.6063;5934522.6459;10.001306932;53.555393472
128535;2;5;3;511;2018;11;9;4;2;6;4;0;0;0;1;0;0;1;1;572042.8636;5936103.8614;10.08786924;53.56885107
128536;2;2;8;220;2018;11;20;6;3;5;3;2;0;1;0;0;0;0;1;556277.2676;5938925.688;9.850345628;53.596140299
128537;2;5;2;506;2018;11;14;4;3;0;4;0;0;0;1;0;1;0;0;570815.371;5937288.074;10.069605889;53.579660683
128538;2;5;10;518;2018;11;15;7;3;2;6;0;0;1;0;0;0;0;0;573051.2959;5945529.6227;10.105303966;53.653419384
128539;2;5;10;518;2018;11;15;4;3;6;4;0;0;1;1;0;0;0;0;573483.422;5944995.3246;10.111714581;53.648557254
128540;2;4;8;421;2018;11;9;4;3;5;3;0;1;1;0;0;0;0;0;568872.8706;5937341.4112;10.040283233;53.580398705
128541;2;5;16;524;2018;11;8;4;3;5;3;0;1;0;0;0;0;1;0;574369.592;5947686.802;10.125762832;53.67261952
128542;2;2;4;213;2018;11;13;5;3;5;3;0;1;1;0;0;0;0;1;561287.2786;5933968.6467;9.925063169;53.551027614
128543;2;4;12;431;2018;11;11;4;3;3;7;0;0;1;0;0;0;0;0;568005.2004;5942886.5231;10.028389935;53.630346209
128544;2;1;17;138;2018;11;16;7;3;0;7;2;1;1;0;0;0;0;0;564995.973;5931267.981;9.98047204;53.526309919
128545;2;4;12;431;2018;11;7;4;3;1;5;1;1;1;0;0;0;0;1;568296.634;5943517.5625;10.032934795;53.635979427
128546;2;5;4;512;2018;11;17;2;2;6;4;2;0;1;1;0;0;0;0;575503.593;5937689.563;10.140499681;53.582614835
128547;2;4;13;432;2018;11;15;4;3;5;3;0;0;1;0;0;0;0;0;565839.9713;5947764.1657;9.996685776;53.674458766
128548;2;5;2;505;2018;11;7;6;3;0;7;0;0;0;0;0;0;1;0;570864.3691;5936429.9121;10.070151035;53.571941775
128549;2;4;5;408;2018;11;15;4;3;5;2;0;0;1;0;0;0;0;0;567826.3282;5939708.6218;10.024993391;53.601809437
128550;2;1;19;140;2018;11;18;5;3;2;6;2;0;1;0;0;0;0;1;559018.433;5930251.292;9.890121114;53.51787771
128551;2;5;6;514;2018;11;17;3;3;4;2;2;0;1;0;0;0;1;0;573443.4752;5938853.522;10.109661627;53.593367715
128552;2;5;1;502;2018;11;11;4;3;5;3;0;0;1;0;0;0;0;0;569222.5434;5936130.1224;10.04529531;53.569466743
128553;2;5;7;515;2018;12;14;4;3;2;6;0;0;1;0;0;0;0;1;570361.8599;5939166.2433;10.063180889;53.596600809
128554;2;3;9;321;2018;12;14;7;3;3;7;0;0;1;0;0;0;0;1;561031.9621;5938475.3981;9.922090784;53.591561333
128555;2;3;9;321;2018;12;3;7;3;0;7;2;0;1;1;0;0;0;1;561888.4695;5937525.0474;9.934840777;53.582919796
128556;2;5;4;512;2018;12;14;2;3;1;6;0;0;1;0;0;0;0;1;575584.5845;5937841.5556;10.141759624;53.58396909
128557;2;4;6;414;2018;12;18;1;3;0;7;2;0;0;0;1;0;0;1;566951.2792;5936781.9405;10.011143797;53.575619476
128558;2;2;9;221;2018;12;13;7;3;6;4;0;0;1;1;0;0;0;1;557376.6058;5937361.7385;9.866666829;53.581965108
128559;2;4;4;407;2018;12;14;6;3;2;6;0;0;1;0;0;0;0;0;565775.233;5939709.9581;9.994002672;53.602082894
128560;2;3;3;313;2018;12;18;6;3;6;2;2;0;1;1;0;0;0;0;565816.5514;5936464.5342;9.993942315;53.572910482
128561;2;3;7;319;2018;12;16;7;3;5;3;2;0;1;0;0;0;0;1;560663.7199;5943433.1829;9.9174936;53.636161407
128562;2;2;1;203;2018;12;12;4;3;2;6;0;0;1;0;0;0;0;1;562027.0635;5934005.6439;9.936235109;53.551273246
128563;2;3;1;310;2018;12;9;4;3;5;3;0;1;1;0;0;0;0;1;563756.1805;5935492.5393;9.96263369;53.564429317
128564;2;2;4;214;2018;12;0;7;3;6;6;2;0;1;1;0;0;0;1;561758.3268;5933346.4476;9.932049209;53.54538046
128565;2;5;18;526;2018;12;16;4;3;1;7;1;0;1;0;0;0;0;1;577179.132;5938558.029;10.166018225;53.590175556
128566;2;3;2;311;2018;12;4;7;3;9;1;2;0;1;0;0;0;0;1;564952.7921;5935792.7018;9.980760465;53.566980211
128567;2;4;2;405;2018;12;15;2;3;3;6;0;0;1;0;0;0;1;1;564440.7052;5939648.2354;9.973825613;53.601693978
128568;2;5;2;507;2018;12;21;7;3;3;2;2;1;1;0;0;0;0;1;571163.1877;5936746.5506;10.074734907;53.574746951
128569;2;1;4;110;2018;12;6;7;3;6;4;2;0;1;1;0;0;0;1;563428.885;5933884.559;9.957366399;53.550017531
128570;2;5;14;522;2018;12;16;5;3;5;2;1;1;1;0;0;0;0;0;573267.8359;5951479.8082;10.109984826;53.706861712
128571;2;5;5;513;2018;12;15;5;3;2;6;0;0;1;0;0;0;0;1;574562.7624;5938417.8483;10.126465288;53.589294401
128572;2;1;5;114;2018;12;16;1;3;3;7;2;0;1;0;0;0;0;1;566789.611;5934407.7864;10.008195016;53.554303135
128573;2;1;5;114;2018;12;18;7;3;2;6;2;0;1;0;0;0;0;1;566610.96;5934819.8;10.005586524;53.558028683
128574;2;1;5;114;2018;12;17;6;3;3;6;2;0;1;0;0;0;1;0;567047.1961;5934198.2175;10.012037675;53.552386866
128575;2;1;8;123;2018;12;7;2;3;5;3;2;1;0;0;0;1;0;1;569902.4992;5935200.7239;10.05535312;53.561024047
128576;2;1;12;130;2018;12;10;5;3;2;6;0;0;1;0;0;0;0;1;573209.9218;5933460.1639;10.104869377;53.544930853
128577;2;5;14;522;2018;12;17;2;3;5;3;2;0;1;0;0;0;0;1;572808.556;5951267.9556;10.102978508;53.705022111
128578;2;1;19;140;2018;12;4;6;3;9;1;2;0;1;0;0;0;0;1;558939.7409;5930252.8904;9.888934731;53.517900905
128579;2;1;12;130;2018;12;10;3;3;5;2;0;0;1;0;0;0;1;0;573758.8029;5934550.3307;10.11340842;53.554651267
128580;2;1;16;137;2018;12;14;3;2;6;4;0;0;1;1;0;0;0;0;566006.6281;5925916.5705;9.994588966;53.478089153
128581;2;7;10;711;2018;12;19;6;3;1;5;2;0;1;0;0;0;0;1;563230.4825;5924843.1596;9.952548377;53.468782681
128582;2;1;16;137;2018;12;13;3;3;3;6;0;0;1;0;0;0;0;0;566189.2543;5926156.8211;9.997390964;53.480225436
128583;2;7;9;710;2018;12;12;6;3;6;4;0;0;1;1;0;0;0;1;563428.8008;5923414.3068;9.955247203;53.455917048
128584;2;7;9;710;2018;12;7;6;3;6;3;2;0;1;1;0;0;0;0;562462.0792;5921578.3066;9.940325883;53.439531425
128585;2;1;11;128;2018;12;19;1;3;5;3;2;0;1;0;0;0;0;1;572330.8581;5933338.4289;10.091577236;53.543958636
128586;2;2;8;220;2018;12;14;7;3;2;6;0;0;1;0;0;0;0;0;558210.1766;5939472.6182;9.879650145;53.600844724
128587;2;6;1;601;2018;12;17;6;2;5;3;2;1;1;0;0;0;0;1;578583.0651;5927411.8138;10.184424329;53.489799488
128588;2;4;2;404;2018;12;23;5;3;2;6;2;0;1;0;0;0;0;0;565600.2661;5938142.4787;9.991029246;53.588017602
128589;2;3;7;319;2018;12;13;5;3;0;3;0;0;1;0;0;0;1;1;560872.929;5943076.695;9.92058753;53.632933252
128590;2;6;1;601;2018;12;18;6;3;6;4;2;0;1;1;0;0;0;1;579478.5482;5929735.3728;10.198506888;53.510546134
128591;2;4;10;428;2018;12;6;3;2;4;7;2;0;1;0;0;0;0;0;569417.2494;5938947.0003;10.048861488;53.594756417
128592;2;6;1;601;2018;12;10;6;3;5;2;0;0;1;0;0;0;1;1;580027.6914;5927966.5527;10.206334344;53.494567034
128593;2;3;9;321;2018;12;6;3;3;4;2;1;1;1;0;0;0;0;1;561812.3225;5938602.1294;9.933904129;53.592608883
128594;2;4;7;416;2018;12;16;2;2;5;3;2;1;1;0;0;0;0;0;567416.3672;5935353.8281;10.017858398;53.562725254
128595;2;1;12;130;2018;12;17;6;2;4;7;2;0;1;0;0;0;1;1;573201.6368;5933243.8246;10.10469374;53.542987781
128596;2;5;5;513;2018;12;7;3;3;2;6;1;0;1;0;0;0;0;0;572848.1414;5937876.2154;10.100440306;53.584667847
128597;2;1;12;130;2018;12;13;6;3;1;6;0;0;1;0;0;0;0;1;573763.3517;5932704.4491;10.113041723;53.538061868
128598;2;4;12;431;2018;12;7;3;3;5;3;1;1;1;0;0;0;0;0;567858.2974;5943021.7533;10.026198317;53.631580589
128599;2;1;12;130;2018;12;17;6;2;6;2;2;0;1;1;0;0;0;1;573432.5763;5935046.2861;10.108601478;53.559154103
128600;2;7;1;702;2018;12;13;2;3;6;7;0;0;1;1;0;0;0;0;565203.52;5923818.3;9.982054266;53.45933125
128601;2;1;7;120;2018;12;14;6;3;4;7;0;0;1;0;0;0;1;1;568609.3172;5934502.542;10.035679573;53.55492005
128602;2;1;8;121;2018;12;13;6;3;0;7;0;0;1;0;0;0;0;0;569190.3632;5934895.4346;10.044536026;53.55837475
128603;2;1;1;101;2018;12;15;1;3;4;2;0;0;1;0;0;0;0;1;566282.561;5934546.3628;10.000571723;53.555612816
128604;2;1;16;136;2018;12;7;6;3;5;2;2;0;1;0;0;0;0;1;567585.7124;5930472.86;10.019360329;53.51883731
128605;2;1;8;125;2018;12;18;6;3;5;3;2;1;1;0;0;0;0;1;570048.2176;5934423.6029;10.057378524;53.554020592
128606;2;7;1;701;2018;12;17;4;3;1;6;2;0;1;0;0;0;0;0;564923.0334;5924124.8285;9.977893736;53.462120793
128607;2;4;9;424;2018;12;19;4;3;2;7;2;0;1;0;0;0;0;1;570317.6979;5937051.1881;10.062037022;53.577598747
128608;2;5;4;512;2018;12;19;6;2;6;4;2;0;1;0;0;0;1;1;575199.8755;5936394.8345;10.135601073;53.571023023
128609;2;2;4;213;2018;12;11;3;3;4;2;0;1;1;0;0;0;0;0;561086.396;5934312.7728;9.922098741;53.554143833
128610;2;5;18;526;2018;12;15;6;3;5;3;0;0;1;0;0;0;0;1;576042.8674;5938066.5065;10.148735614;53.58592441
128611;2;6;1;601;2018;12;13;2;3;1;5;0;1;1;0;0;0;0;1;579150.057;5929860.2388;10.193586079;53.511717818
128612;2;5;3;510;2018;12;18;1;3;6;4;2;0;1;1;0;0;0;1;570517.4821;5936366.1901;10.064899164;53.571415845
128613;2;5;18;526;2018;12;10;6;3;2;6;0;0;1;0;0;0;0;1;574953.8125;5939602.2672;10.132656531;53.599882745
128614;2;5;18;526;2018;12;16;6;3;8;1;2;0;1;0;0;0;0;1;578811.8833;5940158.967;10.191084602;53.604319624
128615;2;5;11;519;2018;12;7;6;3;5;3;2;1;1;0;0;0;0;1;571482.224;5946314.3647;10.081748353;53.660688503
128616;2;4;8;420;2018;12;7;6;3;5;2;2;1;1;0;0;0;0;1;568322.7824;5937246.6085;10.031955217;53.579618652
128617;2;4;10;429;2018;12;7;6;3;6;2;1;0;1;1;0;0;0;1;568821.1536;5940101.1307;10.040111186;53.60520723
128618;2;5;11;519;2018;12;8;6;3;3;2;0;1;1;0;0;0;0;1;572566.1841;5945768.5341;10.098021254;53.655633953
128619;2;1;3;108;2018;12;17;7;3;5;3;2;1;1;0;0;0;0;0;565047.495;5934399.685;9.981900236;53.554449078
128620;2;5;10;518;2018;12;16;6;3;6;2;2;0;0;1;0;0;1;1;574254.3593;5944546.651;10.123268305;53.6444163
128621;2;5;17;525;2018;12;15;6;3;5;3;0;1;1;0;0;0;0;1;577397.8168;5944999.4508;10.170922375;53.648029901
128622;2;5;7;515;2018;12;11;4;2;3;2;0;1;0;0;0;1;0;0;571187.4536;5941106.7991;10.076096622;53.613928967
128623;2;5;17;525;2018;12;17;4;3;2;6;1;0;1;0;0;0;0;0;576697.3572;5945554.6928;10.160464803;53.653122791
128624;2;5;10;518;2018;12;14;2;3;5;2;0;1;1;0;0;0;0;1;574848.697;5944790.4371;10.1323158;53.646522453
128625;2;5;10;518;2018;12;13;6;3;6;4;0;0;1;1;0;0;0;1;573748.0226;5944345.1444;10.115562604;53.642677018
128626;2;4;12;431;2018;12;18;6;3;6;4;2;0;1;1;0;0;0;1;567005.0056;5942594.4734;10.013204503;53.627850507
128627;2;5;18;526;2018;12;15;2;3;5;3;0;0;1;0;0;0;1;1;576100.1804;5941690.3237;10.150485924;53.618482272
128628;2;3;4;315;2018;12;13;1;3;0;7;0;0;1;0;0;0;0;1;564460.5892;5937288.6381;9.973638416;53.580485278
128629;2;4;4;407;2018;12;7;6;3;6;2;2;0;1;1;0;0;0;1;565807.9378;5939699.1034;9.994494537;53.601981235
128630;2;2;3;209;2018;12;11;6;3;3;6;0;1;1;0;0;0;0;0;562382.2564;5935605.0477;9.94191484;53.565605593
128631;2;1;6;118;2018;12;7;2;3;6;7;1;0;0;1;0;0;1;1;568679.6236;5933958.0297;10.036621064;53.550017259
128632;2;7;14;715;2018;12;7;5;3;5;3;1;1;1;0;0;0;0;1;556445.4702;5924952.6583;9.85036696;53.470537825
128633;2;4;5;413;2018;12;17;2;3;2;4;2;1;0;1;0;0;0;1;565996.5441;5937970.1172;9.996978401;53.58641883
128634;2;4;4;407;2018;12;7;6;2;6;2;2;0;0;1;0;0;1;1;567667.9348;5941040.941;10.022889493;53.613803566
128635;2;7;13;714;2018;12;7;3;3;5;2;2;1;0;0;0;0;1;1;559678.5602;5926008.9699;9.89926867;53.479675036
128636;2;1;1;102;2018;12;17;4;3;3;6;0;1;1;0;0;0;0;0;565958.4131;5934008.4962;9.995565866;53.550819712
128637;2;4;6;415;2018;12;19;6;3;0;5;2;0;1;0;0;0;1;1;567441.5356;5935966.4912;10.018370591;53.568228116
128638;2;2;5;217;2018;12;23;4;3;1;2;2;0;1;0;0;0;0;1;558427.5074;5937378.7358;9.882541705;53.582001843
128639;2;4;6;414;2018;12;20;6;3;5;3;2;0;1;0;0;0;0;1;567177.855;5936819.7135;10.014573238;53.575929981
128640;2;2;5;215;2018;12;21;6;3;2;6;2;0;1;0;0;0;0;1;560770.2134;5937266.3976;9.917901279;53.580725984
128641;2;1;11;128;2018;12;16;2;3;4;2;2;0;1;0;0;0;0;1;570799.2182;5934345.7082;10.068695089;53.553219807
128642;2;3;8;320;2018;12;9;4;3;2;6;0;0;0;0;0;1;1;0;559882.5322;5938018.3366;9.904639483;53.587586084
128643;2;2;5;217;2018;12;13;4;2;5;3;0;1;1;0;0;0;0;1;558572.1245;5937195.2166;9.884691405;53.580336337
128644;2;3;6;318;2018;12;10;6;3;1;6;0;0;1;0;0;0;0;1;564199.016;5944019.8717;9.97107521;53.641012399
128645;2;1;5;114;2018;12;21;5;3;5;3;2;0;1;0;0;0;0;1;566574.782;5934777.208;10.005031385;53.55765049
128646;2;3;6;318;2018;12;9;6;3;9;1;0;0;0;0;0;0;1;1;562047.6516;5941270.065;9.937990275;53.616558644
128647;2;4;10;427;2018;12;20;2;3;6;4;2;0;1;1;0;0;0;1;569260.1994;5938115.9761;10.046304447;53.587308748
128648;2;1;12;130;2018;12;16;7;3;2;6;2;0;1;0;0;0;0;1;573608.6409;5934999.2772;10.111247881;53.558706978
128649;2;4;2;403;2018;12;15;6;3;6;4;0;0;1;1;0;0;0;1;565372.238;5938464.395;9.98765243;53.590939208
128650;2;1;11;129;2018;12;7;5;2;6;4;2;0;1;1;0;0;0;0;573429.4107;5935474.2581;10.108654266;53.563000686
128651;2;5;6;514;2018;12;9;2;3;5;2;0;1;1;0;0;0;0;1;573216.2315;5941247.3518;10.106791236;53.614912459
128652;2;5;6;514;2018;12;21;5;3;5;3;2;1;0;0;0;0;1;1;573210.3172;5941244.7517;10.106701238;53.614889919
128653;2;2;4;213;2018;12;9;6;3;5;3;0;1;0;0;0;0;0;1;561327.46;5934028.46;9.925681307;53.551560489
128654;2;1;6;116;2018;12;18;3;3;5;3;2;0;1;0;0;0;0;0;567678.4633;5933361.2654;10.021383488;53.544784039
128655;2;2;3;209;2018;12;11;6;3;5;3;0;1;0;0;0;0;1;1;562363.0844;5935551.8628;9.941614786;53.565129881
128656;2;5;6;514;2018;12;22;3;3;5;3;2;1;1;0;0;0;0;0;573865.7319;5940418.9584;10.11641112;53.607376672
128657;2;3;3;314;2018;12;19;6;3;1;5;2;1;1;0;0;0;0;1;565601.29;5937313.22;9.990870375;53.580564762
128658;2;5;4;512;2018;12;7;3;2;4;6;1;0;1;0;0;0;0;0;574449.5702;5936303.4747;10.124251265;53.570308994
128659;2;1;5;113;2018;12;18;6;3;1;5;1;0;1;0;0;0;0;1;567446.2637;5934623.4307;10.018152064;53.556157213
128660;2;1;5;113;2018;12;20;6;3;5;3;2;0;1;0;0;0;0;1;567810.1223;5934315.7807;10.023577086;53.553345439
128661;2;5;18;526;2018;12;14;1;3;5;3;0;0;1;0;0;0;0;0;576038.1178;5939127.4907;10.148922515;53.595459874
128662;2;3;7;319;2018;12;13;7;3;3;6;0;0;1;0;0;0;1;1;561448.0717;5944429.5112;9.929551497;53.645024189
128663;2;1;18;139;2018;12;2;6;3;8;1;2;0;1;0;0;0;0;1;564300.1225;5930183.6102;9.969754106;53.516649903
128664;2;1;3;108;2018;12;16;5;2;3;6;2;1;0;0;0;0;1;0;565314.6155;5934008.1148;9.985849995;53.550896768
128665;2;7;10;711;2018;12;7;5;3;2;6;1;0;1;0;0;0;0;1;561913.85;5925063.43;9.932760022;53.470918814
128666;2;3;4;316;2018;12;18;2;3;2;6;2;0;1;0;1;0;0;1;564104.308;5937267.4966;9.968253507;53.580338942
128667;2;4;5;409;2018;12;18;7;3;5;3;2;1;1;0;0;0;0;1;566405.4505;5938688.6226;10.003307471;53.592824526
128668;2;6;3;604;2018;12;6;5;3;1;5;2;0;1;0;0;0;0;1;581879.2284;5923645.4135;10.2331109;53.455449686
128669;2;2;5;215;2018;12;17;5;3;3;2;2;1;0;0;0;0;1;0;560796.8697;5937079.1143;9.918267371;53.579039706
128670;2;5;7;515;2018;12;18;5;3;5;3;2;0;1;0;0;0;0;1;570961.2146;5940524.8192;10.072544806;53.608729453
128671;2;1;12;130;2018;12;7;5;3;6;4;2;0;1;1;0;0;0;1;573643.8763;5934321.3965;10.111620002;53.552609993
128672;2;4;5;413;2018;12;0;3;3;0;7;2;0;1;1;0;0;0;1;566702.3309;5937369.1744;10.007510131;53.580928758
128673;2;1;7;119;2018;12;7;5;3;1;6;0;0;1;0;1;0;0;1;568192.9466;5934194.5884;10.029328268;53.55220668
128674;2;4;4;407;2018;12;18;3;3;5;2;2;1;1;0;0;0;0;0;565771.24;5939680.67;9.993936159;53.601820178
128675;2;5;18;526;2018;12;13;5;3;5;3;0;1;1;0;0;0;0;1;576972.2896;5938490.2152;10.162877236;53.589596543
128676;2;1;8;123;2018;12;18;2;2;4;2;2;0;1;0;0;0;0;1;570054.6435;5934527.0034;10.057498677;53.554949001
128677;2;5;6;514;2018;12;16;5;2;6;4;2;0;1;1;0;0;0;1;575228.1704;5942839.3625;10.137583378;53.628934328
128678;2;5;7;515;2018;12;16;5;2;6;4;2;0;1;1;0;0;0;1;570979.1717;5940525.7995;10.07281639;53.60873583
128679;2;5;9;517;2018;12;14;7;2;4;2;0;1;1;0;0;0;0;0;572124.5063;5943390.617;10.0907878;53.634325128
128680;2;5;18;526;2018;12;16;6;3;6;7;2;1;0;1;0;0;0;1;576070.3572;5938089.3125;10.149156355;53.586125374
128681;2;3;5;317;2018;12;17;2;3;2;6;2;0;1;0;0;0;0;1;563217.8753;5939331.2659;9.955284824;53.598994224
128682;2;6;14;615;2018;12;13;2;3;2;6;0;0;1;0;0;0;0;1;578281.209;5926153.4459;10.179561949;53.478535794
128683;2;5;10;518;2018;12;21;5;3;5;3;2;0;1;0;0;0;0;1;573785.0715;5945227.8603;10.116332421;53.650604537
128684;2;6;2;602;2018;12;14;4;2;6;4;0;0;0;1;1;0;0;0;579453.9511;5927328.1246;10.19752623;53.488916619
128685;2;5;2;505;2018;12;21;4;3;6;4;2;0;1;1;0;0;0;1;570665.2367;5936447.8556;10.067148492;53.572129893
128686;2;5;11;519;2018;12;15;5;2;5;2;0;0;1;0;0;0;0;1;571872.18;5945238.395;10.087399542;53.650965513
128687;2;1;19;140;2018;12;12;3;3;5;3;0;0;1;0;0;0;0;1;561488.3125;5930340.3561;9.92738428;53.518395065
128688;2;3;3;314;2018;12;18;5;3;2;6;2;1;1;0;0;0;0;1;565289.4311;5937109.9947;9.986118182;53.578777246
128689;2;5;16;524;2018;12;9;5;3;5;3;0;0;1;0;0;0;0;1;574290.3409;5947158.1751;10.124436925;53.667880187
128690;2;3;8;320;2018;12;12;3;3;0;2;0;0;1;0;0;0;0;0;559381.8784;5940783.1837;9.897603833;53.612491858
128691;2;4;12;431;2018;12;18;5;3;6;4;2;0;1;1;0;0;0;1;567185.8458;5943339.2394;10.016099382;53.634520588
128692;2;3;7;319;2018;12;12;3;3;5;3;0;1;1;0;0;0;0;0;560690.8613;5943316.1275;9.917881199;53.635106247
128693;2;1;20;141;2018;12;0;1;3;6;2;2;0;1;1;0;0;0;1;558614.488;5931227.797;9.884212327;53.526699312
128694;2;4;12;431;2018;12;15;5;3;3;2;0;0;1;0;1;0;0;1;567039.575;5942730.1719;10.013756379;53.629065614
128695;2;5;12;520;2018;12;15;5;3;2;6;1;0;1;0;0;0;0;1;568810.8403;5944839.7109;10.041002936;53.647794192
128696;2;6;1;601;2018;12;23;6;3;8;1;2;0;1;0;0;0;0;0;581057.4994;5929240.0123;10.222182905;53.505853487
128697;2;4;13;432;2018;12;13;6;3;2;6;0;0;1;0;0;0;0;1;567507.4946;5944969.6228;10.021316997;53.649131507
128698;2;3;2;311;2018;12;19;2;3;2;6;2;0;1;0;0;0;0;1;564939.8717;5935772.6765;9.980561241;53.566801838
128699;2;4;13;432;2018;12;19;6;3;1;5;2;0;1;0;0;0;1;1;567867.9368;5945083.8212;10.026794082;53.650111174
128700;2;3;9;321;2018;12;16;5;3;4;2;2;1;1;0;0;0;0;1;561812.3187;5938602.1286;9.933904071;53.592608876
128701;2;4;5;409;2018;12;15;4;3;0;7;0;1;0;0;0;0;0;0;565806.5653;5939190.3021;9.994366399;53.597408726
128702;2;4;5;410;2018;12;17;4;3;5;3;2;1;1;0;0;0;0;1;566248.8311;5938313.5659;10.000861875;53.589473646
128703;2;4;5;408;2018;12;5;2;3;2;6;2;0;1;0;0;0;0;1;566995.5176;5940201.1429;10.012546196;53.606342646
128704;2;3;9;321;2018;12;9;5;3;6;2;0;0;1;1;0;0;0;1;561497.2449;5938559.9537;9.929136088;53.592266891
128705;2;4;3;406;2018;12;5;5;3;2;6;2;0;1;0;0;0;0;1;564957.2364;5940986.7823;9.981909194;53.613659982
128706;2;3;4;315;2018;12;19;5;3;0;4;2;1;0;1;0;0;0;1;564088.4775;5937179.6567;9.967996399;53.579551436
128707;2;5;11;519;2018;12;16;2;3;5;3;1;0;1;0;0;0;0;0;571276.6883;5946574.8733;10.078698349;53.663057705
128708;2;1;4;112;2018;12;11;1;3;2;6;0;0;1;0;0;0;0;1;564412.0175;5933389.7215;9.972101099;53.545450588
128709;2;3;3;314;2018;12;17;2;3;3;2;2;1;1;0;0;0;0;1;565800.3523;5937224.7313;9.993857947;53.579744559
128710;2;1;1;102;2018;12;5;5;3;6;4;2;0;1;1;0;0;0;1;565850.223;5933630.6471;9.993853563;53.547437471
128711;2;2;4;214;2018;12;15;6;3;1;5;0;1;1;0;0;0;0;0;561624.2556;5933957.8597;9.9301466;53.550891223
128712;2;1;3;106;2018;12;19;5;3;0;1;2;0;0;0;1;0;0;1;564723.075;5934145.4232;9.976951219;53.552204053
128713;2;1;11;128;2018;12;19;2;3;5;3;2;0;1;0;0;0;0;1;572398.5554;5933632.6032;10.092666775;53.546593043
128714;2;5;11;519;2018;12;19;1;3;6;4;2;0;1;1;0;0;0;1;571742.3288;5945902.1923;10.085588584;53.656948767
128715;2;7;13;714;2018;12;7;4;3;0;3;1;1;1;0;0;0;0;2;559385.1634;5925751.0163;9.894799422;53.477389832
128716;2;4;13;432;2018;12;15;6;3;0;3;0;1;1;0;0;0;0;0;567461.0925;5947233.7871;10.021106811;53.669485544