OBJECTID_1;ULAND;UREGBEZ;UKREIS;UGEMEINDE;UJAHR;UMONAT;USTUNDE;UWOCHENTAG;UKATEGORIE;UART;UTYP1;ULICHTVERH;IstRad;IstPKW;IstFuss;IstKrad;IstGkfz;IstSonstig;STRZUSTAND;LINREFX;LINREFY;XGCSWGS84;YGCSWGS84
128717;2;1;3;108;2018;12;2;2;3;3;6;2;0;0;0;1;0;1;1;565423.7367;5934156.5651;9.98752785;53.552217343
128718;2;2;7;219;2018;12;23;6;3;5;2;2;0;1;0;0;0;0;1;560130.125;5933372.127;9.907484953;53.545800212
128719;2;1;16;136;2018;12;14;4;3;5;2;0;0;1;0;0;1;0;0;567582.5694;5930469.1564;10.019312135;53.518804429
128720;2;3;1;307;2018;12;17;4;3;5;3;2;1;0;0;0;0;0;0;563575.208;5936020.796;9.960009181;53.569198878
128721;2;3;1;309;2018;12;0;4;3;1;5;2;1;1;0;0;0;0;1;564128.0338;5936362.3468;9.968425886;53.572201215
128722;2;1;12;130;2018;12;8;4;3;2;6;1;0;1;0;0;0;0;1;574264.3813;5935639.1835;10.121297411;53.564365356
128723;2;7;1;701;2018;12;14;4;3;5;3;0;0;1;0;0;0;0;1;564181.3255;5923997.5922;9.966697646;53.461068162
128724;2;1;8;124;2018;12;7;4;2;5;3;2;1;1;1;0;0;0;2;569063.9224;5934567.7057;10.042555137;53.555446071
128725;2;3;5;317;2018;12;13;2;3;2;6;0;0;1;0;0;0;0;0;563783.8873;5939427.3077;9.963856153;53.599788799
128726;2;5;18;526;2018;12;16;7;3;6;2;2;0;1;1;0;0;0;1;577997.0566;5938975.7853;10.178476997;53.593808736
128727;2;1;5;113;2018;12;18;2;3;2;6;2;0;1;0;0;0;0;1;566824.5683;5934959.1158;10.008840483;53.559253589
128728;2;5;5;513;2018;12;7;4;3;5;3;0;1;1;0;0;0;0;1;573019.5502;5937304.224;10.102895242;53.579503589
128729;2;5;2;508;2018;12;11;5;3;2;6;0;0;1;0;0;0;0;0;572934.7337;5937347.6471;10.101624571;53.579905629
128730;2;1;8;123;2018;12;2;1;3;9;1;2;0;1;0;0;0;0;1;570293.5043;5935122.8232;10.061237687;53.560271728
128731;2;5;18;526;2018;12;18;5;3;6;2;2;0;1;1;0;0;0;1;576028.8431;5941865.1923;10.149450378;53.620064121
128732;2;5;10;518;2018;12;10;4;3;5;3;0;0;1;0;0;0;0;0;572987.1;5945137.5763;10.104240776;53.649905114
128733;2;5;3;510;2018;12;14;3;3;6;4;0;0;1;1;0;0;0;0;570253.8572;5936251.1375;10.060892979;53.570417232
128734;2;4;8;423;2018;12;9;4;3;4;2;0;0;1;0;0;0;0;0;568945.8611;5937273.0269;10.041370404;53.57977454
128735;2;5;7;515;2018;12;11;3;2;5;2;0;1;1;0;0;0;0;0;571472.0571;5941691.6981;10.080532185;53.61914664
128736;2;6;1;601;2018;12;20;5;3;6;2;2;0;1;1;0;0;0;1;580224.1624;5930021.356;10.209820936;53.513002934
128737;2;4;7;417;2018;12;7;4;2;5;3;1;1;1;0;0;0;0;0;568454.7318;5935629.5279;10.033593347;53.565068585
128738;2;7;1;701;2018;12;20;3;2;6;4;2;0;1;1;0;0;0;0;564664.6696;5924188.309;9.974015846;53.462723102
128739;2;1;16;137;2018;12;8;3;3;2;7;0;0;1;0;0;0;0;0;565440.0212;5929647.0793;9.986830876;53.511687267
128740;2;2;11;223;2018;12;0;4;2;9;1;2;0;1;0;0;0;0;1;550561.0252;5935989.5926;9.763506789;53.570333981
128741;2;1;20;141;2018;12;13;3;3;0;4;0;0;1;1;0;0;0;0;556956.1606;5932104.3686;9.859358717;53.534759956
128742;2;2;7;219;2018;12;13;4;3;6;4;0;0;0;1;0;0;1;0;559722.7141;5933805.2615;9.901419857;53.549739495
128743;2;2;6;218;2018;12;8;4;3;2;6;0;0;1;0;0;0;0;1;558166.5466;5935374.6511;9.878227106;53.564019133
128744;2;1;3;108;2018;12;15;2;3;6;7;0;0;1;1;0;0;0;0;565682.2676;5934611.559;9.991525161;53.556274204
128745;2;3;8;320;2018;12;12;7;3;5;3;0;0;1;0;0;0;0;1;559946.3215;5940940.9048;9.90616502;53.61384507
128746;2;5;5;513;2018;12;14;1;3;2;6;0;0;1;0;0;0;0;1;574547.4426;5938403.0497;10.126230356;53.589163587
128747;2;3;6;318;2018;12;9;4;3;0;1;0;1;0;0;0;0;0;2;563230.2958;5941043.613;9.955819928;53.614382033
128748;2;3;7;319;2018;12;13;5;3;2;6;0;0;1;0;0;0;0;0;560387.0028;5943187.9831;9.913261449;53.633989716
128749;2;5;1;503;2018;12;14;5;3;5;3;0;0;1;0;0;0;0;1;569635.1698;5935645.1624;10.051416915;53.56505378
128750;2;3;7;319;2018;12;9;4;2;5;3;0;1;1;0;0;0;0;2;560278.2665;5943750.0024;9.911726116;53.6390533
128751;2;4;8;419;2018;12;16;3;2;3;2;1;1;1;0;0;0;0;0;567699.4281;5937405.0878;10.022576031;53.581123755
128752;2;3;3;313;2018;12;16;4;3;3;2;2;1;1;0;0;0;0;1;565292.6403;5936424.8049;9.986023348;53.572618892
128753;2;4;8;420;2018;12;9;3;3;5;3;0;1;1;0;0;0;0;1;568289.8756;5936867.4684;10.031375335;53.576215569
128754;2;3;2;312;2018;12;10;4;2;3;6;0;1;1;0;0;0;0;0;565930.2994;5935942.8932;9.995549695;53.568208103
128755;2;5;12;520;2018;12;20;2;3;6;2;2;0;1;1;0;0;0;0;570615.1939;5945233.516;10.068384366;53.651092851
128756;2;2;2;207;2018;12;9;4;3;3;6;0;1;1;0;0;0;0;1;563947.9771;5935135.9361;9.965456127;53.56120108
128757;2;1;1;101;2018;12;7;4;3;1;5;2;0;0;0;0;1;1;1;566273.2433;5934032.8208;10.000322225;53.550998678
128758;2;2;1;203;2018;12;15;7;3;5;3;0;1;0;0;0;0;1;0;562153.7078;5933899.5874;9.938125312;53.550305097
128759;2;5;7;515;2018;12;16;6;3;2;6;2;0;1;0;0;0;0;1;572806.6298;5941883.8266;10.100749453;53.620689444
128760;2;1;18;139;2018;12;7;4;3;3;2;2;1;1;0;0;0;0;1;564278.7368;5931654.3608;9.969733481;53.529870667
128761;2;5;7;515;2018;12;13;3;3;2;6;0;0;1;0;0;0;0;0;571447.5399;5941659.6284;10.080154243;53.618861778
128762;2;7;2;703;2018;12;7;3;3;2;6;1;0;1;0;0;0;1;1;567705.727;5925253.6441;10.02004372;53.471915459
128763;2;6;3;604;2018;12;10;3;3;8;1;0;0;1;0;0;0;0;1;582059.3109;5924585.1555;10.236067554;53.463866792
128764;2;1;4;112;2018;12;2;1;3;2;6;2;0;1;0;0;0;0;0;563341.161;5933858.319;9.95603722;53.549792293
128765;2;3;2;312;2018;12;16;7;2;1;4;2;0;1;1;0;0;0;1;565900.6995;5935644.003;9.995039753;53.565525632
128766;2;5;18;526;2018;12;11;1;3;4;6;0;0;1;0;0;0;0;1;577630.8778;5941253.4887;10.173512907;53.614331965
128767;2;6;1;601;2018;12;18;3;3;6;4;2;0;1;1;0;0;0;1;580014.526;5927807.544;10.206095386;53.493140075
128768;2;1;5;114;2018;12;10;5;3;3;6;0;0;1;0;0;0;0;0;567368.1101;5933995.6816;10.016837206;53.550525558
128769;2;5;18;526;2018;12;13;4;3;4;2;0;1;1;0;0;0;0;1;576733.8197;5940090.6202;10.15966915;53.604013831
128770;2;1;12;130;2018;12;17;3;3;6;2;2;0;1;1;0;0;0;1;574723.5536;5933178.8595;10.127640795;53.542189618
128771;2;4;2;403;2018;12;6;3;3;5;3;1;1;0;0;0;0;1;0;565152.1745;5938027.2849;9.98423693;53.587038202
128772;2;1;12;130;2018;12;19;3;3;3;6;2;1;0;0;0;0;1;0;573784.9232;5932828.3647;10.113396376;53.539172457
128773;2;7;4;705;2018;12;12;2;3;5;3;0;0;1;0;0;0;1;0;565616.15;5922666.059;9.988027621;53.448924359
128774;2;6;2;602;2018;12;16;1;3;0;7;2;1;0;0;0;0;0;1;578235.8248;5928112.661;10.179366607;53.496149587
128775;2;1;7;120;2018;12;17;3;2;3;2;2;1;1;0;0;0;0;0;568008.921;5934377.7908;10.026590865;53.553877018
128776;2;1;8;122;2018;12;14;3;3;5;2;0;1;1;0;0;0;0;0;569413.6379;5934857.9865;10.047897769;53.558008722
128777;2;1;14;132;2018;12;19;6;3;3;6;2;0;1;0;0;0;1;0;569701.9026;5932951.5896;10.051823787;53.54083758
128778;2;5;6;514;2018;12;12;1;3;5;3;0;0;1;0;0;0;0;1;574358.2312;5941070.4937;10.124008714;53.613162211
128779;2;4;8;420;2018;12;18;6;3;2;6;2;0;1;0;0;0;0;1;568434.4325;5936629.3409;10.033505979;53.574056655
128780;2;5;6;514;2018;12;16;3;3;0;6;2;1;1;0;0;0;0;1;573238.3801;5939116.3132;10.106625186;53.595758073
128781;2;2;7;219;2018;12;20;4;3;0;7;2;1;0;0;0;0;1;0;560005.0871;5934417.7962;9.905798811;53.555212437
128782;2;4;6;415;2018;12;11;4;3;5;3;0;0;1;0;0;0;0;1;568117.5979;5936299.8798;10.02865008;53.571136988
128783;2;4;5;409;2018;12;9;1;3;8;1;0;0;1;0;0;0;0;1;566842.5408;5939452.6443;10.01007404;53.599635338
128784;2;5;2;508;2018;12;7;3;3;0;2;2;1;0;0;0;0;1;1;572952.98;5937485.85;10.101932415;53.581145105
128785;2;5;2;507;2018;12;8;4;3;6;7;1;0;1;1;0;0;0;0;570912.9353;5936733.2397;10.070953199;53.574661215
128786;2;5;17;525;2018;12;15;4;3;2;6;0;0;1;0;0;0;0;1;576709.9879;5945566.1021;10.160658685;53.65322347
128787;2;5;6;514;2018;12;17;3;3;6;2;2;0;1;1;0;0;0;1;573998.4165;5939593.5819;10.118220146;53.599940455
128788;2;5;2;509;2018;12;10;3;3;6;2;0;0;1;1;0;0;0;0;571382.4215;5937870.606;10.078302286;53.584819004
128789;2;5;5;513;2018;12;14;2;3;2;6;0;0;1;0;0;0;0;1;574546.7428;5938118.4725;10.126151786;53.586606248
128790;2;2;9;221;2018;12;4;1;2;9;1;2;0;1;0;0;0;0;1;557371.581;5935562.9278;9.866260418;53.56579879
128791;2;1;3;106;2018;12;22;1;2;6;4;2;0;1;1;0;0;0;1;564266.6897;5933903.1144;9.970013673;53.550082415
128792;2;5;10;518;2018;12;13;3;3;3;2;0;1;1;0;0;0;0;0;572864.1969;5944838.4526;10.102311605;53.647234087
128793;2;4;10;426;2018;12;13;6;3;4;2;0;1;1;0;0;0;0;0;569805.7216;5938646.2056;10.054662702;53.592001586
128794;2;1;1;101;2018;12;10;1;3;2;6;0;0;1;0;0;0;0;1;565914.2211;5934158.761;9.994930628;53.552175728
128795;2;3;3;314;2018;12;12;6;3;2;6;0;0;1;0;0;0;0;1;565392.6326;5937475.4463;9.987753229;53.582048781
128796;2;4;12;431;2018;12;15;3;3;0;1;0;1;0;0;0;0;0;1;568305.7654;5943532.5473;10.033076166;53.636112904
128797;2;1;8;123;2018;12;15;2;3;6;4;0;0;1;1;0;0;0;1;570265.0444;5935321.8486;10.060852856;53.562064188
128798;2;1;4;110;2018;12;16;4;3;6;4;1;0;1;1;0;0;0;0;563713.735;5934602.8501;9.961811519;53.556438557
128799;2;1;4;112;2018;12;20;4;3;2;6;2;0;1;0;0;0;0;0;563870.2753;5933846.9603;9.964019829;53.549626112
128800;2;5;1;501;2018;12;16;3;3;6;4;2;0;1;1;0;0;0;1;569224.9711;5935681.1138;10.045232454;53.56543115
128801;2;5;11;519;2018;12;17;4;3;2;6;2;0;1;0;0;0;0;1;571717.2899;5945882.2141;10.085205164;53.65677266
128802;2;5;1;503;2018;12;7;3;3;6;4;2;0;1;1;0;0;0;1;569641.4999;5935560.3608;10.051493572;53.564290823
128803;2;3;1;308;2018;12;17;2;3;0;4;2;1;0;1;0;0;0;1;563775.9245;5936073.2142;9.963050308;53.569645617
128804;2;5;7;515;2018;12;16;7;3;6;2;2;0;1;1;0;0;0;1;570276.0585;5939558.066;10.061972977;53.600133621
128805;2;1;16;136;2018;12;12;7;2;5;3;0;1;1;0;0;0;0;1;566947.5942;5927625.8197;10.009129611;53.49333186
128806;2;4;10;426;2018;12;16;3;3;4;2;2;1;1;0;0;0;0;1;569684.3247;5938211.1586;10.052731726;53.588107961
128807;2;2;1;201;2018;12;17;5;2;5;3;2;0;1;1;0;0;0;1;563266.1857;5933726.6731;9.954879122;53.548618185
128808;2;4;8;421;2018;12;16;3;3;2;6;2;0;1;0;0;0;0;1;568882.6579;5937326.4952;10.040427745;53.580263368
128809;2;4;5;410;2018;12;18;2;3;5;2;2;1;1;0;0;0;0;1;566608.2333;5937934.4281;10.006209721;53.586020741
128810;2;1;5;114;2018;12;18;1;2;6;2;2;0;1;1;0;0;0;1;567300.6188;5934131.443;10.015847908;53.551754326
128811;2;1;13;131;2018;12;17;7;3;3;6;2;0;1;0;0;0;0;1;571717.229;5932247.8366;10.082068536;53.53424163
128812;2;4;8;422;2018;12;17;3;3;3;2;2;1;0;0;0;0;1;0;568706.0942;5936875.3665;10.037662053;53.576232199
128813;2;7;13;714;2018;12;19;5;3;6;4;2;0;1;1;0;0;0;0;558000.7652;5925383.877;9.873874584;53.474244458
128814;2;1;12;130;2018;12;17;7;3;5;7;2;0;1;0;0;0;0;1;572628.4011;5933168.1242;10.096027149;53.54238705
128815;2;1;6;117;2018;12;20;5;3;2;6;2;0;1;0;0;0;0;1;567639.6857;5933997.7662;10.020936037;53.550509377
128816;2;3;9;321;2018;12;7;3;3;6;4;0;0;0;1;0;0;1;0;561187.6357;5939654.5912;9.924673816;53.602141013
128817;2;1;12;130;2018;12;4;3;3;6;7;2;0;1;1;0;0;0;1;575667.4181;5933561.3469;10.141973933;53.545491827
128818;2;3;7;319;2018;12;16;3;2;5;3;2;0;1;0;1;0;0;0;561225.6648;5942831.2906;9.925872937;53.630686592
128819;2;6;2;602;2018;12;14;3;3;6;7;0;0;1;1;0;0;0;0;580214.0985;5927463.253;10.209014887;53.490015653
128820;2;3;5;317;2018;12;11;3;3;5;3;0;0;1;0;0;0;0;1;562761.2462;5939949.6975;9.948510265;53.604607124
128821;2;1;16;137;2018;12;16;2;2;6;4;2;0;1;1;0;0;0;1;565918.0141;5928364.2639;9.99376807;53.500098499
128822;2;1;12;130;2018;12;17;3;3;2;6;2;0;1;0;0;0;0;0;573691.4909;5934959.0582;10.112488901;53.558333909
128823;2;4;1;401;2018;12;8;3;2;3;7;0;0;1;0;1;0;1;1;564419.786;5937494.6915;9.973064737;53.582342145
128824;2;2;4;211;2018;12;6;3;3;6;4;2;0;1;1;0;0;0;0;561486.9701;5934537.3596;9.928188712;53.556115522
128825;2;1;6;117;2018;12;15;1;3;5;3;0;1;1;0;0;0;0;0;567944.4323;5934144.7464;10.025566936;53.551790963
128826;2;3;6;318;2018;12;15;7;3;6;2;0;0;1;1;0;0;0;1;562904.5927;5942098.6543;9.951110321;53.623903169
128827;2;1;12;130;2018;12;18;7;2;4;2;2;0;1;0;0;0;0;1;575847.2573;5933530.2196;10.144679927;53.545186148
128828;2;1;1;101;2018;12;10;3;3;4;2;0;1;1;0;0;0;0;0;566283.5828;5934547.5716;10.000587402;53.555623551
128829;2;3;2;312;2018;12;10;5;2;5;3;0;1;1;0;0;0;0;0;565743.834;5936244.673;9.992798052;53.57094366
128830;2;5;18;526;2018;12;17;7;3;5;3;2;0;1;0;0;0;0;1;576218.5789;5941418.7864;10.152209025;53.616024838
128831;2;2;1;204;2018;12;13;5;3;6;6;0;0;1;1;0;0;0;1;562444.8359;5934472.0351;9.942633181;53.555415355
128832;2;1;20;141;2018;12;16;2;3;1;5;2;0;1;0;1;0;0;1;556965.1062;5931557.0397;9.859394065;53.529839807
128833;2;3;8;320;2018;12;18;3;3;0;6;2;0;1;0;0;0;1;0;559918.4482;5940251.2706;9.905611102;53.607650254
128834;2;7;1;702;2018;12;16;2;3;5;3;2;0;1;0;0;0;0;1;565374.1797;5923699.7144;9.984599561;53.458244321
128835;2;4;13;432;2018;12;14;5;3;4;6;0;0;1;0;0;0;0;0;568012.2814;5946980.6558;10.029392808;53.667139244
128836;2;5;18;526;2018;12;19;7;3;5;3;2;0;1;0;0;0;0;1;576834.1972;5939275.8596;10.160984992;53.596677136
128837;2;5;2;505;2018;12;14;5;3;2;6;0;0;1;0;0;0;0;1;570844.7635;5936535.629;10.069879004;53.5728945
128838;2;7;10;711;2018;12;5;2;3;1;5;2;1;1;0;0;0;0;1;563193.3042;5924696.923;9.951958972;53.467472846
128839;2;4;5;413;2018;12;18;3;3;1;5;2;1;1;0;0;0;0;0;566264.3629;5937350.5142;10.000891963;53.580816574
128840;2;7;4;705;2018;12;9;2;3;0;7;0;1;0;0;0;0;0;1;565577.5075;5922824.3803;9.987478853;53.450352068
128841;2;4;13;432;2018;12;13;3;3;6;4;0;0;0;1;0;0;1;1;566161.965;5947838.1784;10.001575079;53.675083261
128842;2;1;16;136;2018;12;6;2;3;2;6;2;0;1;0;0;1;0;1;568614.1489;5929678.7914;10.034695066;53.511567633
128843;2;6;14;615;2018;12;22;2;3;1;5;2;0;1;0;0;1;0;1;577076.3131;5927363.1648;10.161707398;53.489585147
128844;2;1;12;130;2018;12;20;2;3;6;2;2;0;1;1;0;0;0;0;572648.2264;5933191.7789;10.096331763;53.542596892
128845;2;1;7;120;2018;12;9;2;3;2;2;0;0;1;0;0;0;0;1;568208.2691;5934418.185;10.029608294;53.554214183
128846;2;5;5;513;2018;12;11;7;2;4;6;0;0;1;0;0;0;0;0;573427.3996;5938630.7588;10.109366346;53.591368028
128847;2;1;8;122;2018;12;18;6;3;6;4;2;0;1;1;0;0;0;1;569672.6312;5934563.0686;10.05174118;53.555323961
128848;2;5;18;526;2018;12;15;7;3;2;6;0;0;1;0;0;0;0;1;575517.6936;5939359.9373;10.141117013;53.597624044
128849;2;5;4;512;2018;12;16;2;3;4;2;0;0;1;0;0;0;1;1;575166.7974;5936206.1566;10.135056254;53.569332153
128850;2;7;4;705;2018;12;6;4;3;0;7;1;0;1;0;0;0;1;0;565750.9856;5922522.1579;9.990027526;53.447614255
128851;2;5;2;509;2018;12;18;4;3;6;2;2;0;1;1;0;0;0;1;572489.1331;5938264.9851;10.09510856;53.588211431
128852;2;5;6;514;2018;12;8;2;3;5;2;0;0;1;0;0;0;0;1;574249.1699;5940675.8399;10.122266418;53.609631014
128853;2;2;1;201;2018;12;11;3;3;6;4;0;1;0;1;0;0;0;0;563260.429;5933713.586;9.954789601;53.548501261
128854;2;5;18;526;2018;12;13;2;3;2;2;0;0;1;0;0;0;1;1;575507.2577;5939344.8778;10.140955708;53.597490212
128855;2;6;2;603;2018;12;15;2;3;0;7;0;1;1;0;0;0;0;0;581528.529;5927375.7918;10.228798759;53.489027662
128856;2;5;7;515;2018;12;18;1;3;2;2;2;0;1;0;0;0;0;1;570974.3996;5940525.5705;10.072744224;53.608734418
128857;2;5;18;526;2018;12;8;2;3;6;4;1;0;1;1;0;0;0;1;577010.2637;5942794.886;10.164514735;53.628275539
128858;2;5;2;506;2018;12;12;2;3;5;3;0;1;1;0;0;0;0;1;571411.9941;5937869.7445;10.078748725;53.584807235
128859;2;3;6;318;2018;12;14;3;2;1;5;0;0;1;0;0;0;0;1;562515.8162;5942493.3484;9.945312218;53.627496946
128860;2;3;9;321;2018;12;10;2;3;5;3;0;0;1;0;0;0;0;0;561565.389;5937717.1783;9.929999179;53.584684573
128861;2;5;7;515;2018;12;7;2;3;6;4;2;0;0;1;0;0;1;1;571777.9737;5939914.9095;10.084746834;53.603136998
128862;2;5;7;515;2018;12;7;2;2;6;4;2;0;1;1;0;0;0;1;571515.3587;5939695.6646;10.080728533;53.601202567
128863;2;1;16;137;2018;12;16;6;3;6;4;1;0;0;1;0;1;0;0;565082.8805;5930685.2485;9.98166174;53.521061962
128864;2;5;11;519;2018;12;16;6;3;6;7;0;0;1;1;0;0;0;0;572334.7083;5945746.7112;10.094514346;53.655469898
128865;2;4;5;409;2018;12;13;7;3;5;2;0;0;1;0;0;0;0;1;568272.92;5939091.282;10.031605912;53.596203376
128866;2;5;17;525;2018;12;7;2;2;5;2;2;1;1;0;0;0;0;1;576698.0301;5945676.6944;10.160505094;53.654219072
128867;2;4;11;430;2018;12;11;4;3;0;1;0;0;0;0;1;0;0;1;568233.1177;5942355.0151;10.031719411;53.62553988
128868;2;4;13;432;2018;12;12;4;3;0;7;0;1;1;0;0;0;0;1;566743.965;5945729.277;10.00993074;53.656056519
128869;2;3;8;320;2018;12;15;2;3;5;3;0;0;1;0;0;0;0;1;560001.309;5939212.593;9.906663345;53.598305772
128870;2;5;9;517;2018;12;16;2;2;5;3;1;0;1;0;0;0;0;1;571714.7179;5944479.2452;10.084842535;53.644164768
128871;2;4;13;432;2018;12;7;2;3;3;6;1;0;1;0;0;0;0;1;566128.1478;5948030.5287;10.00110422;53.676816199
128872;2;5;3;510;2018;12;11;2;3;3;6;0;0;1;0;0;1;0;1;570261.0925;5936234.3268;10.060998435;53.570265185
128873;2;1;4;111;2018;12;21;1;3;2;6;2;0;1;0;0;0;0;0;563774.8995;5934019.2247;9.962615642;53.551185901
128874;2;4;5;413;2018;12;15;7;3;5;3;0;0;1;0;0;0;0;1;566906.3557;5937552.7516;10.010630668;53.582552605
128875;2;4;4;407;2018;12;10;2;3;6;4;0;0;1;1;0;0;0;1;566719.6558;5941030.8727;10.008555315;53.61383472
128876;2;2;1;202;2018;12;17;6;3;2;6;2;0;1;0;0;0;0;0;562112.11;5933441.553;9.937406567;53.546193484
128877;2;4;8;421;2018;12;1;7;3;9;1;2;0;1;0;0;0;0;1;569066.8104;5937491.7444;10.043245311;53.581724254
128878;2;6;2;602;2018;12;12;5;3;6;4;0;0;1;1;0;0;0;0;578496.24;5928118.768;10.183292848;53.496165678
128879;2;4;12;431;2018;12;6;2;2;1;5;2;0;1;0;0;1;0;1;568210.6314;5943376.0512;10.031603274;53.634718879
128880;2;7;1;701;2018;12;17;3;3;6;4;0;0;1;1;0;0;0;1;564810.9838;5924472.3747;9.976277938;53.465258136
128881;2;3;6;318;2018;12;8;2;3;6;4;1;0;1;1;0;0;0;0;563627.8303;5942877.0932;9.962203047;53.630811783
128882;2;5;10;518;2018;12;13;6;3;3;6;0;0;1;0;0;0;0;0;572776.9354;5944644.6289;10.100946381;53.645504379
128883;2;3;8;320;2018;12;17;6;3;6;4;2;0;0;1;1;0;0;1;560255.2797;5939651.5902;9.910585347;53.602222073
128884;2;3;5;317;2018;12;15;2;3;3;2;0;1;0;0;0;1;0;1;563288.1167;5937619.9681;9.955998849;53.583605833
128885;2;2;7;219;2018;12;8;4;3;1;6;0;0;1;0;0;0;0;1;559987.858;5934427.3263;9.905540596;53.555300057
128886;2;4;2;403;2018;12;17;4;3;2;6;2;0;1;0;0;0;0;1;564770.2577;5938358.6527;9.978537139;53.590063595
128887;2;3;5;317;2018;12;11;2;3;0;7;0;1;0;0;0;0;0;1;563459.6393;5938360.3519;9.958739981;53.590239142
128888;2;7;15;716;2018;12;15;4;3;4;6;0;0;1;0;0;0;0;1;558272.5062;5929754.629;9.878780075;53.513497127
128889;2;2;1;204;2018;12;12;2;3;3;2;0;1;0;0;0;0;0;1;562510.2463;5934460.5795;9.943618143;53.555304615
128890;2;4;10;427;2018;12;14;2;3;2;6;0;0;1;0;0;0;0;1;569272.8759;5938134.9599;10.046500129;53.587477682
128891;2;1;6;116;2018;12;0;7;3;5;3;2;0;1;0;0;0;0;1;567513.5206;5933936.9727;10.019018938;53.549979254
128892;2;1;1;101;2018;12;23;2;3;2;2;2;0;1;0;0;0;0;1;566315.2535;5934568.3072;10.001069807;53.555805906
128893;2;1;8;123;2018;12;19;5;3;6;2;2;0;1;1;0;0;0;0;570350.0728;5934633.3672;10.061981381;53.555865389
128894;2;5;5;513;2018;12;17;5;2;6;4;2;0;1;1;0;0;0;1;573436.9581;5937560.8055;10.109258892;53.581751175
128895;2;1;3;108;2018;12;19;2;2;6;4;2;0;1;1;0;0;0;0;565188.8208;5934706.7285;9.984097257;53.557191027
128896;2;4;9;424;2018;12;13;3;3;5;3;0;0;1;0;0;0;0;0;570279.6817;5937265.4474;10.061511195;53.579529392
128897;2;6;1;601;2018;12;16;1;3;5;2;2;0;1;0;0;0;1;1;580027.2406;5929735.6782;10.206779034;53.510465656
128898;2;4;10;429;2018;12;16;3;2;6;4;1;0;1;1;0;0;0;0;568852.578;5939904.713;10.040542633;53.60343789
128899;2;1;8;122;2018;12;20;1;3;2;6;2;0;1;0;0;0;0;1;569888.3302;5934580.6965;10.055000594;53.555453712
128900;2;5;2;509;2018;12;21;3;3;1;5;2;0;1;0;0;0;0;0;571807.0806;5938887.739;10.084950054;53.593901922
128901;2;5;18;526;2018;12;13;1;3;3;7;0;0;1;0;0;0;0;1;576063.15;5941777.4154;10.149947494;53.619270316
128902;2;5;6;514;2018;12;10;1;3;5;3;0;0;1;0;0;0;1;1;573276.3853;5941007.6416;10.107643989;53.612749816
128903;2;3;9;321;2018;12;23;1;3;9;1;2;0;1;0;0;0;0;2;561649.37;5936465.66;9.93102042;53.573426856
128904;2;1;5;113;2018;12;10;4;3;2;6;0;0;1;0;1;1;0;1;566825.8493;5934960.212;10.008860053;53.559263278
128905;2;5;18;526;2018;12;20;1;3;5;3;2;0;1;0;0;0;0;1;576033.8367;5941372.4342;10.149405549;53.615635135
128906;2;2;8;220;2018;12;5;4;3;5;2;2;0;1;0;0;0;0;1;557990.8485;5938087.433;9.87607858;53.58841972
128907;2;5;18;526;2018;12;19;1;3;5;3;2;0;1;0;0;0;0;1;576829.9741;5939282.284;10.160922778;53.596735489
128908;2;5;8;516;2018;12;14;1;3;5;3;0;0;1;0;0;0;0;1;569810.2227;5940878.7868;10.055230697;53.612065177
128909;2;4;1;401;2018;12;7;2;3;0;7;2;1;1;0;0;0;0;1;564815.1903;5937720.7224;9.979083334;53.584324818
128910;2;3;8;320;2018;12;20;7;3;4;2;2;0;1;0;0;0;0;1;559616.0402;5940529.002;9.901094252;53.610180832
128911;2;3;9;321;2018;12;17;1;3;1;6;2;0;1;0;0;0;0;1;560660.6112;5939409.082;9.916662718;53.599995801
128912;2;2;8;220;2018;12;6;5;3;5;3;2;1;1;0;0;0;0;0;556970.271;5939141.1979;9.860854947;53.598002334
128913;2;4;8;420;2018;12;16;5;3;2;6;2;0;1;0;0;0;0;1;568574.569;5936762.3773;10.035651179;53.575233966
128914;2;3;4;316;2018;12;10;1;3;5;7;0;0;1;0;0;1;0;1;563655.9111;5937222.2655;9.961472593;53.579987051
128915;2;4;10;426;2018;12;18;3;3;3;2;2;1;1;0;0;0;0;0;569880.3947;5938594.1446;10.055779029;53.591523765
128916;2;2;4;214;2018;12;8;1;3;5;3;0;0;1;0;0;0;0;1;560780.4596;5933396.5097;9.917303179;53.545944481
128917;2;4;10;426;2018;12;7;3;3;3;6;2;0;1;0;1;0;0;1;569515.7901;5937941.148;10.050125957;53.58570374
128918;2;2;4;213;2018;12;0;1;3;6;2;2;0;1;1;0;0;0;1;561380.5613;5934446.6597;9.926564817;53.555312818
128919;2;5;2;508;2018;12;13;2;3;3;6;0;0;1;0;0;0;0;0;571735.2052;5936992.4565;10.083428555;53.576878985