OBJECTID_1;ULAND;UREGBEZ;UKREIS;UGEMEINDE;UJAHR;UMONAT;USTUNDE;UWOCHENTAG;UKATEGORIE;UART;UTYP1;ULICHTVERH;IstRad;IstPKW;IstFuss;IstKrad;IstGkfz;IstSonstig;STRZUSTAND;LINREFX;LINREFY;XGCSWGS84;YGCSWGS84
128920;2;2;1;205;2018;12;6;1;3;0;1;2;0;0;0;1;0;0;1;563316.1202;5934095.895;9.955707435;53.551930491
128921;2;1;4;111;2018;12;12;1;3;6;2;0;0;1;1;0;0;0;1;563754.6991;5933837.017;9.962273634;53.549550794
128922;2;2;9;221;2018;12;13;7;2;8;1;0;0;1;0;0;0;0;0;556102.5388;5936752.7854;9.847315085;53.576629943
128923;2;5;3;510;2018;12;15;6;3;2;6;2;0;1;0;0;0;0;1;570786.2758;5935513.2581;10.068764209;53.563714344
128924;2;1;11;128;2018;12;10;2;3;2;6;0;0;1;0;0;0;1;1;571823.1956;5934350.2347;10.084149774;53.553121397
128925;2;1;20;141;2018;12;17;7;3;5;3;2;1;1;0;0;0;0;0;558249.791;5931929.395;9.878842049;53.533045525
128926;2;6;5;606;2018;12;18;4;3;5;3;2;0;1;0;1;0;0;1;583553.0734;5920016.3956;10.257349349;53.42257438
128927;2;2;4;213;2018;12;18;7;3;6;2;2;0;1;1;0;0;0;1;561433.9124;5934043.7378;9.927290879;53.551685352
128928;2;6;1;601;2018;12;0;7;3;1;5;2;0;1;0;0;1;0;1;578850.3739;5928823.0825;10.188807052;53.502442208
128929;2;1;2;103;2018;12;16;5;3;6;4;2;0;1;1;0;0;0;0;566087.1213;5933369.1048;9.997373124;53.545057166
128930;2;1;8;126;2018;12;19;4;3;6;4;2;0;1;1;0;0;0;1;569601.0291;5933723.7159;10.050473664;53.547790128
128931;2;1;12;130;2018;12;20;7;3;6;7;2;0;1;0;0;0;1;0;573975.1136;5931903.7647;10.116047163;53.530836407
128932;2;2;7;219;2018;12;16;3;3;4;2;2;0;1;0;0;0;1;1;558960.5175;5933451.2221;9.889850488;53.546643705
128933;2;1;12;130;2018;12;9;7;3;5;2;0;1;0;0;0;0;1;0;573917.802;5934869.3817;10.115883503;53.557496176
128934;2;7;14;715;2018;12;9;2;3;0;7;0;1;1;0;0;0;0;1;556713.431;5924945.111;9.854402011;53.4704412
128935;2;7;1;701;2018;12;15;1;3;2;6;0;0;1;0;0;0;0;1;564855.6985;5924037.0411;9.976861563;53.461340106
128936;2;5;18;526;2018;12;12;7;3;6;4;0;1;0;1;0;0;0;0;575272.8607;5940046.498;10.137584024;53.603829209
128937;2;5;4;512;2018;12;21;7;3;2;6;2;0;1;0;0;0;0;1;575047.5541;5937893.0104;10.133661519;53.584508631
128938;2;1;11;129;2018;12;21;6;3;6;6;2;1;0;1;0;0;0;0;572255.7418;5934403.976;10.090690055;53.553545014
128939;2;4;8;420;2018;12;11;6;3;1;7;0;0;1;0;0;0;0;1;568451.25;5936894.26;10.033817996;53.576435314
128940;2;5;2;507;2018;12;19;7;3;3;6;2;0;0;0;0;0;1;0;571047.8532;5936664.0828;10.072974649;53.574021447
128941;2;2;7;219;2018;12;18;4;3;0;7;2;1;0;0;0;0;1;0;559858.8984;5934517.6698;9.903611467;53.556126738
128942;2;4;7;416;2018;12;20;4;3;2;6;2;0;1;0;0;0;0;1;567654.5923;5934992.9021;10.021376371;53.559450902
128943;2;2;9;221;2018;12;16;2;3;1;5;2;1;1;0;0;0;0;1;555765.2928;5936681.6524;9.842209568;53.576026592
128944;2;3;8;320;2018;12;12;7;3;5;3;0;0;1;0;0;0;0;0;559881.3423;5938021.7117;9.904622158;53.587616553
128945;2;2;4;212;2018;12;18;5;2;5;3;2;0;1;0;0;0;1;0;560836.9495;5934271.9273;9.918325931;53.553805704
128946;2;5;9;517;2018;12;6;2;2;6;4;2;0;1;1;0;0;0;1;571637.9795;5944064.9716;10.083586487;53.640452266
128966;2;1;6;115;2018;12;21;6;3;8;1;2;0;1;0;0;0;0;1;566874.935;5933884.155;10.009370767;53.549586294
128997;2;7;7;708;2018;12;18;5;3;6;2;2;0;1;1;0;0;0;1;565073.9182;5919880.158;9.979288331;53.423953441
129005;2;6;2;603;2018;12;7;5;2;5;3;2;1;1;0;0;0;0;1;580834.8163;5926931.5148;10.218231302;53.485142117
129051;2;1;11;128;2018;12;12;5;3;1;7;0;0;1;0;0;0;1;1;571416.5442;5934040.6151;10.077941965;53.550394321
129149;2;7;13;714;2018;12;8;2;3;5;3;2;1;1;0;0;0;0;0;558833.0418;5925831.7287;9.886496423;53.478177239
129150;2;7;9;710;2018;12;10;2;3;5;3;0;1;1;0;0;0;0;0;564007.6448;5923459.2203;9.963972474;53.456250699
129151;2;6;2;603;2018;12;12;2;3;5;3;0;1;1;0;0;0;0;1;580123.024;5926350.5403;10.207358507;53.480029917
129154;2;4;13;432;2018;12;3;2;3;1;1;2;0;1;0;0;0;1;1;567392.7774;5945789.4971;10.019759551;53.656514521
129156;2;2;9;221;2018;12;14;2;3;5;3;0;1;1;0;0;0;0;1;556362.7341;5937914.5654;9.851454149;53.587043611
129157;2;3;5;317;2018;12;2;2;3;1;5;2;0;1;0;1;0;0;0;563673.007;5938508.8557;9.961993329;53.591547915
129159;2;2;1;203;2018;12;14;2;3;1;5;0;0;1;0;0;0;0;0;562027.265;5934006.799;9.936238379;53.551283603
129162;2;2;1;201;2018;12;23;2;3;5;3;2;0;1;0;0;0;0;1;563266.3542;5933727.1199;9.954881755;53.548622181
129164;2;1;5;114;2018;12;14;2;3;1;5;0;0;1;0;0;0;0;0;567043.1959;5934197.781;10.011977212;53.552383454
129167;2;6;2;602;2018;12;11;1;2;5;3;0;1;1;0;0;0;0;0;578258.0648;5928116.1014;10.179702644;53.496177197
129169;2;6;7;608;2018;12;3;1;3;9;7;2;0;1;0;0;0;0;1;572309.5376;5923131.7621;10.088902578;53.452233783
129170;2;1;8;123;2018;12;17;5;3;2;6;2;0;1;0;0;0;0;1;570339.383;5935113.8845;10.061928186;53.560185249
129172;2;6;2;602;2018;12;23;1;3;0;7;2;1;0;0;0;0;0;0;578811.902;5927490.2385;10.187892301;53.490470047
129175;2;1;4;112;2018;12;2;1;3;6;4;2;0;1;1;0;0;0;1;563935.2365;5933858.6062;9.965002543;53.549722871
129178;2;6;1;601;2018;12;18;7;3;5;3;2;0;1;0;0;0;0;1;579555.6436;5929211.236;10.19953616;53.505824222
129179;2;1;12;130;2018;12;17;7;3;6;2;2;0;1;1;0;0;0;1;573584.3766;5932880.277;10.110383011;53.539667122
129180;2;5;6;514;2018;12;20;7;3;6;2;2;0;1;1;0;0;0;0;574934.664;5942303.2002;10.133016915;53.624158078
129182;2;5;5;513;2018;12;17;7;3;2;6;2;0;1;0;0;0;0;1;574516.9001;5938373.1948;10.125761899;53.588899629
129183;2;5;7;515;2018;12;14;7;3;1;6;0;0;1;0;0;0;1;1;570607.9709;5940498.5552;10.067200765;53.608541143
129185;2;5;8;516;2018;12;16;7;3;2;6;2;0;1;1;0;0;0;1;569740.2548;5940630.917;10.054117794;53.609846895
129186;2;5;17;525;2018;12;15;7;2;6;4;0;0;1;1;0;0;0;1;576595.5594;5946040.1155;10.159044567;53.657500005
129188;2;4;5;408;2018;12;11;7;3;2;6;0;0;1;0;0;1;0;1;567016.242;5940017.0492;10.012819776;53.604685526
129190;2;4;5;408;2018;12;14;7;3;9;1;0;0;1;0;0;0;0;1;567860.2221;5940118.0913;10.025594658;53.605484982
129191;2;3;9;321;2018;12;23;7;3;5;2;2;0;1;0;0;0;0;1;561470.6413;5938557.0476;9.928733631;53.592243893
129192;2;2;3;209;2018;12;15;7;3;2;6;0;0;1;0;0;0;0;1;562645.6224;5935308.7046;9.945831408;53.56291088
129193;2;2;2;207;2018;12;13;7;3;2;7;0;1;1;0;0;0;0;1;563920.2557;5935049.4498;9.965019976;53.560427179
129194;2;1;5;114;2018;12;18;7;3;6;7;2;0;1;1;0;0;0;1;566950.3254;5934710.5683;10.010685452;53.557003822
129195;2;1;8;122;2018;12;17;6;3;6;2;2;0;1;1;0;0;0;1;570034.6537;5934524.3964;10.057196396;53.554928238
129197;2;1;8;123;2018;12;7;6;3;4;2;0;0;1;0;0;0;0;1;570025.1314;5935585.0782;10.057290354;53.564461909
129199;2;5;18;526;2018;12;10;6;3;5;3;0;1;1;0;0;0;0;0;576279.084;5941227.7119;10.153076692;53.614298906
129200;2;5;5;513;2018;12;17;6;3;4;2;2;0;1;0;1;0;0;1;575127.2341;5938995.2899;10.135130362;53.594403156
129201;2;4;11;430;2018;12;12;6;3;2;6;0;0;1;0;0;0;0;0;568596.3715;5940828.5557;10.036874752;53.611774098
129202;2;5;1;504;2018;12;18;6;3;5;3;2;0;1;0;0;0;0;1;570031.2857;5935756.869;10.05742177;53.566004979
129205;2;4;8;419;2018;12;11;6;3;5;3;0;1;1;0;0;0;0;0;567949.6308;5937216.565;10.026313548;53.579397124
129208;2;3;9;321;2018;12;13;6;3;3;7;0;0;1;0;0;0;0;0;560843.1528;5939194.629;9.919378923;53.598047274
129210;2;2;8;220;2018;12;20;6;3;5;3;2;0;1;0;0;0;0;1;557992.5652;5938084.9672;9.876104053;53.588397368
129211;2;3;1;306;2018;12;15;6;3;2;6;0;0;1;0;0;0;0;0;563339.4527;5936139.8181;9.956473873;53.57029708
129213;2;2;4;214;2018;12;17;6;2;6;2;2;0;1;1;0;0;0;1;561262.6365;5933456.6034;9.924590963;53.546428538
129215;2;3;2;312;2018;12;17;6;3;6;7;2;0;1;1;0;0;0;1;566105.9859;5935568.2264;9.998122838;53.564818791
129217;2;3;1;310;2018;12;8;6;3;3;2;1;1;1;0;0;0;0;1;563578.0768;5935407.0419;9.959927577;53.563682533
129218;2;2;1;201;2018;12;14;6;3;2;7;0;0;1;0;0;0;0;1;563191.6473;5933416.5152;9.953691611;53.545839662
129220;2;1;3;105;2018;12;10;6;3;1;5;0;1;1;0;0;0;0;1;564518.2278;5933410.9002;9.973708131;53.545627889
129221;2;5;9;517;2018;12;22;5;3;1;5;2;0;1;0;0;0;0;1;572703.2577;5944187.3107;10.099725104;53.641404796
8254;3;4;59;12;2018;1;20;3;2;8;1;2;0;1;0;0;0;1;1;444517.1003;5788764.3502;8.187329181;52.246482159
8255;3;4;52;25;2018;1;17;6;3;2;6;2;0;1;0;0;0;0;1;417579.63;5916518.13;7.760605951;53.391314695
8264;3;1;51;31;2018;1;15;3;2;2;6;0;0;1;0;0;0;1;1;622963.2669;5816778.3133;10.810953087;52.487275778
8265;3;3;61;12;2018;1;17;5;2;5;3;2;0;1;0;0;0;0;1;515393.2125;5863892.6326;9.228972353;52.924466412
8274;3;1;58;27;2018;1;17;5;3;6;6;2;1;0;1;0;0;0;1;621696.0165;5779913.7025;10.778960407;52.156290988
8281;3;4;3;0;2018;1;15;7;3;3;2;0;1;0;0;0;0;1;0;446722.6724;5888310.6723;8.2035097;53.141526465
8289;3;4;51;5;2018;1;12;3;3;4;1;0;0;1;0;0;0;0;0;446580.5162;5905730.4527;8.198466874;53.298085038
8290;3;2;41;15;2018;1;12;6;3;2;2;0;0;1;0;0;0;1;1;543973.9603;5805744.566;9.646330371;52.400172476
8296;3;2;57;7;2018;1;16;2;3;4;2;0;0;1;0;0;0;0;0;521314.2396;5798846.1442;9.312847038;52.339505535
8297;3;3;59;10;2018;1;19;5;3;6;2;2;0;1;1;0;0;0;1;544195.2;5924035.82;9.665699802;53.463467892
8303;3;4;4;0;2018;1;3;1;2;8;1;2;0;1;0;0;0;0;0;435183.9716;5788623.6621;8.050670565;52.244197369
8307;3;4;51;8;2018;1;8;4;3;5;3;0;0;1;0;0;0;0;1;440885.2034;5900988.4725;8.113904104;53.254859645
8318;3;1;57;6;2018;1;12;2;3;8;7;0;0;0;0;0;1;0;0;580594.727;5795262.511;10.181970862;52.301787177
8322;3;4;52;1;2018;1;14;4;3;5;3;0;0;1;0;0;1;0;1;400225.3347;5927967.4729;7.496101678;53.491201264
8332;3;3;53;30;2018;1;17;7;2;2;2;2;0;1;0;0;0;0;0;576565.19;5898171.64;10.14693902;53.227313416
8341;3;3;53;19;2018;1;7;3;3;5;2;1;0;1;0;0;0;0;1;547287.4942;5912430.9575;9.710533859;53.358893524
8342;3;1;55;11;2018;1;13;6;3;8;6;0;0;1;0;0;0;0;1;566642.483;5734100.6143;9.965473484;51.753835105
8348;3;1;57;7;2018;1;3;2;3;9;1;2;0;1;0;0;0;0;1;592996.8611;5785826.6441;10.361204219;52.215017603
8349;3;3;60;30;2018;1;7;5;2;8;7;1;0;1;0;0;0;0;1;610410.2161;5860978.2494;10.640989043;52.887152065
8355;3;3;52;62;2018;1;21;1;1;9;7;2;1;0;0;0;0;0;0;493362.156;5932263.5835;8.899838243;53.539236889
8359;3;3;57;41;2018;1;13;4;3;5;3;0;0;1;0;0;0;0;1;533413.1568;5891658.0812;9.499888533;53.173231682
8366;3;2;52;6;2018;1;15;7;2;2;6;0;0;1;0;0;0;0;0;526031.428;5772401.6556;9.380048777;52.101554837
8375;3;2;54;20;2018;1;19;3;3;1;5;2;0;1;0;1;0;0;0;565941.6388;5784148.953;9.96494082;52.203838985
8376;3;4;54;54;2018;1;8;5;3;5;2;1;0;1;0;0;0;0;1;376651.23;5836719.19;7.17594895;52.666368197
8381;3;2;41;11;2018;1;11;7;3;2;6;0;0;1;0;0;0;0;0;569835.8469;5803908.2259;10.026012233;52.380976879
8390;3;3;58;21;2018;1;19;3;2;8;1;2;0;1;0;0;0;0;1;558034.5913;5875302.1829;9.86525442;53.024105702
8391;3;1;57;6;2018;1;10;6;3;5;3;0;1;0;0;0;0;1;1;584703.777;5797397.5764;10.242754988;52.320359605
8396;3;2;52;6;2018;1;17;2;3;2;6;2;0;1;0;1;0;0;0;527445.1788;5768397.8931;9.40036623;52.065490231
8400;3;2;41;1;2018;1;17;5;3;2;6;2;0;1;0;0;0;0;1;552228.3564;5799160.1912;9.766617352;52.340256203
8406;3;1;3;0;2018;1;15;1;3;4;7;0;0;1;0;0;0;0;0;625280.269;5807608.8506;10.841617546;52.404355408
8409;3;2;41;14;2018;1;3;4;3;0;1;2;0;0;0;1;0;0;1;545348.8409;5798294.0507;9.665529623;52.33308172
8416;3;1;53;504;2018;1;7;7;3;4;1;1;0;1;0;0;0;0;2;594785.465;5746805.961;10.37655834;51.863983953
8425;3;1;58;27;2018;1;10;3;2;9;1;0;0;1;0;0;0;0;1;620685.0393;5779848.5421;10.764166338;52.155927328
8426;3;3;61;8;2018;1;20;5;3;2;6;2;0;1;0;0;1;0;1;510578.01;5881282.949;9.157916522;53.080911213
8434;3;2;54;21;2018;1;6;5;2;6;4;2;0;1;1;0;0;0;1;566077.05;5781768.44;9.966457808;52.182423428
8440;3;4;51;2;2018;1;16;7;3;6;4;1;0;1;1;0;0;0;0;433091.2149;5891700.8324;7.999042891;53.170459424
8446;3;2;41;16;2018;1;8;5;3;5;3;0;0;1;0;0;0;0;1;566669.8349;5796695.131;9.978073253;52.316532134
8452;3;4;54;45;2018;1;14;7;2;9;7;0;0;1;0;0;0;0;0;390299.5338;5800487.9264;7.389629757;52.343705963
8455;3;1;59;3;2018;1;7;4;3;9;1;2;0;1;0;0;0;0;1;601844.5905;5718512.0934;10.470761153;51.608423921
8462;3;4;59;8;2018;1;5;3;3;2;6;2;0;1;0;0;0;0;1;440246.0549;5795299.0545;8.123619896;52.304778604
8464;3;4;53;1;2018;1;19;6;3;4;7;2;0;1;0;1;0;0;1;415236.0032;5891815.0032;7.731962269;53.1689419
8472;3;4;54;32;2018;1;4;2;2;6;4;2;0;1;1;0;0;0;1;385607.2978;5819679.4235;7.314211965;52.515210237
8473;3;2;51;42;2018;1;6;5;3;8;7;2;0;1;0;0;0;0;1;473926.3159;5852923.4203;8.613038572;52.825447281
8482;3;1;2;0;2018;1;12;5;3;8;1;0;0;1;0;0;0;0;1;590436.26;5776947.952;10.321368273;52.135639588
8491;3;4;58;3;2018;1;1;7;3;9;6;2;0;1;0;0;0;0;0;461720.2172;5862928.7812;8.430718921;52.914658632
8500;3;4;60;6;2018;1;16;3;3;3;6;1;0;1;0;0;0;1;0;443318.725;5834306.7258;8.16204381;52.65575475
8501;3;2;41;5;2018;1;17;6;3;2;6;2;0;1;0;0;0;0;0;542082.2279;5808871.2332;9.618920819;52.428429316
8508;3;1;51;9;2018;1;17;4;3;5;3;2;0;1;0;0;0;0;1;607042.0647;5815413.9425;10.576137318;52.47837039
8514;3;4;53;13;2018;1;5;3;3;8;1;2;0;1;0;0;0;0;0;412562.6594;5888729.4705;7.69282391;53.140780308
8515;3;3;55;28;2018;1;7;6;3;8;1;1;0;1;0;0;0;0;1;585222.3782;5909648.9894;10.279666859;53.32913948
8521;3;3;51;26;2018;1;11;2;3;9;1;0;0;1;0;0;0;0;0;571956.9;5855612.9;10.068422731;52.845448328
8522;3;3;53;40;2018;1;14;5;1;4;6;0;0;1;0;0;0;0;1;579021.0692;5916837.8388;10.188369512;53.394707486
8528;3;1;53;17;2018;1;7;2;3;5;3;1;0;1;0;0;0;0;0;597570.48;5751069.54;10.418197267;51.901826544
8532;3;4;53;4;2018;1;16;4;3;2;2;2;0;1;0;0;0;0;1;435871.9484;5853798.5172;8.048158813;52.830128915
8541;3;2;41;15;2018;1;17;7;3;5;3;2;1;1;0;0;0;0;0;541750.4999;5804837.3238;9.61353886;52.392190656
8550;3;3;59;38;2018;1;10;3;3;2;6;0;0;1;0;0;0;0;1;528853.2181;5938511.3631;9.435951245;53.594643327
8551;3;2;54;22;2018;1;15;6;2;8;1;0;0;0;0;1;0;0;1;578818.84;5775578.94;10.151348198;52.125113083
8557;3;4;52;25;2018;1;13;4;3;8;1;0;0;0;0;0;1;0;1;414921.484;5922793.1163;7.718950946;53.447283617
8558;3;3;55;9;2018;1;21;5;3;6;1;2;0;1;1;0;0;0;1;618167.1801;5901467.2225;10.771086531;53.249299853
8564;3;2;41;11;2018;1;18;1;3;2;6;2;0;1;0;0;0;0;0;570387.9928;5803660.9632;10.034070878;52.378683572
8568;3;2;52;1;2018;1;4;2;3;9;1;2;0;1;0;0;0;0;0;518970.4833;5767093.1469;9.276668044;52.054114667
8569;3;3;57;7;2018;1;14;5;3;9;1;0;0;1;0;0;0;0;1;506053.38;5906168.22;9.090841153;53.304678507
8575;3;4;52;1;2018;1;8;1;3;9;7;1;0;1;0;0;0;0;0;400195.798;5927509.881;7.495802158;53.487083931
8579;3;4;61;5;2018;1;6;4;3;8;1;2;0;1;0;0;0;0;1;451530.73;5911468.93;8.271857921;53.35013964
8587;3;2;57;32;2018;1;17;7;3;0;3;2;0;1;0;0;0;0;0;523855.6216;5797480.6461;9.350051397;52.327124676
8596;3;2;41;11;2018;1;16;3;3;4;6;0;0;1;0;0;0;1;1;576345.0402;5802712.8093;10.121352551;52.369363008
8597;3;4;59;14;2018;1;14;5;3;8;1;0;0;0;0;0;1;0;1;428587.737;5804566.024;7.950691406;52.386686452
8603;3;1;59;17;2018;1;7;2;3;4;2;2;0;1;0;0;0;0;0;549976.894;5694896.912;9.718477466;51.4030939
8607;3;2;41;21;2018;1;18;5;3;6;4;2;0;1;1;0;0;0;1;529237.602;5808526.555;9.429986461;52.42616844
8615;3;4;4;0;2018;1;11;7;3;2;6;0;0;1;0;0;0;0;0;431229.614;5798454.3073;7.990756143;52.332086351
8618;3;2;41;16;2018;1;7;4;3;5;2;1;1;1;0;0;0;0;1;565707.2125;5796626.8113;9.963940036;52.316034063
8625;3;4;59;13;2018;1;7;6;3;4;2;2;0;1;0;0;0;0;1;453066.915;5809916.8152;8.309594071;52.437433832
8632;3;3;55;22;2018;1;7;4;3;5;3;0;0;1;0;0;0;0;1;597498.2884;5902724.9424;10.461809177;53.264800804
8639;3;1;3;0;2018;1;14;7;2;8;1;0;0;1;0;0;0;0;0;625983.1112;5803234.5487;10.850298937;52.364888014
8648;3;1;53;12;2018;1;16;3;3;3;6;1;0;1;0;0;1;0;1;577849.1584;5749360.3659;10.131227842;51.889566925
8649;3;4;60;2;2018;1;23;5;3;0;2;2;0;1;0;0;0;0;1;440915.6127;5816349.3211;8.129723559;52.49407848
8658;3;2;41;1;2018;1;17;5;2;5;2;2;1;1;0;0;0;0;1;547491.1324;5799255.1349;9.697102799;52.341540381
8665;3;4;52;7;2018;1;15;7;3;7;7;0;0;0;0;1;0;0;0;393881.3416;5938817.2318;7.396839221;53.587446311
8668;3;1;59;16;2018;1;19;4;2;4;1;2;0;1;0;0;0;0;1;561925.2282;5707854.1529;9.892498308;51.518409812
8675;3;4;54;18;2018;1;7;3;3;2;6;2;0;1;0;0;0;0;1;376200.4726;5849143.5277;7.164604856;52.77790122
8677;3;3;56;7;2018;1;20;6;2;4;7;2;0;1;0;0;0;0;1;484927.7514;5895969.2326;8.774299492;53.212820304
8685;3;3;61;13;2018;1;22;2;3;7;7;2;0;1;0;0;0;0;0;500946.4819;5869911.0575;9.014096455;52.978788834
8686;3;4;58;5;2018;1;7;5;2;0;3;2;1;1;0;0;0;0;1;468438.562;5882298.8051;8.528735022;53.089214868
8693;3;1;58;37;2018;1;15;2;3;2;2;0;0;1;0;0;0;0;0;603801.8388;5777647.748;10.516797697;52.139579877
8697;3;4;52;24;2018;1;17;4;3;5;3;2;0;1;0;0;0;0;1;386255.928;5931794.895;7.284250193;53.522755197
8704;3;1;53;2;2018;1;11;3;3;8;1;0;0;1;0;0;0;0;1;606825.5119;5752547.2357;10.553127223;51.913410239
8705;3;3;61;12;2018;1;18;5;3;0;3;2;1;1;0;0;0;0;1;515688.3387;5862806.7997;9.233309814;52.914696801
8714;3;1;59;29;2018;1;20;5;3;9;6;2;0;1;0;0;0;0;1;560943.3298;5705441.1102;9.877931411;51.496821769
8721;3;4;3;0;2018;1;18;7;3;2;6;2;0;1;0;0;0;0;1;447727.8609;5886306.5648;8.218862394;53.123612314
8729;3;4;53;5;2018;1;10;3;2;5;3;0;0;1;0;0;1;0;0;439795.943;5855199.6485;8.106135438;52.84317577
8730;3;2;41;1;2018;1;9;6;3;6;7;0;0;1;1;0;0;0;1;554310.148;5807703.894;9.798555452;52.416857679
8736;3;2;41;1;2018;1;2;2;2;6;4;2;0;1;1;0;0;0;1;550064.8491;5805948.0897;9.735877317;52.401478784
8737;3;3;59;39;2018;1;10;5;3;2;6;0;0;1;0;0;0;0;1;540288.11;5934717.4299;9.608225362;53.559789142
8744;3;1;54;14;2018;1;10;2;2;2;6;0;0;1;0;0;1;0;0;612447.9781;5796751.5759;10.649435418;52.309571959
8748;3;3;61;12;2018;1;16;4;3;6;4;2;0;1;1;0;0;0;1;515350.4148;5863904.2903;9.228336299;52.924572434
8757;3;2;41;10;2018;1;11;7;3;0;1;0;1;0;0;0;0;0;0;551320.1057;5809824.8415;9.754920941;52.436212711
8766;3;3;58;21;2018;1;11;3;3;2;6;0;0;1;0;0;0;0;1;561471.6392;5869661.3422;9.915418367;52.973020454
8770;3;3;53;29;2018;1;17;7;3;5;2;2;0;1;0;0;0;0;0;561804.91;5913526.59;9.928856498;53.367243003
8779;3;3;52;59;2018;1;15;3;3;8;1;0;0;1;0;0;0;0;1;485486.8294;5920606.6206;8.781543205;53.434298239
8780;3;1;55;11;2018;1;17;6;2;4;6;2;0;1;0;0;0;0;0;564476.9774;5733239.3579;9.933945887;51.74634576
8786;3;1;58;2;2018;1;0;2;3;4;6;2;0;1;0;0;0;0;1;584332.2274;5771672.6673;10.230898366;52.089187006
8787;3;3;60;2;2018;1;8;5;2;6;4;0;0;1;1;0;0;0;1;606604.3633;5882246.8149;10.591457645;53.079039247
8794;3;4;1;0;2018;1;18;1;3;6;2;2;0;1;1;0;0;0;0;475293.9696;5878712.2686;8.631370498;53.057336283
8798;3;3;59;12;2018;1;12;4;3;4;2;0;0;1;0;0;0;0;1;536062.1096;5932590.2418;9.544183885;53.540976952
8807;3;2;55;23;2018;1;14;7;3;8;1;0;0;1;0;0;0;0;1;534712.4545;5733959.6725;9.502905724;51.755457118
8816;3;2;56;36;2018;1;7;3;3;4;2;0;0;1;0;0;1;0;1;505601.7108;5838995.0738;9.082898267;52.700836071
8817;3;4;56;27;2018;1;19;5;3;2;6;2;0;1;0;1;0;0;1;377327.5445;5795604.187;7.201082428;52.297072586
8826;3;2;41;16;2018;1;16;5;3;5;3;1;1;1;0;0;0;0;1;565229.8824;5796932.5237;9.956997837;52.318839106
8830;3;1;57;9;2018;1;1;6;2;8;1;2;0;1;0;0;0;0;1;587450.8924;5789770.5241;10.281070217;52.251374805
8838;3;2;41;1;2018;1;19;5;3;3;2;2;1;1;0;0;0;0;1;551040.8961;5802374.0556;9.749677945;52.369259496
8845;3;2;41;11;2018;1;12;1;3;2;6;0;0;1;0;0;0;0;0;571263.3215;5803270.4727;10.046845015;52.375060311
8848;3;2;41;17;2018;1;16;4;3;6;4;2;0;1;1;0;0;0;1;545426.149;5787900.9866;9.665263146;52.239642596
8855;3;1;58;37;2018;1;13;7;3;5;3;0;1;1;0;0;0;0;1;605342.8;5780601.83;10.540222319;52.165837935
8864;3;1;54;19;2018;1;15;3;3;2;2;0;0;1;0;0;0;0;1;634357.22;5780478.25;10.964153854;52.158428112
8865;3;3;61;10;2018;1;11;5;3;2;6;0;0;1;0;0;0;0;1;496203.0083;5868742.7947;8.943463117;52.968274162
8873;3;1;55;11;2018;1;9;5;2;6;7;0;0;0;1;0;0;1;1;562881.5578;5732519.4158;9.910709347;51.740054667
8880;3;4;51;7;2018;1;20;7;3;8;1;2;0;1;0;0;0;0;0;426146.04;5897802.59;7.893751989;53.224380459
8883;3;1;53;17;2018;1;16;4;3;6;2;2;0;1;1;0;0;0;1;599003.8697;5752137.1903;10.439331456;51.91117001
8889;3;4;52;1;2018;1;8;3;3;1;1;0;0;1;0;0;0;0;1;402111.7034;5921651.3404;7.526491313;53.43480039
8890;3;4;58;3;2018;1;20;6;3;9;1;2;0;1;0;0;0;0;1;463110.5791;5865870.5471;8.45106033;52.941199806
8895;3;4;57;13;2018;1;15;7;3;5;3;0;1;1;0;0;0;0;0;396966.0369;5900012.2995;7.456103603;53.239379414
8898;3;2;41;2;2018;1;13;4;2;4;1;0;0;1;0;0;0;0;1;532717.3126;5803513.6272;9.480669374;52.380904958
8905;3;2;51;37;2018;1;11;3;3;2;6;0;0;1;0;0;0;0;0;481902.8244;5873423.6297;8.730274156;53.010059864
8906;3;4;52;1;2018;1;13;6;3;5;3;0;0;1;0;1;0;0;0;398036.757;5925817.8531;7.46382429;53.471466396
8915;3;4;4;0;2018;1;2;2;2;0;4;2;0;1;1;0;0;0;0;434456.0444;5793269.3554;8.039108164;52.285872635
8916;3;2;51;37;2018;1;17;5;3;5;3;2;0;1;0;1;0;0;1;480471.2616;5874330.7709;8.708883123;53.018164119
8926;3;1;2;0;2018;1;16;5;3;5;2;1;0;1;0;0;0;0;1;588528.4909;5777315.7895;10.293597335;52.139254848
8934;3;2;51;37;2018;1;15;7;2;5;3;0;1;1;0;0;0;0;0;487076.3279;5875544.6421;8.80729613;53.029276262
8944;3;4;51;4;2018;1;11;3;3;5;3;0;0;1;0;0;0;0;0;432036.6112;5887012.7211;7.98426354;53.128190072
8945;3;2;41;2;2018;1;13;6;3;5;3;0;0;1;0;0;0;0;0;532757.925;5793945.261;9.480333099;52.294881734
8951;3;2;57;35;2018;1;5;2;2;9;1;2;0;1;0;0;0;0;0;509781.7704;5797153.3281;9.143526927;52.324613331
8952;3;3;58;21;2018;1;8;5;3;2;2;0;0;1;0;0;0;0;1;556972.2405;5871163.1476;9.848687413;52.987016413
8964;3;3;59;2;2018;1;23;2;2;8;1;2;0;1;0;0;0;0;1;534100.3965;5917656.1957;9.512961333;53.406875559
8965;3;3;53;40;2018;1;17;5;3;5;3;2;0;1;0;0;0;0;1;581679.6193;5912200.6185;10.22714202;53.352629173