OBJECTID_1;ULAND;UREGBEZ;UKREIS;UGEMEINDE;UJAHR;UMONAT;USTUNDE;UWOCHENTAG;UKATEGORIE;UART;UTYP1;ULICHTVERH;IstRad;IstPKW;IstFuss;IstKrad;IstGkfz;IstSonstig;STRZUSTAND;LINREFX;LINREFY;XGCSWGS84;YGCSWGS84
8972;3;1;2;0;2018;1;9;2;3;4;2;0;0;1;0;0;0;0;0;591647.9838;5780669.9874;10.340071885;52.16889457
8976;3;4;53;9;2018;1;8;4;3;2;2;0;0;1;0;0;0;0;1;430484.01;5848046.56;7.969423345;52.777760678
8985;3;3;54;17;2018;1;11;7;2;8;7;0;0;1;0;0;0;0;1;647293.2344;5865507.5563;11.190838822;52.919004259
8994;3;3;59;38;2018;1;14;3;2;9;7;0;0;1;0;0;0;0;0;530498.205;5937509.6444;9.460707005;53.585546507
8995;3;2;57;4;2018;1;11;6;3;9;1;0;0;1;0;0;0;0;1;519306.5106;5804694.0836;9.283714916;52.392154541
9002;3;1;57;8;2018;1;22;2;3;8;7;2;0;1;0;0;0;0;1;592268.0676;5799689.0653;10.354333298;52.339735941
9003;3;3;60;25;2018;1;8;5;3;2;2;0;0;1;0;0;1;0;1;608319.809;5871211.3947;10.613350288;52.979531904
9010;3;3;60;25;2018;1;14;1;3;0;7;0;0;1;0;0;0;0;0;603607.792;5868574.5683;10.54235255;52.956768305
9013;3;3;55;13;2018;1;7;4;2;1;5;2;0;1;0;0;0;0;1;616026.8409;5894567.4103;10.736513665;53.187777448
9021;3;1;3;0;2018;1;5;7;3;0;6;2;1;0;0;0;0;0;1;624005.8022;5811492.7298;10.824333672;52.439545263
9025;3;4;54;18;2018;1;18;1;3;5;3;2;0;1;0;0;0;0;0;374155.36;5848454.71;7.134567012;52.771239429
9029;3;2;51;23;2018;1;18;4;3;5;2;2;0;1;0;0;0;0;1;457603.3821;5812596.5117;8.375982565;52.461894323
9038;3;2;56;34;2018;1;13;7;3;2;2;0;0;1;0;0;0;0;1;489995.854;5812148.777;8.852762262;52.459423328
9047;3;3;54;26;2018;1;10;3;3;0;2;0;1;1;0;0;0;0;1;640748.5826;5867587.7929;11.094468543;52.939446618
9048;3;1;2;0;2018;1;18;6;3;2;2;2;0;1;0;0;0;0;1;590862.1151;5779733.9531;10.32833374;52.160611174
9053;3;2;52;6;2018;1;12;2;3;3;6;0;0;1;0;0;1;0;0;523904.2583;5772487.0038;9.348999563;52.102418184
9057;3;2;41;1;2018;1;18;5;3;5;3;2;1;1;0;0;0;0;1;549442.0504;5803645.3185;9.726383999;52.380834332
9064;3;1;53;17;2018;1;12;1;2;9;1;0;0;1;0;0;0;0;1;596351.0279;5755229.1762;10.401642279;51.93942719
9067;3;2;41;7;2018;1;10;4;3;0;1;0;1;0;0;0;0;0;1;549414.5512;5796645.0595;9.724949776;52.317906574
9074;3;1;51;16;2018;1;19;7;3;2;6;2;0;1;0;0;0;0;0;604202.3911;5805387.5412;10.531214214;52.388811926
9083;3;1;2;0;2018;1;5;3;3;5;2;2;1;1;0;0;0;0;1;599590.0703;5782793.3036;10.456785091;52.186602426
9084;3;3;61;3;2018;1;7;5;3;8;1;1;0;1;0;0;0;0;1;515918.5599;5860550.4417;9.236622992;52.894406501
9095;3;2;54;42;2018;1;12;3;3;4;6;0;0;1;0;0;0;0;1;566654.428;5754068.7271;9.969495323;51.933345332
9096;3;4;52;8;2018;1;23;5;3;3;2;2;0;1;0;1;0;0;1;386809.6664;5938888.557;7.290030454;53.586608374
9105;3;2;41;15;2018;1;18;5;3;6;2;2;0;1;1;0;0;0;1;540064.8507;5805195.5747;9.588811939;52.39553725
9112;3;4;54;53;2018;1;9;7;3;2;2;0;0;1;0;0;0;0;1;396219.1252;5817152.442;7.47132144;52.494624165
9115;3;2;56;3;2018;1;4;4;3;5;3;2;0;1;0;0;1;0;1;509072.0418;5847814.5603;9.134498521;52.780074469
9122;3;4;54;22;2018;1;2;3;2;6;6;2;0;1;1;0;0;0;1;413281.5096;5871276.3282;7.708268911;52.984045673
9124;3;4;53;13;2018;1;19;6;3;9;1;2;0;1;0;0;0;0;1;413072.336;5886818.014;7.700959625;53.123685591
9132;3;4;62;16;2018;1;13;2;3;9;1;0;0;1;0;0;0;0;0;399712.7741;5940662.4415;7.484307829;53.605173956
9133;3;4;58;9;2018;1;18;5;2;5;3;2;1;1;0;0;0;0;1;450042.9754;5878530.816;8.254663981;53.053941672
9140;3;1;54;13;2018;1;8;2;3;2;2;0;0;1;0;0;0;0;2;623448.0157;5790775.043;10.808516906;52.253503931
9144;3;4;4;0;2018;1;17;4;2;4;6;2;0;1;0;0;0;0;1;437264.6677;5791869.0382;8.080538027;52.273612476
9153;3;3;52;63;2018;1;14;7;3;6;2;0;0;1;1;0;0;0;0;503741.9966;5958121.9295;9.056776331;53.771691496
9161;3;2;52;3;2018;1;17;5;2;5;3;2;0;1;0;1;0;0;1;516592.768;5759338.6058;9.241615577;51.984471064
9167;3;4;3;0;2018;1;22;7;3;2;6;2;0;1;0;0;0;0;0;445858.5337;5885391.1429;8.191085257;53.11519765
9170;3;2;41;11;2018;1;7;4;3;2;6;2;0;1;0;0;0;0;1;576899.6043;5802047.9319;10.129343827;52.363309105
9176;3;4;60;10;2018;1;17;3;3;5;3;2;1;1;0;0;0;0;0;453367.5706;5854095.3319;8.307776243;52.834595015
9177;3;3;55;4;2018;1;17;6;3;2;6;2;0;1;0;0;0;0;0;592106.872;5905588.4271;10.381831049;53.291496638
9183;3;2;41;21;2018;1;2;2;3;8;1;2;0;1;0;0;0;0;0;530390.5077;5810068.4762;9.447081516;52.439967478
9184;3;3;53;40;2018;1;11;5;3;2;7;0;0;1;0;0;0;0;0;580149.3292;5910971.1322;10.203845458;53.341814026
9190;3;1;51;23;2018;1;13;2;3;2;6;0;0;1;0;0;0;0;0;604130.3771;5808121.4036;10.53100679;52.413395211
9194;3;3;61;12;2018;1;17;4;3;2;6;2;0;1;0;0;0;0;1;515718.1434;5866634.4439;9.2339385;52.94910438
9202;3;2;41;11;2018;1;11;7;3;5;3;0;0;1;0;0;0;0;0;566035.7476;5804667.8952;9.970340703;52.388276992
9211;3;3;58;8;2018;1;16;3;3;2;6;2;0;1;0;0;0;0;0;552620.9505;5861359.8135;9.782284137;52.899342387
9212;3;2;54;21;2018;1;14;6;3;2;6;0;0;1;0;0;0;0;0;565289.9311;5778915.7299;9.954398055;52.156872868
9222;3;4;58;10;2018;1;10;3;2;5;3;0;0;1;0;0;0;0;0;452800.0544;5883666.1561;8.295041243;53.100351911
9223;3;2;57;18;2018;1;12;6;3;3;6;0;0;1;0;0;1;0;0;524811.9493;5793872.1896;9.363817946;52.294641158
9229;3;1;59;16;2018;1;16;2;2;8;1;2;0;1;0;0;0;0;1;557739.7814;5708147.4876;9.832230655;51.521490494
9230;3;3;60;13;2018;1;23;5;3;9;7;2;0;1;0;0;0;0;1;615684.9686;5852213.2247;10.716238791;52.807284193
9236;3;4;3;0;2018;1;22;1;3;8;1;2;0;1;0;0;0;0;2;446859.9365;5886870.1694;8.205800382;53.128592412
9240;3;3;53;26;2018;1;18;4;3;6;2;2;0;1;1;0;0;0;1;552836.0619;5924049.4867;9.795844305;53.462794798
9249;3;2;54;28;2018;1;8;7;3;5;3;0;1;1;0;0;0;0;0;558022.3558;5790275.5306;9.850122155;52.259805148
9258;3;2;56;25;2018;1;11;3;3;5;3;0;1;1;0;0;0;0;0;515556.9824;5814561.9115;9.229074587;52.480987857
9259;3;4;4;0;2018;1;16;5;3;3;6;2;0;1;0;0;0;0;1;435552.3974;5792284.3775;8.055366912;52.277148039
9265;3;1;55;11;2018;1;2;2;2;1;7;2;0;1;0;0;1;0;0;564089.2388;5726148.6554;9.927025986;51.68264329
9269;3;2;41;2;2018;1;18;5;3;8;1;2;0;1;0;0;0;0;1;536048.4778;5795013.7254;9.528695097;52.304281282
9276;3;4;51;7;2018;1;18;7;3;2;6;2;0;1;0;0;0;0;0;426325.4774;5904252.2262;7.894946313;53.282370667
9279;3;2;41;10;2018;1;17;4;3;5;3;1;0;1;0;0;0;0;1;545949.4368;5809984.5457;9.675946462;52.438126288
9283;3;2;41;9;2018;1;11;5;3;8;1;0;0;1;0;0;0;0;1;558121.6393;5791097.3212;9.851718189;52.267182202
9289;3;2;41;19;2018;1;14;1;3;0;6;0;0;1;0;0;0;0;0;553998.0007;5822292.853;9.796330887;52.548033885
9292;3;2;41;1;2018;1;14;4;3;2;6;0;0;1;0;0;0;0;1;547654.543;5799921.722;9.699595825;52.347518665
9299;3;1;58;37;2018;1;14;7;3;5;3;0;0;1;0;0;0;0;0;604880.0775;5779584.487;10.533145173;52.156782698
9308;3;1;59;29;2018;1;1;3;3;3;6;2;0;1;0;0;1;0;1;560894.627;5704906.8658;9.877137706;51.492023797
9309;3;4;55;26;2018;1;17;5;3;6;2;2;0;1;1;0;0;0;0;439880.1322;5936575.2449;8.092053587;53.574589255
9318;3;1;59;19;2018;1;14;5;3;2;6;0;0;1;0;0;1;0;1;592267.8324;5723709.4466;10.333873259;51.656794287
9324;3;4;52;1;2018;1;19;7;3;5;3;2;0;1;0;0;0;0;1;397968.0889;5924918.8478;7.463082034;53.463375097
9327;3;1;57;5;2018;1;17;4;3;0;2;2;0;1;0;0;0;0;1;587838.111;5786413.1832;10.28586856;52.221136243
9334;3;4;52;3;2018;1;17;3;3;0;3;1;0;1;0;0;0;0;0;388464.8656;5940185.3618;7.314559895;53.598614366
9336;3;3;61;1;2018;1;11;6;3;5;3;0;1;1;0;0;0;0;0;503512.4025;5872712.3576;9.052342492;53.003960279
9344;3;3;53;40;2018;1;18;2;3;3;6;2;0;1;0;0;0;0;0;580872.9961;5910691.173;10.214640788;53.339187933
9345;3;3;52;32;2018;1;15;5;3;2;6;0;0;1;0;0;0;0;0;472417.8248;5921855.0505;8.584719374;53.444998073
9347;3;3;57;24;2018;1;13;6;3;5;3;0;0;1;0;0;0;1;1;531783.1751;5877672.2535;9.474118816;53.047613558
9348;3;3;51;4;2018;1;17;5;3;2;6;2;0;1;0;0;0;1;1;565438.936;5849935.9792;9.970521787;52.7952532
9349;3;2;41;1;2018;1;8;2;2;2;6;0;0;0;0;0;1;0;0;551499.9491;5808829.09;9.757412723;52.427244477
9350;3;3;51;4;2018;1;17;5;3;2;6;2;0;1;0;0;0;0;1;565368.8319;5850267.9558;9.969548595;52.798245653
9351;3;2;52;3;2018;1;12;1;2;5;2;0;0;1;0;0;0;1;0;518374.4868;5758679.8488;9.267524497;51.978492174
9352;3;2;41;5;2018;1;18;5;3;5;3;2;1;1;0;0;0;0;0;539996.6646;5809904.2492;9.588373038;52.437872495
9353;3;2;41;16;2018;1;17;5;2;6;2;2;0;1;1;0;0;0;1;563436.2741;5799195.4593;9.931114385;52.339391458
9354;3;4;2;0;2018;1;21;6;3;2;6;2;0;1;0;0;0;0;1;379105.4631;5916505.1023;7.182325222;53.383792631
9355;3;2;41;6;2018;1;12;5;2;6;4;0;0;1;1;0;0;0;0;541122.563;5798215.6027;9.603500023;52.332709555
9356;3;4;60;7;2018;1;6;2;3;2;6;2;0;1;0;0;0;0;0;438642.9292;5814729.2215;8.096551229;52.479264335
9357;3;2;41;8;2018;1;6;5;3;2;6;2;0;1;0;0;1;0;1;560438.2594;5808691.2044;9.888828128;52.425090031
9358;3;1;58;37;2018;1;16;2;3;2;1;0;0;1;0;0;0;0;0;604792.0414;5779697.5499;10.531893644;52.157815567
9359;3;2;56;25;2018;1;18;5;3;1;1;2;0;0;0;1;0;1;1;510406.9625;5811540.4025;9.153147261;52.453946376
9360;3;4;51;4;2018;1;14;7;3;5;3;0;0;1;0;0;0;0;0;436776.032;5882714.566;8.055931388;53.090141193
9361;3;2;57;31;2018;1;18;5;3;5;3;2;1;1;0;0;0;0;0;505509.6495;5783066.8589;9.080612653;52.198027765
9362;3;2;56;29;2018;1;9;5;2;1;5;0;0;1;0;0;0;0;0;526251.8999;5833836.5146;9.388079241;52.653854609
9363;3;4;3;0;2018;1;18;6;3;2;6;2;0;1;0;0;0;0;1;446069.5686;5889266.0522;8.193586075;53.150048025
9364;3;4;54;41;2018;1;14;7;3;2;6;0;0;1;0;0;0;0;0;397109.8793;5878155.9333;7.465276075;53.043006578
9365;3;2;56;14;2018;1;3;5;3;3;6;2;1;1;0;0;0;0;1;510208.1153;5850686.8827;9.151431079;52.805875539
9366;3;2;54;28;2018;1;13;5;3;4;2;0;1;1;0;0;0;0;1;558209.7032;5790282.8771;9.852868038;52.259851396
9367;3;2;56;21;2018;1;7;6;2;6;4;1;0;1;1;0;0;0;1;510624.9398;5835533.4535;9.157123771;52.669641256
9368;3;4;60;6;2018;1;20;6;3;5;3;2;0;1;0;1;0;0;0;448073.378;5835786.7838;8.232094603;52.669535323
9369;3;2;54;21;2018;1;14;6;3;8;7;0;0;1;0;0;0;0;0;563528.3506;5781884.0198;9.92920703;52.183761868
9370;3;2;54;21;2018;1;18;5;3;2;6;2;0;1;0;0;0;0;0;566291.2765;5776735.0567;9.968607843;52.137150495
9371;3;3;56;7;2018;1;15;2;3;5;3;0;0;1;0;0;0;0;1;480666.7684;5903074.8384;8.710062486;53.276554279
9372;3;2;52;5;2018;1;16;5;3;4;2;1;0;1;0;0;0;0;0;526836.1692;5766417.6936;9.391326725;52.04771677
9373;3;4;59;14;2018;1;13;1;3;2;6;0;0;1;0;0;0;0;0;437082.1703;5805475.892;8.075316097;52.395907395
9374;3;2;52;6;2018;1;16;5;2;4;6;1;0;1;0;0;0;1;1;521120.92;5774355.05;9.308479692;52.119326429
9375;3;3;57;39;2018;1;10;7;3;4;6;0;1;0;0;0;0;0;0;526597.107;5883913.7648;9.397275056;53.104002251
9376;3;2;52;6;2018;1;7;5;3;3;6;1;1;1;0;0;0;0;1;523964.1303;5772381.7427;9.349866265;52.10146923
9377;3;4;1;0;2018;1;17;6;3;0;3;1;0;1;0;0;0;0;1;475580.6307;5877706.2409;8.635723837;53.048306105
9378;3;1;3;0;2018;1;7;5;3;2;6;2;0;1;0;0;0;0;2;621204.8481;5813294.2252;10.783802894;52.456361656
9379;3;4;61;5;2018;1;17;2;3;8;1;1;0;1;0;0;0;0;1;449816.055;5911410.112;8.246110505;53.349451051
9380;3;1;57;1;2018;1;22;5;3;9;7;2;0;1;0;0;0;0;0;585051.407;5803023.9822;10.249278891;52.370877628
9381;3;1;57;9;2018;1;21;5;3;5;2;2;0;1;0;0;0;0;1;581419.2534;5790934.2367;10.193014786;52.262760557
9382;3;2;51;37;2018;1;21;2;3;5;3;2;0;1;0;0;0;0;1;484613.7503;5874743.8247;8.770615315;53.022012307
9383;3;1;53;17;2018;1;19;5;3;9;1;2;0;0;0;1;0;0;1;598017.597;5757339.0756;10.426479895;51.958100411
9384;3;4;60;2;2018;1;2;1;3;8;1;2;0;1;0;0;0;0;0;449685.2343;5818707.8925;8.258525191;52.516160163
9385;3;1;53;17;2018;1;16;5;3;5;3;2;0;1;0;0;0;0;1;602026.1925;5750692.0658;10.482826879;51.897635687
9386;3;1;51;10;2018;1;18;5;3;2;6;2;0;1;0;0;0;1;1;600960.0024;5828329.0011;10.490542304;52.595598267
9387;3;1;59;20;2018;1;14;7;3;9;1;0;0;1;0;0;0;0;0;590491.7356;5726247.5554;10.308861777;51.679898417
9388;3;1;51;9;2018;1;16;5;3;5;3;1;0;1;0;0;0;0;1;605060.3553;5817173.6163;10.547524395;52.494569524
9389;3;3;53;19;2018;1;8;6;3;2;6;1;0;1;0;0;0;0;1;547345.9389;5913295.5027;9.711541413;53.366658986
9390;3;4;59;24;2018;1;18;4;3;2;6;2;0;1;0;0;0;0;0;450636.3547;5785186.7129;8.277473452;52.214902534
9391;3;2;41;17;2018;1;6;2;3;5;3;2;0;1;0;0;0;0;1;543031.878;5784461.6348;9.62976397;52.208914967
9392;3;4;59;10;2018;1;10;4;3;8;6;0;0;1;0;0;0;0;0;428236.848;5819563.6952;7.942311298;52.521450659
9393;3;2;41;10;2018;1;14;1;3;2;7;0;0;1;0;0;0;0;0;549840.9952;5808697.0597;9.732996909;52.426211326
9394;3;4;4;0;2018;1;17;4;3;5;3;2;1;1;0;0;0;0;0;437130.9768;5791920.3306;8.078569338;52.274058291
9395;3;4;57;22;2018;1;1;4;2;3;6;2;0;1;0;0;0;0;1;396403.4792;5891195.1244;7.450537921;53.160040317
9396;3;1;1;0;2018;1;19;7;2;6;4;2;0;1;1;0;0;0;0;602660.3407;5786749.1752;10.502879175;52.221593085
9397;3;4;54;57;2018;1;19;4;2;1;5;2;0;1;0;0;0;0;0;410291.0654;5858596.8424;7.667242032;52.869601627
9398;3;3;57;8;2018;1;16;1;3;5;3;1;0;1;0;1;0;0;0;508981.8051;5926895.6353;9.135376992;53.49095157
9399;3;4;54;17;2018;1;18;4;3;5;3;2;0;1;0;0;0;1;1;405454.0354;5825433.5147;7.604947555;52.57072905
9400;3;4;62;2;2018;1;22;4;3;0;1;2;0;1;0;0;0;0;0;408494.4673;5939659.4312;7.617279953;53.597768112
9401;3;2;55;8;2018;1;7;7;2;8;1;1;0;1;0;0;0;0;1;558329.1933;5751779.329;9.848031351;51.913698306
9402;3;4;52;23;2018;1;13;4;3;3;6;0;1;0;0;1;0;0;0;392368.4638;5926720.2563;7.378153278;53.47844653
9403;3;4;4;0;2018;1;18;2;2;6;2;2;0;1;1;0;0;0;1;433634.53;5791599.0487;8.027395189;52.270759259
9404;3;3;54;26;2018;1;8;6;3;8;7;1;0;1;0;0;0;0;1;640651.1226;5867565.4725;11.093009626;52.939271645
9405;3;2;54;21;2018;1;14;6;3;2;6;0;0;1;0;0;0;0;0;567532.3421;5779580.945;9.987304407;52.162582997
9406;3;4;53;2;2018;1;21;4;2;8;1;2;0;1;0;0;0;0;0;429587.6299;5875078.0184;7.950281496;53.020605492
9407;3;1;55;7;2018;1;11;2;2;9;6;0;0;1;0;0;0;0;0;575380.8318;5726950.9137;10.09049829;51.68845318
9408;3;4;60;6;2018;1;17;4;2;9;1;2;0;1;0;0;0;0;0;446834.6569;5836265.7012;8.213700622;52.673720263
9409;3;4;59;24;2018;1;13;7;3;5;3;0;0;1;0;0;0;0;0;455602.171;5775779.5997;8.351382997;52.130754064
9410;3;4;60;1;2018;1;7;4;3;8;1;2;0;1;0;0;0;0;1;447290.1012;5844884.4213;8.219053589;52.751238719
9411;3;4;55;27;2018;1;18;4;2;2;6;2;0;1;0;1;0;0;1;430439.791;5916876.0588;7.953872766;53.396382119
9412;3;2;54;28;2018;1;18;6;3;2;6;2;0;1;0;0;0;0;0;558982.0904;5787388.8582;9.863678057;52.233753166
9413;3;4;54;41;2018;1;14;6;2;2;2;0;0;1;0;0;0;0;0;393512.3978;5882829.985;7.410091594;53.084302813
9414;3;2;52;3;2018;1;22;6;3;4;2;2;0;1;0;0;0;0;1;516117.658;5759540.278;9.234706804;51.986298269
9415;3;3;56;5;2018;1;10;4;3;5;2;0;1;0;0;0;0;1;1;493977.0834;5888707.6467;8.909945884;53.147724443
9416;3;4;53;4;2018;1;23;2;3;2;6;2;0;1;0;0;0;0;1;438833.4857;5858588.2588;8.091211445;52.873525911
9417;3;3;61;4;2018;1;7;4;3;9;1;2;0;1;0;0;0;0;2;496301.0888;5863630.3138;8.944981864;52.922316153
9418;3;1;51;40;2018;1;8;2;3;3;2;0;1;1;0;0;0;0;1;617351.6003;5843317.8294;10.737765573;52.726993353
9419;3;1;53;12;2018;1;1;6;3;9;1;2;0;1;0;0;0;0;1;577687.5152;5746978.8655;10.128343396;51.868181221
9420;3;4;52;1;2018;1;18;2;3;5;2;2;0;1;0;0;0;0;1;400955.7651;5922674.2541;7.508775595;53.443776138
9421;3;3;61;12;2018;1;17;4;3;2;6;2;0;1;0;0;0;0;0;515638.263;5866078.9364;9.232722823;52.944113014
9422;3;2;52;8;2018;1;12;2;3;2;6;0;0;1;0;0;0;0;0;544358.2009;5771572.515;9.647489958;52.092934664
9423;3;4;51;4;2018;1;7;4;3;2;6;1;0;1;0;0;0;0;1;439043.2497;5883486.639;8.089634557;53.097344389
9424;3;4;55;14;2018;1;12;7;3;5;3;0;1;1;0;0;0;0;0;434695.0492;5928377.8884;8.015470019;53.500297418
9425;3;2;51;37;2018;1;6;4;3;6;4;2;0;1;1;0;0;0;1;480768.5935;5866784.7149;8.713764134;52.950340808
9426;3;4;1;0;2018;1;13;4;3;1;5;0;0;1;0;0;0;0;0;476061.61;5880677.34;8.642677769;53.075035547
9427;3;2;54;5;2018;1;14;6;3;2;6;0;0;1;0;0;0;0;0;570836.4374;5773057.6447;10.034242122;52.103529049
9428;3;4;53;6;2018;1;19;6;3;5;3;2;1;1;0;0;0;0;0;430129.0966;5845337.6077;7.96474037;52.753365941
9429;3;3;59;36;2018;1;16;4;3;2;2;2;0;1;0;0;0;0;0;516117.04;5937864.39;9.243486043;53.58937437
9430;3;4;51;7;2018;1;14;2;3;5;3;0;0;1;0;0;0;0;1;426410.9744;5904625.8518;7.896141892;53.285740437
9431;3;3;58;22;2018;1;7;4;3;8;1;1;0;1;0;0;0;0;2;536744.7345;5855505.527;9.545615375;52.848036681
9432;3;4;56;1;2018;1;3;1;2;5;3;2;0;1;0;0;0;1;0;376200.1075;5796625.9925;7.184182543;52.306001599
9433;3;3;57;13;2018;1;8;4;3;5;3;0;0;1;0;0;1;0;1;523004.132;5898011.085;9.344622441;53.230890251
9434;3;2;41;16;2018;1;14;7;3;8;1;0;0;1;0;0;0;0;1;561936.5585;5799674.3831;9.909192984;52.343868051
9435;3;3;57;41;2018;1;19;4;3;8;6;2;0;0;0;0;1;1;0;526078.0896;5894117.9947;9.39035375;53.195753632
9436;3;3;60;16;2018;1;7;4;3;9;1;1;0;1;0;0;0;0;2;612725.3935;5870204.9081;10.67858776;52.969579663
9437;3;3;52;32;2018;1;14;7;3;5;2;0;0;1;0;0;0;0;0;472242.0812;5921445.2342;8.582109583;53.441305204
9438;3;3;54;4;2018;1;17;4;3;0;2;2;0;1;0;0;1;0;1;641428.4608;5887264.7653;11.113203873;53.116031975
9439;3;3;55;5;2018;1;7;4;3;2;6;2;0;1;0;0;0;0;0;601141.2678;5898929.1863;10.515202784;53.230010507
9440;3;4;51;4;2018;1;14;6;3;4;2;0;0;1;0;0;0;1;0;433329.1376;5886539.28;8.003675991;53.124098045
9441;3;2;41;21;2018;1;21;4;3;5;2;2;0;1;0;0;0;0;0;531641.421;5806777.9249;9.465171852;52.410314394
9442;3;2;51;47;2018;1;16;2;3;2;6;2;0;1;0;0;0;0;1;491555.4091;5871619.3806;8.874185797;52.994079998
9443;3;2;41;19;2018;1;7;4;3;6;2;2;0;1;1;0;0;0;2;549325.279;5826725.7322;9.728086302;52.58832608
9444;3;3;61;12;2018;1;18;1;3;4;2;2;1;1;0;0;0;0;0;515579.03;5863572.1;9.23172096;52.921579635
9445;3;2;41;11;2018;1;17;4;3;2;6;2;0;1;0;0;0;0;0;564111.4647;5805075.252;9.942147137;52.392167483
9446;3;2;41;11;2018;1;14;4;3;2;6;0;0;1;0;0;0;0;0;570257.8519;5803718.6664;10.032171408;52.37921897
9447;3;2;56;30;2018;1;17;7;3;7;7;2;0;0;0;1;0;0;0;498570.1551;5828066.7701;8.978887459;52.602618147
9448;3;1;59;16;2018;1;16;6;2;3;2;2;1;1;0;0;0;0;1;563933.2006;5709694.643;9.921768359;51.53473306
9449;3;2;41;7;2018;1;7;6;3;6;4;2;0;1;1;0;0;0;0;550875.8533;5796947.8682;9.746432067;52.320495237
9450;3;1;55;10;2018;1;22;4;3;8;1;2;0;1;0;0;0;0;1;565607.7207;5722109.142;9.948228568;51.646151725
9451;3;4;59;26;2018;1;14;2;3;5;3;0;0;1;0;0;1;0;0;418572.7111;5816123.4096;7.800749297;52.489170264
9452;3;3;58;7;2018;1;15;6;2;8;1;0;0;1;0;0;0;0;1;543785.2697;5837336.3258;9.647723958;52.684183526
9453;3;2;54;26;2018;1;15;4;3;0;7;1;0;1;0;0;0;1;0;553798.3966;5779694.026;9.786558903;52.165109075
9454;3;2;41;18;2018;1;17;2;3;5;3;2;0;1;0;0;0;0;1;576912.9757;5805912.6993;10.13042707;52.398046173
9455;3;3;53;31;2018;1;5;6;3;2;6;2;0;1;0;0;1;0;1;568253.6628;5917395.7466;10.026593781;53.401223268
9456;3;1;53;12;2018;1;15;4;3;3;6;0;0;1;0;0;1;0;0;577852.4832;5749386.1949;10.131281975;51.889798647
9457;3;3;57;45;2018;1;18;2;2;2;6;2;0;1;0;0;1;0;1;513200.5588;5884186.7305;9.197186979;53.106955598
9458;3;2;55;31;2018;1;6;4;2;8;1;2;0;1;0;0;0;0;2;525079.0087;5757477.1749;9.365049669;51.967416975
9459;3;2;41;1;2018;1;12;1;3;5;2;0;1;1;0;0;0;0;0;550087.5415;5805436.8894;9.736134349;52.39688122
9460;3;2;52;1;2018;1;6;4;3;0;1;2;0;1;0;0;0;0;2;519055.5742;5767048.7111;9.277906526;52.053712235
9461;3;2;52;5;2018;1;7;4;3;9;1;2;0;1;0;0;0;0;2;534204.1929;5766644.8513;9.498786523;52.049353304
9462;3;1;58;30;2018;1;13;7;3;2;6;0;0;1;0;0;0;0;0;612322.9809;5786536.0343;10.644202642;52.21779209
9463;3;1;51;9;2018;1;23;6;3;4;1;2;0;1;0;0;0;0;1;605590.0805;5817152.5372;10.555317372;52.494277804
9464;3;1;59;13;2018;1;12;4;3;5;3;0;1;1;0;0;0;0;0;564616.1619;5698980.6049;9.929652647;51.438330078
9465;3;4;57;20;2018;1;6;2;3;5;3;2;0;1;0;0;0;0;0;416704.15;5902848.91;7.751037901;53.268334977
9466;3;3;51;6;2018;1;7;6;3;5;3;1;1;1;0;0;0;0;1;575630.24;5828888.39;10.116799603;52.604741665
9467;3;2;52;4;2018;1;12;6;3;2;2;0;0;1;0;0;0;0;1;539971.7174;5772132.3725;9.583530581;52.098302232
9468;3;1;59;1;2018;1;16;4;3;5;3;0;0;1;0;0;0;0;0;554587.2098;5711844.959;9.787369343;51.555047314
9469;3;1;55;5;2018;1;9;2;3;5;3;2;0;1;0;0;0;0;1;557926.2015;5722222.7353;9.837239978;51.648016874
9470;3;1;59;16;2018;1;16;4;3;2;6;1;0;1;0;0;0;0;0;560983.3424;5708490.4206;9.879035229;51.524232745
9471;3;4;57;18;2018;1;3;7;1;9;1;2;0;1;0;0;0;0;1;404815.4079;5888332.692;7.5771589;53.135887263
9472;3;1;1;0;2018;1;15;6;3;2;2;0;0;1;0;0;0;0;1;598779.5263;5790834.7022;10.447280887;52.259022277
9473;3;1;58;13;2018;1;6;4;3;2;6;2;0;1;0;0;0;0;1;616544.5069;5783499.5959;10.704923994;52.189627797
9474;3;1;58;37;2018;1;7;4;2;5;2;2;1;1;0;0;0;0;1;606352.2516;5780249.7638;10.554865395;52.162480192
9475;3;1;58;4;2018;1;18;4;3;9;1;2;0;1;0;0;0;0;0;583329.9127;5779169.9845;10.218108536;52.156730259
9476;3;2;56;3;2018;1;22;1;3;9;1;2;0;1;0;0;0;0;1;509050.8653;5847859.5794;9.134185812;52.780479534
9477;3;1;57;9;2018;1;7;4;2;9;7;2;0;0;0;0;0;1;1;581430.4112;5790736.1897;10.193130455;52.260978739
9478;3;1;2;0;2018;1;7;4;3;2;2;1;0;1;0;0;0;0;0;590258.588;5779401.974;10.319424932;52.157726246
9479;3;4;4;0;2018;1;11;6;1;5;3;0;1;1;0;0;0;0;1;434183.5527;5795074.6927;8.03476124;52.302068662
9480;3;4;59;14;2018;1;9;5;3;3;6;0;0;1;0;0;1;0;0;434338.565;5806164.6441;8.034865175;52.4017764
9481;3;1;51;40;2018;1;20;4;3;4;1;2;0;1;0;0;1;0;0;625184.5647;5837572.9415;10.851507345;52.673618563
9482;3;4;60;5;2018;1;17;2;3;5;2;2;1;1;0;0;0;0;1;441433.2137;5825403.3943;8.135749965;52.575522431
9483;3;1;51;16;2018;1;19;4;2;2;2;2;0;1;0;0;0;0;0;604484.98;5804204.57;10.534996292;52.378126545
9484;3;1;59;13;2018;1;21;2;2;9;1;2;0;1;0;0;1;0;1;564580.38;5696118.7118;9.928616218;51.412603851
9485;3;4;57;14;2018;1;19;3;3;2;2;2;0;1;0;0;0;0;0;399419.0973;5906613.1303;7.490759192;53.299164152