OBJECTID_1;ULAND;UREGBEZ;UKREIS;UGEMEINDE;UJAHR;UMONAT;USTUNDE;UWOCHENTAG;UKATEGORIE;UART;UTYP1;ULICHTVERH;IstRad;IstPKW;IstFuss;IstKrad;IstGkfz;IstSonstig;STRZUSTAND;LINREFX;LINREFY;XGCSWGS84;YGCSWGS84
9486;3;3;61;1;2018;1;16;7;3;3;6;2;0;1;0;0;0;0;0;504157.7603;5874069.2061;9.061977201;53.016152925
9487;3;4;57;12;2018;1;16;5;3;9;1;2;0;1;0;0;0;0;1;388792.4494;5901604.1728;7.333126516;53.252034037
9488;3;4;57;22;2018;1;18;3;3;5;2;2;0;1;0;1;0;0;0;396970.5041;5885507.5812;7.460843352;53.109042194
9489;3;4;57;21;2018;1;12;3;3;5;3;0;1;1;0;0;0;0;0;389451.2129;5891364.7124;7.346542275;53.160166381
9490;3;4;55;27;2018;1;7;6;2;6;4;2;0;0;1;0;0;1;1;431665.8156;5919138.6266;7.971817637;53.416876743
9491;3;4;56;17;2018;1;7;5;3;4;2;2;0;1;0;0;0;0;1;369213.1895;5824916.3198;7.070691691;52.558577186
9492;3;4;62;8;2018;1;17;3;3;2;6;2;0;1;0;0;0;0;1;408441.68;5940785.81;7.616151696;53.607880413
9493;3;2;51;47;2018;1;17;2;3;6;6;2;1;0;1;0;0;0;1;489983.2532;5869733.0491;8.850821081;52.977095879
9494;3;4;56;15;2018;1;13;6;3;2;6;0;0;1;0;0;1;0;0;369718.6664;5811787.9548;7.083282325;52.440738161
9495;3;4;52;19;2018;1;10;3;3;5;3;0;1;1;0;0;0;0;0;383630.48;5936956.55;7.242747039;53.568554742
9496;3;3;56;8;2018;1;6;2;3;2;2;2;0;1;0;0;0;0;0;483774.8901;5892839.7813;8.757195063;53.184655574
9497;3;4;52;1;2018;1;17;3;3;5;3;2;1;1;0;0;0;0;0;398074.845;5925813.6448;7.464399262;53.471435956
9498;3;4;59;24;2018;1;10;1;3;5;3;0;0;1;0;1;0;0;0;451276.8439;5788106.2483;8.286426713;52.241205914
9499;3;4;53;11;2018;1;18;3;3;5;3;2;0;1;0;0;0;0;0;416132.92;5844624.53;7.757593582;52.744966195
9500;3;3;57;28;2018;1;1;7;2;3;6;2;0;1;0;0;0;0;0;517799.2993;5892387.842;9.266336876;53.18054273
9501;3;4;56;15;2018;1;16;5;3;0;6;0;0;1;0;1;0;0;0;369687.378;5811790.5755;7.082821262;52.440754249
9502;3;4;53;5;2018;1;13;3;3;5;3;0;0;1;0;0;0;0;0;441697.9915;5853826.0147;8.134617521;52.831037889
9503;3;4;51;7;2018;1;17;3;3;5;7;2;0;1;0;0;0;0;1;425484.4981;5895262.6892;7.884438081;53.20146098
9504;3;4;58;9;2018;1;7;6;3;5;3;1;0;1;0;0;0;0;1;448942.98;5878816.65;8.238208806;53.056406974
9505;3;2;51;41;2018;1;19;3;3;5;3;2;1;1;0;0;0;0;0;487602.1069;5865477.4969;8.815521847;52.93879103
9506;3;2;51;7;2018;1;16;2;2;5;3;1;0;1;0;0;0;0;1;480462.6795;5865748.1917;8.709273516;52.941012038
9507;3;2;51;41;2018;1;11;3;3;2;2;0;0;1;0;0;0;0;0;488825.08;5865369.75;8.833723065;52.937849295
9508;3;3;53;9;2018;1;19;1;3;1;5;2;0;1;0;0;0;0;0;571057.3541;5889291.8576;10.062473674;53.14827082
9509;3;4;58;10;2018;1;12;3;3;5;3;0;1;1;0;0;0;0;0;464844.9984;5884023.144;8.474890762;53.104490249
9510;3;4;58;8;2018;1;7;3;2;2;6;2;0;1;0;0;0;1;0;473883.2695;5861355.6657;8.611723668;52.901246293
9511;3;3;53;35;2018;1;16;3;3;4;2;0;0;1;0;0;0;0;0;547488.5501;5903779.4113;9.712258654;53.28111326
9512;3;4;52;6;2018;1;0;1;2;8;1;2;0;1;0;0;0;0;0;407766.8639;5910911.9451;7.614726965;53.339313542
9513;3;3;53;5;2018;1;17;3;3;2;6;2;0;1;0;0;0;0;0;552866.0541;5904707.5075;9.793059745;53.288946188
9514;3;3;59;3;2018;1;19;3;3;2;2;2;0;1;0;0;0;0;0;541509.764;5921311.145;9.624892986;53.439196433
9515;3;2;41;1;2018;1;14;7;3;5;3;0;0;1;0;0;0;0;0;557028.5801;5806969.2801;9.838396448;52.409977289
9516;3;4;54;46;2018;1;15;5;3;2;2;0;0;1;0;0;0;0;0;400669.56;5807751.86;7.539649893;52.410966576
9517;3;3;59;28;2018;1;6;3;3;2;2;2;0;1;0;0;0;0;0;545804.3326;5932584.0125;9.691184415;53.540161699
9518;3;3;53;31;2018;1;15;6;3;2;6;0;0;1;0;0;0;0;1;567507.2105;5920366.9844;10.01600473;53.428022917
9519;3;3;59;25;2018;1;16;3;3;4;6;1;0;1;0;0;0;0;0;521451.0561;5938876.2617;9.324137344;53.598278357
9520;3;2;41;1;2018;1;11;2;3;3;6;0;0;1;0;0;0;0;0;558646.0207;5801179.9158;9.861158859;52.357763661
9521;3;3;53;26;2018;1;5;3;3;2;6;2;0;1;0;0;0;0;0;553562.0271;5913697.6848;9.805018908;53.369680423
9522;3;2;41;17;2018;1;16;1;3;2;6;0;0;1;0;0;0;0;0;542805.2167;5785881.5929;9.626626652;52.221698172
9523;3;3;60;30;2018;1;17;3;3;2;2;2;0;1;0;0;0;0;0;606908.726;5862136.731;10.589350646;52.898269767
9524;3;2;41;1;2018;1;17;3;3;2;6;2;0;1;0;0;0;0;0;547496.4837;5807682.4781;9.698375582;52.417299287
9525;3;1;2;0;2018;1;6;7;3;9;1;2;0;1;0;0;0;0;1;594878.5577;5777393.2549;10.386379069;52.138897066
9526;3;4;54;32;2018;1;16;5;3;2;2;2;0;1;0;0;0;0;0;386587.581;5817431.76;7.329417672;52.495216775
9527;3;2;41;7;2018;1;18;3;3;6;2;2;0;1;1;0;0;0;1;550466.4613;5794888.7169;9.74011735;52.302021818
9528;3;4;52;23;2018;1;7;2;3;4;2;1;0;1;0;0;0;1;0;391128.6518;5931733.7011;7.357739196;53.523237291
9529;3;2;41;11;2018;1;17;3;3;5;3;2;0;1;0;0;0;0;1;562047.168;5801185.0819;9.911095636;52.357435648
9530;3;2;55;10;2018;1;20;7;3;2;6;2;0;1;0;0;0;0;0;541259.0396;5757259.5486;9.600528561;51.964494871
9531;3;4;54;31;2018;1;11;5;3;5;3;0;0;1;0;0;0;0;1;401115.4616;5821829.0533;7.542027059;52.53756369
9532;3;2;41;10;2018;1;17;3;3;2;6;2;0;1;0;0;0;1;0;548728.0535;5810296.48;9.716863877;52.440689776
9533;3;4;4;0;2018;1;19;2;2;6;4;2;0;1;1;0;0;0;1;435621.49;5790331.38;8.056752172;52.259600001
9534;3;3;54;4;2018;1;10;6;2;5;3;0;0;1;0;0;0;1;1;642959.5594;5885928.4894;11.135469041;53.103620061
9535;3;2;41;8;2018;1;7;3;3;6;4;2;0;1;1;0;0;0;0;553570.117;5812008.452;9.788365744;52.455626221
9536;3;2;41;1;2018;1;7;2;3;5;3;2;1;1;0;0;0;0;0;549876.5812;5807762.6144;9.733380812;52.417807815
9537;3;2;41;11;2018;1;5;3;2;2;6;2;0;0;0;0;1;0;0;575179.2411;5802122.1551;10.104100439;52.364214982
9538;3;1;58;37;2018;1;16;1;3;3;2;1;1;1;0;0;0;0;0;604245.3099;5780241.4208;10.524071357;52.162807125
9539;3;4;60;1;2018;1;17;5;3;2;6;2;0;1;0;0;0;0;0;447513.9771;5841741.7002;8.222872792;52.72301058
9540;3;1;55;9;2018;1;11;3;3;5;3;0;0;1;0;0;0;0;0;559954.8823;5727213.405;9.867414702;51.692672485
9541;3;2;57;19;2018;1;19;3;3;9;1;2;0;1;0;0;0;0;1;514066.8841;5800138.4943;9.206526576;52.351358002
9542;3;4;57;20;2018;1;23;6;2;2;6;2;0;1;0;0;0;0;0;414549.1581;5900748.7417;7.719298061;53.249118437
9543;3;4;5;0;2018;1;8;5;3;2;2;1;0;1;0;0;0;0;1;441613.4261;5936336.1893;8.118271502;53.572636526
9544;3;2;57;30;2018;1;18;3;3;7;7;2;0;1;0;0;0;0;1;515354.5591;5804868.0943;9.225648343;52.393844057
9545;3;1;55;10;2018;1;11;6;3;2;6;0;0;1;0;1;0;0;1;564796.072;5720187.3506;9.936143684;51.628968341
9546;3;4;53;10;2018;1;17;2;3;4;6;2;0;1;0;0;0;0;1;421336.1466;5854201.6048;7.832353702;52.831826098
9547;3;2;56;22;2018;1;16;3;3;5;3;2;0;1;0;0;0;0;0;516660.7623;5832503.0338;9.246228896;52.642246245
9548;3;1;58;37;2018;1;8;2;3;5;3;0;0;1;0;0;0;0;1;609269.4692;5782456.7047;10.598208031;52.181744655
9549;3;2;54;20;2018;1;18;3;3;5;3;2;0;1;0;0;0;0;1;570799.23;5784352.86;10.036053664;52.205069371
9550;3;4;58;5;2018;1;9;7;3;9;1;0;0;1;0;0;0;0;0;471499.0981;5882952.2056;8.574374533;53.095260473
9551;3;4;51;7;2018;1;6;5;3;5;2;2;0;1;0;1;0;0;1;426370.8989;5894693.9801;7.8978367;53.196473208
9552;3;2;54;21;2018;1;8;2;3;3;6;0;0;1;0;0;1;0;0;566509.999;5779187.628;9.972283322;52.159171441
9553;3;2;54;21;2018;1;16;3;3;4;6;2;0;1;0;0;0;0;0;558482.7658;5788860.9864;9.856622093;52.247040253
9554;3;4;52;1;2018;1;20;7;3;5;3;2;1;1;0;0;0;0;0;400091.7016;5925376.9685;7.494912375;53.467898679
9555;3;4;51;4;2018;1;10;5;3;8;7;0;0;1;0;0;0;0;1;424656.66;5886723.3;7.874057753;53.124597057
9556;3;2;54;32;2018;1;17;3;3;0;7;2;0;0;0;1;0;0;1;583760.2053;5782777.5259;10.225287643;52.189092027
9557;3;2;54;21;2018;1;19;3;3;5;3;2;1;1;0;0;0;0;1;566188.5026;5779769.2661;9.967697628;52.164438674
9558;3;4;53;11;2018;1;13;6;3;2;2;0;0;1;0;0;0;0;1;421083.72;5843726.17;7.831133619;52.737637222
9559;3;4;3;0;2018;1;7;5;3;5;3;1;1;1;0;0;0;0;1;444576.1885;5888330.106;8.171420236;53.14148221
9560;3;1;54;28;2018;1;17;3;2;5;3;2;0;1;0;0;0;1;0;636480.6043;5786724.8458;10.997689819;52.21403429
9561;3;4;3;0;2018;1;17;2;3;2;6;2;0;1;0;0;0;0;1;448103.883;5891726.8151;8.223602739;53.172368314
9562;3;1;3;0;2018;1;5;3;2;6;4;2;0;0;1;0;0;1;0;618380.4475;5810198.1625;10.741159079;52.429159473
9563;3;2;41;1;2018;1;12;6;3;6;2;0;0;1;1;0;0;0;0;553153.324;5808591.079;9.781688735;52.424946651
9564;3;4;54;8;2018;1;18;1;3;5;2;2;0;1;0;0;0;0;0;389358.8122;5872341.0025;7.351703399;52.989208142
9565;3;1;58;37;2018;1;7;3;3;3;6;2;1;1;0;0;0;0;0;602139.4605;5780336.3838;10.493323755;52.164054298
9566;3;2;41;14;2018;1;17;7;3;0;7;2;1;0;0;0;0;0;0;542471.0005;5795861.8774;9.622990705;52.31144699
9567;3;2;51;7;2018;1;15;5;3;2;6;0;0;1;0;0;0;0;1;483152.7434;5855361.4786;8.74984094;52.847731807
9568;3;1;57;9;2018;1;7;3;3;5;3;2;1;1;0;0;0;0;0;585652.07;5790340.4;10.254870708;52.256780038
9569;3;4;1;0;2018;1;21;6;3;2;6;2;0;1;1;0;0;0;0;474848.8579;5878018.5753;8.624783477;53.051079807
9570;3;4;58;3;2018;1;16;5;3;9;1;0;0;1;0;0;0;0;0;463007.9618;5865896.4537;8.449530436;52.941425621
9571;3;1;51;17;2018;1;20;3;3;5;3;2;1;1;0;0;0;0;1;592873.0478;5813894.0224;10.367152115;52.467304952
9572;3;1;51;27;2018;1;12;3;3;3;6;0;0;1;0;0;1;0;0;596127.8735;5799387.0328;10.4108838;52.336358495
9573;3;4;59;24;2018;1;8;2;3;2;7;0;0;1;0;0;1;0;0;460934.2368;5783280.1072;8.42841244;52.198588247
9574;3;4;3;0;2018;1;14;6;3;2;6;0;0;1;0;0;0;0;1;446265.7786;5887003.4178;8.196899072;53.12973054
9575;3;3;52;62;2018;1;7;5;3;2;6;1;0;1;0;0;0;0;1;473252.8389;5938857.2593;8.595839177;53.597864041
9576;3;4;59;22;2018;1;14;2;3;6;2;0;0;1;1;0;0;0;0;441522.0026;5776888.2004;8.145514033;52.139409497
9577;3;2;51;37;2018;1;14;2;3;2;6;0;0;1;0;0;0;0;0;481868.6344;5876114.0869;8.729613411;53.034244024
9578;3;4;59;14;2018;1;6;2;3;4;6;2;0;1;0;0;0;0;0;430124.7471;5809383.845;7.972265643;52.430191595
9579;3;3;56;3;2018;1;18;1;3;5;3;2;0;1;0;0;0;0;0;488481.7382;5904195.4126;8.827220988;53.286854421
9580;3;4;59;27;2018;1;16;2;2;4;2;0;0;1;0;0;0;0;0;418706.4479;5803142.0297;7.805876487;52.372509167
9581;3;4;59;30;2018;1;14;2;3;2;6;0;0;1;0;0;0;0;0;430187.3641;5836969.2963;7.967381402;52.678155747
9582;3;1;55;10;2018;1;18;7;3;2;2;2;0;1;0;0;0;0;0;563290.8339;5720319.1819;9.914423549;51.630324906
9583;3;3;59;18;2018;1;20;5;3;2;6;2;0;1;0;0;0;0;1;519047.1546;5963809.5126;9.289347183;53.822477266
9584;3;4;57;13;2018;1;15;2;2;2;6;0;0;1;0;0;0;0;0;398690.9267;5896898.4234;7.482929374;53.211730217
9585;3;4;59;29;2018;1;14;2;3;4;2;0;0;1;0;0;0;0;0;446384.2163;5798971.6851;8.213049878;52.338427736
9586;3;3;59;12;2018;1;14;6;3;3;6;0;0;1;0;0;0;0;0;537173.4258;5934051.9328;9.561126732;53.554037396
9587;3;4;54;41;2018;1;7;2;2;2;2;1;0;1;0;0;0;0;0;394097.2992;5882496.3904;7.41893066;53.081421488
9588;3;2;41;19;2018;1;14;2;3;0;1;0;1;0;0;0;0;0;0;546634.9251;5822860.6894;9.687833549;52.553818991
9589;3;4;56;9;2018;1;11;2;2;5;3;0;0;1;0;0;0;0;0;358991.39;5824784.2;6.920064582;52.55483797
9590;3;2;41;1;2018;1;18;1;3;6;4;2;0;1;1;0;0;0;0;547461.3141;5802975.5086;9.697191314;52.374988169
9591;3;4;56;15;2018;1;9;2;3;2;6;1;0;1;0;0;0;0;0;374950.1781;5814301.3817;7.159263355;52.464544893
9592;3;3;59;37;2018;1;7;2;3;2;2;0;0;1;0;0;0;1;1;539316.6974;5913326.7607;9.590885096;53.36759821
9593;3;4;54;14;2018;1;13;2;3;2;5;0;0;1;0;0;0;0;0;381371.231;5828663.407;7.248604328;52.595034087
9594;3;3;51;6;2018;1;8;1;3;5;3;0;1;1;0;0;0;0;0;576066.1755;5830952.3442;10.123710438;52.623232222
9595;3;4;54;45;2018;1;20;2;3;2;2;2;0;1;0;0;0;0;0;393009.9045;5799020.1764;7.429868114;52.331050652
9596;3;4;62;5;2018;1;19;2;3;2;6;2;0;1;0;0;0;0;2;417830.9408;5926191.5036;7.761859599;53.478285315
9597;3;1;55;9;2018;1;0;7;3;3;6;2;0;1;0;0;1;0;0;563447.3592;5723942.8736;9.917342018;51.662885528
9598;3;3;58;16;2018;1;17;5;2;9;1;2;0;1;0;0;0;0;1;566868.3022;5873484.3976;9.9965619;53.00673648
9599;3;4;52;7;2018;1;17;2;2;2;6;2;0;1;0;0;0;0;0;390276.8636;5938402.7473;7.342555853;53.582980429
9600;3;4;4;0;2018;1;10;2;3;6;4;0;0;1;1;0;0;0;0;435929.2136;5789552.9661;8.061407886;52.25263849
9601;3;3;55;9;2018;1;13;6;3;9;1;0;0;1;0;0;0;0;1;613261.3865;5912533.7556;10.701543453;53.349802233
9602;3;1;59;16;2018;1;18;6;2;2;6;2;0;1;0;0;0;0;1;564091.2025;5712104.7387;9.9244851;51.556383076
9603;3;4;60;3;2018;1;10;2;3;5;2;0;1;1;0;0;0;0;0;440436.2156;5835301.5243;8.119255416;52.664387933
9604;3;1;55;9;2018;1;7;2;3;3;6;2;0;1;0;0;0;0;2;557365.3913;5730932.8442;9.830567056;51.726382571
9605;3;4;60;6;2018;1;10;2;3;5;3;0;0;1;0;0;0;0;0;447427.3859;5840977.0096;8.221713189;52.716128348
9606;3;4;59;24;2018;1;11;7;3;5;3;0;0;1;0;0;0;0;0;455868.0694;5778066.5746;8.354970333;52.151335662
9607;3;3;60;1;2018;1;18;5;3;5;3;0;0;1;0;0;0;0;1;609315.5685;5888741.4352;10.634125667;53.136849379
9608;3;4;60;9;2018;1;6;2;3;8;7;2;0;1;0;0;0;0;0;449532.7802;5842210.4332;8.252689073;52.727416161
9609;3;4;53;11;2018;1;16;2;2;4;2;1;0;1;0;0;0;0;1;418288.9988;5841474.6349;7.7903098;52.716985675
9610;3;4;56;1;2018;1;12;6;3;2;6;0;0;1;0;0;0;0;0;375028.7033;5796719.7705;7.166975817;52.30657897
9611;3;3;55;22;2018;1;1;5;3;9;1;2;0;1;0;0;0;0;1;595227.236;5903518.2645;10.428008163;53.272342285
9612;3;3;56;2;2018;1;9;2;3;4;6;0;0;1;0;0;0;0;0;498737.62;5893060.42;8.981107818;53.186884837
9613;3;4;55;27;2018;1;17;2;3;6;4;2;0;1;1;0;0;0;1;431660.9917;5919132.2497;7.971746451;53.416818807
9614;3;3;56;9;2018;1;6;2;3;5;3;2;0;1;0;1;0;0;1;475152.965;5897530.563;8.627807298;53.226487876
9615;3;4;59;21;2018;1;15;6;3;5;3;0;1;1;0;0;0;0;1;429887.6885;5787636.2586;7.973316286;52.234672237
9616;3;3;61;6;2018;1;17;2;3;5;3;2;1;1;0;0;0;0;0;512385.4682;5869717.2084;9.184455383;52.976903982
9617;3;4;53;7;2018;1;15;2;3;5;3;1;0;1;0;0;0;1;1;425533.1429;5877275.4549;7.889341321;53.039806624
9618;3;4;3;0;2018;1;15;2;3;5;2;0;1;0;0;0;0;1;0;445902.7992;5888352.0312;8.191247027;53.141815609
9619;3;1;59;11;2018;1;7;2;3;4;1;1;0;1;0;0;0;0;1;573822.959;5712576.761;10.064935793;51.559436885
9620;3;3;53;29;2018;1;6;2;3;9;1;2;0;1;0;0;0;0;2;561506.1679;5914373.0007;9.924532107;53.374885134
9621;3;3;56;7;2018;1;12;7;3;9;1;0;0;1;0;0;0;0;0;494399.3245;5901671.1724;8.916031713;53.264259577
9622;3;3;59;10;2018;1;13;2;3;2;6;0;0;1;0;0;0;0;0;542361.3587;5926023.3663;9.638347111;53.481482953
9623;3;3;59;10;2018;1;14;2;3;5;2;0;0;1;0;0;0;0;0;549648.28;5922706.92;9.747620915;53.451037981
9624;3;4;53;4;2018;1;7;6;3;2;2;1;0;1;0;0;0;0;0;432039.1298;5852712.9144;7.991504287;52.819901463
9625;3;3;58;16;2018;1;16;2;3;5;2;2;0;1;0;0;0;0;0;570575.1309;5874912.6095;10.05210835;53.019097379
9626;3;4;3;0;2018;1;16;2;3;2;6;1;0;1;0;0;0;0;1;445910.8568;5887418.2108;8.191525078;53.133422946
9627;3;3;57;8;2018;1;6;2;3;5;2;2;0;1;0;0;0;0;1;513840.8113;5930264.1516;9.208761955;53.521124444
9628;3;4;52;19;2018;1;15;1;3;2;6;0;0;1;0;0;0;0;0;383099.3661;5937908.1706;7.234374827;53.576986327
9629;3;3;57;37;2018;1;5;2;2;2;6;2;0;1;0;0;1;0;0;514901.8915;5887987.1744;9.222777478;53.141073642
9630;3;1;51;16;2018;1;20;2;3;5;3;2;0;1;0;0;0;0;0;604068.8491;5798903.1764;10.527241703;52.330561
9631;3;3;57;13;2018;1;11;2;3;2;7;0;0;1;0;0;1;0;0;523296.7853;5898307.744;9.349028247;53.233544136
9632;3;3;57;31;2018;1;17;7;2;8;1;2;0;1;0;0;0;0;0;527192.9782;5875167.9431;9.405436336;53.025355096
9633;3;3;60;8;2018;1;12;2;3;5;3;0;0;1;0;0;0;0;0;603198.2856;5875894.7517;10.538595207;53.022627918
9634;3;3;55;26;2018;1;6;2;3;7;7;2;0;1;0;0;0;0;2;612842.1802;5904274.7745;10.692310422;53.275684688
9635;3;2;51;47;2018;1;13;6;3;2;2;0;0;1;0;0;0;0;0;487660.2242;5871285.9556;8.816165251;52.991007146
9636;3;3;51;6;2018;1;12;2;3;1;1;0;0;1;0;0;0;0;0;575580.0204;5828901.0797;10.116061085;52.604862713
9637;3;2;51;47;2018;1;15;2;3;2;6;0;0;1;0;0;0;0;1;485697.5009;5870778.8726;8.786947749;52.98639998
9638;3;2;41;1;2018;1;18;2;3;5;3;2;1;1;0;0;0;0;0;549716.058;5802327.023;9.730213768;52.368958507
9639;3;3;53;31;2018;1;10;1;3;5;3;0;0;1;0;0;0;0;0;564978.6295;5917182.9046;9.977298687;53.399723635
9640;3;2;41;1;2018;1;13;2;3;2;6;0;0;1;0;0;0;0;0;547495.2687;5803217.5163;9.697724344;52.377160806
9641;3;2;41;21;2018;1;15;2;3;4;2;0;1;1;0;0;0;0;0;529187.8901;5808669.9416;9.429267911;52.427460149
9642;3;2;54;3;2018;1;17;7;3;5;3;2;0;1;0;0;0;0;0;566516.2201;5791973.3082;9.974887559;52.274105351
9643;3;2;41;1;2018;1;7;6;2;2;6;1;0;1;0;0;0;0;1;554026.9755;5800456.4281;9.793223648;52.351734586
9644;3;2;41;21;2018;1;8;2;3;6;2;0;0;1;1;0;0;0;0;529064.429;5809075.7149;9.427487507;52.431114648
9645;3;4;59;7;2018;1;6;2;2;4;6;2;0;1;0;0;1;0;0;430339.2696;5832945.2119;7.970478143;52.642004837
9646;3;2;41;12;2018;1;12;2;3;6;7;0;0;1;1;0;0;0;0;530120.6842;5817252.5589;9.443761365;52.504567072
9647;3;2;41;1;2018;1;15;7;2;0;1;0;1;0;0;0;0;0;0;554404.0389;5808771.8227;9.800109616;52.426448424
9648;3;2;41;18;2018;1;11;2;3;2;6;0;0;1;0;0;0;0;0;577217.5175;5812810.8373;10.136495929;52.460007438
9649;3;3;53;26;2018;1;12;6;3;5;3;0;1;1;0;0;0;0;1;551699.4966;5927324.7382;9.779265711;53.492345133
9650;3;2;41;1;2018;1;15;2;3;2;6;0;0;1;0;0;0;1;0;555932.1359;5806546.2784;9.822208363;52.406287949
9651;3;3;60;17;2018;1;8;2;2;5;3;0;0;1;0;0;0;1;1;612260.0883;5883913.6658;10.676433414;53.092857903
9652;3;2;41;11;2018;1;7;2;1;2;6;2;0;1;0;0;1;0;0;575192.024;5802120.1527;10.104287685;52.364195229
9653;3;2;41;13;2018;1;16;1;3;8;1;1;0;1;0;0;0;0;0;554264.6439;5782923.2051;9.793891697;52.194093169
9654;3;2;41;14;2018;1;8;2;2;6;2;1;0;1;1;0;0;0;0;545430.368;5798968.234;9.66681716;52.33913577
9655;3;1;59;19;2018;1;12;2;3;5;3;0;0;1;0;0;0;1;0;592273.9;5723696.5;10.333957533;51.656676913
9656;3;1;2;0;2018;1;22;7;3;2;2;2;0;1;0;0;0;0;0;593615.4304;5772934.5225;10.36670132;52.099036512
9657;3;2;57;31;2018;1;18;2;3;2;6;2;0;1;0;0;0;0;0;505926.88;5779182.11;9.086649317;52.163096936
9658;3;4;54;57;2018;1;14;2;3;2;2;0;0;1;0;0;0;0;0;410805.8018;5856856.5266;7.67536342;52.85404656
9659;3;2;41;19;2018;1;14;6;3;2;2;0;0;1;0;0;0;1;1;541110.0977;5824827.1227;9.606595195;52.571941772
9660;3;1;59;16;2018;1;16;6;2;5;3;2;0;1;0;0;0;0;1;566595.9841;5712484.7591;9.960682003;51.559509431
9661;3;2;56;22;2018;1;8;2;3;1;5;2;0;1;0;0;0;1;1;516209.4163;5835259.6051;9.239694022;52.667041156
9662;3;2;56;36;2018;1;15;2;3;2;2;0;0;1;0;0;1;0;0;505210.4427;5839620.0256;9.0771179;52.706458216
9663;3;4;59;1;2018;1;4;4;2;9;1;2;0;1;0;0;0;0;2;427249.0171;5815287.1981;7.928689741;52.482879885
9664;3;1;58;2;2018;1;13;6;2;2;6;0;0;1;0;0;0;0;1;585729.9428;5773463.09;10.251744394;52.105065766
9665;3;4;4;0;2018;1;18;4;2;5;3;2;0;1;0;0;1;0;1;428203.2016;5795316.1589;7.947019609;52.303489988
9666;3;4;4;0;2018;1;6;4;3;0;1;2;0;0;0;1;0;0;2;438288.4649;5789773.9282;8.095924125;52.254894498
9667;3;4;59;34;2018;1;13;6;3;5;3;0;0;1;0;0;0;0;1;432544.38;5773663.21;8.014991213;52.109395382
9668;3;2;41;9;2018;1;7;5;3;2;6;1;0;1;0;0;0;0;1;555754.7188;5795982.2886;9.817845421;52.311341177
9669;3;4;57;18;2018;1;19;4;2;0;7;2;0;1;0;0;0;0;1;404212.4166;5881958.3155;7.570049949;53.078496149
9670;3;3;55;9;2018;1;13;6;3;8;1;0;0;1;0;0;0;0;1;619400.3502;5901176.689;10.789450486;53.24641357
9671;3;4;57;21;2018;1;7;4;3;8;1;2;0;1;0;0;0;0;1;386447.2975;5888267.6552;7.302732341;53.131706496
9672;3;4;57;22;2018;1;10;5;3;5;3;0;1;1;0;0;0;0;1;397081.6626;5886553.3835;7.462167952;53.118461246
9673;3;4;54;57;2018;1;13;4;3;5;3;0;1;1;0;0;0;0;1;410684.1632;5856842.926;7.673561201;52.853904165
9674;3;4;54;51;2018;1;8;4;3;5;3;2;0;1;0;0;1;0;1;398911.4215;5874005.5523;7.493438161;53.006053657
9675;3;4;60;8;2018;1;6;6;3;8;1;2;0;1;0;0;0;0;2;446407.5249;5824064.3783;8.209362731;52.563998643
9676;3;1;58;39;2018;1;5;5;2;4;1;2;0;1;0;0;0;0;2;604559.1896;5764910.9396;10.523955506;52.024963197
9677;3;4;56;27;2018;1;6;4;3;8;1;2;0;0;0;0;0;1;2;379576.1453;5794873.7884;7.234300755;52.291006563
9678;3;4;62;5;2018;1;17;4;3;5;5;2;0;1;0;0;0;0;1;430124.5714;5923913.2294;7.947571889;53.459585416
9679;3;4;57;14;2018;1;12;6;3;5;3;0;0;1;0;0;0;0;1;399419.4823;5910410.3446;7.489560572;53.333285334
9680;3;2;52;6;2018;1;16;5;3;9;7;2;0;1;0;0;0;0;1;526293.8421;5772901.5079;9.383918416;52.106036396
9681;3;3;52;32;2018;1;7;5;3;2;6;2;0;1;0;0;0;0;1;475388.9712;5927485.5212;8.629011163;53.495754835
9682;3;4;62;15;2018;1;5;4;3;9;1;2;0;1;0;0;0;0;2;412519.4711;5941749.0263;7.677496075;53.617232675
9683;3;1;2;0;2018;1;7;3;3;5;3;2;0;1;0;0;0;0;1;590193.9155;5779601.5164;10.318532809;52.159530369
9684;3;2;41;15;2018;1;16;6;3;1;5;1;0;1;0;0;0;0;1;540171.3231;5805354.4383;9.590395677;52.39695761
9685;3;4;52;11;2018;1;11;4;3;2;6;0;0;1;0;0;0;0;1;383113.8136;5921230.6421;7.240808848;53.427151734
9686;3;4;56;1;2018;1;10;5;2;4;6;0;0;1;0;0;1;0;1;374469.4553;5797668.1976;7.158423846;52.314973834
9687;3;4;52;19;2018;1;14;4;2;1;1;0;0;1;0;0;0;1;1;380008.7618;5939420.0362;7.187139504;53.58987117
9688;3;4;52;19;2018;1;7;4;3;4;1;2;0;1;0;0;0;0;2;380724.4542;5943554.6722;7.196363876;53.627180259
9689;3;3;61;12;2018;1;6;6;3;7;1;2;0;1;0;0;0;0;2;517412.1897;5870014.2953;9.259333053;52.979434892
9690;3;1;54;14;2018;1;22;5;3;2;6;2;0;1;0;0;0;0;2;618098.1633;5799871.0227;10.733370052;52.336418304
9691;3;4;52;1;2018;1;7;4;3;5;3;1;1;1;0;0;0;0;2;400011.2269;5925356.588;7.493706993;53.467700275
9692;3;1;59;26;2018;1;18;6;3;0;3;2;0;1;0;0;0;0;1;584895.621;5733155.9143;10.229623961;51.74287381
9693;3;4;52;12;2018;1;8;4;3;2;6;2;0;1;0;0;0;0;2;401597.3381;5919984.2768;7.519272179;53.419724786
9694;3;4;55;15;2018;1;21;5;3;8;1;2;0;1;0;0;0;0;2;434375.0968;5931575.8808;8.009977487;53.528998938
9695;3;2;41;3;2018;1;12;6;3;2;6;0;0;1;0;0;0;0;1;564464.1887;5812029.7349;9.948670832;52.454640452
9696;3;4;60;6;2018;1;6;4;3;5;3;2;1;1;0;0;0;0;1;443868.2865;5834491.3844;8.17013597;52.657471811