OBJECTID_1;ULAND;UREGBEZ;UKREIS;UGEMEINDE;UJAHR;UMONAT;USTUNDE;UWOCHENTAG;UKATEGORIE;UART;UTYP1;ULICHTVERH;IstRad;IstPKW;IstFuss;IstKrad;IstGkfz;IstSonstig;STRZUSTAND;LINREFX;LINREFY;XGCSWGS84;YGCSWGS84
9697;3;4;60;10;2018;1;6;5;3;8;1;2;0;1;0;0;0;0;1;458958.5651;5853012.9301;8.390901042;52.825319998
9698;3;4;60;2;2018;1;22;4;2;9;1;2;0;1;0;0;0;0;1;446039.16;5819773.58;8.204626437;52.525391147
9699;3;4;60;9;2018;1;7;4;3;4;6;2;0;1;0;0;0;0;2;453416.3439;5847100.6457;8.309496916;52.771723472
9700;3;4;61;7;2018;1;18;6;2;5;3;2;1;0;0;0;0;1;0;463750.52;5926036.49;8.453746839;53.482057327
9701;3;4;59;1;2018;1;2;4;3;8;1;2;0;1;0;0;0;0;1;427248.7308;5818091.9462;7.92807258;52.508090678
9702;3;3;56;11;2018;1;17;4;3;6;4;2;0;1;1;0;0;0;1;495048.6732;5897260.9817;8.925835654;53.224622605
9703;3;1;59;21;2018;1;10;6;3;8;1;0;0;1;0;0;0;0;2;557819.0746;5701392.2623;9.832266739;51.460747565
9704;3;3;56;9;2018;1;16;4;3;2;6;0;0;1;0;0;0;0;1;472709.6043;5899195.7833;8.591065675;53.241336382
9705;3;3;61;9;2018;1;6;4;3;3;5;2;0;1;0;0;0;0;1;506173.5711;5878507.9052;9.09211062;53.056034552
9706;3;1;3;0;2018;1;14;7;3;3;6;0;0;1;0;0;0;0;1;620863.953;5812803.798;10.778610871;52.452030248
9707;3;4;55;14;2018;1;21;4;3;8;1;2;0;1;0;0;0;0;1;434798.4326;5924047.3074;8.017927641;53.461389675
9708;3;4;51;7;2018;1;21;4;3;8;1;2;0;1;0;0;0;1;2;428293.5916;5902849.3251;7.924777024;53.27003204
9709;3;2;54;14;2018;1;11;7;2;5;3;0;0;1;0;0;0;0;1;549456.8591;5774766.4792;9.722372082;52.12121644
9710;3;2;51;44;2018;1;21;4;3;0;3;2;0;1;0;0;0;0;2;472994.5852;5823940.0437;8.60159016;52.564850241
9711;3;3;52;62;2018;1;9;6;3;8;1;0;0;1;0;0;0;0;1;477470.6681;5945910.8741;8.659060316;53.661462438
9712;3;4;58;8;2018;1;18;4;3;8;1;2;0;1;0;0;0;0;1;470019.5152;5867179.1817;8.553745158;52.95339382
9713;3;3;53;40;2018;1;6;4;3;4;2;2;0;1;0;0;0;0;1;580865.4526;5910407.9827;10.214455207;53.336644084
9714;3;1;51;27;2018;1;21;3;3;9;1;2;0;1;0;0;0;0;2;598733.7447;5800370.1914;10.44940642;52.344731869
9715;3;1;2;0;2018;1;5;6;3;4;2;2;0;1;0;0;0;0;0;596786.797;5778143.2621;10.414467009;52.145307121
9716;3;3;53;5;2018;1;7;4;3;5;3;0;1;1;0;0;0;0;1;553534.53;5907121.31;9.803493804;53.310574569
9717;3;3;59;1;2018;1;10;4;3;4;6;0;0;1;0;0;0;1;2;534483.9368;5935729.9835;9.520716447;53.569303621
9718;3;4;59;30;2018;1;22;6;2;5;3;2;0;1;0;0;1;0;1;429016.5326;5837072.4545;7.950044205;52.678930861
9719;3;2;57;28;2018;1;12;5;3;2;6;0;0;1;0;0;0;0;1;509201.5173;5789030.7559;9.13479115;52.251597449
9720;3;3;52;11;2018;1;11;5;3;8;1;0;0;1;0;0;0;0;2;486906.6356;5960270.363;8.801247199;53.790850892
9721;3;3;59;25;2018;1;8;4;3;2;6;0;0;1;0;0;1;0;2;520427.7533;5941598.0897;9.308853395;53.622784048
9722;3;1;53;17;2018;1;21;3;3;8;1;2;0;1;0;0;0;0;2;608077.1019;5758503.6659;10.573188537;51.966703156
9723;3;3;51;25;2018;1;7;6;1;4;6;1;0;1;0;0;0;1;2;579341.6067;5839676.812;10.174186749;52.701179483
9724;3;3;57;22;2018;1;14;4;2;4;6;0;0;1;0;0;0;0;1;518019.6321;5879643.1026;9.268917762;53.065971022
9725;3;4;57;18;2018;1;7;5;3;2;6;2;0;1;0;0;0;0;1;401153.5277;5880922.4833;7.524720341;53.068630481
9726;3;3;55;5;2018;1;14;4;1;4;6;0;0;1;0;0;1;0;1;601783.7744;5898833.9925;10.524794092;53.229032383
9727;3;4;61;4;2018;1;8;5;3;5;3;0;0;1;0;0;1;0;1;463555.2698;5898226.7418;8.454008898;53.232076552
9728;3;3;53;18;2018;1;14;6;3;9;1;0;0;1;0;0;0;0;1;537123.8444;5906892.1807;9.557176418;53.30991963
9729;3;2;41;21;2018;1;10;4;2;4;2;0;0;1;0;0;0;0;1;532273.5005;5804442.5725;9.474238792;52.389282566
9730;3;4;59;34;2018;1;16;5;3;5;3;1;0;1;0;0;0;0;1;432544.38;5773663.21;8.014991213;52.109395382
9731;3;2;41;10;2018;1;22;4;3;0;1;2;1;0;0;0;0;0;1;549840.6587;5813877.2983;9.733765456;52.472779281
9732;3;2;41;11;2018;1;14;4;3;2;6;0;0;0;0;0;1;0;1;565156.6655;5804900.4639;9.957470527;52.390472895
9733;3;4;56;14;2018;1;23;6;3;8;1;2;0;0;0;0;0;1;2;362209.1199;5817091.2965;6.970683206;52.486545072
9734;3;1;59;29;2018;1;13;5;3;9;1;0;0;0;0;0;0;1;0;561313.5524;5698723.9881;9.882098759;51.436390026
9735;3;3;58;7;2018;1;7;5;3;9;6;2;0;1;0;0;1;0;1;546447.7883;5838308.6897;9.687245336;52.692702615
9736;3;2;41;1;2018;1;15;4;3;3;6;0;0;1;0;0;1;0;1;549882.02;5808812.38;9.733617405;52.427244264
9737;3;2;41;12;2018;1;6;6;3;8;1;2;0;1;0;0;0;0;2;530189.822;5819587.641;9.444991938;52.525555399
9738;3;2;57;3;2018;1;4;4;3;8;1;2;0;0;0;1;0;0;2;517142.7896;5787004.4407;9.251017485;52.233189742
9739;3;4;62;19;2018;1;0;5;2;8;1;2;0;1;0;0;0;0;1;420028.878;5946735.9869;7.789709508;53.663248159
9740;3;1;59;19;2018;1;6;4;3;9;1;2;0;1;0;0;0;0;2;594334.9301;5720902.566;10.362990453;51.631220218
9741;3;1;59;4;2018;1;7;4;3;2;6;2;0;1;0;0;0;0;2;608224.7343;5716701.6061;10.562303846;51.590960655
9742;3;2;51;7;2018;1;19;6;3;5;3;2;0;1;0;0;0;0;1;481621.4762;5861316.2014;8.726767765;52.901211822
9743;3;1;59;3;2018;1;12;4;3;9;1;0;0;1;0;0;0;0;2;608563.2065;5726670.4639;10.570279926;51.680497078
9744;3;4;53;5;2018;1;2;6;2;8;1;2;0;1;0;0;0;0;2;445274.8832;5853411.8029;8.187773118;52.82768975
9745;3;1;2;0;2018;1;22;5;3;5;3;2;0;1;0;0;0;0;1;596846.0536;5778147.5958;10.415333949;52.145335685
9746;3;1;55;1;2018;1;5;4;3;8;1;2;0;1;0;0;0;0;2;571227.9711;5749138.425;10.034987131;51.888457198
9747;3;2;41;5;2018;1;16;6;3;2;6;0;0;1;0;0;0;0;0;541701.9111;5808123.8835;9.613234455;52.421739939
9748;3;1;55;10;2018;1;5;4;3;4;1;2;0;1;0;0;0;0;2;565691.2618;5719423.1398;9.948931725;51.621994042
9749;3;4;55;14;2018;1;18;5;3;5;2;2;1;1;0;0;0;0;1;434634.9454;5929183.9294;8.014396016;53.507534113
9750;3;1;55;9;2018;1;5;4;3;9;1;2;0;1;0;0;0;0;2;554285.8575;5731825.2162;9.78612373;51.734712111
9751;3;2;41;1;2018;1;17;7;3;5;3;2;1;0;0;0;0;1;0;548286.4753;5806581.489;9.709831524;52.407332623
9752;3;1;55;9;2018;1;5;4;3;8;1;2;0;1;0;0;0;0;2;557619.1494;5730675.3802;9.834198078;51.724041837
9753;3;3;58;5;2018;1;6;5;3;8;1;2;0;1;0;0;0;0;1;549639.4689;5835572.9413;9.734053215;52.667827342
9754;3;4;58;7;2018;1;20;5;3;8;1;2;0;1;0;0;0;0;2;445851.8915;5870780.4157;8.193441701;52.983869027
9755;3;4;61;7;2018;1;5;6;3;2;6;1;0;1;0;0;0;0;2;466502.8508;5928784.4681;8.494927199;53.506939424
9756;3;2;54;2;2018;1;7;4;3;8;1;2;0;1;0;0;0;0;2;560613.6027;5757691.378;9.882281639;51.966603588
9757;3;2;54;20;2018;1;4;4;3;3;1;2;0;0;0;0;1;1;1;563776.0996;5786492.8074;9.93369827;52.225163748
9758;3;1;59;16;2018;1;13;6;3;2;6;0;0;1;0;0;0;0;0;563764.1458;5712001.5902;9.919749413;51.555492789
9759;3;2;52;1;2018;1;20;4;2;8;1;2;0;1;0;0;0;0;2;520329.7338;5763424.114;9.296273107;52.021078995
9760;3;4;59;15;2018;1;13;4;3;8;1;0;0;1;0;0;0;0;1;445442.8804;5776464.6404;8.202868023;52.136002885
9761;3;2;52;6;2018;1;17;4;3;5;2;2;0;1;0;0;0;0;1;522982.4637;5769961.5359;9.335371438;52.079751617
9762;3;1;55;11;2018;1;23;6;3;9;1;2;0;1;0;0;0;0;1;566883.7266;5733141.9252;9.968783517;51.745187679
9763;3;2;52;6;2018;1;11;4;3;2;6;0;0;1;0;0;0;0;1;523580.854;5772319.375;9.344266385;52.100924976
9764;3;2;51;42;2018;1;15;5;2;4;1;1;0;1;0;0;0;0;1;476595.8574;5850850.5522;8.65280511;52.806935673
9765;3;1;59;13;2018;1;12;4;3;8;1;0;0;1;0;0;0;0;2;565673.2037;5694639.0779;9.944053931;51.399175443
9766;3;1;59;1;2018;1;0;7;3;8;1;2;0;1;0;0;0;0;2;553326.3073;5712751.7359;9.76932134;51.5633206
9767;3;1;54;28;2018;1;8;4;3;5;3;0;0;1;0;0;0;1;2;633738.0732;5789945.8745;10.958846409;52.243648839
9768;3;3;58;22;2018;1;21;5;3;5;3;2;0;1;0;0;1;0;1;539272.8451;5856856.286;9.583315503;52.860000478
9769;3;3;53;12;2018;1;14;6;3;2;6;0;0;1;0;0;0;0;1;575988.4404;5905069.1229;10.139948432;53.289385698
9770;3;1;3;0;2018;1;6;4;3;2;6;2;0;1;0;0;0;0;2;618832.2174;5803545.9701;10.745439414;52.369283769
9771;3;1;58;16;2018;1;21;4;3;7;7;2;0;1;0;0;0;1;1;589583.6807;5768572.6622;10.306712796;52.060497492
9772;3;4;4;0;2018;1;10;2;3;2;6;0;0;0;0;0;1;0;0;428941.9837;5791338.4658;7.958691388;52.267830458
9773;3;1;2;0;2018;1;17;6;3;2;6;1;0;1;0;0;0;0;1;600369.3761;5784243.1822;10.468610037;52.199492239
9774;3;1;2;0;2018;1;16;4;3;5;2;1;1;1;0;0;0;0;1;590889.1387;5765633.2316;10.324967657;52.033863853
9775;3;1;2;0;2018;1;13;4;3;2;6;0;0;1;0;0;0;0;1;594438.9985;5767838.0678;10.377310234;52.053088389
9776;3;3;58;2;2018;1;12;5;3;8;1;0;0;1;0;0;0;0;2;562129.584;5882046.681;9.927600401;53.084266646
9777;3;4;57;18;2018;1;13;6;3;2;2;0;0;1;0;0;0;0;1;400664.2173;5891527.6636;7.514137338;53.163840378
9778;3;2;52;5;2018;1;15;5;3;0;7;0;0;1;0;0;0;0;1;529103.2371;5762268.9832;9.424031367;52.010302685
9779;3;1;57;5;2018;1;5;4;3;8;1;2;0;1;0;0;0;0;2;591849.7176;5782304.7684;10.34346343;52.183554795
9780;3;4;4;0;2018;1;21;6;3;9;6;2;0;1;0;0;0;0;0;433948.0615;5788728.1988;8.032551112;52.244990141
9781;3;1;2;0;2018;1;15;4;3;5;3;1;0;1;0;0;0;0;1;591093.0071;5777688.743;10.331159753;52.142190167
9782;3;3;58;21;2018;1;14;5;2;5;3;0;1;1;0;0;0;0;1;555869.1885;5870531.3431;9.832148562;52.981453577
9783;3;3;60;2;2018;1;9;6;2;5;3;0;0;1;0;0;0;0;1;604948.452;5881360.6224;10.566458227;53.071403904
9784;3;1;53;17;2018;1;7;4;3;2;6;0;0;1;0;0;0;0;2;597804.2361;5753163.2442;10.422188262;51.920604451
9785;3;4;4;0;2018;1;7;5;3;5;2;2;1;1;0;0;0;0;1;439898.0883;5792365.9853;8.119040354;52.278373962
9786;3;1;53;17;2018;1;5;4;3;2;6;2;0;1;0;0;0;0;2;602024.1883;5750834.5177;10.482839919;51.898916426
9787;3;1;51;16;2018;1;11;4;2;5;3;0;0;1;0;0;0;1;2;604561.04;5804441.96;10.536187311;52.380245489
9788;3;3;57;50;2018;1;9;5;2;8;1;0;0;1;0;0;0;0;2;531985.302;5910272.731;9.480398559;53.340641369
9789;3;4;60;7;2018;1;14;6;3;5;3;0;0;1;0;0;0;0;0;437559.96;5816130.226;8.080344695;52.491735211
9790;3;1;3;0;2018;1;8;5;3;2;6;0;0;1;0;0;0;0;1;621494.8084;5812254.1439;10.787689478;52.446951188
9791;3;4;59;24;2018;1;10;3;3;9;1;0;0;1;0;0;1;1;2;459484.3649;5783164.9123;8.407213743;52.197447969
9792;3;3;60;22;2018;1;10;5;3;8;1;0;0;0;0;0;0;1;2;617554.6098;5880325.7663;10.754148286;53.059480706
9793;3;2;41;3;2018;1;7;6;3;9;1;1;0;1;0;0;0;0;2;564352.4;5814501.1691;9.947502888;52.476869393
9794;3;4;59;22;2018;1;5;3;2;8;1;2;0;1;0;0;0;0;2;441570.5394;5783020.7222;8.145167307;52.194544177
9795;3;4;59;8;2018;1;15;3;3;2;6;0;0;1;0;0;0;0;1;439247.528;5794604.451;8.109102255;52.298424974
9796;3;2;41;1;2018;1;7;6;3;2;6;0;0;1;0;0;0;0;1;548329.8648;5799844.7316;9.709498033;52.346767433
9797;3;4;59;22;2018;1;20;3;3;9;1;2;0;1;0;0;0;0;2;442612.419;5779343.2564;8.16103067;52.161594221
9798;3;4;54;41;2018;1;12;5;2;7;7;0;0;1;0;0;0;0;1;388414.0898;5879786.0443;7.335061376;53.05591044
9799;3;4;59;20;2018;1;11;3;3;2;6;0;0;1;0;0;0;0;1;430005.1759;5783464.5073;7.9758993;52.197186527
9800;3;4;59;13;2018;1;7;3;3;6;4;1;0;1;1;0;0;0;0;453180.3927;5801786.1411;8.312400457;52.364351283
9801;3;3;54;25;2018;1;10;5;3;9;1;0;0;1;0;0;0;0;2;651611.8184;5870814.2759;11.257500859;52.965470787
9802;3;3;61;1;2018;1;14;6;3;2;6;0;0;1;0;0;0;0;1;498099.4689;5876337.2217;8.971656572;53.036553773
9803;3;1;54;14;2018;1;22;5;3;9;1;2;0;1;0;0;1;0;2;618101.814;5799844.2479;10.733414198;52.336176911
9804;3;4;59;2;2018;1;22;3;3;8;1;2;0;1;0;0;0;0;2;423880.2269;5821809.9034;7.877599101;52.541049367
9805;3;2;41;11;2018;1;10;6;1;2;6;0;0;1;0;0;1;0;1;562244.9001;5805415.6836;9.914784249;52.395443105
9806;3;4;4;0;2018;1;18;3;3;2;7;2;0;1;0;0;0;0;1;434312.9908;5793719.8242;8.03692347;52.289904929
9807;3;3;61;9;2018;1;14;5;3;5;3;0;1;1;0;0;0;0;1;505800.2806;5879415.1067;9.08655742;53.064193866
9808;3;4;4;0;2018;1;14;3;3;2;6;0;0;1;0;0;0;0;1;440291.7262;5791219.5824;8.125012431;52.268111283
9809;3;2;56;29;2018;1;13;7;3;5;3;0;0;1;0;0;0;0;0;527815.3412;5840938.5494;9.411790924;52.717621672
9810;3;4;52;1;2018;1;20;5;3;0;1;2;1;0;0;0;0;0;1;402370.1858;5926629.4814;7.528835203;53.479580765
9811;3;4;4;0;2018;1;7;3;3;6;2;2;0;1;1;0;0;0;1;435434.7214;5791028.0549;8.05388283;52.26584075
9812;3;4;4;0;2018;1;7;3;2;5;3;1;1;1;0;0;0;0;1;435096.7488;5790670.0716;8.048999889;52.262582942
9813;3;3;51;24;2018;1;15;5;3;4;6;0;0;1;0;0;1;0;1;556996.7002;5843125.0662;9.844146494;52.734989041
9814;3;2;51;40;2018;1;10;6;2;4;2;0;0;1;0;0;0;0;1;489137.4737;5836763.003;8.839322218;52.680690061
9815;3;4;59;11;2018;1;9;4;3;9;1;0;0;1;0;0;0;0;2;407999.1;5824477.66;7.642754347;52.562574643
9816;3;4;57;17;2018;1;17;3;3;4;2;2;0;1;0;1;0;0;1;407619.4259;5888729.4903;7.618946108;53.139946506
9817;3;2;54;21;2018;1;11;6;2;9;1;0;0;1;0;0;0;0;1;565878.14;5777592.9;9.962738543;52.144911471
9818;3;4;57;13;2018;1;16;3;3;2;6;0;0;1;0;0;0;0;1;402131.7934;5902675.4927;7.532661777;53.264288335
9819;3;4;57;13;2018;1;8;3;3;4;2;0;1;1;0;0;0;0;1;398860.5128;5899611.8192;7.48460724;53.236144937
9820;3;1;3;0;2018;1;8;7;3;5;2;0;1;1;0;0;0;0;1;618031.3938;5809488.4056;10.735777096;52.422856935
9821;3;4;54;10;2018;1;9;3;3;8;1;0;0;1;0;0;0;0;1;386646.4348;5800330.8586;7.336080493;52.34155159
9822;3;3;51;25;2018;1;8;5;3;8;1;0;0;1;0;0;0;0;2;578587.2388;5849358.5844;10.165344648;52.788308905
9823;3;3;58;22;2018;1;15;6;1;9;1;0;0;1;0;0;0;0;1;538625.4773;5862639.6872;9.574387442;52.912035191
9824;3;4;62;6;2018;1;21;3;2;8;1;2;0;1;0;0;0;0;2;403738.77;5943419.41;7.544280558;53.630701984
9825;3;4;52;1;2018;1;19;3;3;2;6;2;0;1;0;0;0;0;1;398666.8211;5925679.2113;7.473357825;53.470342253
9826;3;2;41;1;2018;1;17;5;3;2;6;1;0;1;0;0;0;0;1;549160.294;5803366.368;9.722203983;52.378352025
9827;3;3;52;61;2018;1;21;6;2;8;1;2;0;1;0;0;0;0;2;467525.297;5950389.7065;8.508091861;53.701195425
9828;3;4;52;1;2018;1;11;3;3;5;3;0;1;1;0;0;0;0;1;400101.6367;5925335.1573;7.495075279;53.467524865
9829;3;4;53;2;2018;1;17;3;3;5;3;1;0;1;0;0;1;0;1;429959.224;5873398.847;7.956184532;53.005561997
9830;3;1;57;2;2018;1;14;6;3;5;3;0;0;1;0;0;0;0;1;576570.2948;5792871.1799;10.122419235;52.280867825
9831;3;4;60;8;2018;1;15;3;2;8;1;0;0;1;0;0;0;0;1;448288.986;5826681.286;8.236708327;52.58770483
9832;3;4;60;10;2018;1;20;3;3;9;1;2;0;1;0;0;0;0;1;450407.6792;5858408.4454;8.263186429;52.873100901
9833;3;2;41;1;2018;1;17;5;3;2;6;2;0;1;0;0;0;0;1;548685.9752;5803335.9298;9.715232032;52.378120763
9834;3;4;59;29;2018;1;5;6;2;7;7;2;0;0;0;1;1;0;1;443471.4876;5798269.8355;8.170420863;52.331826008
9835;3;1;55;12;2018;1;6;5;3;9;1;2;0;1;0;0;0;0;2;536421.4155;5729668.6525;9.527214498;51.7167681
9836;3;4;53;6;2018;1;11;3;3;5;3;0;1;1;0;0;0;0;1;430129.1351;5845338.045;7.964740848;52.753369877
9837;3;2;41;14;2018;1;18;5;3;6;2;2;0;1;1;0;0;0;1;543339.5141;5798110.7991;9.636019571;52.331596724
9838;3;3;52;59;2018;1;10;5;3;9;1;0;0;1;0;0;0;0;1;496713.8782;5926336.9657;8.950476176;53.485996264
9839;3;3;51;3;2018;1;7;6;3;4;6;1;0;1;0;0;1;0;2;585845.1473;5834307.4527;10.269009323;52.651929116
9840;3;4;53;3;2018;1;7;3;3;5;3;1;0;1;0;0;0;0;1;436830.8476;5848775.3803;8.063360365;52.785091606
9841;3;4;57;18;2018;1;7;5;2;8;1;2;0;1;0;0;0;0;1;402020.1328;5887742.6172;7.535569544;53.130078174
9842;3;3;56;7;2018;1;11;3;3;5;3;0;1;1;0;0;0;0;1;487154.7076;5897146.9252;8.807599559;53.223465127
9843;3;3;61;1;2018;1;17;3;3;5;3;2;1;1;0;0;0;0;1;502112.4603;5874774.7013;9.031493785;53.022506882
9844;3;2;41;7;2018;1;11;5;3;2;6;0;0;1;0;0;0;0;1;549448.5296;5797151.3064;9.725522652;52.322454545
9845;3;4;59;24;2018;1;13;5;3;7;7;0;0;1;0;0;0;0;1;455507.902;5778099.9244;8.349702145;52.151606578
9846;3;4;55;26;2018;1;18;3;3;8;1;2;0;1;0;0;0;0;2;441694.1894;5914171.0587;8.123605095;53.373432957
9847;3;4;51;2;2018;1;19;3;2;8;1;2;0;1;0;0;0;0;2;441753.5627;5892438.0303;8.128479934;53.178103786
9848;3;2;41;12;2018;1;18;5;3;4;1;0;0;1;0;0;1;0;1;531486;5819451.526;9.464083778;52.524258378
9849;3;4;54;41;2018;1;9;6;3;5;3;0;0;1;0;0;0;0;1;393662.696;5880439.168;7.413124872;53.062849202
9850;3;1;59;16;2018;1;17;5;3;2;2;2;0;1;0;0;0;0;1;561480.1924;5708833.3491;9.886255937;51.527262007
9851;3;4;51;4;2018;1;14;3;3;5;3;0;1;1;0;0;0;0;1;432883.6431;5886645.4584;7.996997451;53.124996473
9852;3;2;41;5;2018;1;12;5;3;6;4;0;0;1;1;0;0;0;1;539260.9926;5812206.7276;9.577822302;52.458624691
9853;3;2;41;12;2018;1;6;6;3;9;1;2;0;1;0;0;0;0;2;530189.822;5819587.641;9.444991938;52.525555399
9854;3;2;51;47;2018;1;7;3;3;4;6;1;1;0;0;0;0;0;1;489161.03;5870221.35;8.838559442;52.981469428
9855;3;4;60;3;2018;1;15;5;3;2;6;0;0;1;0;0;1;0;1;443842.5048;5836104.7809;8.169479954;52.671971956
9856;3;4;54;18;2018;1;10;5;3;9;1;0;0;1;0;0;0;0;1;378036.803;5853010.4379;7.190372677;52.813064309
9857;3;2;51;37;2018;1;7;3;3;2;2;1;0;1;0;0;0;0;1;484305.7895;5871766.6248;8.766168829;52.995240296
9858;3;2;51;33;2018;1;7;3;3;5;3;2;0;1;0;0;0;0;1;502304.96;5862427.34;9.034275772;52.911509745
9859;3;2;41;11;2018;1;14;5;3;2;6;0;0;1;0;0;0;0;1;575026.6873;5805400.3885;10.102594237;52.393702987
9860;3;4;51;7;2018;1;15;6;3;5;3;0;1;1;0;0;0;0;0;429933.1735;5902675.4997;7.949395942;53.268688906
9861;3;4;59;24;2018;1;2;4;3;9;1;2;0;0;0;0;0;1;2;459443.9388;5783138.8075;8.406625426;52.19721031
9862;3;2;51;5;2018;1;11;3;2;4;6;0;0;1;0;0;0;0;1;465704.7307;5839430.5902;8.492438331;52.703693926
9863;3;2;41;10;2018;1;7;5;3;6;2;2;0;1;1;0;0;0;1;549808.9527;5809802.6163;9.732690506;52.436152716
9864;3;1;55;5;2018;1;7;6;3;8;1;2;0;1;0;0;0;0;2;560143.77;5723057.681;9.869431451;51.655290563
9865;3;4;60;9;2018;1;13;6;3;2;6;0;0;1;0;0;0;0;1;450206.443;5840193.4954;8.262969342;52.709348113
9866;3;1;58;37;2018;1;19;5;3;5;2;2;0;1;0;0;0;0;1;605377.444;5780755.66;10.540776415;52.167213861
9867;3;4;58;13;2018;1;14;3;3;3;2;0;0;1;0;0;0;0;1;438902.4754;5876031.9238;8.088947369;53.030323866
9868;3;2;41;8;2018;1;22;5;3;9;1;2;0;1;0;0;0;0;1;557786.7346;5814552.9748;9.850853484;52.478069747
9869;3;2;41;3;2018;1;5;6;3;9;1;2;0;1;0;0;0;0;2;572395.572;5813844.0212;10.06576407;52.469954911
9870;3;4;1;0;2018;1;18;3;2;5;3;1;0;1;0;0;0;0;1;477261.206;5877669.839;8.660795905;53.048052997
9871;3;4;60;8;2018;1;7;5;2;5;3;2;1;1;0;0;0;0;1;446988.6401;5827320.6418;8.217413828;52.593326887
9872;3;3;52;59;2018;1;7;3;3;4;2;2;0;1;0;0;0;0;1;488508.455;5921137.682;8.827006018;53.439146321
9873;3;2;41;1;2018;1;18;7;3;5;2;2;0;1;1;0;0;0;0;556351.2495;5799875.4608;9.827247338;52.346278014
9874;3;3;52;32;2018;1;17;3;3;5;3;2;1;0;0;0;0;1;1;475350.1153;5927482.093;8.628425729;53.495722201
9875;3;2;41;16;2018;1;15;5;2;0;7;2;0;1;0;0;0;0;1;559928.2814;5796037.8153;9.879068217;52.311400644
9876;3;4;61;7;2018;1;13;6;3;3;2;0;1;1;0;0;0;0;0;466155.275;5928123.3008;8.489758018;53.500974393
9877;3;3;52;60;2018;1;6;3;3;8;1;2;0;1;0;0;0;0;2;472894.6252;5911624.6327;8.592776806;53.353065708
9878;3;3;56;8;2018;1;5;3;3;2;6;2;0;1;0;0;0;0;2;477766.5452;5895192.6625;8.667119245;53.205588421
9879;3;1;59;29;2018;1;20;6;3;2;6;2;0;1;0;0;0;1;0;559880.1846;5700284.4975;9.861743922;51.450573584
9880;3;3;52;43;2018;1;17;3;3;8;1;2;0;0;0;0;0;1;1;496587.3402;5949173.0283;8.948319351;53.691258186
9881;3;3;52;11;2018;1;13;3;3;2;6;0;0;1;0;0;0;0;1;481122.806;5967140.908;8.713030031;53.852426211
9882;3;3;53;33;2018;1;6;3;3;5;3;2;0;1;0;0;0;1;1;593761.1633;5918035.1442;10.410328411;53.403055074
9883;3;4;51;2;2018;1;8;5;3;5;3;0;1;0;0;0;0;1;2;437691.1103;5892852.1626;8.067622754;53.181365853
9884;3;3;53;19;2018;1;16;3;3;4;1;0;0;1;0;0;0;0;1;547619.2861;5914285.0043;9.715798166;53.375528233
9885;3;2;54;17;2018;1;18;7;3;3;6;2;0;1;0;0;0;0;0;564641.6996;5783343.753;9.945767642;52.196754694
9886;3;3;53;20;2018;1;18;3;3;2;2;2;0;1;0;0;0;0;1;564566.3276;5908283.905;9.969281793;53.319793624
9887;3;2;41;1;2018;1;12;5;3;5;3;0;1;1;0;0;0;0;1;549862.6484;5807911.6487;9.733198186;52.419148841
9888;3;3;52;32;2018;1;0;6;3;8;1;2;0;1;0;0;0;0;2;472045.4258;5917096.2768;8.579534895;53.402204001
9889;3;3;59;23;2018;1;9;3;3;7;7;0;0;1;0;0;0;0;1;532642.048;5927499.7164;9.492046313;53.495445416
9890;3;3;59;10;2018;1;7;3;3;2;6;0;0;1;0;0;0;0;1;541850.0844;5926141.9819;9.630659;53.482589988
9891;3;4;59;8;2018;1;18;2;2;3;6;2;0;1;0;1;0;0;1;439353.9171;5794680.1369;8.110648552;52.299117102
9892;3;1;51;18;2018;1;0;6;3;8;1;2;0;1;0;0;0;0;1;595978.8642;5815479.5236;10.413313434;52.481017515
9893;3;3;59;38;2018;1;11;3;3;2;6;0;0;1;0;0;0;0;1;530344.2682;5937602.1208;9.458390706;53.586386639
9894;3;3;58;19;2018;1;22;3;3;8;7;2;0;1;0;0;0;0;2;551330.2995;5885080.2927;9.766868281;53.112681534
9895;3;2;41;1;2018;1;11;5;3;2;6;0;0;1;0;0;1;0;1;557613.8929;5807283.9605;9.847054507;52.412744735
9896;3;4;59;1;2018;1;21;6;3;8;1;2;0;1;0;0;0;0;2;428287.4822;5816651.2334;7.94368531;52.495278226
9897;3;2;52;1;2018;1;12;5;2;8;1;0;0;1;0;0;0;0;1;521556.7101;5769062.2681;9.314509668;52.071723919
9898;3;3;57;16;2018;1;13;3;2;2;2;0;0;1;0;0;0;0;1;505215.1842;5920848.977;9.078504875;53.436650679
9899;3;2;41;9;2018;1;7;5;3;5;2;2;0;1;0;0;0;0;1;559479.7274;5795950.9959;9.872474011;52.310668963
9900;3;2;41;1;2018;1;7;6;3;2;6;0;0;1;0;0;0;0;1;548329.8648;5799844.7316;9.709498033;52.346767433
9901;3;3;57;41;2018;1;17;3;3;5;3;2;1;1;0;0;0;0;1;532115.2306;5891202.2758;9.480425475;53.169214411
9902;3;1;53;16;2018;1;10;7;3;0;3;0;0;1;0;0;0;0;1;611271.669;5732253.4416;10.611221161;51.730145982
9903;3;3;60;29;2018;1;17;3;3;5;2;2;0;1;0;0;0;1;1;586189.8591;5875755.6046;10.285054004;53.024386937
9904;3;3;57;39;2018;1;5;6;2;9;1;2;0;1;0;0;0;0;1;523711.0983;5888491.5826;9.354506778;53.145288621
9905;3;3;60;16;2018;1;7;3;3;4;6;1;0;1;0;0;0;0;1;610965.5764;5870736.7879;10.652576758;52.974726051
9906;3;4;59;2;2018;1;6;5;3;2;6;1;0;1;0;0;0;0;1;424235.2632;5821605.3188;7.882879779;52.539259989
9907;3;3;51;6;2018;1;18;3;3;4;6;2;0;1;0;0;0;0;2;576386.6509;5834945.9464;10.129368011;52.659082645
9908;3;2;41;1;2018;1;10;3;3;2;6;0;0;1;0;0;0;0;1;551318.7033;5802461.904;9.75377138;52.370023268