OBJECTID_1;ULAND;UREGBEZ;UKREIS;UGEMEINDE;UJAHR;UMONAT;USTUNDE;UWOCHENTAG;UKATEGORIE;UART;UTYP1;ULICHTVERH;IstRad;IstPKW;IstFuss;IstKrad;IstGkfz;IstSonstig;STRZUSTAND;LINREFX;LINREFY;XGCSWGS84;YGCSWGS84
9909;3;4;54;14;2018;1;6;6;3;4;1;2;0;1;0;0;0;0;2;380474.0674;5826939.0361;7.235988138;52.579342691
9910;3;1;3;0;2018;1;19;5;3;7;7;2;0;1;0;0;0;0;1;618647.6102;5804411.9007;10.743035612;52.37710522
9911;3;2;41;1;2018;1;7;3;3;2;6;0;0;1;0;0;0;0;1;551584.4717;5798505.6313;9.757066703;52.334432872
9912;3;2;41;19;2018;1;6;6;3;4;1;2;0;1;0;0;0;0;2;551019.4216;5822187.8172;9.752392638;52.547376981
9913;3;2;41;1;2018;1;7;3;3;6;2;2;0;1;1;0;0;0;1;549493.4807;5803681.7538;9.727144908;52.381157227
9914;3;4;52;1;2018;1;22;5;3;8;1;2;0;1;0;0;0;0;2;408531.1263;5926514.2761;7.6216763;53.479652107
9915;3;2;41;5;2018;1;7;3;3;3;1;2;0;1;0;0;0;0;2;536107.0736;5812901.0426;9.531482033;52.465084114
9916;3;4;54;44;2018;1;19;5;3;8;1;2;0;1;0;0;0;0;1;381624.6998;5879594.1668;7.233880613;53.052726106
9917;3;2;41;18;2018;1;6;3;3;5;3;2;0;1;0;0;0;0;1;579735.75;5808335.59;10.172482858;52.41942027
9918;3;2;57;6;2018;1;4;3;1;2;6;2;0;1;0;0;1;0;1;528814.9752;5799879.4722;9.423027472;52.348452571
9919;3;3;56;9;2018;1;16;6;3;2;6;2;0;1;0;0;0;0;1;472731.5906;5899147.8336;8.591399226;53.2409065
9920;3;1;53;7;2018;1;7;5;3;8;1;2;0;1;0;0;0;0;1;588496.3939;5749008.0296;10.285813117;51.884811132
9921;3;1;55;1;2018;1;6;3;3;5;3;2;0;1;0;0;0;0;1;574336.9;5746460.11;10.079576513;51.863974415
9922;3;2;41;11;2018;1;15;6;3;2;6;0;0;1;0;0;0;0;1;570474.7221;5803622.206;10.035336644;52.378324034
9923;3;2;57;3;2018;1;5;3;3;4;6;2;0;1;0;0;0;0;1;512879.6688;5785923.5314;9.188552952;52.223587998
9924;3;4;55;20;2018;1;6;5;3;9;1;2;0;1;0;0;0;0;2;428854.1589;5944764.2733;7.923696074;53.646803934
9925;3;2;54;8;2018;1;14;3;3;9;1;0;0;0;0;0;0;1;1;571408.051;5763070.0356;10.040498129;52.013673121
9926;3;2;57;11;2018;1;12;7;3;2;6;0;0;1;0;0;0;1;0;526341.7866;5802971.6554;9.38696276;52.376376307
9927;3;2;54;22;2018;1;10;3;3;9;1;0;0;1;0;0;0;0;2;581806.4755;5769530.4776;10.193527967;52.070310226
9928;3;4;61;3;2018;1;9;5;3;9;1;0;0;1;0;0;0;0;2;452928.0501;5939183.2686;8.288694266;53.599362905
9929;3;4;1;0;2018;1;9;6;2;6;4;0;0;1;1;0;0;0;1;475070.4649;5876488.0202;8.628207837;53.037331761
9930;3;2;52;6;2018;1;6;3;2;4;1;2;0;1;0;0;0;0;0;519133.5998;5775816.4402;9.279536659;52.132537645
9931;3;1;59;16;2018;1;10;3;3;2;2;0;1;1;0;0;0;0;1;565234.0093;5707671.2276;9.940145573;51.516392764
9932;3;2;51;45;2018;1;21;6;3;5;3;1;0;1;0;0;0;0;1;479068.8017;5831324.335;8.690734093;52.631501969
9933;3;4;59;14;2018;1;7;4;3;5;3;1;1;1;0;0;0;0;1;423603.447;5811376.193;7.875913001;52.447227554
9934;3;1;54;24;2018;1;17;3;3;8;1;1;0;1;0;0;0;0;1;633019.367;5807611.8194;10.955313483;52.402555786
9935;3;2;54;32;2018;1;12;6;3;5;3;0;0;1;0;0;0;0;1;584058.72;5782916.33;10.229687808;52.190294259
9936;3;1;58;37;2018;1;22;3;3;9;1;2;0;1;0;0;0;0;2;607796.2537;5785503.2209;10.577638506;52.209414312
9937;3;2;51;13;2018;1;12;5;3;2;2;0;0;1;0;0;0;0;1;462336.18;5834451.74;8.443156561;52.658712715
9938;3;1;58;39;2018;1;14;3;3;9;1;0;0;1;0;0;0;0;1;603916.3188;5764956.3646;10.514602977;52.025492268
9939;3;1;54;1;2018;1;3;7;3;9;1;2;0;1;0;0;0;0;2;635938.719;5804698.0781;10.997016104;52.375658824
9940;3;1;58;37;2018;1;15;3;3;5;3;0;0;1;0;0;0;0;1;605256.09;5781630.91;10.539274247;52.175103283
9941;3;3;59;22;2018;1;23;6;3;5;3;2;0;1;0;0;0;0;2;524269.1537;5939475.6433;9.366766122;53.603542884
9942;3;1;2;0;2018;1;7;3;3;6;2;1;0;1;1;0;0;0;1;594430.8903;5767095.8033;10.376986894;52.046418088
9943;3;1;2;0;2018;1;19;3;2;8;1;2;0;1;0;0;0;0;2;594397.9479;5770104.1599;10.377338247;52.073463614
9944;3;4;59;3;2018;1;7;2;2;4;2;2;1;1;0;0;0;0;0;458809.1;5796683.73;8.395684821;52.318932956
9945;3;1;2;0;2018;1;16;6;2;0;7;1;0;1;0;0;1;0;0;592742.5162;5778312.5987;10.355427374;52.147523044
9946;3;2;41;15;2018;1;11;3;3;2;6;0;0;1;0;0;0;0;0;533917.3803;5805959.6553;9.498547277;52.402821786
9947;3;3;52;32;2018;1;7;3;3;2;6;2;0;1;0;0;0;1;1;479167.82;5926002.5152;8.686071288;53.48258797
9948;3;2;57;12;2018;1;14;4;3;3;6;0;0;1;0;0;1;0;0;507806.8331;5785616.1469;9.114281882;52.220919697
9949;3;1;1;0;2018;1;13;7;3;8;7;0;0;1;0;0;0;0;0;604395.84;5784342.2831;10.527533764;52.199635116
9950;3;4;59;4;2018;1;18;2;3;5;3;2;0;1;0;0;0;0;1;434401.44;5778682.94;8.041136107;52.154743628
9951;3;3;52;62;2018;1;11;3;3;4;6;0;0;0;0;0;1;0;0;485024.9171;5940973.094;8.773616405;53.617350646
9952;3;2;41;3;2018;1;17;6;2;5;3;2;0;1;0;1;0;0;0;569709.2962;5819727.2496;10.027457406;52.523187416
9953;3;2;41;15;2018;1;18;2;3;5;2;2;1;1;0;0;0;0;1;540072.3507;5805211.2829;9.588924036;52.395677916
9954;3;3;59;10;2018;1;17;3;3;5;2;1;1;1;0;0;0;0;0;549280.35;5922850.87;9.742103564;53.452366341
9955;3;2;57;31;2018;1;16;1;3;3;6;0;0;1;0;0;0;0;0;510063.4742;5785476.5367;9.147311914;52.219627911
9956;3;4;53;5;2018;1;9;4;3;1;7;0;0;1;0;0;0;0;0;448371.9929;5851581.3378;8.23402498;52.811541472
9957;3;4;51;4;2018;1;19;7;3;5;3;2;1;1;0;0;0;0;0;431293.1497;5886086.5048;7.97335259;53.119770134
9958;3;3;58;22;2018;1;17;3;3;2;6;2;0;1;0;0;0;1;0;541641.6529;5853223.4492;9.618033129;52.827166352
9959;3;4;4;0;2018;1;7;3;3;2;6;1;0;1;0;0;0;0;0;431267.7602;5791316.3749;7.992772811;52.2679275
9960;3;4;62;17;2018;1;17;6;2;2;6;2;0;1;0;0;0;1;1;415654.9961;5946465.8523;7.72360572;53.66013347
9961;3;4;52;19;2018;1;16;2;3;5;2;0;0;1;0;0;0;0;1;379425.03;5941350.26;7.177578792;53.607078343
9962;3;3;60;25;2018;1;15;3;3;4;2;0;0;1;0;0;0;0;1;605717.46;5869096.172;10.573915445;52.961043907
9963;3;1;59;13;2018;1;9;6;2;8;1;0;0;1;0;0;0;0;1;564854.866;5702189.0883;9.933674752;51.467149008
9964;3;2;54;2;2018;1;12;2;3;2;6;0;0;1;0;0;1;0;0;556162.5261;5760252.3622;9.817919112;51.990094584
9965;3;4;57;24;2018;1;11;2;3;8;1;0;0;1;0;0;0;0;1;385027.6624;5891080.0896;7.280514248;53.156672401
9966;3;3;55;33;2018;1;16;3;3;5;2;1;0;1;0;0;0;0;1;600081.6035;5907395.8416;10.501998359;53.306292044
9967;3;2;57;31;2018;1;14;6;3;6;4;0;0;1;1;0;0;0;0;505469.6748;5782800.072;9.080023469;52.195629576
9968;3;2;41;5;2018;1;13;2;3;2;6;0;0;1;0;0;0;0;0;539177.1188;5808261.5504;9.576125145;52.423164251
9969;3;2;51;41;2018;1;11;5;2;8;1;0;0;1;0;0;0;0;0;490578.3216;5857560.9522;8.860036675;52.867685342
9970;3;3;52;11;2018;1;12;7;3;2;6;0;0;1;0;0;0;0;1;479972.4725;5968177.426;8.695475364;53.86169935
9971;3;2;41;1;2018;1;7;3;3;8;1;2;0;1;0;0;0;0;1;557986.8089;5797216.183;9.850795979;52.322202041
9972;3;4;59;24;2018;1;17;4;3;5;3;2;0;1;0;0;0;0;0;451276.5263;5788107.3295;8.286421906;52.241215605
9973;3;1;3;0;2018;1;14;1;3;0;2;0;0;1;0;0;0;0;1;624225.3053;5812536.7417;10.82794953;52.448876595
9974;3;4;61;7;2018;1;17;4;3;5;2;0;0;1;0;0;0;0;0;465296.38;5928583.12;8.476759039;53.505051413
9975;3;3;52;32;2018;1;18;7;3;5;3;2;0;1;0;0;0;0;0;472238.5473;5921442.2416;8.582056646;53.441278119
9976;3;2;41;8;2018;1;16;3;3;2;6;2;0;1;0;0;0;0;0;559918.3911;5809854.4344;9.881392305;52.435603793
9977;3;3;56;7;2018;1;11;3;2;4;6;0;0;1;0;0;0;0;1;481829.624;5897960.3965;8.727793417;53.230621972
9978;3;4;55;26;2018;1;7;6;3;2;2;2;0;1;0;1;0;0;1;439920.9966;5916556.7836;8.096501951;53.394676579
9979;3;4;53;5;2018;1;5;2;3;9;1;2;0;1;0;0;0;0;1;440430.3673;5852875.9514;8.115977828;52.822359491
9980;3;2;41;11;2018;1;18;3;3;2;6;2;0;1;0;0;0;0;0;570574.577;5803577.8152;10.036793995;52.377912152
9981;3;1;51;9;2018;1;16;6;2;4;6;1;0;1;0;0;0;0;0;599467.9992;5815294.0059;10.464618544;52.478725426
9982;3;1;2;0;2018;1;17;2;3;2;6;1;0;1;0;0;0;0;0;592921.14;5766980.0405;10.354947025;52.045632719
9983;3;2;41;10;2018;1;7;3;2;5;2;2;0;1;0;0;0;0;1;549507.6377;5815976.4914;9.729175027;52.491680264
9984;3;2;41;3;2018;1;7;4;3;2;6;1;0;1;0;0;0;0;1;569382.682;5812430.1546;10.021123806;52.45763715
9985;3;2;52;3;2018;1;17;7;3;4;6;2;0;1;0;0;0;0;0;522495.9777;5760076.5629;9.327622251;51.990898211
9986;3;2;41;1;2018;1;6;3;3;2;6;2;0;1;0;0;0;0;1;553652.2426;5800870.2814;9.787788537;52.355491748
9987;3;2;57;3;2018;1;9;3;3;7;7;0;0;1;0;0;1;0;0;514556.2532;5785747.2804;9.213089687;52.221961644
9988;3;3;53;31;2018;1;20;4;2;5;3;2;0;1;0;0;0;0;0;565232.0263;5918528.7453;9.981387591;53.411788122
9989;3;3;55;35;2018;1;17;7;3;4;6;2;0;1;0;0;0;0;0;586629.4408;5896936.0867;10.297325017;53.214663946
9990;3;1;55;10;2018;1;16;3;3;5;3;0;0;1;0;0;0;0;0;564099.82;5720002.72;9.926052181;51.627388206
9991;3;4;61;9;2018;1;19;3;3;5;3;2;0;1;0;0;0;0;1;456823.8511;5921311.2901;8.350022772;53.439063888
9992;3;4;55;14;2018;1;16;6;3;2;6;0;0;1;0;0;0;0;0;434753.3147;5924739.9429;8.017104391;53.467609082
9993;3;4;58;13;2018;1;12;2;3;1;1;0;0;1;0;0;1;0;1;444004.4442;5880298.9167;8.164274231;53.069235605
9994;3;2;57;31;2018;1;19;3;1;8;1;2;0;1;0;0;0;0;1;510426.1058;5783157.8363;9.152548781;52.198774645
9995;3;1;51;9;2018;1;15;2;3;5;3;0;1;1;0;0;0;0;0;607098.3958;5814246.9872;10.576591508;52.467872115
9996;3;2;41;1;2018;1;15;3;3;2;6;0;0;1;0;0;0;0;0;544292.1232;5808478.4623;9.651368395;52.42472385
9997;3;2;54;21;2018;1;17;3;3;2;6;2;0;1;0;0;0;0;0;564113.7778;5778576.3479;9.937143669;52.153959828
9998;3;2;57;3;2018;1;11;4;3;2;6;0;0;0;0;0;1;0;0;518734.0464;5787445.4036;9.274342015;52.23710237
9999;3;1;53;2;2018;1;10;7;3;4;2;0;0;1;0;0;0;0;0;606205.9302;5749983.9997;10.54333287;51.890490773
10000;3;2;52;1;2018;1;18;3;3;2;6;2;0;1;0;0;0;0;1;521136.7356;5768810.9192;9.308366823;52.069480301
10001;3;3;51;24;2018;1;11;6;3;5;3;0;1;1;0;0;0;0;0;561486.1357;5837370.7344;9.909551959;52.682773017
10002;3;3;51;12;2018;1;17;2;3;2;6;2;0;1;0;0;0;0;1;562941.24;5831835.19;9.930017304;52.632848212
10003;3;2;52;6;2018;1;10;3;3;6;2;0;0;1;1;0;0;0;1;525082.2033;5772685.0479;9.366211644;52.104146564
10004;3;2;51;5;2018;1;7;6;3;5;3;1;1;1;0;0;0;0;1;466063.01;5840758.95;8.497603414;52.715657831
10005;3;3;58;5;2018;1;16;2;3;8;1;2;0;0;0;0;1;0;1;545996.6872;5833158.3061;9.679852344;52.646442776
10006;3;1;55;6;2018;1;20;3;3;2;6;0;0;1;0;0;0;0;1;577271.4903;5744481.9757;10.121743898;51.845793334
10007;3;4;61;8;2018;1;18;1;3;4;6;2;0;1;0;0;0;0;1;460276.6014;5905852.0278;8.403940407;53.300381645
10008;3;3;59;25;2018;1;6;7;3;8;1;2;0;1;0;0;0;0;2;521412.9386;5941504.5668;9.323742022;53.621904073
10009;3;2;54;17;2018;1;14;3;3;2;6;0;0;1;0;0;0;0;0;560808.0612;5786291.4728;9.890215061;52.223689553
10010;3;1;54;4;2018;1;16;3;3;2;6;1;0;1;0;0;0;0;0;627979.366;5810111.676;10.882228802;52.42621994
10011;3;2;56;5;2018;1;13;4;3;5;3;0;1;0;0;0;0;1;0;515883.39;5838142.75;9.235012077;52.692969825
10012;3;4;59;29;2018;1;13;6;3;2;2;0;0;1;0;0;0;0;0;446053.8122;5802733.8036;8.207596179;52.372215107
10013;3;4;4;0;2018;1;17;2;3;2;6;2;0;1;0;0;0;0;1;431348.2139;5794458.0208;7.993311784;52.296178238
10014;3;1;58;37;2018;1;12;3;3;6;4;0;0;1;1;0;0;0;0;603826.3847;5780452.4162;10.518013521;52.164782413
10015;3;1;55;12;2018;1;13;6;3;2;6;0;0;1;0;1;0;0;0;543789.9267;5723617.3668;9.633110735;51.661834745
10016;3;2;41;5;2018;1;20;2;3;6;6;2;0;1;1;0;0;0;1;542035.7597;5813512.8297;9.618821966;52.470159663
10017;3;4;58;3;2018;1;17;5;3;8;1;2;0;1;0;0;0;0;1;459451.1466;5870620.4203;8.396013891;52.983632376
10018;3;3;55;30;2018;1;17;7;3;7;7;2;0;1;0;0;0;0;0;600456.0222;5901264.048;10.505677294;53.25112151
10019;3;1;57;1;2018;1;12;3;3;8;7;0;0;1;0;0;0;0;0;585928.3338;5806386.4776;10.263018618;52.400963517
10020;3;2;56;4;2018;1;10;1;3;4;6;0;0;1;0;0;0;0;1;480542.02;5807565.88;8.713892252;52.417967275
10021;3;4;3;0;2018;1;7;4;3;2;6;2;0;1;0;0;0;0;1;449397.1369;5889679.3749;8.2432725;53.154089628
10022;3;4;58;7;2018;1;21;7;2;8;1;2;0;1;0;0;0;0;1;448644.01;5866122.46;8.235766006;52.942274971
10023;3;1;57;2;2018;1;7;3;3;5;3;2;0;1;0;0;1;0;1;576569.3588;5792869.8271;10.12240521;52.280855795
10024;3;4;3;0;2018;1;7;5;3;2;6;1;0;1;0;0;0;0;0;450596.8453;5885955.0383;8.261785683;53.120726154
10025;3;1;51;9;2018;1;7;3;3;2;6;2;0;1;0;0;0;0;1;607491.6582;5812692.2187;10.581877335;52.453822406
10026;3;3;51;6;2018;1;15;1;3;5;3;0;0;1;0;0;0;0;0;576282.7609;5834808.9812;10.127800646;52.657866199
10027;3;4;56;15;2018;1;16;4;3;5;3;0;1;1;0;0;0;0;0;369621.1186;5811796.4689;7.081844737;52.440791401
10028;3;4;4;0;2018;1;7;7;3;5;3;1;0;1;0;0;0;0;0;435313.4765;5792123.257;8.051896385;52.275671615
10029;3;1;54;28;2018;1;10;3;3;9;7;0;0;0;0;0;1;0;0;638623.9999;5788618.9053;11.029817997;52.230517312
10030;3;4;59;20;2018;1;15;2;3;5;2;0;0;1;0;1;0;0;1;429415.8764;5783437.4172;7.96728436;52.196867874
10031;3;1;55;6;2018;1;3;4;3;3;6;2;0;1;0;0;1;0;1;574657.7339;5738915.2358;10.082607437;51.796106092
10032;3;4;54;14;2018;1;18;6;3;4;6;2;0;1;0;0;0;0;1;381437.7293;5828724.2978;7.249563776;52.595595752
10033;3;4;54;54;2018;1;12;2;3;2;2;0;0;1;0;0;0;0;1;369312.1852;5834605.4643;7.068323843;52.645657284
10034;3;4;4;0;2018;1;7;2;3;6;2;2;0;1;1;0;0;0;1;436814.8835;5792002.8587;8.073921755;52.274763928
10035;3;2;54;21;2018;1;6;6;3;5;1;2;0;0;0;0;1;1;1;566168.7754;5782189.9934;9.967881474;52.18620194
10036;3;2;56;4;2018;1;17;2;2;2;6;2;1;1;0;0;0;0;1;480018.1398;5818390.9946;8.7055406;52.51526752
10037;3;3;53;31;2018;1;17;5;3;2;6;2;0;1;0;0;0;1;0;568508.8989;5921548.1319;10.031334776;53.438509091
10038;3;4;57;13;2018;1;6;2;3;6;2;2;0;1;1;0;0;0;1;393667.1193;5901916.7719;7.406056116;53.255841869
10039;3;1;1;0;2018;1;12;1;3;5;2;0;1;1;0;0;0;0;0;605075.2758;5791963.5795;10.539840324;52.268001329
10040;3;3;52;59;2018;1;7;4;3;8;1;2;0;1;0;0;0;0;1;496666.3161;5926353.3322;8.949759213;53.486143079
10041;3;3;57;10;2018;1;18;7;3;8;1;2;0;1;0;0;0;0;0;511252.6405;5894473.0238;9.168451069;53.19946536
10042;3;4;56;25;2018;1;16;2;2;8;1;1;0;1;0;0;0;0;1;377369.8571;5815362.3082;7.194471504;52.474626877
10043;3;4;51;7;2018;1;17;3;3;4;6;2;0;1;0;0;0;0;1;424347.1675;5894214.9372;7.867663059;53.191883842
10044;3;3;61;13;2018;1;21;6;3;5;3;2;0;1;0;0;0;0;0;501418.4407;5868076.3825;9.021117546;52.962295029
10045;3;3;61;12;2018;1;17;2;2;0;3;1;1;1;0;0;0;0;1;515676.4219;5862813.4967;9.233132917;52.914757351
10046;3;4;56;15;2018;1;11;2;2;5;3;0;0;1;0;0;0;1;1;367117.08;5815016.07;7.043746032;52.469116523
10047;3;4;2;0;2018;1;7;3;3;4;2;1;0;1;0;0;0;0;1;384107.4336;5916089.6949;7.257644356;53.381181372
10048;3;4;52;1;2018;1;13;6;3;5;3;0;1;1;0;0;0;0;0;403190.93;5930768.61;7.539920946;53.516925541
10049;3;4;60;8;2018;1;17;2;3;6;4;2;0;1;1;0;0;0;1;446881.3391;5829859.5607;8.215422206;52.616139233
10050;3;4;56;10;2018;1;16;2;3;3;6;1;0;1;0;0;0;0;0;374007.101;5800277.4346;7.15066707;52.338313936
10051;3;1;58;5;2018;1;1;6;2;1;1;2;0;1;0;0;0;0;1;598758.3419;5774738.747;10.442281323;52.114358665
10052;3;2;55;3;2018;1;18;2;3;4;2;0;0;1;0;0;0;0;0;535173.2899;5758480.16;9.512079221;51.975887342
10053;3;4;52;19;2018;1;13;2;3;2;6;0;0;1;0;0;1;0;1;382486.8246;5938489.0123;7.224909425;53.582067885
10054;3;3;51;4;2018;1;14;4;3;4;6;0;0;1;0;0;0;0;1;569453.0362;5853056.7021;10.030707751;52.822801339
10055;3;2;41;5;2018;1;10;7;3;0;7;0;0;0;0;0;0;1;0;541573.3;5809662.9999;9.611534783;52.435586063
10056;3;4;60;4;2018;1;4;2;2;8;1;2;0;1;0;0;0;0;1;459217.135;5851343.9377;8.394946657;52.81033671
10057;3;4;55;15;2018;1;17;2;3;2;6;2;0;1;0;0;0;0;1;431565.1973;5933462.9871;7.967181829;53.54560021
10058;3;4;55;14;2018;1;9;6;2;8;1;0;0;0;0;0;1;0;1;433580.3508;5930103.893;7.998302041;53.515669939
10059;3;3;53;17;2018;1;19;2;1;4;6;2;0;1;0;0;0;0;1;566380.0881;5911125.5256;9.997101285;53.345108578
10060;3;3;53;35;2018;1;19;5;2;2;6;2;1;1;0;0;0;0;0;552880.4866;5904649.1198;9.793266508;53.288419952
10061;3;4;57;18;2018;1;8;5;2;5;3;2;0;1;0;0;0;0;1;399206.1;5882078.504;7.495303742;53.078654914
10062;3;4;55;7;2018;1;12;2;3;4;2;0;1;1;0;0;0;0;0;427181.3;5936863.54;7.900240602;53.575571131
10063;3;4;57;20;2018;1;19;1;2;8;1;2;0;1;0;0;0;0;1;416501.3065;5901525.5929;7.748344536;53.256410588
10064;3;2;41;1;2018;1;12;3;2;6;4;0;0;1;1;0;0;0;0;552558.7809;5798581.3667;9.771376362;52.335021223
10065;3;3;56;9;2018;1;18;2;3;2;6;2;0;1;0;0;0;0;1;473913.8295;5897884.8026;8.609217312;53.229612688
10066;3;1;2;0;2018;1;19;2;3;6;2;2;0;1;1;0;0;0;1;590171.8961;5779668.5185;10.318228797;52.160136203
10067;3;3;54;2;2018;1;17;3;3;3;7;2;0;1;0;0;0;0;0;631227.99;5866439.06;10.952421726;52.93153784
10068;3;3;56;8;2018;1;13;2;3;5;3;0;0;1;0;0;0;0;1;483395.9116;5893881.7395;8.751469646;53.194010104
10069;3;2;57;2;2018;1;8;4;3;2;6;0;0;1;0;0;0;0;1;523819.9717;5792301.8559;9.349161859;52.280567216
10070;3;1;3;0;2018;1;21;7;3;6;6;2;0;1;1;0;0;0;0;625849.0722;5803900.4453;10.84858127;52.370902366
10071;3;3;61;8;2018;1;17;2;3;9;6;2;0;1;0;0;0;0;1;512759.19;5875345.38;9.190243423;53.027488976
10072;3;3;61;5;2018;1;7;2;3;4;6;1;0;0;0;0;0;1;1;520812.3929;5861765.9737;9.309444661;52.905166296
10073;3;3;57;8;2018;1;12;6;3;4;2;0;0;1;0;0;0;0;0;507353.3443;5927542.9265;9.110847473;53.496795131
10074;3;3;57;29;2018;1;17;2;3;2;7;2;0;0;0;0;1;1;1;537350.16;5907043.296;9.560590711;53.311262023
10075;3;3;57;44;2018;1;6;5;3;3;7;2;0;0;0;0;1;1;0;530782.1634;5902896.8638;9.461613187;53.274413501
10076;3;3;61;5;2018;1;10;2;3;2;6;0;0;1;0;0;0;0;1;523025.6493;5863806.1639;9.342496035;52.923416114
10077;3;3;53;39;2018;1;17;1;3;2;6;2;0;1;0;0;0;0;1;553934.6086;5910917.0851;9.810143953;53.344650534
10078;3;4;54;58;2018;1;7;4;2;6;4;2;0;1;1;0;0;0;1;399911.3969;5858374.4733;7.513158861;52.865772977
10079;3;2;41;21;2018;1;10;7;2;0;7;0;1;0;0;0;0;0;1;530580.6388;5808553.2823;9.449739799;52.426335253
10080;3;2;55;32;2018;1;6;3;3;5;2;2;0;1;0;0;0;0;1;532898.1819;5753156.5588;9.478448115;51.928163703
10081;3;3;61;12;2018;1;11;2;3;6;4;0;0;1;1;0;0;0;1;515636.9611;5863787.9675;9.232593012;52.923518486
10082;3;1;53;12;2018;1;13;4;2;3;6;0;0;1;0;0;1;0;0;577713.713;5748399.0127;10.129043532;51.88094385
10083;3;4;4;0;2018;1;14;6;3;5;3;0;0;1;0;0;0;0;0;436633.0165;5792835.4622;8.071100102;52.282227559
10084;3;4;2;0;2018;1;13;2;3;2;6;0;0;1;0;0;0;0;1;377680.555;5914272.1226;7.161777709;53.363403016
10085;3;3;55;26;2018;1;6;5;3;1;1;2;0;1;0;0;1;0;1;608376.43;5903323.94;10.625042947;53.268072482
10086;3;4;3;0;2018;1;12;2;3;2;6;0;0;1;0;0;0;0;1;447990.6038;5887217.8786;8.222640537;53.131829267
10087;3;1;55;6;2018;1;22;6;3;9;1;2;0;1;0;0;0;0;0;571368.1446;5740887.7934;10.035320073;51.81426844
10088;3;2;57;3;2018;1;10;4;2;8;1;0;0;1;1;0;0;0;1;510511.0349;5787277.525;9.153919388;52.235811476
10089;3;1;51;30;2018;1;1;7;3;8;1;2;0;1;0;0;0;0;0;618151.4064;5814265.683;10.739231453;52.465760285
10090;3;2;51;47;2018;1;6;2;3;2;6;2;0;1;0;0;0;0;1;491697.4937;5873185.2973;8.876262441;53.008158882
10091;3;3;51;6;2018;1;7;6;3;6;4;2;0;0;1;0;1;0;1;573176.7164;5831782.7374;10.081217422;52.63109326
10092;3;2;41;1;2018;1;11;2;3;5;2;0;1;1;0;0;0;0;0;558124.662;5804806.518;9.854132872;52.390420123
10093;3;3;51;7;2018;1;19;5;3;1;5;2;0;1;0;0;0;0;1;579851.08;5823825.32;10.177892376;52.558629999
10094;3;4;61;4;2018;1;8;2;2;8;6;0;0;1;0;0;1;0;1;462890.8915;5895998.5591;8.44431543;53.212002149
10095;3;2;41;7;2018;1;20;1;3;0;7;2;1;0;0;0;0;0;1;549181.5221;5797699.9829;9.721685636;52.327411
10096;3;4;53;8;2018;1;14;4;3;5;3;0;0;1;0;0;0;0;0;438920.0627;5867134.7015;8.09089047;52.950354879
10097;3;4;54;47;2018;1;18;7;3;9;7;2;0;1;0;0;0;0;1;397894.8586;5852305.8517;7.485113267;52.810858373
10098;3;1;1;0;2018;1;6;3;2;2;6;2;0;1;0;1;0;0;0;598078.9115;5788066.2251;10.43621544;52.234265256
10099;3;4;58;14;2018;1;18;2;3;5;2;2;1;1;0;0;0;0;1;462132.246;5860431.0749;8.437137167;52.892235593
10100;3;1;51;27;2018;1;7;4;3;2;6;1;0;1;0;0;0;0;1;596587.4343;5799749.7231;10.41773087;52.339537519
10101;3;4;54;14;2018;1;18;6;3;8;1;2;0;1;0;0;0;0;1;376491.872;5825282.259;7.177866484;52.563565871
10102;3;4;62;5;2018;1;18;2;2;8;1;2;0;1;0;0;0;0;1;426073.986;5928390.446;7.885522317;53.499269313
10103;3;3;51;6;2018;1;6;5;3;2;6;2;0;1;0;0;0;0;1;574779.453;5828689.242;10.104193925;52.603069421
10104;3;4;1;0;2018;1;8;2;3;5;3;1;0;1;0;0;0;0;1;473391.918;5877830.6459;8.603064242;53.049319955
10105;3;1;59;14;2018;1;16;6;3;4;1;0;0;1;0;0;0;0;0;581267.8228;5716015.7729;10.173104513;51.589329074
10106;3;2;57;20;2018;1;18;2;3;6;4;2;0;1;1;0;0;0;1;519393.74;5800759.5661;9.284769161;52.356779069
10107;3;2;41;1;2018;1;17;5;3;5;2;1;0;1;0;0;0;0;0;549954.4904;5804342.9513;9.734015913;52.387059292
10108;3;3;52;60;2018;1;15;2;3;2;6;0;0;1;0;0;1;0;1;479963.0102;5906372.7394;8.699300399;53.306172536
10109;3;3;52;11;2018;1;8;4;3;5;2;0;1;1;0;0;0;0;1;481386.1564;5966955.1954;8.717044672;53.850766527
10110;3;3;57;45;2018;1;14;7;2;8;7;0;0;1;0;0;0;0;0;514168.4748;5885907.8964;9.211721375;53.122402667
10111;3;2;41;2;2018;1;10;2;3;0;1;0;0;1;0;0;0;0;0;534660.1893;5794627.5477;9.508295275;52.300898866
10112;3;3;52;62;2018;1;15;2;3;2;6;0;0;1;0;0;0;0;1;473376.766;5938510.3861;8.597741333;53.594752549
10113;3;1;54;13;2018;1;7;5;3;2;6;1;0;1;0;0;0;0;1;617891.6017;5797265.0967;10.729426182;52.313044946
10114;3;1;59;17;2018;1;12;1;3;8;1;0;0;1;0;0;0;0;1;551112.4004;5693818.1137;9.734644898;51.393293068
10115;3;4;58;8;2018;1;12;4;3;2;6;0;0;1;0;0;0;0;0;472574.4137;5868256.1844;8.591682131;52.963211973
10116;3;4;58;13;2018;1;10;7;3;5;3;0;1;1;0;0;0;0;0;445416.6734;5884276.6445;8.18467376;53.105135111
10117;3;3;52;38;2018;1;6;2;3;8;1;2;0;1;0;0;0;0;2;490243.6531;5959826.0722;8.851915831;53.786930767
10118;3;4;5;0;2018;1;12;3;3;5;3;0;0;1;0;0;0;0;0;440590.6511;5936731.582;8.102752831;53.576075276