OBJECTID_1;ULAND;UREGBEZ;UKREIS;UGEMEINDE;UJAHR;UMONAT;USTUNDE;UWOCHENTAG;UKATEGORIE;UART;UTYP1;ULICHTVERH;IstRad;IstPKW;IstFuss;IstKrad;IstGkfz;IstSonstig;STRZUSTAND;LINREFX;LINREFY;XGCSWGS84;YGCSWGS84
10119;3;4;60;8;2018;1;12;6;3;8;1;0;0;1;0;0;0;0;0;445226.2158;5830481.4914;8.190875098;52.621565423
10120;3;4;53;4;2018;1;14;2;3;5;3;0;1;0;0;0;0;1;1;435726.4135;5854629.0529;8.045835404;52.837576794
10121;3;2;41;17;2018;1;11;5;3;5;3;0;0;1;0;0;0;0;0;544896.2873;5780130.5897;9.656473634;52.169829791
10122;3;3;53;5;2018;1;17;2;3;5;3;2;0;1;0;0;0;0;1;558577.5057;5902456.2945;9.878313534;53.268111972
10123;3;1;51;36;2018;1;19;6;3;1;5;2;0;1;0;0;0;1;0;610986.7271;5829191.7363;10.63880024;52.601396132
10124;3;2;52;6;2018;1;8;2;3;0;7;0;0;1;0;0;0;0;0;519802.2067;5774957.587;9.289254686;52.124792442
10125;3;3;58;18;2018;1;18;2;3;5;2;2;0;1;0;0;0;0;1;525715.55;5848464.64;9.381295671;52.785382161
10126;3;2;41;18;2018;1;17;4;3;2;6;2;1;1;0;0;0;0;0;574957.7276;5812541.1819;10.103182304;52.457898459
10127;3;2;41;5;2018;1;18;7;2;5;3;2;0;1;0;0;0;0;0;540786.8866;5809617.8849;9.599961989;52.435239738
10128;3;3;53;28;2018;1;14;2;2;2;6;0;0;1;0;0;1;0;1;552453.0253;5913799.9193;9.788369705;53.370710542
10129;3;3;60;30;2018;1;19;2;3;1;7;2;0;1;0;0;0;0;1;606328.011;5862955.9557;10.580989085;52.905746615
10130;3;2;51;37;2018;1;7;6;3;2;6;0;0;1;0;0;0;1;1;486954.3072;5875291.9306;8.80548692;53.027001592
10131;3;3;59;38;2018;1;8;2;3;2;6;0;0;1;0;0;0;0;0;528832.592;5938517.1208;9.435640142;53.594696214
10132;3;3;54;4;2018;1;17;2;3;5;2;2;1;1;0;0;0;0;1;638653.16;5883814.06;11.070276207;53.085761511
10133;3;4;58;14;2018;1;10;3;2;2;6;0;0;0;0;0;1;1;0;455182.6864;5861192.3123;8.333741646;52.898543994
10134;3;4;55;14;2018;1;15;6;3;2;6;0;0;1;0;0;0;0;0;434447.5588;5925967.6615;8.012242944;53.47860508
10135;3;2;51;37;2018;1;6;2;3;2;6;2;0;1;0;0;0;0;0;486711.9063;5874747.7824;8.801895124;53.022104095
10136;3;2;57;2;2018;1;21;5;3;9;1;2;0;1;0;0;0;0;1;523723.8898;5792503.7612;9.347767694;52.282386573
10137;3;2;41;2;2018;1;6;2;2;5;3;2;0;1;0;0;0;0;1;533585.3577;5796733.2723;9.492743555;52.319896424
10138;3;1;53;17;2018;1;20;2;3;6;2;2;0;1;1;0;0;0;1;597487.3646;5751308.1868;10.417057081;51.903986135
10139;3;2;41;6;2018;1;15;3;3;6;4;0;0;1;1;0;0;0;0;541382.8983;5795851.6039;9.607029475;52.311437725
10140;3;2;41;19;2018;1;16;2;3;2;6;1;0;1;0;0;0;0;1;542995.4119;5816023.412;9.633272382;52.492654236
10141;3;2;41;1;2018;1;13;4;3;3;2;0;0;1;0;0;0;0;0;555683.7036;5806987.4537;9.818630207;52.410279195
10142;3;1;57;2;2018;1;15;7;3;8;1;0;0;1;0;0;0;0;0;576417.82;5788902.96;10.119286038;52.245219364
10143;3;2;57;3;2018;1;12;2;1;2;6;0;0;1;0;0;1;0;1;514518.1497;5785749.5317;9.212531989;52.22198289
10144;3;3;60;3;2018;1;10;6;3;4;6;0;0;1;0;0;1;0;1;602906.2903;5879823.4613;10.53549765;53.05798808
10145;3;3;54;18;2018;1;7;2;2;2;6;1;0;1;0;0;0;0;1;642776.5402;5871748.2535;11.126457428;52.976285794
10146;3;2;41;11;2018;1;14;5;3;2;6;0;0;0;0;0;1;1;0;561062.2899;5805601.8398;9.897440264;52.397249711
10147;3;2;41;11;2018;1;5;2;3;2;6;2;0;1;0;0;0;0;1;569833.2241;5803909.4085;10.025973952;52.380987843
10148;3;3;57;1;2018;1;16;1;2;5;3;1;0;1;0;0;0;0;1;522940.5946;5878890.5333;9.342301324;53.059017427
10149;3;4;54;38;2018;1;17;4;2;5;3;1;1;1;0;0;0;0;0;393769.6828;5873926.0878;7.416866173;53.00434433
10150;3;4;59;24;2018;1;15;7;3;8;1;0;0;1;0;0;0;0;0;454344.4179;5777304.9719;8.332804689;52.144364885
10151;3;1;53;17;2018;1;8;3;3;2;6;0;0;1;0;0;0;1;1;599971.5839;5753806.9934;10.453880156;51.926005662
10152;3;2;41;16;2018;1;14;5;2;4;1;0;0;1;0;0;0;0;1;569175.7493;5793497.3541;10.014172892;52.287476978
10153;3;1;55;9;2018;1;13;2;3;8;6;0;0;1;0;0;0;0;1;552198.624;5732836.4902;9.756052731;51.744002325
10154;3;3;61;1;2018;1;17;1;3;8;7;2;0;1;0;0;0;0;1;498539.8335;5876627.6314;8.9782226;53.039165757
10155;3;2;41;7;2018;1;7;3;2;5;3;0;1;1;0;0;0;0;0;551409.8208;5795933.174;9.754110451;52.31132369
10156;3;2;57;27;2018;1;19;2;3;4;6;2;0;1;0;0;0;0;1;512263.2093;5801337.4104;9.180089422;52.362180011
10157;3;2;56;7;2018;1;21;4;3;3;6;2;0;1;0;1;0;0;0;514262.4753;5848303.838;9.211470698;52.784360754
10158;3;4;59;19;2018;1;7;6;2;0;7;2;1;0;0;0;0;0;1;436260.2085;5783683.3545;8.067362296;52.199912544
10159;3;4;59;4;2018;1;12;2;2;4;7;0;0;1;0;0;0;0;0;435347.32;5779888.1523;8.054730607;52.16568944
10160;3;2;41;1;2018;1;10;5;3;5;2;0;1;1;0;0;0;0;0;550816.2042;5801988.7253;9.746319642;52.365816404
10161;3;2;54;28;2018;1;17;2;3;2;2;2;0;1;0;0;0;1;1;558719.3437;5789540.4752;9.860205072;52.253123366
10162;3;2;41;11;2018;1;14;6;3;2;6;0;0;1;0;0;0;0;0;570024.4233;5803823.196;10.028764504;52.380188473
10163;3;2;41;5;2018;1;18;2;3;2;2;2;0;1;0;0;1;0;1;540067.6593;5810059.4559;9.589435968;52.439262574
10164;3;1;59;19;2018;1;23;5;3;8;1;2;0;1;0;0;0;0;1;590794.1201;5725373.3766;10.313006903;51.671991536
10165;3;4;51;2;2018;1;12;5;3;4;2;0;0;1;0;1;0;0;0;442902.98;5891321.43;8.145875482;53.16819216
10166;3;2;52;3;2018;1;7;2;2;2;6;2;0;1;0;0;0;0;1;518696.42;5758271.03;9.272189372;51.974805788
10167;3;2;41;1;2018;1;3;1;1;0;7;2;0;0;1;0;0;1;1;553314.3924;5797467.9996;9.782288355;52.324939567
10168;3;4;5;0;2018;1;21;4;3;4;2;2;0;1;0;0;0;0;1;439888.24;5931458.17;8.093159838;53.528600649
10169;3;4;3;0;2018;1;15;7;3;2;2;0;0;1;0;0;1;0;0;442451.853;5884657.6421;8.140324441;53.108248085
10170;3;1;59;13;2018;1;16;2;3;5;2;0;0;1;0;0;0;0;0;564899.0569;5701436.1632;9.934172617;51.460374703
10171;3;4;59;18;2018;1;6;3;1;5;3;2;0;1;0;0;0;0;1;433257.715;5826556.898;8.014892712;52.584949141
10172;3;4;62;19;2018;1;20;6;3;9;1;2;0;1;0;0;0;0;1;422566.24;5943788.87;7.828835436;53.637145606
10173;3;4;52;24;2018;1;15;2;3;2;2;0;0;1;0;0;0;0;1;384735.5103;5930178.6451;7.26192178;53.507902764
10174;3;2;57;13;2018;1;7;5;3;8;1;1;0;1;0;0;0;0;1;508893.452;5794320.729;9.130417894;52.299162086
10175;3;1;51;4;2018;1;7;2;2;2;2;2;1;1;0;0;0;0;1;616442.89;5816618.42;10.714915778;52.487269461
10176;3;2;52;6;2018;1;16;4;3;0;3;1;1;1;0;0;0;0;0;525964.34;5772382.97;9.379067917;52.101389995
10177;3;4;54;14;2018;1;18;6;3;5;3;2;0;1;0;0;0;0;0;379758.8802;5827554.1332;7.225215322;52.584712142
10178;3;4;54;57;2018;1;12;2;3;9;1;0;0;1;0;0;0;0;1;410211.9088;5854625.7938;7.667160161;52.83389974
10179;3;2;54;8;2018;1;21;5;3;5;3;2;0;1;0;0;0;0;1;572072.303;5765005.231;10.050582831;52.030983516
10180;3;1;57;8;2018;1;19;2;3;3;6;2;0;1;0;0;1;1;1;592035.9558;5799696.6472;10.35092941;52.339843083
10181;3;2;54;17;2018;1;17;6;3;2;6;2;0;1;0;0;0;0;0;562538.029;5783972.5571;9.915109425;52.202649982
10182;3;2;41;16;2018;1;9;2;3;3;6;0;0;1;0;0;0;1;0;559432.5879;5795709.6572;9.871740016;52.308504568
10183;3;1;59;16;2018;1;13;5;3;8;1;0;0;1;0;0;0;0;1;566835.4551;5710319.8699;9.963724618;51.540017932
10184;3;1;1;0;2018;1;17;2;3;2;6;2;0;1;0;0;1;0;1;603244.473;5797188.6631;10.514621984;52.315307862
10185;3;4;59;22;2018;1;17;4;3;5;7;2;0;1;0;0;0;0;0;439623.27;5776476.8001;8.117846146;52.135506884
10186;3;1;58;16;2018;1;11;1;2;8;1;0;0;1;0;0;0;0;0;591345.3615;5768615.8304;10.332413663;52.060597843
10187;3;4;1;0;2018;1;9;4;3;5;3;0;1;0;0;0;0;1;1;475583.5094;5877718.2036;8.635765872;53.048413771
10188;3;3;52;11;2018;1;23;7;3;9;1;2;0;1;0;0;0;0;1;480644.8612;5967754.8152;8.70572574;53.857926425
10189;3;4;57;24;2018;1;11;5;3;8;1;0;0;1;0;0;0;0;0;384788.882;5892965.5376;7.27626605;53.173561761
10190;3;4;4;0;2018;1;15;1;3;2;6;0;0;1;0;0;0;0;1;433535.6119;5788930.9698;8.026471095;52.246763251
10191;3;4;55;14;2018;1;11;3;2;2;6;0;0;1;0;0;0;0;0;434709.1492;5924993.8722;8.016386412;53.46988577
10192;3;4;55;15;2018;1;14;6;3;5;2;0;0;1;0;0;0;0;0;435362.2329;5930633.2599;8.025061677;53.520649651
10193;3;4;5;0;2018;1;12;2;3;8;1;0;0;1;0;0;0;0;1;437700.25;5932823.71;8.059885007;53.540618457
10194;3;1;3;0;2018;1;17;5;3;5;3;2;0;1;0;0;0;0;0;618005.5426;5810612.4555;10.735793961;52.432963422
10195;3;4;57;24;2018;1;16;1;3;8;1;1;0;1;0;0;0;0;0;384585.7832;5889242.6834;7.274570988;53.140067511
10196;3;1;2;0;2018;1;13;2;3;5;3;0;0;1;0;0;0;0;0;596844.4187;5778147.3787;10.415310003;52.14533402
10197;3;1;3;0;2018;1;12;5;3;5;3;0;1;1;0;0;0;0;0;618027.7106;5809488.0569;10.735722835;52.422854596
10198;3;4;62;5;2018;1;15;1;3;9;1;0;0;1;0;0;0;0;1;416345.365;5926934.285;7.739282629;53.484726362
10199;3;4;52;1;2018;1;15;1;3;2;6;0;0;1;0;0;0;0;2;400955.7651;5922674.2541;7.508775595;53.443776138
10200;3;1;59;16;2018;1;13;6;3;2;6;0;0;1;0;0;0;0;0;563359.9283;5709724.2445;9.913509566;51.535063831
10201;3;2;55;8;2018;1;16;2;3;4;6;1;0;1;0;0;0;0;0;552415.42;5758110.49;9.763026562;51.971205031
10202;3;1;3;0;2018;1;5;5;3;4;2;2;0;1;0;0;0;0;1;618362.33;5803495.57;10.738523252;52.368932564
10203;3;4;52;1;2018;1;0;1;3;2;6;2;0;1;0;0;0;0;1;399502.8925;5925528.7673;7.485996989;53.469150649
10204;3;3;59;10;2018;1;17;4;3;2;6;2;0;1;0;0;0;0;1;547023.6482;5925565.2669;9.708529363;53.476969675
10205;3;3;51;15;2018;1;9;7;3;5;3;0;0;1;0;0;0;0;0;593227.3604;5826474.9009;10.375895216;52.580316076
10206;3;4;60;9;2018;1;14;1;3;8;1;0;0;0;0;1;0;0;1;454678.1138;5844118.8646;8.328610834;52.745027074
10207;3;3;61;9;2018;1;15;1;3;9;1;0;0;1;0;0;0;0;1;503462.2023;5878257.8607;9.051653922;53.053811256
10208;3;4;55;14;2018;1;13;6;2;2;6;0;0;1;0;0;0;0;0;434233.8877;5926402.0332;8.008932854;53.482482281
10209;3;3;53;31;2018;1;17;2;2;3;6;1;0;1;0;0;0;0;1;566574.6207;5916127.8056;10.001076353;53.390042125
10210;3;1;58;37;2018;1;21;5;3;0;1;2;1;0;0;0;0;0;1;605339.016;5779605.2685;10.5398578;52.1568821
10211;3;4;51;7;2018;1;7;1;3;2;1;2;0;1;0;0;0;0;1;429406.8546;5901651.2196;7.941732939;53.25941341
10212;3;4;4;0;2018;1;19;1;3;5;3;2;0;1;0;0;0;0;1;434284.48;5794495.62;8.036354179;52.296875331
10213;3;2;41;11;2018;1;13;3;3;2;6;0;0;1;0;0;0;0;0;570361.6291;5803672.6526;10.03368609;52.378792034
10214;3;2;51;44;2018;1;17;1;3;8;1;2;0;1;0;0;0;0;1;480119.3463;5818075.1424;8.707050876;52.512431693
10215;3;1;55;12;2018;1;21;4;3;8;7;2;0;1;0;0;0;0;0;548451.0176;5723087.022;9.700421677;51.656683955
10216;3;1;51;41;2018;1;9;7;3;9;1;0;0;1;0;0;0;0;0;594210.7596;5803541.5943;10.383921084;52.374031422
10217;3;2;41;1;2018;1;9;4;3;2;6;0;0;1;0;0;0;0;0;556879.6787;5808235.0755;9.83642292;52.421371484
10218;3;1;59;10;2018;1;15;7;3;2;6;0;0;1;0;0;0;0;0;586787.1261;5707907.1594;10.250755152;51.515613541
10219;3;2;51;24;2018;1;7;1;3;9;1;2;0;1;0;0;0;0;1;491792.6112;5837091.5077;8.878588539;52.683690012
10220;3;4;1;0;2018;1;2;1;3;8;1;2;0;1;0;0;0;0;1;479087.2879;5880395.3522;8.687858836;53.072627737
10221;3;3;59;3;2018;1;17;6;2;6;4;2;0;1;1;0;0;0;0;541054.8078;5920840.8913;9.617983132;53.435005307
10222;3;3;57;57;2018;1;16;2;3;2;2;2;0;1;0;0;0;0;1;518322.77;5904969.14;9.274893232;53.293617833
10223;3;1;58;37;2018;1;18;5;2;4;2;2;0;1;0;1;0;0;1;603114.3849;5781822.3037;10.50802382;52.177227858
10224;3;3;57;3;2018;1;7;1;2;9;7;2;0;1;0;0;0;0;1;519812.49;5914765.09;9.297855782;53.381618031
10225;3;3;53;35;2018;1;19;1;3;5;7;2;0;1;0;0;0;0;1;547530.13;5903721.7377;9.712873612;53.280591146
10226;3;2;41;16;2018;1;14;7;3;2;6;0;0;1;0;0;0;0;1;563245.43;5799729.2778;9.928414092;52.344212127
10227;3;2;54;44;2018;1;21;3;2;6;4;2;0;1;1;0;0;0;0;569672.3528;5757512.8387;10.014082219;51.963936979
10228;3;3;57;8;2018;1;17;1;3;2;6;1;0;1;0;0;0;0;0;507357.53;5927540.37;9.11091051;53.496772093
10229;3;2;54;22;2018;1;11;4;3;3;2;0;0;1;0;0;1;0;1;578345.8224;5773194.145;10.143891216;52.103743438
10230;3;4;59;14;2018;1;7;6;3;2;6;1;0;1;0;0;0;0;1;431195.9841;5806175.335;7.988678897;52.401486428
10231;3;4;4;0;2018;1;18;2;3;5;2;2;1;1;0;0;0;0;1;440670.297;5791144.132;8.130572725;52.267473997
10232;3;1;57;7;2018;1;10;5;3;9;1;0;0;1;0;0;0;0;1;595506.508;5785634.5595;10.397872272;52.212861837
10233;3;3;53;18;2018;1;19;1;3;2;6;2;0;1;0;0;0;0;1;541458.9123;5909628.4596;9.622593559;53.334192827
10234;3;1;55;13;2018;1;8;6;2;2;6;0;0;0;0;0;1;0;1;554998.0328;5741356.4441;9.797945871;51.82033251
10235;3;2;41;19;2018;1;15;2;2;4;6;0;0;1;0;0;1;0;1;549262.2508;5827098.5682;9.72721151;52.591683341
10236;3;1;57;5;2018;1;9;5;2;8;1;0;0;1;0;0;0;0;0;590013.9344;5783077.6564;10.316824875;52.190804385
10237;3;3;57;45;2018;1;18;1;3;3;6;2;0;1;0;0;1;0;0;511601.3337;5881934.4435;9.173216907;53.086746417
10238;3;3;54;1;2018;1;20;1;3;9;1;2;1;0;0;0;0;0;1;631645.2032;5862659.6781;10.957093288;52.89748059
10239;3;3;51;6;2018;1;12;6;3;2;6;0;0;1;0;0;0;0;0;572621.8765;5830733.8045;10.0727904;52.621739528
10240;3;3;51;6;2018;1;11;2;3;1;7;0;0;1;0;0;0;0;0;569815.8744;5829210.3162;10.03102505;52.608413624
10241;3;3;51;6;2018;1;0;1;3;4;2;2;0;1;0;0;0;0;0;573113.227;5832167.4924;10.080364708;52.634560144
10242;3;2;41;11;2018;1;18;1;3;3;6;2;0;1;0;0;0;0;1;561255.0373;5805043.0274;9.900170499;52.392204873
10243;3;4;53;11;2018;1;16;4;3;5;3;0;0;1;0;0;0;0;1;414881.2;5847027.9;7.738431471;52.766371128
10244;3;4;4;0;2018;1;6;7;3;5;2;2;0;1;0;0;0;0;0;428204.8;5795316.2;7.947043038;52.303490567
10245;3;1;54;13;2018;1;6;3;3;3;6;2;0;1;0;0;1;0;0;627076.4698;5795933.8093;10.863587744;52.299033452
10246;3;2;41;6;2018;1;16;1;3;5;3;0;0;1;0;0;0;0;1;541471.1934;5793466.4106;9.608030791;52.289988198
10247;3;1;2;0;2018;1;13;4;3;2;6;0;0;1;0;0;0;0;0;593707.1335;5767458.4429;10.366535803;52.049800439
10248;3;4;54;35;2018;1;7;6;3;5;2;2;1;1;0;0;0;0;1;388965.617;5840961.3657;7.356534146;52.707151399
10249;3;4;54;35;2018;1;15;2;3;5;3;0;1;1;0;0;0;0;1;384557.8547;5838562.1924;7.292165806;52.684670651
10250;3;2;41;11;2018;1;16;1;3;2;6;1;0;0;0;0;1;1;0;564053.5513;5805104.8204;9.941301853;52.392440057
10251;3;2;52;6;2018;1;8;6;3;6;4;0;0;0;1;1;0;0;1;524843.9469;5772693.411;9.362733677;52.104232506
10252;3;2;56;25;2018;1;0;2;3;8;1;2;0;1;0;0;0;0;1;510529.7728;5811415.1408;9.154950559;52.452817891
10253;3;2;41;1;2018;1;8;1;2;2;7;0;0;1;0;0;0;0;0;544367.3357;5808502.8864;9.652477648;52.424937319
10254;3;3;52;11;2018;1;13;4;3;2;6;0;0;1;0;0;0;1;0;478208.2753;5964312.4493;8.668924867;53.826889874
10255;3;3;57;41;2018;1;21;7;3;7;1;2;0;1;0;0;0;0;1;532664.9706;5886408.9603;9.488160099;53.126094428
10256;3;2;57;18;2018;1;18;1;3;2;6;2;0;1;0;0;0;0;0;524087.2183;5792053.973;9.353061467;52.278327013
10257;3;2;51;40;2018;1;15;3;3;2;2;0;0;1;0;0;0;0;0;485335.6559;5835596.6944;8.783138284;52.670115547
10258;3;3;61;12;2018;1;7;6;3;5;3;1;0;1;0;0;1;0;1;515992.4649;5863782.9238;9.237880679;52.923462678
10259;3;1;53;8;2018;1;16;5;3;2;6;0;0;1;0;0;0;0;0;595907.229;5762380.443;10.397186353;52.00378181
10260;3;2;54;41;2018;1;13;1;2;4;1;0;0;1;0;0;0;0;1;548718.84;5761308.64;9.709673304;52.000293674
10261;3;4;58;10;2018;1;7;4;3;2;6;1;0;1;0;0;0;0;1;461935.2212;5879015.7765;8.432022524;53.059280061
10262;3;4;58;13;2018;1;11;7;3;5;3;0;0;1;0;0;0;0;0;445900.5819;5881129.4026;8.19243104;53.076895733
10263;3;2;54;13;2018;1;15;1;3;1;5;0;0;1;0;0;0;0;0;549513.1097;5769655.5728;9.722450908;52.075263887
10264;3;4;54;54;2018;1;5;3;3;8;1;2;0;1;0;0;0;0;1;367925.8809;5831806.5387;7.048965311;52.620173879
10265;3;4;52;1;2018;1;2;6;3;9;1;2;0;1;0;0;0;0;1;409084.6735;5930819.1097;7.628767154;53.518431662
10266;3;4;53;11;2018;1;6;2;3;8;1;1;0;0;0;1;0;0;1;416416.0718;5845967.9098;7.761444716;52.757083956
10267;3;1;3;0;2018;1;22;1;3;5;3;2;0;1;0;0;0;0;0;618142.3793;5806265.8993;10.736270724;52.393874889
10268;3;1;58;37;2018;1;15;6;3;0;7;0;0;1;0;0;0;0;0;605098.36;5782169.6878;10.537135439;52.179975587
10269;3;2;52;5;2018;1;16;2;2;4;6;0;0;1;0;0;0;0;1;530502.965;5769094.4586;9.445033635;52.071592804
10270;3;1;1;0;2018;1;18;1;3;2;6;2;0;1;0;0;0;0;1;606466.253;5794496.51;10.56101627;52.290497728
10271;3;2;41;21;2018;1;10;4;3;5;3;0;0;1;0;0;0;0;1;531642.0874;5805429.1477;9.465054128;52.398188791
10272;3;2;41;1;2018;1;23;7;3;3;6;2;0;1;0;0;0;0;1;558338.6542;5806726.6731;9.857611674;52.407658288
10273;3;4;4;0;2018;1;4;7;2;9;1;2;0;1;0;0;0;0;1;437761.206;5788875.973;8.088366314;52.246762992
10274;3;4;59;24;2018;1;12;7;2;2;2;0;0;1;0;0;0;1;0;456008.6905;5783008.154;8.356384674;52.195772299
10275;3;4;3;0;2018;1;15;6;3;6;4;0;0;1;1;0;0;0;0;444410.9083;5888343.2312;8.168947323;53.141582966
10276;3;3;59;27;2018;1;15;2;3;8;6;0;0;0;0;1;0;1;1;537444.9076;5929769.0715;9.56471206;53.515522966
10277;3;3;61;5;2018;1;15;5;3;2;2;0;0;1;0;0;0;0;0;520635.8253;5863998.4363;9.306961306;52.925241671
10278;3;4;62;6;2018;1;13;7;3;1;1;0;0;1;0;0;0;0;1;406580.92;5943636.42;7.587181501;53.633166849
10279;3;4;57;21;2018;1;19;1;3;2;6;2;0;1;0;0;0;0;1;386258.8529;5894230.8478;7.297798226;53.185246945
10280;3;4;51;8;2018;1;7;2;3;8;6;2;0;1;0;0;0;0;1;436504.724;5896256.853;8.049195657;53.211826603
10281;3;4;60;6;2018;1;22;7;2;8;1;2;0;1;0;0;0;0;1;449833.295;5831584.1874;8.258757477;52.631923055
10282;3;1;53;2;2018;1;13;2;3;2;2;0;0;1;0;0;0;0;0;603413.9453;5753824.7393;10.5039292;51.925536339
10283;3;2;41;1;2018;1;8;3;3;3;6;0;0;1;0;0;1;0;0;552576.9541;5799464.6933;9.771781291;52.342960255
10284;3;4;60;5;2018;1;18;7;2;9;1;2;0;1;0;0;0;0;1;442558.165;5830315.0453;8.151495859;52.619793526
10285;3;2;41;11;2018;1;17;4;3;2;6;2;0;1;0;0;0;0;0;569981.1609;5803842.7031;10.028133098;52.38036935
10286;3;1;58;38;2018;1;14;7;2;5;3;0;1;0;0;0;0;0;0;609252.2772;5772017.3068;10.594602407;52.087926485
10287;3;4;3;0;2018;1;11;7;3;0;1;0;1;0;0;0;0;0;1;446570.2292;5891017.874;8.200779172;53.165844402
10288;3;2;51;13;2018;1;1;7;3;9;1;2;0;1;0;0;0;0;1;461035.3363;5833291.0631;8.424062311;52.648186886
10289;3;3;60;16;2018;1;13;6;2;4;6;0;0;1;0;0;0;0;1;610327.9706;5870657.4401;10.643058314;52.974144639
10290;3;3;60;12;2018;1;7;2;3;0;1;2;0;0;0;1;0;0;1;602024.9514;5884285.2314;10.523767283;53.09825109
10291;3;4;61;9;2018;1;13;7;2;5;3;0;0;1;0;0;0;0;1;457521.5294;5916944.227;8.361113608;53.399868384
10292;3;3;57;33;2018;1;18;1;3;5;2;2;0;1;0;0;0;0;1;536319.18;5895558.39;9.5438064;53.208100164
10293;3;4;54;44;2018;1;20;4;2;5;3;2;0;1;0;0;0;0;0;383158.3912;5880797.2744;7.256314593;53.063873625
10294;3;4;59;24;2018;1;23;7;3;0;3;2;0;1;0;1;0;0;1;456612.1836;5784867.8027;8.364975217;52.212538539
10295;3;2;41;11;2018;1;12;7;3;2;5;0;0;1;0;0;0;0;1;566306.3914;5802926.4745;9.973972445;52.372590523
10296;3;1;54;14;2018;1;6;3;3;4;2;2;0;1;0;0;0;1;1;610965.766;5796656.7573;10.62767201;52.30902137
10297;3;2;55;4;2018;1;16;4;3;2;6;0;0;1;0;0;0;0;0;528711.001;5735507.7164;9.416088761;51.769715538
10298;3;4;54;8;2018;1;15;6;3;2;2;0;0;1;0;0;0;0;1;389456.5814;5871270.828;7.35352503;52.979612012
10299;3;1;1;0;2018;2;5;4;3;8;7;2;0;1;0;0;0;0;0;601876.908;5790527.957;10.492553564;52.255700497
10300;3;4;59;14;2018;2;5;6;3;6;4;2;0;1;1;0;0;0;1;429848.4737;5806414.1826;7.968825804;52.40346233
10301;3;2;41;1;2018;2;10;3;2;6;4;0;0;1;1;0;0;0;0;553352.5375;5797398.3628;9.782836957;52.324309851
10302;3;4;59;8;2018;2;8;5;3;8;1;0;0;1;0;0;0;0;2;441665.5679;5800707.0953;8.143498133;52.353546535
10303;3;4;59;8;2018;2;6;5;2;9;1;2;0;1;0;0;0;0;2;441649.2203;5800687.7803;8.143261494;52.353371164
10304;3;2;51;37;2018;2;9;2;3;2;2;0;0;1;0;0;0;0;1;483200.9153;5875383.7474;8.749519067;53.027722284
10305;3;4;59;8;2018;2;5;5;3;8;1;2;0;1;0;0;0;0;2;440425.7888;5798137.3146;8.125752971;52.330312457
10306;3;1;59;17;2018;2;22;2;3;9;1;2;0;1;0;0;0;0;0;553213.4104;5694199.161;9.764897278;51.396525921
10307;3;4;59;13;2018;2;7;5;3;8;1;1;0;1;0;0;0;0;2;453674.6205;5802906.2558;8.319503473;52.374462847
10308;3;3;53;31;2018;2;12;4;3;2;6;0;0;1;0;0;0;1;0;568573.8333;5914317.661;10.030740077;53.373517832
10309;3;4;57;14;2018;2;16;7;3;0;7;0;0;1;0;0;0;1;0;398385.5569;5908638.5721;7.474607941;53.317167123
10310;3;4;59;33;2018;2;4;5;2;9;1;2;0;1;0;0;0;0;2;430606.2862;5798307.6205;7.981640304;52.330689292
10311;3;4;56;15;2018;2;6;3;3;4;2;2;1;1;0;0;0;0;0;367722.5218;5812637.6429;7.053596447;52.447893223
10312;3;4;59;14;2018;2;18;5;3;5;3;2;0;1;0;0;0;0;1;430123.07;5806484.95;7.972846681;52.404133584
10313;3;4;60;10;2018;2;19;6;3;8;1;2;0;1;0;0;0;0;1;457857.1009;5854822.8352;8.37432144;52.841504505
10314;3;1;57;1;2018;2;6;3;3;1;6;2;0;1;0;0;0;0;1;585539.9926;5804134.0029;10.256736844;52.380778672
10315;3;4;4;0;2018;2;2;5;3;5;3;2;0;1;0;0;0;0;1;431950.4881;5790703.6321;8.002899677;52.262504351
10316;3;4;4;0;2018;2;14;5;3;2;6;0;0;1;0;0;0;0;1;432134.0445;5791580.2259;8.005412488;52.270406903
10317;3;4;4;0;2018;2;12;5;3;6;4;0;0;1;1;0;0;0;1;431867.2672;5790626.6128;8.001696026;52.261801706
10318;3;4;53;12;2018;2;18;1;3;5;3;2;0;1;0;0;0;0;1;416623.4153;5854854.0621;7.7622509;52.83698156
10319;3;4;57;17;2018;2;19;5;3;9;1;2;0;0;0;1;0;0;1;407388.7422;5888699.4007;7.615507272;53.139636065
10320;3;4;57;8;2018;2;7;5;3;4;2;1;0;1;0;0;0;0;1;408929.86;5900876.87;7.635067056;53.249335552
10321;3;4;54;47;2018;2;17;5;3;5;3;2;0;1;0;0;0;0;0;400288.0537;5856625.6526;7.519287264;52.850126864
10322;3;4;59;13;2018;2;16;1;2;8;1;0;0;1;0;0;0;0;0;454573.7235;5803681.1577;8.332604845;52.381504333
10323;3;4;56;18;2018;2;8;5;3;8;1;0;0;1;0;0;0;0;2;375812.2421;5799969.2975;7.177262287;52.335956688
10324;3;4;61;6;2018;2;19;6;3;5;3;2;0;1;0;0;0;0;1;473899.9013;5889879.8121;8.609662775;53.157655729
10325;3;3;57;57;2018;1;7;3;3;2;6;2;0;1;0;1;0;0;1;518213.68;5906720.42;9.273357101;53.309363622
10326;3;3;60;5;2018;2;9;4;3;5;3;0;0;1;0;0;0;0;0;613110.6076;5857988.135;10.68006662;52.859722501
10327;3;2;51;25;2018;2;15;7;2;9;1;0;0;1;0;0;0;0;2;457072.4858;5814591.684;8.367912132;52.479788827
10328;3;4;56;23;2018;2;7;5;2;9;1;2;0;1;0;0;0;0;2;354750.2035;5820480.0508;6.859434222;52.515054945