OBJECTID_1;ULAND;UREGBEZ;UKREIS;UGEMEINDE;UJAHR;UMONAT;USTUNDE;UWOCHENTAG;UKATEGORIE;UART;UTYP1;ULICHTVERH;IstRad;IstPKW;IstFuss;IstKrad;IstGkfz;IstSonstig;STRZUSTAND;LINREFX;LINREFY;XGCSWGS84;YGCSWGS84
10329;3;4;51;2;2018;2;7;3;3;5;3;1;0;1;0;0;0;0;0;430960.145;5896554.0269;7.966118754;53.213806237
10330;3;4;56;18;2018;2;7;5;3;8;1;1;0;1;0;0;0;0;2;374976.6882;5800341.0019;7.164867138;52.339106979
10331;3;4;54;44;2018;2;11;2;3;5;2;0;0;1;0;0;0;0;0;381849.45;5881044.96;7.23669976;53.065811316
10332;3;4;56;15;2018;2;8;5;3;8;1;0;0;1;0;0;0;0;1;367079.809;5815168.9653;7.043136739;52.470481213
10333;3;4;56;15;2018;2;7;5;3;8;1;2;0;1;0;0;0;0;2;365875.7071;5818121.3896;7.024232666;52.496713895
10334;3;4;54;35;2018;2;2;5;3;8;1;2;0;1;0;0;0;0;2;384534.2145;5844487.1914;7.289735016;52.737906863
10335;3;3;59;2;2018;2;7;1;3;8;7;1;0;1;0;0;0;0;2;533872.93;5917494.18;9.509522376;53.405433936
10336;3;4;54;36;2018;2;5;5;3;9;1;2;0;1;0;0;0;0;2;397270.2149;5814238.0038;7.487696559;52.468630831
10337;3;2;57;28;2018;2;17;7;3;9;1;2;0;1;0;0;0;0;2;509075.6479;5788295.1726;9.132927554;52.244986239
10338;3;3;58;14;2018;2;10;3;3;6;2;0;0;1;1;0;0;0;0;539385.69;5845983.3478;9.58368089;52.762252675
10339;3;4;56;25;2018;2;18;5;2;2;6;2;0;1;0;0;1;0;0;377810.4632;5819729.9833;7.19935232;52.513972569
10340;3;2;41;1;2018;2;15;4;3;2;6;0;0;1;0;0;0;0;0;547505.936;5807672.9132;9.698513196;52.417212481
10341;3;2;41;13;2018;2;23;7;3;8;1;2;0;1;0;0;0;0;1;550999.2487;5785059.1004;9.746445176;52.213606336
10342;3;3;52;20;2018;2;7;3;1;4;6;2;0;1;0;0;1;0;1;515774.153;5943611.0391;9.238597023;53.641038092
10343;3;4;54;32;2018;2;8;5;3;9;7;0;0;1;0;0;0;0;1;386607.1118;5817362.9864;7.329728655;52.49460281
10344;3;4;54;32;2018;2;18;2;3;5;3;2;0;1;0;0;0;0;0;387916.3874;5822379.8121;7.347314274;52.539956745
10345;3;4;52;23;2018;2;17;5;3;0;2;2;1;1;0;0;0;0;0;393774.32;5926623.98;7.399360864;53.477867018
10346;3;4;52;1;2018;2;17;5;3;0;3;1;1;1;0;0;0;0;0;399920.23;5925338.85;7.492342329;53.467523604
10347;3;4;53;8;2018;2;21;4;3;7;7;2;0;1;0;0;0;0;1;440387.1338;5872039.9315;8.111819864;52.994610008
10348;3;2;54;43;2018;2;9;1;3;8;1;0;0;1;0;0;0;0;2;553808.8891;5774144.0785;9.785833671;52.115214601
10349;3;4;60;5;2018;2;10;5;3;5;3;0;0;1;0;0;0;0;1;440619.187;5826783.6535;8.123491711;52.587841331
10350;3;1;57;6;2018;2;11;4;2;5;3;0;0;1;0;0;0;0;0;579828.4916;5795785.8103;10.170860194;52.306602815
10351;3;1;57;6;2018;2;19;7;3;5;3;2;0;1;0;0;0;0;1;580986.4551;5795494.5771;10.187770279;52.303815496
10352;3;3;51;23;2018;2;5;3;2;8;1;2;0;1;0;0;0;0;0;550519.633;5835246.3407;9.747017552;52.664810154
10353;3;4;60;6;2018;2;7;5;2;8;1;2;0;1;0;0;0;0;2;448670.993;5832129.8708;8.241500572;52.636719635
10354;3;3;56;2;2018;2;6;2;3;2;6;2;0;1;0;0;0;0;1;501679.7209;5886485.8023;9.025103409;53.127783193
10355;3;4;53;3;2018;2;8;5;3;9;1;1;0;1;0;0;0;0;2;437363.7612;5851684.2549;8.07070382;52.811300288
10356;3;2;57;30;2018;2;7;2;3;4;6;1;0;1;0;0;0;1;1;513269.6562;5806501.833;9.19507389;52.408586355
10357;3;4;53;11;2018;2;8;5;2;8;1;0;0;1;0;0;0;0;2;413624.3075;5850758.9455;7.718823164;52.799704421
10358;3;4;53;9;2018;2;17;2;3;5;3;0;1;1;0;0;0;0;0;423175.6711;5849717.1895;7.860707067;52.791785853
10359;3;4;53;9;2018;2;6;5;3;4;6;2;0;1;0;0;0;1;2;430332.799;5847692.1599;7.967257437;52.77455573
10360;3;3;57;57;2018;2;7;2;3;5;3;1;1;1;0;0;0;0;1;518050.5907;5908120.0951;9.270989108;53.321950675
10361;3;4;53;10;2018;2;6;5;3;8;1;2;0;1;0;0;0;0;2;421047.9612;5852937.1902;7.828382773;52.82041963
10362;3;2;51;41;2018;2;8;4;3;5;3;0;0;1;0;0;0;0;0;492075.6146;5859649.9423;8.882228727;52.886488655
10363;3;1;59;29;2018;2;19;1;3;2;6;2;0;1;0;0;0;0;0;560969.3953;5707428.027;9.878650386;51.514682654
10364;3;4;53;9;2018;2;3;5;3;9;1;2;0;1;0;0;0;0;2;430164.6862;5847327.3091;7.964843586;52.771254623
10365;3;4;59;20;2018;2;5;3;3;5;3;2;1;1;0;0;0;0;2;429145.9615;5783406.7609;7.963342349;52.196557675
10366;3;3;57;57;2018;1;6;3;3;5;3;2;0;1;0;0;0;0;1;518213.68;5906720.42;9.273357101;53.309363622
10367;3;4;4;0;2018;2;14;6;3;2;6;0;0;1;0;0;0;0;1;438374.1325;5789693.654;8.097193641;52.25418248
10368;3;2;54;5;2018;2;14;3;3;2;6;0;0;1;0;0;0;0;0;570102.1845;5772108.7168;10.023328333;52.095092327
10369;3;3;56;7;2018;2;11;5;3;5;3;0;0;1;0;0;0;0;0;485034.7793;5896107.5604;8.775895687;53.214066762
10370;3;3;61;6;2018;2;17;5;3;0;5;2;0;1;0;0;0;1;0;515128.2058;5873416.339;9.225475479;53.010086449
10371;3;3;52;8;2018;2;9;2;3;8;1;0;0;1;0;0;0;0;1;497872.3879;5958129.9143;8.96771824;53.771772363
10372;3;3;61;3;2018;2;5;5;3;8;1;2;0;1;0;0;0;0;2;520013.5939;5855714.9024;9.297195964;52.850800563
10373;3;1;54;14;2018;2;16;2;3;4;6;0;0;1;0;0;0;0;0;614026.7351;5799528.298;10.673524072;52.334199763
10374;3;4;3;0;2018;2;3;5;3;2;6;2;0;1;0;0;0;0;0;448329.769;5886265.7792;8.227862781;53.123304382
10375;3;3;52;62;2018;2;23;6;3;9;7;2;0;1;0;0;0;0;1;477508.004;5945674.62;8.659642422;53.659340529
10376;3;3;57;16;2018;1;11;3;3;5;3;0;1;1;0;0;0;0;0;500070.3142;5915156.5596;9.00105718;53.385508432
10377;3;3;58;22;2018;2;10;4;2;5;2;0;0;1;1;0;0;0;0;539477.1981;5857009.5861;9.58636914;52.861363571
10378;3;3;61;3;2018;2;18;7;2;8;1;2;0;0;0;1;0;0;1;513681.0171;5852627.6584;9.203030399;52.823245534
10379;3;2;51;37;2018;2;17;5;3;2;6;2;0;1;0;0;0;0;0;486716.3746;5874745.3347;8.80196184;53.022082202
10380;3;4;52;14;2018;2;21;3;3;0;7;2;0;1;0;0;0;0;0;377568.2737;5923023.6725;7.15669506;53.442002456
10381;3;4;58;14;2018;2;12;5;3;1;5;0;0;1;0;0;0;1;1;463417.9672;5861608.3735;8.456114571;52.902907557
10382;3;3;52;62;2018;2;7;4;3;2;6;0;0;1;0;0;0;1;0;477164.5913;5941576.1607;8.65474683;53.622487484
10383;3;4;3;0;2018;2;14;6;3;2;6;0;0;1;0;0;0;0;1;445939.298;5888638.1696;8.191744343;53.144391216
10384;3;4;59;31;2018;2;9;7;3;2;6;0;0;1;0;0;0;0;1;434069.5215;5817620.8828;8.028647912;52.504723885
10385;3;3;52;60;2018;2;6;5;3;2;2;2;0;1;0;0;0;0;1;478231.9119;5912565.9523;8.672896245;53.361773633
10386;3;4;54;33;2018;2;7;3;3;3;6;0;1;1;0;0;0;0;0;408607.2128;5864814.9695;7.640485515;52.925200961
10387;3;3;52;60;2018;2;3;5;3;9;1;2;0;0;0;0;1;0;2;471730.9822;5914036.437;8.575079459;53.3746836
10388;3;4;54;57;2018;2;13;6;2;8;1;0;0;0;0;0;1;0;0;410040.6373;5853214.9282;7.665007298;52.821191372
10389;3;2;52;2;2018;2;12;3;3;2;6;0;0;1;0;0;0;0;0;530842.5987;5777683.0613;9.450766675;52.148789923
10390;3;3;53;31;2018;2;7;5;3;8;1;1;0;1;0;0;0;0;2;567832.61;5919750.59;10.020768523;53.422441408
10391;3;3;53;34;2018;2;7;5;3;9;1;1;0;1;0;0;0;0;2;574869.5853;5903255.4443;10.122740037;53.273244892
10392;3;3;53;32;2018;2;7;5;3;9;7;0;0;1;0;0;0;0;2;572744.0567;5913190.9771;10.093151692;53.36283444
10393;3;4;56;15;2018;2;12;1;3;5;3;0;1;1;0;0;0;0;0;370714.5419;5809615.2483;7.098765525;52.42145213
10394;3;3;53;23;2018;2;7;5;2;9;1;2;0;1;0;0;0;0;2;588817.5559;5913851.244;10.334814181;53.366311812
10395;3;3;52;11;2018;2;10;6;3;4;2;0;0;1;0;0;0;0;1;478886.8219;5969559.6874;8.678872855;53.874080062
10396;3;3;55;22;2018;2;16;4;3;3;6;0;0;1;0;0;1;0;0;596203.2184;5902579.8871;10.442354877;53.263733734
10397;3;3;55;22;2018;2;20;7;2;4;6;2;1;0;0;0;0;0;2;591505.2891;5900582.0432;10.371368061;53.246611263
10398;3;3;53;19;2018;2;7;5;3;9;1;2;0;1;0;0;0;0;2;547769.5375;5912921.8992;9.717850499;53.36326286
10399;3;4;3;0;2018;2;14;3;3;4;6;0;0;1;0;0;0;0;0;444773.3457;5886749.0718;8.174639771;53.127291882
10400;3;3;53;20;2018;2;18;5;3;5;3;2;0;1;0;0;0;0;0;563549.3537;5906835.6279;9.953726926;53.306899976
10401;3;4;54;35;2018;2;7;2;3;5;3;2;1;1;0;0;0;0;1;384364.2927;5838925.1466;7.289176175;52.687890841
10402;3;3;53;5;2018;2;14;5;3;2;6;0;0;1;0;0;0;0;1;558555.3994;5911020.1911;9.879562643;53.345085915
10403;3;3;59;40;2018;2;17;5;3;5;2;2;0;1;0;0;0;0;0;521640.5171;5955754.8456;9.328177085;53.749979694
10404;3;4;54;32;2018;2;17;4;3;2;6;2;0;1;0;0;0;0;0;388084.2787;5819764.7249;7.350669528;52.516491003
10405;3;1;53;18;2018;2;15;3;3;2;6;0;0;1;0;0;0;0;0;593784.7563;5739133.6371;10.359950633;51.795188994
10406;3;3;58;22;2018;2;8;5;3;5;3;0;0;1;0;0;0;0;1;540009.29;5852922.26;9.593770616;52.824582552
10407;3;3;58;16;2018;2;9;5;2;5;3;0;0;1;0;0;0;1;0;566989.3131;5874619.1365;9.998600486;53.01692044
10408;3;3;57;8;2018;2;12;5;3;5;3;0;0;1;0;0;0;0;0;508980.7691;5927174.231;9.135369351;53.493455789
10409;3;2;51;32;2018;2;18;1;3;9;1;2;0;1;0;0;0;0;1;487670.63;5842731.89;8.817401022;52.734317947
10410;3;3;60;1;2018;2;9;5;3;9;1;0;0;1;0;0;0;0;2;610721.6962;5889653.9327;10.655451198;53.144758349
10411;3;2;41;16;2018;2;18;4;2;5;3;2;1;1;0;0;0;0;0;566154.4605;5796516.1917;9.970478498;52.314985967
10412;3;2;57;29;2018;2;15;7;3;3;6;0;0;1;0;0;0;0;2;521562.0508;5790565.9824;9.315954024;52.26505423
10413;3;3;53;23;2018;2;12;3;3;4;6;0;0;1;0;0;0;0;0;592145.1893;5918872.7945;10.386273997;53.410866907
10414;3;3;60;2;2018;2;8;5;3;2;6;0;0;1;0;0;0;0;2;609120.0478;5879321.108;10.628005171;53.052241703
10415;3;4;62;1;2018;2;7;2;3;7;7;1;0;1;0;0;0;0;1;404557.6363;5937463.4299;7.558483413;53.577333473
10416;3;3;60;4;2018;2;8;5;3;8;1;0;0;1;0;0;0;0;2;600054.4931;5890928.5848;10.49642184;53.158322421
10417;3;3;54;13;2018;2;14;5;3;9;7;0;0;1;0;0;0;0;0;634161.629;5876782.373;11.00032838;53.023737182
10418;3;3;57;39;2018;2;7;6;3;5;3;1;0;1;0;1;0;0;1;527418.2188;5884627.1157;9.409600402;53.110373028
10419;3;4;53;3;2018;2;7;6;2;5;3;1;0;1;0;0;1;0;1;437992.7653;5849770.0433;8.080397728;52.794166954
10420;3;4;51;2;2018;2;13;4;3;2;6;0;0;1;0;0;0;0;0;441806.0414;5892316.1301;8.129287242;53.177013874
10421;3;2;52;4;2018;2;10;1;2;4;1;0;0;1;0;0;0;0;2;536173.7953;5774598.3207;9.52835095;52.120733482
10422;3;3;54;22;2018;2;7;5;3;9;1;1;0;1;0;0;0;0;2;627341.4007;5862053.1553;10.892912363;52.893067777
10423;3;1;2;0;2018;2;12;4;3;3;6;0;0;1;0;0;0;0;0;593092.5206;5778770.7143;10.360666648;52.15158179
10424;3;1;58;37;2018;2;13;7;3;2;6;0;0;1;0;0;0;0;1;602068.6276;5779011.104;10.491890157;52.15215623
10425;3;3;57;8;2018;2;9;1;3;9;1;0;0;1;0;0;0;0;2;511581.01;5923253.42;9.174418672;53.458162114
10426;3;3;54;9;2018;2;6;5;3;9;1;2;0;1;0;0;0;0;2;637368.1343;5887566.6327;11.052707483;53.119804869
10427;3;1;59;17;2018;2;8;7;3;5;3;1;0;1;0;0;0;0;1;545246.5578;5695539.994;9.65056024;51.409273165
10428;3;3;60;4;2018;2;14;3;3;4;6;0;0;1;0;0;1;0;0;599157.3276;5888230.0328;10.482173404;53.134240498
10429;3;3;54;8;2018;2;5;5;3;9;1;2;0;1;0;0;0;0;2;647614.18;5883675.24;11.203907496;53.082112827
10430;3;4;53;5;2018;2;18;2;3;5;3;2;0;1;0;0;0;1;0;440789.7992;5859443.3532;8.12011824;52.881430815
10431;3;3;55;2;2018;2;15;5;3;2;6;0;0;1;0;0;0;1;0;581333.8751;5887134.3802;10.215548732;53.127411416
10432;3;3;55;22;2018;2;17;2;3;8;6;1;0;0;0;0;1;1;1;595375.7738;5903045.969;10.430093184;53.268071445
10433;3;2;41;1;2018;2;13;5;3;2;6;0;0;1;0;0;0;0;0;549237.851;5801111.3369;9.7230122;52.358073056
10434;3;3;54;13;2018;2;7;6;3;9;1;1;0;1;0;0;0;1;1;634702.3842;5876980.317;11.008468181;53.02537966
10435;3;4;1;0;2018;2;14;4;3;4;2;0;0;1;0;0;0;0;0;472371.3743;5876487.8023;8.58795545;53.037197192
10436;3;1;51;25;2018;2;11;1;3;2;2;0;0;1;0;0;0;0;1;610596.7893;5816972.6707;10.628973627;52.4916693
10437;3;2;41;1;2018;2;7;5;3;4;1;1;0;1;0;0;0;1;2;547217.9216;5798598.7285;9.693000516;52.335663022
10438;3;4;2;0;2018;2;7;3;3;5;2;2;0;1;0;0;0;0;1;378965.4224;5916842.0085;7.180091727;53.386787433
10439;3;3;57;16;2018;1;7;3;3;4;6;2;0;1;0;0;0;0;0;500232.5227;5914706.3611;9.003495668;53.38146162
10440;3;4;4;0;2018;2;5;6;3;2;6;2;0;1;0;0;0;0;1;428200.9203;5795316.1002;7.94698617;52.303489162
10441;3;2;54;21;2018;2;11;3;3;2;6;0;0;1;0;0;0;0;0;566090.06;5779821.33;9.966268725;52.164918495
10442;3;2;41;1;2018;2;20;5;3;0;1;2;1;0;0;0;0;0;1;549015.6092;5802213.0453;9.719910027;52.367996995
10443;3;2;41;6;2018;2;18;5;3;9;1;2;0;1;0;0;0;0;1;538430.7024;5795589.7568;9.563697331;52.309298294
10444;3;2;41;1;2018;2;0;6;3;5;3;2;0;1;0;0;0;0;0;548824.238;5805337.107;9.717554685;52.396098357
10445;3;2;41;14;2018;2;7;5;3;9;1;1;0;1;0;0;0;0;2;546540.4415;5794364.9603;9.682472421;52.297660046
10446;3;1;57;6;2018;2;18;2;3;4;2;2;0;1;0;0;0;0;0;585906.732;5799094.647;10.260833521;52.335426387
10447;3;2;41;3;2018;2;14;3;3;2;6;0;0;1;0;0;0;0;0;563725.814;5810957.6658;9.937601643;52.445090197
10448;3;2;41;12;2018;2;5;5;3;2;6;2;0;1;0;0;0;0;2;526370.1017;5821060.4496;9.388808459;52.538994125
10449;3;4;3;0;2018;2;7;2;3;3;7;0;0;1;0;0;0;0;1;444422.201;5890231.5858;8.168788414;53.158557158
10450;3;2;41;5;2018;2;6;5;3;8;1;2;0;1;0;0;0;0;2;536853.4355;5808180.8466;9.541946679;52.422600273
10451;3;2;54;11;2018;2;14;2;3;2;6;0;0;1;0;0;0;0;1;563178.0806;5773111.9328;9.922453561;52.104944823
10452;3;2;41;5;2018;2;6;5;3;9;1;1;0;1;0;0;0;0;2;535999.0105;5810711.9258;9.529655285;52.44541136
10453;3;2;41;15;2018;2;10;6;3;2;6;0;0;1;0;0;0;0;1;540744.3231;5805095.5849;9.598785032;52.3945882
10454;3;3;52;42;2018;2;7;4;3;1;5;0;0;1;0;0;0;0;1;509378.0127;5955896.6372;9.142222322;53.751619027
10455;3;4;4;0;2018;2;6;7;3;4;6;2;0;1;0;0;0;0;0;434385.7343;5792321.7305;8.038262007;52.277345799
10456;3;2;41;4;2018;2;11;5;3;0;4;0;0;1;1;0;0;0;0;558357.5761;5816502.4021;9.859599114;52.495532799
10457;3;4;56;15;2018;2;19;3;3;5;2;2;1;1;0;0;0;0;0;368678.7556;5811845.375;7.067969841;52.44100522
10458;3;2;41;3;2018;2;5;5;3;8;1;2;0;0;0;0;0;1;2;564337.8863;5810564.2638;9.946529971;52.441482159
10459;3;4;62;18;2018;2;12;6;3;2;6;0;0;1;0;0;0;0;0;398024.4222;5938615.3727;7.45947037;53.58645465
10460;3;1;59;16;2018;2;7;3;3;5;2;1;1;0;0;0;0;1;1;562272.908;5709213.0339;9.897748817;51.530588722
10461;3;2;41;1;2018;2;15;5;3;2;6;0;0;1;0;0;0;0;0;554303.8624;5809277.9025;9.798718727;52.43100775
10462;3;2;41;19;2018;2;11;5;2;8;1;0;0;1;0;0;0;0;0;549634.4007;5819361.4197;9.731546929;52.522097386
10463;3;2;41;11;2018;2;6;6;3;4;2;2;0;1;0;0;0;0;1;562046.7744;5801184.7256;9.911089791;52.35743249
10464;3;2;41;1;2018;2;11;5;3;5;3;0;0;1;0;0;0;0;1;551987.7;5798763.63;9.763023931;52.336714125
10465;3;4;54;10;2018;2;7;1;3;9;1;1;0;1;0;0;0;0;1;382026.5476;5803297.654;7.26725541;52.367237899
10466;3;1;59;36;2018;2;13;5;3;3;6;0;0;1;0;1;0;0;0;613115.4851;5716437.3525;10.632790074;51.587624862
10467;3;2;41;5;2018;2;17;6;3;3;6;1;0;1;0;0;0;0;1;539495.9546;5808304.4091;9.580818637;52.423526608
10468;3;2;41;1;2018;2;7;4;3;2;6;0;0;1;0;0;0;0;2;548697.041;5801476.9477;9.715124641;52.361408105
10469;3;2;41;10;2018;2;11;7;3;1;7;0;0;1;0;0;0;0;0;543520.8276;5813832.2008;9.640724364;52.472914333
10470;3;4;1;0;2018;2;6;3;3;5;3;2;0;1;0;0;0;0;0;477068.9522;5877776.1045;8.657920467;53.049000027
10471;3;2;57;37;2018;2;6;5;3;9;1;2;0;1;0;0;0;0;2;507658.2621;5802438.9795;9.112489534;52.372167233
10472;3;2;57;9;2018;2;16;5;3;9;1;0;0;1;0;0;0;0;1;503823.5547;5797652.5624;9.05610839;52.329175535
10473;3;3;60;12;2018;2;18;4;3;2;6;2;0;1;0;0;0;0;0;601095.1639;5886469.5191;10.510573751;53.118056327
10474;3;2;51;41;2018;2;11;7;3;6;6;0;0;1;1;0;0;0;1;488434.9673;5862812.4483;8.828009555;52.914852164
10475;3;2;52;3;2018;2;12;5;3;2;6;0;0;1;0;0;0;1;1;518330.5835;5759351.0063;9.266921156;51.984527927
10476;3;4;51;4;2018;2;10;3;3;2;6;0;0;1;0;0;0;0;2;432181.4107;5886922.3095;7.986446368;53.127395908
10477;3;1;59;11;2018;2;7;5;2;9;1;2;0;0;0;0;1;0;2;577697.0099;5714140.3392;10.121155533;51.572972916
10478;3;4;4;0;2018;2;12;2;3;2;6;0;0;1;0;0;1;0;1;434467.4567;5793265.4686;8.039276202;52.285839056
10479;3;1;59;25;2018;2;7;5;3;4;1;2;0;1;0;0;1;0;2;585926.8748;5711543.1714;10.239247858;51.548431254
10480;3;1;59;15;2018;2;5;5;3;8;1;2;0;1;0;0;0;0;2;567735.7813;5702794.0737;9.975259123;51.472250582
10481;3;2;41;12;2018;2;10;6;1;4;6;0;0;1;0;0;0;0;1;531570.0312;5818993.9444;9.465278837;52.52013992
10482;3;1;59;29;2018;2;6;5;3;9;1;2;0;1;0;0;0;0;2;562388.7279;5704782.5138;9.898634222;51.490742885
10483;3;3;52;62;2018;2;21;1;3;5;3;2;0;1;0;0;0;0;1;473156.3634;5939997.3791;8.594283239;53.608106837
10484;3;1;59;16;2018;2;12;5;3;2;6;0;0;1;0;0;0;0;0;565081.7124;5712119.4313;9.938773405;51.55640175
10485;3;2;52;6;2018;2;11;4;2;4;6;0;0;1;0;0;1;0;0;523778.9134;5773579.4595;9.347245861;52.11224545
10486;3;2;57;15;2018;2;4;7;2;9;6;2;0;1;0;0;0;0;2;519105.9395;5798524.415;9.280416108;52.336694455
10487;3;3;58;18;2018;2;12;3;3;4;6;0;0;1;0;0;0;1;0;524714.04;5848366.85;9.366438798;52.784549857
10488;3;1;54;14;2018;2;7;5;3;2;6;1;0;1;0;0;0;0;2;613103.018;5803292.2732;10.661241215;52.368216464
10489;3;4;60;3;2018;2;12;2;2;4;7;0;1;0;1;0;1;0;0;439967.747;5836031.098;8.112196363;52.670894292
10490;3;1;51;6;2018;2;7;5;3;4;1;0;0;1;0;0;0;0;2;609051.0332;5809846.8841;10.603886794;52.427943013
10491;3;3;53;35;2018;2;15;2;3;2;2;0;0;1;0;0;0;0;0;547603.4329;5903631.5395;9.713959429;53.279773841
10492;3;1;51;9;2018;2;22;5;2;9;1;2;0;0;0;1;0;0;1;600649.0365;5816095.6266;10.48224463;52.485713238
10493;3;4;54;32;2018;2;19;2;3;2;6;2;0;1;0;0;0;0;0;386615.3754;5820431.7093;7.328804393;52.52218116
10494;3;1;1;0;2018;2;11;5;3;5;2;0;0;1;0;0;0;0;0;600463.675;5798091.94;10.474111623;52.323941982
10495;3;4;4;0;2018;1;10;4;3;0;7;0;1;0;1;0;0;0;0;432799.3251;5792030.6221;8.015070984;52.27453732
10496;3;1;59;36;2018;2;16;6;3;8;1;0;0;1;0;0;0;0;1;612171.6372;5715655.9791;10.618922115;51.580790562
10497;3;4;54;10;2018;2;18;4;2;2;6;2;0;1;0;0;0;1;0;388094.3804;5808124.8998;7.354723705;52.411891454
10498;3;2;41;10;2018;2;19;1;3;5;3;2;0;1;0;0;0;0;1;548878.516;5810259.4084;9.719071795;52.440343082
10499;3;4;57;14;2018;1;14;4;2;4;6;0;0;1;0;0;0;0;1;392139.6823;5906833.2311;7.381501158;53.299710101
10500;3;1;57;9;2018;2;7;4;2;4;6;2;0;1;0;0;0;0;0;586768.1993;5787788.675;10.270563161;52.233669285
10501;3;1;2;0;2018;2;20;7;3;8;1;2;0;1;0;0;0;0;2;592964.91;5764332.5227;10.354865454;52.021828459
10502;3;3;55;26;2018;2;22;3;3;7;7;2;0;1;0;0;0;0;0;603296.042;5905624.8445;10.54964451;53.289761379
10503;3;4;57;13;2018;1;12;4;3;2;2;0;0;1;0;0;0;1;1;398659.5448;5899588.1357;7.481604786;53.235893809
10504;3;3;56;5;2018;2;10;2;3;2;2;0;0;1;0;0;0;0;0;493977.0834;5888707.6467;8.909945884;53.147724443
10505;3;4;54;49;2018;1;7;4;3;8;1;2;0;1;0;0;0;0;1;396145.7971;5805259.8944;7.473939875;52.387730894
10506;3;1;55;13;2018;2;5;2;3;8;6;2;0;1;0;0;0;0;0;567706.7084;5739110.6611;9.981865971;51.7987477
10507;3;4;54;32;2018;1;8;4;3;2;6;0;0;1;0;0;0;1;1;388194.32;5822924.94;7.351226996;52.544912615
10508;3;2;54;2;2018;2;13;6;2;8;7;0;0;1;0;0;0;0;1;552884.4576;5764401.4827;9.770824649;52.027717539
10509;3;3;52;59;2018;2;5;4;2;5;3;2;1;1;0;0;0;0;2;487212.0942;5920045.163;8.807535061;53.429296119
10510;3;4;59;13;2018;2;17;7;3;0;3;1;1;1;0;0;0;0;1;453137.6071;5801728.1973;8.311780245;52.363826726
10511;3;4;62;5;2018;1;22;4;3;2;7;2;0;1;0;0;0;0;1;418640.0027;5922999.5649;7.774873879;53.449726084
10512;3;4;57;13;2018;2;17;3;3;2;6;1;0;1;0;0;0;0;0;398308.7308;5899183.0947;7.476479786;53.232187097
10513;3;4;52;23;2018;1;12;4;3;8;1;0;0;1;0;0;0;0;1;390069.1807;5924194.2018;7.344405835;53.455274918
10514;3;2;54;2;2018;2;8;6;2;9;1;0;0;1;0;0;0;0;1;554932.192;5763574.3096;9.800535808;52.020082187
10515;3;2;51;37;2018;2;19;4;3;2;6;2;0;1;0;0;0;0;1;486688.0643;5874754.9051;8.801539385;53.02216753
10516;3;1;59;10;2018;2;0;1;3;9;1;2;0;1;0;0;0;0;2;584577.7808;5707967.2415;10.218936871;51.516488778
10517;3;4;53;8;2018;1;8;4;2;4;2;1;0;1;0;1;0;1;1;434393.06;5868945.25;8.023154496;52.966094005
10518;3;1;54;28;2018;2;3;4;3;9;1;2;0;1;0;0;0;0;2;631241.3691;5794044.0852;10.923893597;52.281074225
10519;3;4;59;2;2018;2;7;6;3;2;6;0;0;1;0;0;0;1;1;423339.9457;5821786.2517;7.86963969;52.540760984
10520;3;2;41;19;2018;2;9;3;2;6;2;0;0;1;1;0;0;0;1;549768.905;5821983.963;9.733922141;52.545660216
10521;3;4;53;8;2018;1;17;4;3;5;3;2;1;1;0;0;0;0;1;434439.9035;5867700.8046;8.024103756;52.954914429
10522;3;4;53;5;2018;1;7;4;2;4;2;1;0;1;0;0;0;0;1;446699.7588;5851848.7527;8.209173918;52.813782535
10523;3;2;52;7;2018;2;19;6;3;8;6;2;0;1;0;0;0;0;1;521507.6191;5778484.9622;9.314388801;52.156441956
10524;3;3;52;32;2018;2;15;2;3;2;6;0;0;1;0;0;0;0;0;472814.2053;5922907.9501;8.590596164;53.454482675
10525;3;3;56;5;2018;1;9;4;2;6;4;0;0;1;1;0;0;0;1;496338.4593;5889890.4326;8.945239418;53.158378198
10526;3;1;59;16;2018;2;8;2;2;8;1;1;0;1;0;0;0;0;2;560961.8425;5712634.6372;9.879443328;51.56149407
10527;3;3;61;1;2018;1;17;4;2;4;2;2;1;1;0;0;0;0;1;505608.3669;5874236.9292;9.083603403;53.017647421
10528;3;2;52;5;2018;2;15;6;3;2;6;0;0;1;0;0;0;0;1;524233.2227;5767969.3501;9.353481298;52.061787177
10529;3;3;53;4;2018;2;14;4;2;5;3;0;0;1;0;0;1;0;0;571256.0239;5907104.9437;10.069425596;53.308339791
10530;3;2;51;13;2018;2;13;6;3;3;6;0;0;1;0;0;0;1;0;463822.0425;5836691.7774;8.464877395;52.678950801
10531;3;4;60;9;2018;2;11;7;3;2;6;0;0;1;0;0;0;0;1;451199.9306;5848189.495;8.276483834;52.781315456
10532;3;3;61;1;2018;1;15;4;3;5;3;0;1;1;0;0;0;0;1;506292.72;5874452.29;9.093809175;53.019575775
10533;3;4;54;32;2018;2;23;3;2;8;7;2;0;1;0;0;0;0;0;389346.28;5812425.98;7.371697268;52.450798466
10534;3;4;3;0;2018;1;17;4;3;2;6;2;0;1;0;0;0;0;1;445873.8841;5888507.3501;8.190788555;53.143208729
10535;3;1;2;0;2018;2;16;3;3;5;3;0;0;1;0;1;0;0;0;588328.7342;5775986.5879;10.290333979;52.127339332
10536;3;4;51;4;2018;1;11;4;3;2;6;0;0;1;0;0;0;0;0;437543.7947;5882695.559;8.067397744;53.090060728
10537;3;4;3;0;2018;1;16;4;3;5;2;2;1;1;0;0;0;0;1;446311.9376;5888361.7937;8.19736135;53.141944737
10538;3;2;52;6;2018;2;19;6;3;6;6;2;1;0;1;0;0;0;0;525287.473;5772667.6659;9.369207318;52.103980942