OBJECTID_1;ULAND;UREGBEZ;UKREIS;UGEMEINDE;UJAHR;UMONAT;USTUNDE;UWOCHENTAG;UKATEGORIE;UART;UTYP1;ULICHTVERH;IstRad;IstPKW;IstFuss;IstKrad;IstGkfz;IstSonstig;STRZUSTAND;LINREFX;LINREFY;XGCSWGS84;YGCSWGS84
10539;3;4;57;10;2018;2;7;6;3;2;6;2;0;1;0;0;0;0;1;406973.44;5909964.69;7.603092394;53.330662368
10540;3;2;55;8;2018;2;8;3;3;2;2;0;0;1;0;0;0;0;0;555960.5634;5754660.7189;9.814066894;51.939845522
10541;3;2;51;37;2018;1;17;4;3;5;3;2;1;1;0;0;0;0;1;479497.793;5876103.468;8.694259093;53.034062955
10542;3;2;51;42;2018;1;23;4;1;8;1;2;0;1;0;0;0;0;1;473201.4764;5853977.1956;8.602194933;52.834884612
10543;3;1;59;17;2018;2;15;6;3;5;3;0;1;1;0;0;0;0;1;546513.2278;5699846.5611;9.669336782;51.447891982
10544;3;4;61;2;2018;1;6;4;3;6;6;2;0;0;1;1;0;0;1;464911.7211;5906277.6631;8.473441052;53.304534758
10545;3;4;59;14;2018;2;11;1;3;8;1;0;0;1;0;0;0;0;1;425246.3242;5806099.5967;7.901261042;52.400025306
10546;3;3;53;40;2018;1;18;4;2;6;4;2;0;1;1;0;0;0;1;579543.8268;5913648.4485;10.195426082;53.365966283
10547;3;1;59;22;2018;2;6;6;3;2;2;2;0;1;0;0;0;0;0;579075.2452;5715322.8678;10.141305317;51.583411995
10548;3;3;55;13;2018;2;13;4;3;2;2;0;0;1;0;0;0;0;0;615867.8803;5894647.2133;10.734164714;53.188529123
10549;3;3;57;48;2018;2;10;7;2;5;3;0;1;1;0;0;0;0;1;534348.4968;5904195.3725;9.515232483;53.285866328
10550;3;3;59;6;2018;1;16;4;2;4;6;0;0;1;0;0;0;0;1;540571.3817;5916809.0018;9.610187755;53.398802949
10551;3;4;3;0;2018;2;16;3;3;5;3;0;0;1;0;0;0;1;0;450474.9584;5885796.6748;8.259988981;53.119291398
10552;3;3;59;3;2018;1;22;4;3;7;7;2;0;1;0;0;0;0;1;538055.544;5923007.5096;9.573100915;53.45470455
10553;3;4;53;5;2018;2;12;6;3;5;2;0;0;1;0;0;0;0;1;442692.3913;5854059.5576;8.149334696;52.833243804
10554;3;4;56;1;2018;2;7;2;3;2;2;1;0;1;0;0;0;0;0;374397.7283;5798138.8993;7.157196446;52.319187069
10555;3;3;58;5;2018;1;12;4;3;3;6;0;0;1;0;0;0;1;1;546921.7837;5836093.1401;9.693942305;52.672745618
10556;3;3;58;4;2018;1;13;4;3;8;1;0;0;1;0;0;0;0;1;546996.3968;5864507.178;9.699129903;52.928154877
10557;3;1;54;19;2018;2;13;6;3;5;3;0;0;1;0;0;0;0;0;633879.334;5778151.1227;10.956255172;52.137633833
10558;3;4;57;16;2018;2;7;4;3;2;6;2;0;1;0;0;0;0;0;404875.2947;5902126.4956;7.573945094;53.259853916
10559;3;3;59;24;2018;2;5;1;2;4;6;2;0;1;0;0;0;0;2;517892.58;5931978.77;9.269972407;53.536414023
10560;3;3;58;21;2018;1;10;4;3;2;6;0;0;1;0;0;0;1;1;556112.9893;5871627.8301;9.835969715;52.991283874
10561;3;1;51;39;2018;2;16;6;3;2;6;0;0;1;0;0;0;0;1;617958.8009;5813818.9419;10.736239654;52.461787459
10562;3;3;57;35;2018;1;11;4;3;5;3;0;0;1;0;0;0;0;1;503235.2116;5926147.6674;9.048754626;53.484295036
10563;3;4;3;0;2018;2;5;1;3;8;1;2;0;1;0;0;0;0;2;444954.187;5888260.4728;8.177082594;53.140895508
10564;3;3;57;51;2018;1;12;4;3;8;1;0;0;0;0;0;1;0;1;534345.2453;5874701.1912;9.512019904;53.020748185
10565;3;1;54;14;2018;2;12;6;3;3;6;0;0;1;0;0;0;0;1;616507.8752;5796665.6756;10.708929772;52.307953632
10566;3;2;41;20;2018;2;17;4;3;2;6;0;0;1;0;0;0;0;0;542750.7715;5791106.5128;9.626490906;52.268674666
10567;3;2;41;1;2018;2;15;7;3;5;7;0;0;1;0;0;0;1;1;555243.1368;5806895.0993;9.812138704;52.409493646
10568;3;3;52;61;2018;2;21;3;3;1;5;2;0;1;0;0;0;0;0;473546.6012;5956802.9085;8.598747889;53.759177714
10569;3;3;57;9;2018;1;4;4;3;7;7;2;0;1;0;0;0;0;0;537426.5282;5879997.5888;9.558568576;53.068150556
10570;3;4;62;15;2018;2;13;2;3;4;6;0;0;1;0;0;0;0;1;409979.9242;5942854.8814;7.638795984;53.626739536
10571;3;3;57;9;2018;1;7;4;3;9;7;2;0;0;0;1;0;0;1;533326.2063;5883635.8098;9.497753539;53.101125885
10572;3;3;60;25;2018;1;16;4;3;2;6;0;0;1;0;0;0;0;1;607233.0902;5874037.5598;10.598108677;53.005146165
10573;3;1;3;0;2018;2;5;6;3;8;7;2;0;1;0;0;0;0;1;617812.8079;5807342.8966;10.731808571;52.403624066
10574;3;4;51;2;2018;2;16;4;3;5;3;0;1;1;0;0;0;0;0;434787.528;5892848.1167;8.024181722;53.180981566
10575;3;2;54;21;2018;2;19;1;3;3;6;2;0;1;0;0;0;0;0;567470.8208;5779655.5168;9.986419949;52.163260874
10576;3;3;60;25;2018;1;15;4;3;2;2;0;0;1;0;0;0;0;1;601030.9756;5872245.3448;10.505153408;52.990246726
10577;3;1;51;38;2018;2;16;4;3;5;3;0;0;1;0;0;0;0;0;601078.5514;5827980.1872;10.492185357;52.592441443
10578;3;1;53;504;2018;2;8;7;2;9;1;0;0;1;0;0;0;0;2;611510.17;5726796.45;10.612927676;51.681052018
10579;3;3;51;6;2018;2;10;3;3;2;6;0;0;1;0;0;0;0;0;575582.3753;5828900.4846;10.116095715;52.604857037
10580;3;3;54;15;2018;1;15;4;3;5;2;0;0;1;0;0;0;1;1;654972.77;5864915.89;11.304683529;52.911529535
10581;3;2;52;6;2018;2;17;7;3;6;2;2;0;1;1;0;0;0;1;525084.0618;5772684.9239;9.366238769;52.104145365
10582;3;3;60;7;2018;2;15;3;2;9;7;0;0;1;0;0;0;0;1;585551.6762;5869894.6438;10.273989987;52.971815677
10583;3;3;55;24;2018;1;5;4;3;3;6;2;0;0;0;0;1;1;0;596018.6355;5891593.7372;10.43628202;53.165042648
10584;3;4;53;8;2018;2;10;2;3;2;2;0;0;1;0;0;0;1;0;433397.0162;5861142.237;8.009928243;52.895836261
10585;3;2;41;1;2018;1;13;4;3;2;6;0;0;0;0;0;0;1;1;550640.0503;5802245.6526;9.743771559;52.368142395
10586;3;3;57;39;2018;2;8;2;3;2;6;0;0;1;0;0;0;0;0;521266.12;5885762.57;9.317771297;53.120860484
10587;3;2;41;14;2018;1;7;4;3;5;3;1;0;1;0;0;0;0;1;545490.766;5796718.7959;9.667399196;52.318908668
10588;3;4;4;0;2018;2;16;5;3;3;6;0;0;1;0;0;1;0;1;435711.9782;5788634.504;8.058400826;52.244356761
10589;3;4;61;5;2018;2;3;4;2;8;1;2;0;0;0;0;0;1;0;450127.9579;5911483.5131;8.250784065;53.350140294
10590;3;1;53;18;2018;2;17;1;3;6;4;1;0;1;1;0;0;0;1;599837.7844;5739907.9285;10.447917789;51.801100896
10591;3;2;41;18;2018;1;16;4;3;5;3;0;0;1;0;1;0;0;1;571869.1691;5816740.3847;10.058640959;52.496058958
10592;3;4;4;0;2018;2;20;3;3;2;6;2;0;1;0;0;0;0;0;435421.5083;5792203.1736;8.053464256;52.276402711
10593;3;3;57;37;2018;1;17;3;2;8;1;2;0;1;0;0;0;0;0;514301.6616;5888266.6166;9.213816819;53.143602038
10594;3;4;4;0;2018;2;15;6;3;5;2;0;0;1;0;0;0;0;1;432280.094;5791725.5904;8.007523336;52.271731619
10595;3;1;53;12;2018;2;18;3;3;8;7;2;0;1;0;0;0;0;0;577541.7873;5746348.013;10.126085634;51.862530495
10596;3;2;41;1;2018;1;7;4;3;2;7;2;0;0;0;0;1;0;1;552608.3099;5808858.6703;9.773716508;52.427404867
10597;3;1;59;19;2018;1;15;4;3;2;6;0;0;1;0;0;0;0;1;592960.7436;5723048.0094;10.343711542;51.650734441
10598;3;4;59;24;2018;2;10;5;3;2;6;0;0;1;0;0;1;0;1;454947.413;5781847.817;8.341012998;52.185255082
10599;3;1;55;13;2018;1;13;4;2;8;1;0;0;1;0;0;0;0;1;555990.9226;5744596.2527;9.812874087;51.849360774
10600;3;1;58;13;2018;2;13;2;3;5;3;0;0;1;0;0;0;0;0;616524.8462;5783551.6551;10.704654415;52.190099791
10601;3;1;55;11;2018;1;16;4;3;8;7;1;0;1;0;0;0;0;1;567164.0978;5732044.1807;9.972632018;51.735285349
10602;3;4;59;8;2018;2;8;5;3;9;1;0;0;1;0;0;0;0;2;439327.5024;5796272.7943;8.109974171;52.313431225
10603;3;3;57;45;2018;2;9;4;3;2;6;0;0;1;0;0;0;0;0;513795.735;5884528.421;9.206092209;53.110012067
10604;3;4;51;7;2018;2;6;7;3;8;6;2;0;1;0;0;0;0;1;431170.3474;5906596.975;7.967093497;53.304095281
10605;3;4;3;0;2018;2;19;2;3;0;7;2;1;0;1;0;0;0;0;449403.0492;5893142.4627;8.242813124;53.185217764
10606;3;2;57;35;2018;1;7;4;3;4;2;0;0;1;0;0;1;0;1;512839.7378;5797961.4611;9.188426807;52.331815747
10607;3;2;54;5;2018;2;13;2;3;1;7;0;0;1;0;0;0;0;0;571994.6214;5775600.9921;10.051686962;52.126242347
10608;3;2;54;2;2018;1;14;4;3;2;6;0;0;1;0;0;0;0;1;557003.3581;5759556.9349;9.830047539;51.983757004
10609;3;3;52;44;2018;2;10;4;3;1;5;0;0;1;0;0;0;1;1;512227.1653;5950012.1175;9.185198396;53.698668238
10610;3;4;59;2;2018;2;14;7;3;8;1;0;0;1;0;0;0;0;2;423205.22;5818833.35;7.868336035;52.514200156
10611;3;2;54;21;2018;1;17;4;3;2;6;1;0;1;0;0;0;0;1;564061.8324;5778325.8919;9.936337259;52.151714377
10612;3;4;54;11;2018;2;7;3;3;2;6;2;0;1;0;0;0;0;0;409434.5567;5875050.8947;7.649924973;53.017331182
10613;3;2;54;28;2018;1;6;4;3;3;6;2;0;1;0;0;0;0;1;562783.4654;5789835.4048;9.919788944;52.255325851
10614;3;4;56;20;2018;2;15;6;3;5;3;0;0;1;0;0;0;0;1;380569.88;5796467.07;7.24829886;52.305541152
10615;3;2;52;6;2018;2;13;3;2;2;6;0;0;1;0;0;0;0;0;522459.8363;5774640.8106;9.328053638;52.121842819
10616;3;2;52;6;2018;1;14;4;2;4;2;0;0;1;0;0;1;0;1;525868.5239;5770807.536;9.377549492;52.087230358
10617;3;2;52;6;2018;1;7;4;3;4;6;1;1;1;0;0;0;0;1;522979.5185;5772635.6632;9.335508748;52.103793918
10618;3;1;55;9;2018;1;19;4;3;8;1;2;0;1;0;0;0;0;1;563663.3856;5724641.2017;9.920592208;51.669139281
10619;3;4;54;34;2018;2;13;1;3;5;3;0;0;1;0;0;0;0;1;393626.0389;5809180.6261;7.435682572;52.422482757
10620;3;1;59;16;2018;1;13;4;3;3;6;0;0;1;0;0;0;0;0;560997.957;5712122.003;9.879875306;51.556881289
10621;3;2;41;1;2018;2;15;4;3;2;6;0;0;1;0;0;0;1;0;551890.7384;5799363.2347;9.761693575;52.342113538
10622;3;2;41;1;2018;2;20;7;3;4;1;2;0;1;0;0;0;0;2;557576.7489;5797143.2332;9.844767705;52.321589433
10623;3;4;61;5;2018;2;16;3;3;3;2;0;1;1;0;0;0;0;0;445821.1873;5910418.3474;8.186273646;53.340142922
10624;3;1;58;6;2018;1;7;4;3;2;6;2;0;1;0;0;0;0;1;612739.9307;5788259.1155;10.650877627;52.233192045
10625;3;4;54;32;2018;2;19;2;3;2;2;2;0;1;0;0;0;0;0;385388.0632;5828832.953;7.307820157;52.597419536
10626;3;1;58;37;2018;1;16;4;3;4;1;0;0;1;0;0;0;0;0;608023.7733;5783655.9448;10.580377821;52.192767873
10627;3;1;58;16;2018;1;15;4;3;2;6;0;0;1;0;0;0;0;1;591123.0284;5768301.6958;10.329087718;52.057810875
10628;3;4;53;1;2018;2;15;3;3;5;2;0;0;1;0;1;0;0;0;412097.8192;5892419.4527;7.684863386;53.173865053
10629;3;1;57;8;2018;1;19;4;3;2;6;2;0;1;0;0;0;0;1;595759.7254;5794001.0489;10.403949516;52.28801487
10630;3;1;58;37;2018;2;7;3;3;2;6;1;0;1;0;0;0;0;1;602072.2385;5778989.3748;10.491936387;52.151960268
10631;3;1;53;17;2018;1;23;4;2;9;1;2;0;1;0;0;0;0;1;601466.4584;5751922.0384;10.475056868;51.908793035
10632;3;1;1;0;2018;1;20;4;3;8;1;2;0;1;0;0;0;0;1;603912.92;5798814.59;10.524926892;52.329794403
10633;3;4;59;20;2018;1;7;3;3;5;3;0;0;1;0;1;0;0;1;430965.5845;5783816.8206;7.989876942;52.200474663
10634;3;2;51;44;2018;2;1;1;2;8;1;2;0;1;0;0;0;0;1;470796.23;5825781.84;8.568996553;52.581294107
10635;3;4;59;11;2018;1;0;3;3;7;1;2;0;1;0;0;0;0;0;414161.589;5825822.9892;7.733293205;52.575673385
10636;3;2;41;13;2018;2;15;4;2;4;7;0;0;1;0;0;0;0;0;554770.5049;5791896.2614;9.802745567;52.274708389
10637;3;2;41;8;2018;2;10;7;3;9;1;0;0;1;0;0;0;0;2;560645.3318;5809188.1992;9.891963192;52.429534697
10638;3;3;58;5;2018;2;2;3;3;2;6;2;0;0;0;0;1;0;1;546828.9392;5836382.1965;9.692610398;52.675352054
10639;3;4;56;14;2018;1;15;3;2;2;2;0;0;1;0;0;0;0;0;359220.44;5817981.57;6.926322054;52.493780699
10640;3;4;52;12;2018;2;20;2;3;8;7;2;0;1;0;0;0;0;0;392958.2821;5919817.9004;7.389385355;53.416547796
10641;3;4;56;23;2018;1;9;3;2;4;2;0;0;1;0;0;0;0;1;357744.5683;5818193.7386;6.904507586;52.495304001
10642;3;3;53;31;2018;2;22;2;3;5;3;2;0;1;0;0;0;0;0;569027.6231;5915998.7704;10.037927189;53.388567512
10643;3;4;56;15;2018;1;10;3;3;2;6;0;0;1;0;0;0;0;0;371395.1733;5806411.6845;7.109999839;52.39282718
10644;3;4;53;12;2018;2;12;6;2;8;1;0;0;1;0;0;0;0;1;430481.9455;5856318.0851;7.967632588;52.85210698
10645;3;4;3;0;2018;2;16;4;3;0;7;0;1;0;0;0;0;0;2;446367.7194;5891357.2457;8.197693392;53.168874413
10646;3;1;59;34;2018;2;14;1;2;4;1;0;0;1;0;0;0;0;2;545087.8982;5690028.0983;9.647579315;51.359726528
10647;3;4;54;29;2018;1;15;3;3;5;7;0;0;1;0;0;0;0;0;386206.8413;5851874.9372;7.311931436;52.804646838
10648;3;4;62;15;2018;1;7;3;2;4;2;2;0;1;0;0;0;0;1;409700.76;5943044.03;7.634521149;53.628391142
10649;3;4;54;32;2018;2;14;4;3;2;2;0;0;1;0;0;0;0;0;389346.28;5812425.98;7.371697268;52.450798466
10650;3;2;41;17;2018;2;14;1;3;5;3;0;0;1;0;0;0;0;0;536083.18;5783031.68;9.527923763;52.19655812
10651;3;4;52;22;2018;1;16;3;3;5;2;0;0;1;0;0;0;0;0;388716.0018;5932349.9809;7.321143749;53.528269138
10652;3;1;59;16;2018;2;17;4;3;6;4;1;1;0;1;0;0;0;1;564796.183;5710119.6256;9.934287023;51.538455455
10653;3;1;58;36;2018;2;19;7;3;9;1;2;0;1;0;0;0;0;2;611974.974;5775349.733;10.635419853;52.117331336
10654;3;3;54;12;2018;2;13;3;3;2;2;0;0;1;0;0;0;1;0;629236.5843;5881976.4673;10.929026181;53.071614236
10655;3;4;52;6;2018;1;18;3;3;2;6;2;0;1;0;0;0;0;0;402796.74;5921007.82;7.536998069;53.42914455
10656;3;4;55;25;2018;2;11;2;3;8;1;0;0;1;0;0;0;0;1;432868.0483;5917518.1232;7.990248779;53.402466957
10657;3;4;3;0;2018;1;9;3;2;5;3;0;1;1;0;0;0;0;0;443404.036;5888300.2796;8.153904025;53.141090919
10658;3;3;51;25;2018;2;13;2;3;4;6;0;0;1;0;0;0;0;0;586440.5771;5846079.8889;10.280903594;52.75764093
10659;3;3;52;62;2018;1;13;3;3;4;6;0;0;1;0;0;0;0;0;473311.1398;5938635.5443;8.596739082;53.595874172
10660;3;3;52;32;2018;2;14;4;3;2;2;0;0;1;0;0;0;0;0;473876.2915;5923170.3016;8.606568408;53.456894561
10661;3;4;59;14;2018;2;15;7;3;8;7;0;0;1;0;0;0;0;2;434522.3666;5805479.4649;8.037700402;52.395639292
10662;3;3;59;3;2018;1;4;3;1;8;1;2;0;1;0;0;0;0;1;539341.3412;5922257.4014;9.592369555;53.447867936
10663;3;4;57;22;2018;2;7;3;3;2;2;0;0;1;0;0;0;0;1;396000.9351;5889673.175;7.445013914;53.146285799
10664;3;3;59;38;2018;1;13;3;3;2;2;0;0;1;0;0;0;0;0;531568.6666;5945957.814;9.477733552;53.661416763
10665;3;3;60;15;2018;1;18;3;2;9;1;2;0;1;0;0;0;0;0;613001.75;5877005.46;10.68507915;53.03062816
10666;3;4;57;20;2018;2;15;6;3;5;3;0;0;1;0;0;0;0;1;417103.3389;5907063.6166;7.755922001;53.306274552
10667;3;2;54;21;2018;2;10;3;3;2;6;0;0;1;0;0;0;0;0;564368.9932;5776987.9852;9.940572661;52.139651515
10668;3;1;51;25;2018;2;13;2;3;2;2;0;0;1;0;0;0;0;0;611438.9561;5815817.6425;10.640985924;52.48111823
10669;3;4;57;20;2018;2;15;5;3;2;6;0;0;1;0;0;0;0;0;409570.4852;5900796.1279;7.644688542;53.248719482
10670;3;1;59;33;2018;2;17;3;3;2;6;1;0;1;0;0;0;0;0;581104.8284;5710847.3955;10.169559383;51.542890147
10671;3;1;57;6;2018;2;11;2;3;2;6;0;0;0;0;0;1;0;0;579513.0302;5801666.6539;10.16762561;52.359509025
10672;3;4;54;35;2018;2;13;7;3;2;2;0;0;1;0;0;0;0;0;384218.558;5839196.4676;7.286925647;52.69029777
10673;3;4;59;22;2018;2;22;1;3;2;1;2;0;1;0;0;0;0;1;442369.9917;5777334.6963;8.157827758;52.143512507
10674;3;4;54;14;2018;2;9;4;3;2;6;1;0;1;0;0;0;0;1;376682.0122;5827846.9773;7.179715663;52.586654373
10675;3;4;60;6;2018;2;12;6;3;5;3;0;0;1;0;0;0;0;0;445693.1121;5839939.3456;8.196213094;52.706629526
10676;3;4;59;15;2018;2;6;1;2;4;1;2;0;1;0;0;0;0;2;445506.01;5776546.61;8.203777171;52.136746012
10677;3;2;41;11;2018;2;12;4;3;2;6;0;0;1;0;0;0;0;0;566041.4152;5802441.8437;9.969985385;52.368266134
10678;3;4;59;19;2018;2;20;1;3;0;1;2;1;0;0;0;0;0;2;435023.1809;5784144.9748;8.049176274;52.203917812
10679;3;2;41;12;2018;2;7;6;3;5;2;0;1;1;0;0;0;0;2;532512.5187;5817451.652;9.4790179;52.506219513
10680;3;2;51;49;2018;2;15;3;3;5;3;0;0;1;0;0;0;0;0;499284.1822;5853169.7342;8.989375824;52.828291779
10681;3;4;59;19;2018;2;19;1;3;8;1;2;0;1;0;0;0;0;2;437529.3014;5787035.666;8.08531018;52.230193376
10682;3;1;55;12;2018;2;15;2;3;2;6;0;0;1;0;0;0;0;0;544290.2129;5721536.0202;9.640079704;51.643082291
10683;3;4;54;9;2018;2;4;1;2;8;1;2;0;1;0;0;0;0;1;405530.2616;5831796.2144;7.604255322;52.627926258
10684;3;3;58;21;2018;2;11;5;3;4;2;0;0;1;0;0;0;0;0;556258.708;5871161.61;9.838059253;52.98707798
10685;3;4;4;0;2018;2;13;2;3;2;6;0;0;1;0;0;1;0;0;435601.2516;5790428.595;8.056437143;52.260471531
10686;3;4;54;53;2018;2;8;1;2;4;1;0;0;1;0;0;0;1;2;398394.2638;5818081.6695;7.503065273;52.503384755
10687;3;4;58;13;2018;2;12;7;3;5;2;0;0;1;0;0;0;1;0;446114.02;5879158.63;8.195946786;53.059203137
10688;3;4;60;7;2018;2;21;1;3;4;6;2;0;1;0;0;0;0;2;437674.169;5819349.8132;8.081423438;52.52068923
10689;3;4;60;9;2018;2;17;4;3;5;3;0;0;1;0;0;0;0;0;449562.89;5842428.5;8.253101397;52.72937919
10690;3;3;61;1;2018;2;11;6;3;5;3;0;1;1;0;0;0;0;0;502634.996;5873390.0258;9.039272745;53.010057158
10691;3;1;59;13;2018;2;5;4;3;2;6;2;0;1;0;0;0;0;2;564599.9895;5697437.9423;9.929138608;51.424462383
10692;3;4;53;4;2018;2;8;1;3;9;1;0;0;1;0;0;0;0;2;433984.5572;5859543.6066;8.018985257;52.881539789
10693;3;4;57;20;2018;2;15;2;2;2;6;0;0;1;0;0;1;0;0;420052.264;5903390.9886;7.801091901;53.273721853
10694;3;4;5;0;2018;2;18;6;3;2;6;2;0;1;0;0;0;0;1;438068.0246;5931261.7876;8.06574304;53.526624292
10695;3;2;54;3;2018;2;17;4;2;6;4;0;0;1;1;0;0;0;0;566140.4193;5789652.7671;9.968925708;52.253290727
10696;3;4;55;25;2018;2;18;1;3;5;3;2;0;1;0;0;0;0;0;435962.9349;5916043.1941;8.037091769;53.38959547
10697;3;3;52;11;2018;2;8;2;3;3;6;0;0;1;0;0;1;0;2;480811.1356;5963082.6064;8.708545459;53.815938568
10698;3;1;2;0;2018;2;18;3;3;5;3;2;0;1;0;0;0;0;0;585517.1518;5776350.7929;10.249363815;52.131055225
10699;3;3;59;23;2018;2;21;2;2;9;1;2;0;1;0;0;0;0;2;537735.7101;5923140.5183;9.568300569;53.455923077
10700;3;1;55;12;2018;2;13;6;3;2;6;0;0;1;0;0;0;0;0;544258.3717;5723318.5353;9.639845175;51.659111274
10701;3;3;52;11;2018;2;10;3;3;5;2;0;0;1;0;0;0;0;1;478859.4;5969242.48;8.678477649;53.871227895
10702;3;4;55;25;2018;2;13;1;2;3;2;0;0;1;0;0;0;0;1;435174.545;5922315.7167;8.023948699;53.445873536
10703;3;3;61;13;2018;2;22;5;3;1;5;2;0;1;0;0;0;0;1;501344.5907;5868567.3992;9.020020117;52.966709206
10704;3;1;58;37;2018;2;8;2;3;2;6;0;0;1;0;0;0;1;1;606012.2932;5780497.5333;10.54997457;52.164772393
10705;3;3;61;6;2018;2;8;1;3;9;1;0;0;1;0;0;0;0;2;510923.24;5875291.38;9.16286715;53.027044181
10706;3;2;41;5;2018;2;13;5;3;4;2;0;0;1;0;0;0;0;1;542040.989;5808911.569;9.618319414;52.428795098
10707;3;4;56;27;2018;2;16;2;3;5;3;0;0;1;0;0;0;0;1;378776.384;5798636.695;7.221225324;52.324644765
10708;3;3;58;22;2018;2;15;7;3;2;6;0;0;1;0;0;0;0;0;545954.9712;5852009.9593;9.681874643;52.815907686
10709;3;4;58;13;2018;2;21;1;3;2;6;2;0;1;0;0;0;0;0;447371.9167;5875517.0121;8.215309035;53.026595726
10710;3;4;51;7;2018;2;17;4;3;5;2;0;1;0;0;0;0;1;0;428110.7187;5901487.5911;7.922343169;53.257768787
10711;3;2;51;47;2018;2;10;6;3;2;6;0;0;1;0;0;0;0;1;486515.7697;5868152.0458;8.799246183;52.962807563
10712;3;4;59;8;2018;2;16;3;3;2;6;0;0;1;0;0;0;0;1;439308.6397;5794659.9145;8.109988308;52.298930314
10713;3;3;53;34;2018;2;9;1;3;3;6;0;0;1;0;0;0;0;2;572390.4661;5902609.6422;10.085423712;53.267784993
10714;3;4;53;10;2018;2;15;2;3;2;5;0;0;1;0;0;0;0;0;418060.0266;5855590.0043;7.783387649;52.843816351
10715;3;1;57;6;2018;2;15;6;3;3;7;0;0;1;0;0;0;0;0;585036.4451;5801938.9949;10.248784131;52.361127802
10716;3;1;55;13;2018;2;15;3;3;9;1;0;0;1;0;0;0;0;0;553344.0431;5742979.2534;9.774201256;51.83508257
10717;3;3;53;39;2018;2;11;1;1;3;2;0;0;1;0;0;0;0;1;548741.2066;5912288.3557;9.732353193;53.357479776
10718;3;2;41;1;2018;2;14;1;2;5;2;0;0;1;0;0;0;0;0;549843.245;5803920.792;9.732318651;52.383274373
10719;3;3;58;23;2018;2;9;1;3;8;1;0;0;1;0;0;0;0;2;559474.5;5866120.46;9.885031383;52.941418785
10720;3;1;58;38;2018;2;15;5;3;8;1;0;0;1;0;0;0;0;2;609328.1344;5771562.9823;10.595563461;52.083828339
10721;3;4;51;7;2018;2;14;2;2;6;2;0;0;1;1;0;0;0;0;428173.9879;5901388.0847;7.923313883;53.256883045
10722;3;1;59;17;2018;2;10;6;3;2;6;0;0;1;0;0;0;0;1;545252.2539;5695977.2227;9.650697938;51.413203958
10723;3;2;41;11;2018;2;10;3;3;2;6;0;0;1;0;0;0;0;1;566287.4681;5803517.8765;9.973811459;52.377908975
10724;3;3;60;7;2018;2;23;1;3;9;1;2;0;1;0;0;0;0;2;589800.7099;5861385.2527;10.334890541;52.894646235
10725;3;4;55;14;2018;2;21;1;3;8;1;2;0;1;0;0;0;0;0;434091.971;5930059.358;8.006026052;53.515334081
10726;3;3;60;7;2018;2;13;1;3;8;1;0;0;1;0;0;0;0;2;589831.9325;5861530.2847;10.335394598;52.895944444
10727;3;2;56;4;2018;2;15;5;2;5;3;0;0;1;0;0;0;1;0;483892.929;5808338.4275;8.763125883;52.42502161
10728;3;4;62;3;2018;2;11;2;2;5;3;0;1;0;0;0;1;0;1;408298.4048;5943942.9821;7.613056985;53.636225243
10729;3;2;41;1;2018;2;0;7;3;2;6;2;0;1;0;0;0;0;0;551875.9412;5808800.6208;9.762937511;52.426953008
10730;3;3;55;35;2018;2;22;1;3;0;1;2;0;1;0;0;0;0;2;587659.7489;5894386.5454;10.31205001;53.191582893
10731;3;4;58;10;2018;2;9;4;3;2;2;0;0;1;0;0;1;0;0;460271.4608;5881100.3455;8.40694106;53.077896841
10732;3;3;53;30;2018;2;16;6;3;4;2;0;0;1;0;0;0;0;0;579573.94;5897222.943;10.19176258;53.218345179
10733;3;4;2;0;2018;2;13;3;3;5;2;0;1;1;0;0;0;0;0;380808.9498;5917366.0836;7.20759867;53.391915165
10734;3;2;41;1;2018;2;17;1;3;5;2;1;1;1;0;0;0;0;1;550018.2806;5806372.4282;9.735256307;52.405297676
10735;3;2;51;49;2018;2;11;2;3;5;3;0;0;1;0;0;0;1;0;493275.8657;5853598.35;8.900191575;52.832103422
10736;3;2;41;1;2018;2;18;1;3;5;2;1;0;1;0;0;0;0;1;556676.21;5807997.97;9.833391041;52.419261182
10737;3;4;59;24;2018;2;23;5;2;8;1;2;0;1;0;0;0;0;1;460702.7591;5790491.4278;8.424187583;52.263402652
10738;3;2;56;22;2018;2;19;3;3;0;3;2;0;1;0;0;1;0;0;516763.2794;5829711.9135;9.247602309;52.617151165
10739;3;1;55;9;2018;2;9;1;3;4;1;0;0;1;0;0;0;0;2;556144.032;5731572.1198;9.812988602;51.732253599
10740;3;1;51;38;2018;2;20;1;3;8;1;2;0;1;0;0;0;0;0;606873.7415;5829264.1863;10.578117947;52.602871738
10741;3;2;57;37;2018;2;14;1;3;8;7;0;0;1;0;0;0;0;1;508927.44;5805661.5384;9.131217868;52.401119928
10742;3;4;59;8;2018;2;17;4;3;0;3;1;0;1;0;0;0;1;0;441018.18;5795369.84;8.134930443;52.305498399
10743;3;4;52;1;2018;2;8;6;3;5;3;0;0;1;0;0;0;0;1;397932.9358;5924898.392;7.462559371;53.463184481
10744;3;1;53;12;2018;2;6;1;3;9;1;2;0;1;0;0;0;0;1;578360.6;5753062.23;10.139499906;51.922772516
10745;3;2;41;1;2018;2;12;4;3;2;6;0;0;1;0;0;0;0;0;548537.856;5805758.3804;9.713407247;52.399910928
10746;3;2;55;23;2018;2;18;1;3;8;1;2;0;1;0;0;0;0;2;532992.5905;5737471.4756;9.478323361;51.787135687
10747;3;2;41;1;2018;2;18;6;3;2;6;2;0;1;0;0;0;0;0;549939.5081;5804063.4774;9.73375413;52.384548292