OBJECTID_1;ULAND;UREGBEZ;UKREIS;UGEMEINDE;UJAHR;UMONAT;USTUNDE;UWOCHENTAG;UKATEGORIE;UART;UTYP1;ULICHTVERH;IstRad;IstPKW;IstFuss;IstKrad;IstGkfz;IstSonstig;STRZUSTAND;LINREFX;LINREFY;XGCSWGS84;YGCSWGS84
10748;3;4;54;41;2018;2;12;6;2;2;2;0;0;1;0;0;0;0;1;388183.264;5875610.128;7.333067055;53.018339248
10749;3;1;59;16;2018;2;0;1;3;8;1;2;0;1;0;0;0;0;1;560975.8412;5709217.9915;9.879053083;51.530774873
10750;3;3;58;22;2018;2;15;4;3;5;2;0;0;0;0;1;0;1;0;539592.5622;5858721.1658;9.588290691;52.876740754
10751;3;1;53;17;2018;2;14;1;3;2;6;0;0;1;0;0;0;0;1;597187.7656;5753160.6098;10.41322627;51.920688718
10752;3;3;57;36;2018;2;5;6;3;8;1;2;0;1;0;0;0;0;2;510793.0906;5909100.9709;9.162068078;53.330965379
10753;3;4;52;15;2018;2;11;3;3;5;3;0;0;1;0;0;0;0;0;387348.447;5933466.1142;7.300120735;53.538005839
10754;3;1;57;6;2018;2;20;1;3;3;6;2;0;1;0;0;1;1;0;585586.0172;5799237.5027;10.256164077;52.336760544
10755;3;3;58;17;2018;2;18;2;3;5;3;1;0;1;0;0;0;1;0;547522.68;5876068.62;9.708656769;53.032031749
10756;3;1;1;0;2018;2;19;1;3;9;6;2;0;1;0;0;0;0;0;602231.0078;5797527.3487;10.499862672;52.318541422
10757;3;3;59;38;2018;2;18;2;3;8;1;2;0;1;0;0;0;0;2;528591.7832;5942031.8782;9.432324371;53.626300918
10758;3;4;54;18;2018;2;16;5;3;2;6;0;0;1;0;0;0;0;1;385518.3936;5849279.7526;7.302631697;52.781181373
10759;3;1;57;9;2018;2;21;3;2;8;1;2;0;1;0;0;0;0;1;587537.3903;5791083.359;10.282677404;52.263161217
10760;3;4;59;12;2018;2;12;7;3;8;7;0;0;1;0;0;0;0;1;449582.526;5793666.3742;8.26078399;52.291037757
10761;3;4;53;8;2018;2;13;7;3;5;3;0;0;1;0;0;0;0;0;435445.863;5868753.7672;8.038865809;52.964500684
10762;3;4;59;17;2018;2;12;7;3;9;1;0;0;1;0;0;0;0;1;408182.19;5817535.23;7.647373375;52.500209551
10763;3;4;62;18;2018;2;16;4;3;5;3;0;0;1;0;0;0;0;0;398428.71;5936872.18;7.466142671;53.570869957
10764;3;4;53;11;2018;2;15;6;3;5;3;0;0;1;0;0;0;0;0;414056.085;5848265.13;7.725880848;52.777360145
10765;3;4;4;0;2018;2;19;7;3;5;3;2;1;1;0;0;0;0;1;433811.4617;5793550.8683;8.02960458;52.288325961
10766;3;2;41;5;2018;2;15;4;2;6;2;0;0;1;1;0;0;0;0;539897.9242;5807484.977;9.586631801;52.416130861
10767;3;4;4;0;2018;2;20;7;3;4;2;2;0;1;0;0;0;0;1;432616.343;5794368.8102;8.011922051;52.295533326
10768;3;3;52;11;2018;2;9;2;3;8;1;0;0;1;0;0;0;0;2;480756.5613;5960803.9118;8.707858972;53.795455432
10769;3;3;58;5;2018;2;19;2;3;9;6;2;0;1;0;0;1;0;1;548389.6708;5832348.8895;9.715100143;52.638958525
10770;3;2;41;19;2018;2;16;6;3;2;6;1;0;1;0;0;0;0;0;549999.1076;5829101.5413;9.738390754;52.609621368
10771;3;4;61;2;2018;2;18;3;3;2;6;2;0;1;0;0;0;0;0;463768.2611;5908618.7969;8.456014847;53.325501174
10772;3;4;4;0;2018;2;14;7;3;2;6;0;0;1;0;0;0;0;1;433238.801;5794014.3073;8.02111825;52.292422629
10773;3;2;52;4;2018;2;14;2;3;3;6;0;0;1;0;0;0;0;0;530396;5772844.9005;9.443807474;52.105317233
10774;3;4;54;41;2018;2;15;7;3;2;2;0;0;1;0;0;0;0;0;396250.9067;5880104.1711;7.451841171;53.060347631
10775;3;2;41;15;2018;2;6;5;3;0;7;2;1;0;0;0;0;1;2;534432.03;5807107.16;9.506229812;52.413105693
10776;3;4;54;44;2018;2;20;2;3;2;6;2;0;1;0;0;0;0;1;383140.0309;5886064.9838;7.254125837;53.111200638
10777;3;4;1;0;2018;2;15;2;2;5;2;0;0;1;0;1;0;0;1;474820.127;5876226.7028;8.624494862;53.034971005
10778;3;4;3;0;2018;2;9;3;3;2;6;0;0;0;0;0;0;1;0;450463.9158;5893315.542;8.258660767;53.186873302
10779;3;4;56;15;2018;2;13;7;3;2;2;0;0;1;0;0;0;0;0;370019.0897;5812815.2605;7.087299621;52.450040302
10780;3;2;41;8;2018;2;15;2;3;2;6;0;0;1;0;0;0;0;0;557312.9243;5808586.1011;9.842853284;52.424481739
10781;3;4;60;4;2018;2;12;7;3;2;2;0;0;1;0;0;0;1;1;459293.727;5848201.868;8.396473994;52.782097675
10782;3;4;61;2;2018;2;12;5;3;4;2;0;0;1;0;0;0;0;0;465454.3298;5908318.2876;8.481361158;53.322912749
10783;3;4;60;7;2018;2;17;5;3;5;2;1;0;1;0;0;0;0;1;437365.3356;5816340.4943;8.077438995;52.493603009
10784;3;4;59;19;2018;2;1;2;3;8;1;2;0;1;0;0;0;0;1;435909.52;5787635.15;8.061483253;52.235396225
10785;3;4;58;5;2018;2;10;7;2;5;3;0;0;1;0;0;0;0;0;464006.08;5876158.63;8.463240141;53.033740753
10786;3;4;51;8;2018;2;18;7;2;6;4;2;0;1;1;0;0;0;0;437968.9337;5905290.7423;8.0693576;53.29319485
10787;3;4;58;5;2018;2;8;7;3;5;3;0;0;1;0;0;0;0;1;464006.08;5876158.63;8.463240141;53.033740753
10788;3;4;52;1;2018;2;10;4;2;5;3;0;1;1;0;0;0;0;0;400105.2647;5925332.405;7.495130787;53.467500822
10789;3;4;5;0;2018;2;7;6;3;2;6;0;0;1;0;0;0;0;1;441619.3131;5936337.1786;8.118360209;53.572646073
10790;3;2;54;21;2018;2;10;4;3;2;6;0;0;1;0;0;0;0;0;564119.0615;5778580.9703;9.937221762;52.154000767
10791;3;4;58;8;2018;2;15;7;3;5;3;0;0;1;0;0;0;0;0;471679.4378;5860828.1431;8.579006283;52.896392613
10792;3;3;53;31;2018;2;9;2;3;7;7;0;0;0;0;0;1;1;2;565067.7262;5918731.8723;9.978958086;53.413634009
10793;3;1;53;2;2018;2;16;3;3;2;7;0;1;1;0;0;0;0;0;607385.66;5749491.01;10.560315825;51.885833853
10794;3;2;57;25;2018;2;16;6;3;5;3;0;1;0;0;0;0;1;0;510056.6737;5800202.1258;9.147651802;52.352018304
10795;3;3;60;20;2018;2;19;3;3;5;2;2;0;1;0;0;0;0;0;618436.7391;5859751.2074;10.759778615;52.874419051
10796;3;4;58;5;2018;2;7;7;2;9;1;0;0;1;0;0;0;0;1;468389.3793;5880147.8369;8.528212097;53.069876896
10797;3;1;51;16;2018;2;15;2;3;2;2;0;0;1;0;0;0;1;0;604556.1323;5800983.8507;10.535037476;52.349167817
10798;3;3;52;61;2018;2;7;7;3;9;1;0;0;1;0;0;0;0;0;471232.3761;5956990.9863;8.563628666;53.760745532
10799;3;2;41;1;2018;2;15;5;3;9;6;0;1;0;0;0;0;0;1;551753.1095;5802506.3972;9.760158217;52.370382382
10800;3;4;54;18;2018;2;15;2;2;2;6;0;0;1;0;0;0;0;2;378436.5313;5853536.0658;7.196104849;52.817877463
10801;3;3;58;21;2018;2;21;7;3;5;2;2;0;1;0;0;0;0;1;561799.4547;5872265.3065;9.920796992;52.99638796
10802;3;3;59;10;2018;2;11;7;2;6;7;0;0;1;1;0;0;0;0;545561.3427;5924660.8036;9.686366638;53.468968887
10803;3;4;3;0;2018;2;15;4;3;6;4;0;0;0;1;0;0;1;0;447127.9784;5884905.3157;8.210129764;53.110958186
10804;3;4;61;3;2018;2;0;6;3;8;1;2;0;1;0;0;0;0;2;454480.656;5933498.3293;8.312982646;53.548404316
10805;3;4;59;14;2018;2;20;3;2;0;6;2;0;1;0;0;0;0;0;431639.9921;5802907.9953;7.995870768;52.372172009
10806;3;3;53;11;2018;2;11;7;3;2;6;0;0;1;0;0;0;0;0;572138.3682;5899573.8875;10.080956424;53.240535668
10807;3;3;59;13;2018;2;18;7;3;2;6;1;0;1;0;0;0;0;0;521797.599;5952310.2384;9.330316365;53.719012441
10808;3;4;53;5;2018;2;19;4;3;5;2;2;0;1;0;0;0;0;0;442820.493;5855861.0652;8.150920179;52.849450595
10809;3;4;51;7;2018;2;15;6;2;3;2;0;1;1;0;0;0;0;0;427761.9859;5901844.8965;7.917035386;53.260932685
10810;3;1;54;26;2018;2;12;4;2;8;1;0;0;1;0;0;0;0;0;634482.2542;5784797.6187;10.967693107;52.197208857
10811;3;3;59;13;2018;2;21;7;2;8;1;2;0;1;0;0;0;0;2;531055.9079;5948195.6948;9.470198086;53.681561785
10812;3;4;56;27;2018;2;7;2;2;8;1;1;0;1;0;0;0;0;1;377545.2947;5796883.5016;7.203808638;52.308617181
10813;3;1;54;27;2018;2;19;6;2;9;1;2;0;1;0;0;0;0;1;631732.7357;5772863.3761;10.92286217;52.09063564
10814;3;2;41;9;2018;2;16;3;2;5;7;0;0;1;0;0;0;1;0;555364.0201;5795346.9756;9.812010525;52.305669516
10815;3;3;51;26;2018;2;17;7;3;5;3;2;0;1;0;0;0;0;1;587332.64;5855159.44;10.296543584;52.839099384
10816;3;4;51;5;2018;2;12;1;3;3;6;0;0;1;0;0;0;1;0;448383.8954;5895522.3278;8.227178298;53.206510841
10817;3;2;41;1;2018;2;12;7;3;2;6;0;0;1;0;0;0;0;0;550419.8548;5802258.6916;9.74053971;52.368279918
10818;3;2;52;1;2018;2;15;5;3;8;1;0;0;1;0;0;0;0;1;517992.342;5765226.9434;9.26230462;52.037368641
10819;3;4;55;27;2018;2;7;2;3;9;1;1;0;0;0;0;0;1;2;433967.6528;5920629.1684;8.006133754;53.430566004
10820;3;4;4;0;2018;2;15;6;3;2;6;0;0;1;0;0;0;0;0;436671.8418;5792047.1078;8.07181724;52.27514524
10821;3;2;41;2;2018;2;16;7;3;5;3;0;1;1;0;0;0;0;1;532881.6127;5793812.4551;9.482133712;52.293680395
10822;3;3;53;31;2018;2;16;4;3;2;6;0;0;1;0;0;1;0;0;568029.5279;5916324.6142;10.022992285;53.39162551
10823;3;3;60;25;2018;2;14;2;3;2;6;0;0;1;0;0;0;1;1;600070.7214;5872727.3614;10.491002121;52.994758517
10824;3;4;61;4;2018;2;16;2;2;3;6;0;0;1;0;0;0;0;0;454523.694;5891634.494;8.319652184;53.172125697
10825;3;3;58;8;2018;2;2;6;3;8;1;2;0;1;0;0;0;0;2;552136.571;5863405.1555;9.775412119;52.917774645
10826;3;4;57;18;2018;2;6;3;3;2;2;1;0;1;0;0;0;0;1;400649.2449;5891538.9645;7.513909955;53.163939136
10827;3;2;57;22;2018;2;11;7;3;2;6;0;0;1;0;0;0;0;0;507531.3215;5785987.2038;9.11025702;52.224259557
10828;3;4;61;2;2018;2;7;2;3;5;3;0;0;1;0;0;0;1;0;464830.3774;5906261.5739;8.472222193;53.304384744
10829;3;2;54;26;2018;2;9;7;3;5;2;0;1;1;0;0;0;0;1;555428.5166;5782658.2773;9.810873988;52.191595752
10830;3;4;4;0;2018;2;9;5;3;6;4;0;0;1;1;0;0;0;1;435811.04;5789749.08;8.059639696;52.254387654
10831;3;2;52;2;2018;2;8;3;3;2;6;0;0;1;0;0;0;0;1;530893.5915;5784806.4289;9.452160922;52.212829006
10832;3;2;52;7;2018;2;3;7;3;9;1;2;0;0;0;0;0;1;2;518240.5951;5776480.6297;9.266525896;52.138539343
10833;3;4;56;19;2018;2;12;7;2;4;1;0;0;1;0;0;0;1;1;360385.0402;5831048.4428;6.937966515;52.61147671
10834;3;1;59;29;2018;2;6;7;3;8;1;2;0;0;0;0;1;1;0;559010.2789;5698712.5394;9.848964367;51.436531716
10835;3;3;56;7;2018;2;8;2;3;0;7;0;0;1;0;0;0;0;0;482297.83;5898035.2;8.734803274;53.23131019
10836;3;1;53;17;2018;2;12;6;3;2;6;0;0;1;0;0;0;1;0;597445.1946;5752229.3244;10.416704836;51.912273019
10837;3;2;56;24;2018;2;15;3;2;6;4;0;0;0;1;0;0;1;0;497404.6775;5812595.2829;8.961799357;52.463522993
10838;3;1;2;0;2018;2;21;7;3;5;3;2;0;1;0;0;0;0;0;590208.7182;5779557.2608;10.318737387;52.159130166
10839;3;2;54;17;2018;2;17;1;2;5;3;0;0;1;0;0;0;0;0;560819.2723;5786282.1269;9.890377487;52.2236043
10840;3;1;2;0;2018;2;11;7;3;2;6;0;0;1;0;0;0;0;0;590169.4051;5779676.6548;10.318194552;52.160209741
10841;3;1;57;6;2018;2;18;5;3;8;1;2;0;1;0;0;0;0;2;589159.0613;5798231.7288;10.308325068;52.327151443
10842;3;4;51;2;2018;2;7;2;3;5;3;1;0;1;0;0;0;1;1;433838.376;5896657.0501;8.009192081;53.215098274
10843;3;4;54;10;2018;2;7;6;3;4;2;0;0;1;0;0;0;0;2;385111.8077;5806828.5914;7.311338268;52.399624085
10844;3;1;51;40;2018;2;11;7;3;5;3;0;0;1;0;0;0;0;0;615071.3698;5838021.7943;10.702162786;52.679893544
10845;3;3;57;39;2018;2;16;4;3;2;6;0;0;1;0;0;0;0;0;527628.6197;5884949.3981;9.41277123;53.113259178
10846;3;4;59;4;2018;2;11;6;3;5;2;0;0;1;0;0;0;0;0;434108.2584;5778105.9488;8.036963215;52.149521881
10847;3;3;55;15;2018;2;9;2;3;9;7;2;0;1;0;0;0;0;2;600340.4231;5909451.4122;10.506531585;53.324714117
10848;3;3;55;11;2018;2;12;6;3;2;6;0;0;1;0;0;0;0;0;595614.431;5908591.9371;10.435340356;53.31786547
10849;3;4;53;10;2018;2;15;3;3;2;2;0;0;1;0;0;0;0;0;418004.6335;5853606.7669;7.783063751;52.825983275
10850;3;4;59;14;2018;2;21;6;2;1;5;2;0;0;0;1;0;1;0;432858.3375;5806891.3307;8.0129655;52.408128986
10851;3;3;57;16;2018;2;17;2;3;5;3;1;1;1;0;0;0;0;1;501227.5495;5911905.9786;9.01844369;53.356287971
10852;3;4;4;0;2018;2;21;6;3;4;2;2;0;1;0;0;0;0;0;432615.6108;5794368.9491;8.011911288;52.295534485
10853;3;4;3;0;2018;2;16;5;3;2;2;0;0;1;0;0;0;0;1;446311.9376;5888361.7937;8.19736135;53.141944737
10854;3;3;57;44;2018;2;21;2;3;7;7;2;0;0;0;1;0;0;0;531973.741;5903515.4;9.479543786;53.279902829
10855;3;4;54;32;2018;2;15;5;3;2;6;0;0;1;0;0;0;0;1;388002.8696;5819796.1389;7.349459742;52.516756581
10856;3;1;2;0;2018;2;9;3;3;4;2;0;0;1;0;0;0;0;2;590176.13;5779654.69;10.318287002;52.160011216
10857;3;4;57;18;2018;2;13;6;3;7;7;0;0;1;0;0;0;1;0;401247.1035;5880436.2396;7.526265638;53.064278227
10858;3;3;56;9;2018;2;15;7;3;2;6;0;0;1;0;0;0;0;0;474761.375;5897370.775;8.621954319;53.225033098
10859;3;4;57;18;2018;2;17;6;2;0;3;1;0;1;0;0;0;0;0;404680.751;5892052.157;7.574039526;53.169287852
10860;3;4;52;7;2018;2;19;4;1;5;2;2;0;0;0;1;0;1;0;394506.9408;5936974.317;7.40690909;53.571013819
10861;3;3;51;23;2018;2;15;2;3;5;3;0;0;1;0;0;0;0;0;556993.82;5834057.57;9.842533145;52.653482334
10862;3;4;55;26;2018;2;12;6;3;2;2;0;0;1;0;0;0;0;0;444847.4629;5916230.2292;8.170636778;53.392279115
10863;3;2;56;16;2018;2;8;4;2;9;1;0;0;1;0;0;0;0;1;517617.9632;5824619.2874;9.259955196;52.571341624
10864;3;4;57;13;2018;2;7;6;3;5;3;0;0;1;0;0;0;0;0;393769.6511;5899765.7823;7.408309988;53.236534506
10865;3;4;56;15;2018;2;18;6;3;4;2;2;0;1;0;0;0;0;0;369767.1171;5811946.3818;7.083932929;52.442173214
10866;3;4;56;27;2018;2;16;4;3;5;3;0;0;1;0;0;0;0;0;380639.253;5800686.275;7.247818265;52.343471094
10867;3;4;53;7;2018;2;5;6;3;2;6;2;0;1;0;0;0;1;1;420520.5181;5880593.4219;7.813777197;53.068905201
10868;3;4;52;27;2018;2;8;6;3;0;6;0;0;1;0;0;0;1;0;391342.55;5947802.92;7.355365321;53.667660822
10869;3;2;41;11;2018;2;9;4;3;4;2;0;0;1;0;0;0;0;0;562048.3716;5801186.1714;9.911113509;52.357445306
10870;3;4;52;25;2018;2;15;6;3;5;2;0;0;1;0;0;0;0;0;415960.6826;5919135.8918;7.735570138;53.414584398
10871;3;2;41;1;2018;2;17;2;3;5;2;2;0;1;0;0;0;1;1;553061.702;5802627.736;9.779396333;52.371347989
10872;3;2;41;17;2018;2;22;6;3;9;6;2;0;1;0;0;0;0;0;539989.1249;5784690.405;9.585263452;52.211200861
10873;3;2;51;37;2018;2;16;3;3;5;3;1;1;1;0;0;0;0;0;481669.1889;5876254.1176;8.726631228;53.035496001
10874;3;4;53;6;2018;2;6;6;3;2;2;1;0;1;0;0;0;0;0;429310.9023;5841264.4222;7.95349679;52.716648389
10875;3;2;41;12;2018;2;11;2;2;5;7;0;1;1;0;0;0;0;0;527742.0084;5821872.4181;9.409103559;52.546225477
10876;3;4;55;15;2018;2;23;6;3;1;5;2;1;1;0;0;0;0;0;432677.2446;5936774.0676;7.983248583;53.575501178
10877;3;3;59;23;2018;2;12;5;3;2;6;0;0;1;0;0;0;1;1;530742.6826;5918965.75;9.462581926;53.41885277
10878;3;4;53;8;2018;2;13;5;3;2;2;0;0;1;0;0;0;0;0;434523.8547;5868627.9151;8.025165806;52.963257727
10879;3;4;59;31;2018;2;16;2;3;2;2;0;0;1;0;0;0;0;1;430125.0016;5817196.661;7.970632387;52.500419435
10880;3;4;5;0;2018;2;7;6;3;2;2;0;0;1;0;0;0;0;0;441192.2297;5931408.8342;8.112838348;53.528304799
10881;3;4;61;9;2018;2;19;7;2;5;3;2;1;1;0;0;0;0;0;463629.974;5917120.585;8.452960771;53.401909747
10882;3;4;3;0;2018;2;9;6;3;3;6;0;0;1;0;0;1;0;0;446296.3395;5890078.6792;8.19684028;53.15737508
10883;3;4;60;2;2018;2;17;4;3;9;1;1;0;0;0;0;0;1;1;444218.65;5820010.1;8.177755681;52.527333932
10884;3;2;41;17;2018;2;8;2;3;2;2;0;0;1;0;0;0;0;1;545605.7847;5787839.571;9.667885418;52.239075617
10885;3;3;61;1;2018;2;20;6;3;4;2;2;0;1;0;0;0;0;0;497318.2714;5875839.7937;8.960010381;53.03207886
10886;3;2;52;6;2018;2;15;4;2;2;6;0;0;1;0;0;0;0;0;524197.4088;5774438.0853;9.353418109;52.119946864
10887;3;4;51;8;2018;2;20;6;2;5;3;2;0;1;0;0;0;1;0;443124.8945;5895488.0978;8.14845313;53.205666564
10888;3;4;59;20;2018;2;10;2;2;8;1;0;0;1;0;0;0;0;0;431722.1431;5784164.7122;8.000875063;52.203696189
10889;3;2;41;2;2018;2;14;2;3;2;2;0;0;1;0;0;0;0;0;534039.201;5792647.1114;9.49898869;52.283133246
10890;3;2;57;12;2018;2;4;6;2;5;3;2;0;1;0;0;0;0;1;507763.5515;5785775.8075;9.113651961;52.222355753
10891;3;2;41;5;2018;2;15;3;3;5;3;0;1;1;0;0;0;0;1;541407.61;5810107.96;9.609152827;52.439598734
10892;3;4;51;8;2018;2;13;6;3;2;6;0;0;1;0;0;1;0;0;437567.6502;5897221.9669;8.064921121;53.220626867
10893;3;4;54;32;2018;2;20;1;3;2;2;2;0;1;0;0;0;0;0;386576.1252;5817438.8885;7.329246576;52.495278452
10894;3;4;51;2;2018;2;13;6;3;2;2;0;0;1;0;0;0;0;0;440336.181;5888150.6816;8.108074112;53.139411655
10895;3;2;41;13;2018;2;10;5;2;4;6;0;0;1;0;0;0;0;1;554776.3798;5782853.0633;9.801366263;52.193412006
10896;3;2;41;15;2018;2;5;6;3;8;1;2;0;1;0;0;0;0;2;541261.2728;5803104.8078;9.60613658;52.376652663
10897;3;3;52;32;2018;2;10;3;2;3;6;0;0;1;0;0;1;0;0;466984.2753;5921029.9243;8.503000842;53.437269123
10898;3;4;3;0;2018;2;18;6;3;2;6;2;0;1;0;0;0;0;0;445798.7052;5892271.7127;8.189027229;53.177036256
10899;3;3;56;7;2018;2;7;5;3;8;1;1;0;1;0;0;0;0;0;485638.9815;5898839.0428;8.7848205;53.23863679
10900;3;1;59;16;2018;2;12;2;3;3;6;0;0;1;0;0;0;0;0;564577.7695;5711834.9661;9.931453059;51.553902201
10901;3;4;3;0;2018;2;13;6;3;2;6;0;0;1;0;0;0;0;0;449112.1076;5889480.8443;8.239042065;53.152277999
10902;3;2;41;2;2018;2;12;5;2;0;5;0;0;1;0;0;0;0;1;532620.8728;5802129.7771;9.479117924;52.368469802
10903;3;4;54;41;2018;2;5;2;2;6;7;2;0;1;1;0;0;0;1;393320.3251;5883138.9409;7.407122554;53.0870407
10904;3;3;58;7;2018;2;12;7;3;2;6;0;0;1;0;0;0;0;0;546411.0081;5838836.8696;9.686775684;52.697453709
10905;3;3;58;22;2018;2;12;6;3;2;6;0;0;1;0;0;0;0;0;545540.8074;5849844.9613;9.67542814;52.796481444
10906;3;4;53;4;2018;2;11;4;3;2;6;0;0;1;0;0;0;0;0;435129.83;5855715.8721;8.036764104;52.847274056
10907;3;2;41;18;2018;2;18;2;2;2;6;2;0;1;0;0;0;1;1;583180.6694;5814626.3938;10.224694161;52.475450325
10908;3;4;3;0;2018;2;6;6;3;5;2;2;0;1;0;0;1;0;2;449214.733;5889551.9165;8.240565266;53.152926619
10909;3;1;54;14;2018;2;8;4;3;2;6;0;0;1;0;0;0;0;1;617740.1675;5801394.0511;10.728652055;52.350181704
10910;3;3;58;22;2018;2;12;6;3;2;6;0;0;1;0;0;0;1;0;545911.0855;5851837.3836;9.681199268;52.814360128
10911;3;4;52;1;2018;2;5;2;3;5;3;2;0;1;0;0;0;0;0;399807.8777;5924710.9136;7.490850604;53.461859854
10912;3;1;58;6;2018;2;13;6;2;5;3;0;0;1;0;0;0;0;0;610298.0558;5784801.7059;10.614009244;52.202614699
10913;3;2;41;15;2018;2;9;3;1;5;3;0;0;1;0;0;0;1;1;534433.6509;5807107.33;9.506253659;52.413107119
10914;3;3;58;22;2018;2;12;6;3;2;6;0;0;1;0;0;0;1;0;544955.4159;5844671.3496;9.666036478;52.750024078
10915;3;2;41;3;2018;2;10;1;3;8;1;0;0;1;0;0;0;0;0;569236.7982;5818670.9764;10.020274397;52.513753097
10916;3;3;57;37;2018;2;13;6;3;2;6;0;0;1;0;0;0;0;0;514862.3983;5887935.3691;9.222184672;53.14060906
10917;3;1;59;16;2018;2;13;5;3;5;2;0;1;1;0;0;0;0;1;566302.623;5707373.9776;9.955488115;51.513595929
10918;3;3;61;1;2018;2;8;2;3;2;6;0;0;1;0;0;0;0;1;497523.493;5875729.0816;8.96307147;53.031084616
10919;3;4;57;18;2018;2;13;6;3;4;6;0;1;0;0;0;0;0;0;405049.6576;5888362.7574;7.580650435;53.136199226
10920;3;3;54;18;2018;2;9;6;3;5;3;0;0;0;0;0;1;1;0;641258.2469;5874871.7935;11.105225881;53.004747912
10921;3;3;53;31;2018;2;7;4;3;2;6;0;0;1;0;0;0;0;0;566512.2492;5917934.1569;10.000519387;53.406284485
10922;3;3;51;4;2018;2;16;6;3;2;6;1;0;1;0;0;0;0;0;565344.681;5850378.1531;9.969212466;52.799239082
10923;3;4;54;18;2018;2;15;2;2;2;1;0;0;1;0;0;0;0;2;378404.3245;5853491.6661;7.195643714;52.817471259
10924;3;2;41;2;2018;2;12;7;3;5;3;0;0;1;0;0;0;0;0;532759.6449;5794631.6666;9.480425089;52.301052545
10925;3;3;51;6;2018;2;11;6;2;9;1;0;0;1;0;0;0;0;1;576375.0245;5830267.1105;10.128113676;52.617029801
10926;3;4;58;5;2018;2;15;4;3;6;7;0;0;1;1;0;0;0;0;467810.2631;5878728.13;8.519711098;53.057080546
10927;3;2;41;16;2018;2;17;2;2;6;2;1;0;0;1;0;0;1;1;565727.85;5796618.02;9.964241029;52.315952566
10928;3;3;53;31;2018;2;8;6;3;8;6;0;0;1;0;0;1;0;0;565358.1049;5915061.169;9.982565937;53.380607662
10929;3;4;4;0;2018;2;6;3;3;2;6;2;0;1;0;0;0;0;1;437289.6084;5793254.4254;8.080645814;52.286069081
10930;3;2;41;1;2018;2;19;6;3;2;6;2;0;1;0;0;0;0;0;547488.5288;5803227.7041;9.697626783;52.377252976
10931;3;4;3;0;2018;2;14;2;3;3;2;0;1;1;0;0;0;0;0;448648.349;5887746.574;8.232385872;53.136645172
10932;3;2;41;1;2018;2;11;6;3;5;3;0;0;1;0;0;0;0;0;558740.38;5802841.34;9.862835193;52.372688729
10933;3;1;51;27;2018;2;12;6;3;5;3;0;0;1;0;0;0;0;0;597713.69;5801354.52;10.434723633;52.353761323
10934;3;2;57;34;2018;2;15;3;3;5;3;0;0;1;0;0;0;0;0;506751.0879;5796253.2999;9.099040051;52.316567324
10935;3;2;41;2;2018;2;10;6;3;2;2;0;0;1;0;0;1;0;0;533748.1343;5798840.8338;9.495343208;52.338833665
10936;3;1;54;28;2018;2;9;1;2;9;1;0;0;1;0;0;0;0;0;638065.8599;5786798.272;11.020907875;52.214299103
10937;3;2;41;19;2018;2;10;6;3;2;7;0;0;1;0;0;0;0;0;547357.7785;5819296.1022;9.697985925;52.521712837
10938;3;4;59;24;2018;2;8;4;2;6;7;0;0;0;1;0;1;0;0;458238.3091;5783135.6071;8.388987358;52.197091525
10939;3;4;52;1;2018;2;19;6;3;4;2;2;0;1;0;0;0;0;0;404390.8592;5930429.8612;7.558115363;53.514101212
10940;3;2;41;16;2018;2;16;6;3;0;5;0;0;1;0;0;0;1;0;565988.7808;5796547.7765;9.968054568;52.31528983
10941;3;3;54;18;2018;2;22;4;2;9;1;2;0;1;0;0;0;0;2;643911.2406;5870049.0923;11.142589101;52.960718536
10942;3;2;41;18;2018;2;19;6;2;5;3;2;0;1;0;0;0;0;0;586277.5672;5815137.9435;10.270411201;52.479567414
10943;3;2;41;1;2018;2;14;2;2;6;4;0;0;0;1;0;1;0;0;549084.4595;5804837.8741;9.721305578;52.391587159
10944;3;2;41;1;2018;2;9;6;3;2;6;0;0;1;0;0;0;0;0;544083.2996;5807159.4073;9.648123717;52.412882763
10945;3;3;61;12;2018;2;6;3;3;0;6;2;0;1;0;0;0;0;1;514738.3194;5863285.7803;9.219203417;52.919029495
10946;3;2;41;1;2018;2;17;6;2;8;6;2;0;1;0;0;0;0;1;547351.935;5809136.5231;9.696456309;52.430383168
10947;3;2;41;1;2018;2;13;2;3;2;6;0;0;1;0;0;0;0;0;549964.3862;5804272.9639;9.734150868;52.386429228
10948;3;2;41;1;2018;2;17;6;2;3;6;1;0;1;0;1;0;0;0;549842.0477;5802384.9121;9.732072705;52.369467464
10949;3;4;58;9;2018;2;18;5;3;3;6;2;0;1;0;0;0;0;1;454555.0631;5881003.2532;8.321627773;53.076568307
10950;3;4;52;23;2018;2;15;5;3;2;5;0;0;1;0;0;0;1;1;390850.8705;5930664.6442;7.353923368;53.513574276
10951;3;2;41;11;2018;2;6;2;3;2;6;2;0;1;0;0;0;0;0;570309.6498;5803695.6997;10.032927429;52.379005878
10952;3;3;58;22;2018;2;14;6;2;9;1;0;0;1;0;0;0;0;1;537351.956;5863270.0442;9.555522794;52.917791599
10953;3;4;62;6;2018;2;19;3;3;0;1;2;0;1;0;0;0;0;0;404851.0378;5944608.4271;7.560731388;53.641589379
10954;3;2;41;8;2018;2;12;6;2;6;4;0;0;0;1;0;0;1;0;554759.2842;5812198.7136;9.805895513;52.457218627
10955;3;3;53;31;2018;2;11;2;3;2;6;0;0;1;0;0;0;0;0;570019.8618;5915920.4696;10.052826783;53.387733179
10956;3;1;55;13;2018;2;7;6;3;8;1;0;0;0;0;0;1;0;0;559372.2324;5739632.1569;9.861106537;51.804383108
10957;3;4;54;41;2018;2;18;5;3;5;3;2;1;1;0;0;0;0;0;393142.742;5883333.076;7.404407579;53.088749652